# bench - split out of mansitting.obj by the game build, keeps original indices
o bench
v -0.217612 3.611704 -1.403408
v -0.048150 3.538137 -1.169740
v 0.029342 3.722889 -1.169809
v -0.138808 3.796876 -1.403479
v 0.106238 3.906744 -1.169877
v -0.059956 3.983244 -1.403550
v 0.188694 4.086786 -1.169957
v 0.024780 4.168701 -1.403631
v 0.279947 4.261881 -1.170054
v 0.119035 4.351463 -1.403731
v 0.361368 4.442118 -1.170079
v 0.219401 4.535407 -1.403896
v 0.457026 4.609896 -1.170046
v 0.338487 4.717495 -1.404285
v 0.596593 4.730729 -1.169805
v 0.502213 4.868671 -1.404880
v 0.774316 4.799479 -1.169201
v 0.700512 4.962595 -1.405057
v -0.627244 2.942675 -3.772056
v -0.635046 2.933438 -3.766388
v -0.627865 2.922414 -3.752262
v -0.635748 2.911427 -3.755757
v -0.628650 2.898655 -3.750791
v -0.620847 2.907893 -3.756460
v -0.620144 2.929903 -3.767091
v -0.640898 2.698152 -3.623897
v -0.648622 2.689075 -3.616067
v -0.641349 2.679844 -3.599734
v -0.649143 2.668209 -3.600580
v -0.641940 2.656419 -3.592921
v -0.634215 2.665496 -3.600750
v -0.633696 2.686363 -3.616237
v -0.635674 2.554348 -3.323776
v -0.643520 2.548972 -3.311101
v -0.636843 2.552046 -3.286507
v -0.644435 2.541005 -3.277027
v -0.637501 2.538414 -3.255627
v -0.629655 2.543791 -3.268302
v -0.628741 2.551759 -3.302376
v -0.525045 2.361685 -2.946503
v -0.531208 2.350231 -2.931385
v -0.523542 2.340902 -2.937038
v -0.530894 2.328863 -2.929643
v -0.524419 2.318974 -2.943034
v -0.518263 2.330463 -2.958171
v -0.518567 2.351768 -2.959882
v -0.616626 2.078379 -2.888410
v -0.679459 2.111755 -2.860684
v -0.687832 1.808021 -2.617927
v -0.686410 1.814932 -2.577207
v -0.670886 2.090361 -2.799436
v -0.618018 2.080697 -2.800242
v -0.524578 2.042176 -4.293595
v -0.522596 2.189577 -4.223114
v -0.505293 2.086015 -4.287363
v -0.575692 2.359756 -4.135054
v -0.534329 2.192800 -4.201045
v -0.552447 2.391024 -4.151641
v -0.519950 2.257874 -4.189595
v -0.477375 2.166861 -4.256171
v -0.456863 2.283318 -4.211883
v -0.529586 2.171807 -4.167707
v -1.187245 2.745471 -3.808150
v -1.201388 2.745471 -3.808149
v -1.194318 2.716394 -3.779453
v -1.208459 2.713814 -3.794952
v -1.201388 2.682156 -3.781755
v -1.187246 2.682157 -3.781755
v -1.180176 2.713814 -3.794952
v -1.150898 1.205264 -0.984766
v -1.150898 1.174982 -1.001139
v -1.150898 1.234184 -1.136565
v -1.150900 0.925244 -3.457441
v -1.150901 0.926442 -3.518613
v -1.150900 0.948659 -3.467422
v -1.150898 1.314129 -1.643468
v -1.150897 1.320947 -1.591963
v -1.150898 1.297737 -1.598970
v -1.150900 1.261194 -3.855023
v -1.150900 1.262562 -3.825748
v -1.150901 1.236708 -3.848069
v -1.150901 0.937136 -4.065205
v -1.150900 0.937934 -4.106016
v -1.150900 0.973494 -4.075315
v -1.241058 1.205264 -0.984766
v -1.241058 1.234184 -1.136565
v -1.241060 1.174982 -1.001139
v -1.241061 0.925245 -3.457441
v -1.241061 0.948659 -3.467422
v -1.241061 0.926442 -3.518614
v -1.241060 1.314129 -1.643468
v -1.241060 1.297737 -1.598970
v -1.241058 1.320947 -1.591963
v -1.241062 1.261193 -3.855022
v -1.241061 1.236708 -3.848069
v -1.241061 1.262562 -3.825748
v -1.241061 0.937136 -4.065204
v -1.241061 0.973494 -4.075316
v -1.241061 0.937934 -4.106015
v -1.187245 2.383071 -3.619214
v -1.201388 2.383071 -3.619214
v -1.194316 2.353701 -3.591275
v -1.208458 2.351281 -3.606839
v -1.201388 2.319492 -3.594464
v -1.187246 2.319492 -3.594464
v -1.180176 2.351281 -3.606839
v -1.187246 1.981780 -3.493502
v -1.201388 1.981780 -3.493502
v -1.194316 1.951440 -3.468291
v -1.208458 1.949592 -3.484050
v -1.201388 1.917405 -3.474599
v -1.187247 1.917405 -3.474599
v -1.180175 1.949592 -3.484050
v -1.187247 1.424844 -2.890752
v -1.201387 1.424844 -2.890752
v -1.194318 1.434516 -2.838730
v -1.208457 1.424388 -2.838953
v -1.201388 1.423931 -2.787154
v -1.187245 1.423931 -2.787154
v -1.180175 1.424388 -2.838953
v -1.187247 1.424844 -2.167039
v -1.201385 1.424844 -2.167039
v -1.194316 1.434515 -2.115018
v -1.208458 1.424387 -2.115242
v -1.201388 1.423931 -2.063442
v -1.187245 1.423931 -2.063442
v -1.180176 1.424388 -2.115242
v -1.187246 1.379592 -1.465091
v -1.201388 1.379592 -1.465092
v -1.194316 1.380976 -1.410910
v -1.208457 1.371187 -1.415025
v -1.201387 1.362781 -1.364958
v -1.187246 1.362781 -1.364958
v -1.180173 1.371187 -1.415026
v 0.416796 2.745470 -3.808150
v 0.402653 2.745471 -3.808150
v 0.409724 2.716393 -3.779454
v 0.395583 2.713813 -3.794953
v 0.402655 2.682155 -3.781755
v 0.416794 2.682156 -3.781756
v 0.423866 2.713814 -3.794953
v 0.416794 2.383071 -3.619215
v 0.402653 2.383071 -3.619215
v 0.409724 2.353701 -3.591276
v 0.395582 2.351281 -3.606840
v 0.402654 2.319492 -3.594465
v 0.416793 2.319491 -3.594464
v 0.423866 2.351281 -3.606840
v 0.416796 1.981780 -3.493503
v 0.402654 1.981780 -3.493502
v 0.409724 1.951440 -3.468292
v 0.395583 1.949592 -3.484051
v 0.402653 1.917404 -3.474599
v 0.416796 1.917404 -3.474599
v 0.423865 1.949592 -3.484051
v 0.416796 1.424844 -2.890752
v 0.402653 1.424844 -2.890752
v 0.409724 1.434515 -2.838731
v 0.395582 1.424387 -2.838954
v 0.402653 1.423931 -2.787155
v 0.416796 1.423931 -2.787155
v 0.423866 1.424387 -2.838954
v 0.416796 1.424843 -2.167040
v 0.402653 1.424843 -2.167040
v 0.409724 1.434515 -2.115019
v 0.395582 1.424387 -2.115242
v 0.402654 1.423931 -2.063443
v 0.416796 1.423931 -2.063443
v 0.423866 1.424387 -2.115242
v 0.416796 1.379592 -1.465092
v 0.402655 1.379592 -1.465092
v 0.409725 1.380976 -1.410910
v 0.395583 1.371186 -1.415026
v 0.402655 1.362781 -1.364958
v 0.416797 1.362780 -1.364958
v 0.423865 1.371186 -1.415026
v 0.454628 1.205263 -0.995452
v 0.454628 1.174981 -1.011825
v 0.454626 1.234184 -1.147251
v 0.454625 0.925244 -3.468127
v 0.454624 0.926441 -3.529299
v 0.454625 0.948658 -3.478107
v 0.454626 1.314128 -1.654154
v 0.454626 1.320946 -1.602649
v 0.454626 1.297737 -1.609657
v 0.454625 1.261193 -3.865708
v 0.454625 1.262562 -3.836434
v 0.454626 1.236707 -3.858756
v 0.454625 0.937135 -4.075890
v 0.454625 0.937933 -4.116702
v 0.454625 0.973493 -4.086002
v 0.364467 1.205263 -0.995452
v 0.364467 1.234184 -1.147251
v 0.364465 1.174981 -1.011825
v 0.364465 0.925244 -3.468127
v 0.364464 0.948658 -3.478107
v 0.364464 0.926441 -3.529299
v 0.364467 1.314128 -1.654154
v 0.364467 1.297737 -1.609656
v 0.364467 1.320946 -1.602649
v 0.364464 1.261193 -3.865708
v 0.364463 1.236707 -3.858756
v 0.364464 1.262562 -3.836435
v 0.364463 0.937135 -4.075891
v 0.364464 0.973493 -4.086002
v 0.364464 0.937933 -4.116702
v -1.120609 2.324783 -3.255866
v -1.120609 2.280169 -3.234064
v -1.107474 2.276733 -3.183837
v -1.120609 2.461296 -3.254024
v -1.120609 2.445279 -3.200298
v -1.120608 2.460090 -3.220624
v -1.122419 1.439262 -3.150356
v -1.122419 1.502350 -2.967531
v -1.120610 1.586459 -3.252571
v -0.529506 2.324782 -3.255866
v -0.542639 2.276732 -3.183837
v -0.529506 2.280169 -3.234064
v -0.529504 2.461296 -3.254024
v -0.529504 2.460090 -3.220625
v -0.529506 2.445279 -3.200298
v -0.527694 1.439262 -3.150357
v -0.529504 1.586459 -3.252570
v -0.527694 1.502350 -2.967532
v -0.524847 2.431160 -3.287768
v -0.524847 2.449274 -3.265281
v -0.524847 2.425463 -3.246763
v -0.524847 2.408755 -3.279377
v -0.524850 2.398932 -3.246427
v -0.524849 2.409087 -3.213730
v -0.524847 2.431573 -3.205907
v -0.524849 2.449458 -3.228850
v -1.126173 2.449274 -3.265281
v -1.126173 2.431160 -3.287768
v -1.126173 2.425463 -3.246762
v -1.126173 2.408756 -3.279377
v -1.126172 2.398932 -3.246427
v -1.126173 2.409087 -3.213730
v -1.126173 2.431573 -3.205907
v -1.126172 2.449458 -3.228850
v -0.627026 2.951701 -3.802612
v -0.639648 2.936754 -3.793442
v -0.640785 2.901140 -3.776239
v -0.629299 2.880474 -3.768208
v -0.616675 2.895422 -3.777378
v -0.615538 2.931035 -3.794580
v -0.627165 2.948746 -3.818092
v -0.639786 2.933800 -3.808922
v -0.640925 2.898185 -3.791720
v -0.629438 2.877520 -3.783689
v -0.616814 2.892467 -3.792859
v -0.615676 2.928081 -3.810061
v -0.640762 2.704349 -3.656176
v -0.653259 2.689662 -3.643509
v -0.654102 2.655900 -3.618450
v -0.642446 2.636826 -3.606059
v -0.629950 2.651511 -3.618726
v -0.629106 2.685273 -3.643785
v -0.640881 2.700026 -3.670833
v -0.653379 2.685340 -3.658165
v -0.654221 2.651578 -3.633106
v -0.642566 2.632503 -3.620714
v -0.630068 2.647189 -3.633382
v -0.629227 2.680950 -3.658441
v -0.634443 2.544442 -3.353198
v -0.647140 2.535743 -3.332690
v -0.648617 2.522851 -3.277556
v -0.637399 2.518659 -3.242931
v -0.624702 2.527360 -3.263439
v -0.623223 2.540251 -3.318572
v -0.634012 2.534871 -3.358595
v -0.646709 2.526171 -3.338087
v -0.648187 2.513279 -3.282953
v -0.636969 2.509088 -3.248328
v -0.624272 2.517788 -3.268836
v -0.622792 2.530679 -3.323970
v -0.528396 2.373623 -2.967925
v -0.538320 2.354802 -2.943326
v -0.537831 2.320349 -2.940567
v -0.527270 2.303855 -2.962010
v -0.517419 2.323105 -2.986802
v -0.517872 2.357353 -2.989472
v -0.530387 2.372535 -2.980931
v -0.540325 2.353792 -2.956367
v -0.539811 2.319198 -2.953542
v -0.529251 2.302701 -2.974992
v -0.519452 2.322257 -2.999918
v -0.519756 2.355633 -3.002203
v -0.504791 1.964055 -2.911592
v -0.503243 1.945632 -2.927586
v -0.499543 1.711359 -3.168100
v -0.504374 1.727247 -3.137124
v -0.349331 2.276411 -4.274748
v -0.412742 2.208123 -4.282106
v -0.399274 2.349989 -4.273290
v -0.324236 2.439295 -4.241850
v -0.307616 2.307431 -4.038015
v -0.352261 2.164631 -4.024702
v -0.357924 2.033939 -4.032285
v -0.311223 2.205296 -4.018996
v -0.506296 2.305697 -4.102680
v -0.484349 1.817010 -4.241720
v -0.461212 1.736170 -4.277658
v -0.496431 2.300217 -4.059376
v -0.406077 2.635715 -4.192941
v -0.417535 2.961839 -4.144495
v -0.314406 2.931260 -4.137509
v -0.315221 2.642213 -4.194436
v -0.252086 2.824099 -4.159506
v -0.267689 2.938175 -4.111243
v -0.253354 2.932099 -4.049675
v -0.250847 2.823656 -4.095181
v -0.422217 2.867639 -4.009372
v -0.397195 2.674403 -3.996883
v -0.327552 2.699299 -4.018976
v -0.337338 2.852481 -4.008938
v -0.569353 2.950107 -4.116918
v -0.571190 2.947281 -4.082281
v -0.420585 3.027773 -4.006327
v -0.428879 3.010321 -3.909374
v -0.321511 3.012185 -3.901286
v -0.316595 3.017752 -4.017304
v -0.267560 2.990586 -3.995785
v -0.276556 3.007805 -4.012862
v -0.279729 3.004979 -3.901980
v -0.269260 2.988640 -3.920912
v -0.427855 2.967537 -3.948706
v -0.429154 2.953842 -4.007804
v -0.330164 2.946923 -4.003334
v -0.310872 2.963101 -3.943323
v -0.585022 2.998372 -3.925163
v -0.584167 3.013830 -3.914824
v -0.580767 3.020006 -3.999632
v -0.581836 3.006684 -3.998880
v -0.431755 2.960239 -3.842424
v -0.429486 2.821114 -3.725478
v -0.337480 2.744567 -3.760784
v -0.326357 2.927273 -3.839203
v -0.292472 2.727091 -3.767905
v -0.277848 2.712795 -3.800658
v -0.270995 2.894221 -3.865576
v -0.283464 2.912562 -3.833067
v -0.325312 2.726006 -3.865978
v -0.424772 2.795485 -3.846735
v -0.423358 2.941708 -3.928272
v -0.319684 2.886648 -3.922038
v -0.579816 2.784027 -3.770875
v -0.579816 2.797106 -3.758346
v -0.579757 2.980573 -3.871568
v -0.579761 2.968285 -3.885805
v -0.498101 1.959204 -2.976185
v -0.494407 1.765957 -3.214828
v -0.287394 2.701702 -3.835190
v -0.284080 2.865463 -3.898924
v -0.280361 2.969610 -3.998172
v -0.275836 2.970512 -3.932306
v -0.281772 2.881160 -4.010817
v -0.261200 2.767716 -4.034994
v -0.489771 1.808695 -4.174289
v -0.505942 2.297684 -4.017541
v -0.572893 2.926400 -4.049610
v -0.585453 2.984134 -3.932975
v -0.582518 2.993021 -3.997644
v -0.579816 2.771560 -3.788659
v -0.579690 2.951364 -3.899729
v -0.237822 1.730675 -4.055292
v -0.411984 1.659972 -4.171210
v -0.253743 1.608489 -4.080769
v -0.238099 1.647827 -4.078472
v -0.392942 1.776666 -4.396987
v -0.410067 1.727591 -4.382524
v -0.415487 1.827615 -4.360776
v -0.402407 1.903041 -4.383814
v -0.301060 1.517320 -4.213947
v -0.410425 1.566354 -4.263870
v -0.455138 1.637864 -4.321798
v -0.308032 1.550360 -4.260084
v -0.420966 1.526270 -4.233209
v -0.416202 1.613474 -4.180215
v -0.259122 1.694957 -4.308440
v -0.275702 1.630175 -4.296676
v -0.282216 1.669442 -4.295676
v -0.405444 1.701086 -4.410590
v -0.381162 1.907524 -4.389426
v -0.370574 1.796395 -4.402840
v -0.284053 2.578938 -4.222991
v -0.303043 2.346422 -4.257434
v -0.279729 3.004979 -3.901980
v -0.276556 3.007805 -4.012862
v -0.292472 2.727091 -3.767905
v -0.283464 2.912562 -3.833067
v -0.509425 2.020733 -2.951972
v -0.504791 1.964055 -2.911592
v -0.504374 1.727247 -3.137124
v -0.511548 1.806363 -3.123565
v -0.646433 3.032675 -3.841944
v -0.647126 3.021910 -3.856562
v -0.665143 2.813620 -3.760164
v -0.664138 2.834028 -3.744224
v -0.643501 3.062614 -3.988195
v -0.645040 3.049387 -3.987175
v -0.648636 3.051225 -3.902843
v -0.647205 3.063536 -3.898518
v -0.553149 2.292838 -4.117018
v -0.647073 2.937591 -4.090456
v -0.645428 2.965072 -4.121578
v -0.499257 1.987522 -3.040116
v -0.494456 1.854926 -3.217122
v -0.279709 2.245349 -4.068316
v -0.267942 2.399223 -4.079735
v -0.650929 2.974355 -4.080630
v -0.557257 2.281295 -4.042236
v -0.574176 2.335971 -4.010211
v -0.651685 2.967333 -4.054950
v -0.662837 3.014273 -3.951586
v -0.662657 3.024349 -3.945243
v -0.660188 3.032564 -4.020794
v -0.660489 3.021900 -4.020284
v -0.657767 2.764305 -3.850919
v -0.657769 2.772831 -3.828701
v -0.656415 2.987408 -3.912435
v -0.656414 2.980303 -3.928307
v -0.553149 2.292838 -4.117018
v -0.647073 2.937591 -4.090456
v -0.648636 3.051225 -3.902843
v -0.645040 3.049387 -3.987175
v -0.665143 2.813620 -3.760164
v -0.647126 3.021910 -3.856562
v -0.267689 2.938175 -4.111243
v -0.364615 2.144389 -4.284073
v -0.428798 2.074507 -4.307595
v -0.249229 1.661270 -4.297340
v -0.236875 1.625883 -4.236781
v -0.256742 1.567879 -4.224376
v -0.266852 1.594873 -4.279223
v -0.312229 2.460848 -4.041732
v -0.369860 2.348251 -4.024712
v -0.264221 2.404705 -4.143454
v -0.270533 2.403266 -4.212390
v -0.256720 2.628540 -4.187274
v -0.254169 2.624458 -4.129126
v -0.293787 2.235532 -4.177856
v -0.294656 2.244497 -4.243799
v -0.258760 2.610481 -4.070988
v -0.233586 1.620229 -4.136901
v -0.252319 1.570114 -4.142029
v -0.384481 1.834245 -4.158505
v -0.414373 1.753151 -4.156634
v -0.226046 1.736766 -4.221307
v -0.351603 1.831900 -4.319815
v -0.368574 1.834654 -4.220789
v -0.223734 1.728353 -4.119404
v -0.365896 1.765613 -4.401072
v -0.368849 1.873125 -4.381072
v -0.249229 1.661270 -4.297340
v -0.266852 1.594873 -4.279223
v -0.368849 1.873125 -4.381072
v -0.365896 1.765613 -4.401072
v -0.256720 2.628540 -4.187274
v -0.270533 2.403266 -4.212390
v -0.294656 2.244497 -4.243799
v -0.314949 2.227937 -4.270737
v -0.539233 2.801901 -3.838476
v -0.537367 2.946363 -3.932489
v -0.541635 2.960156 -3.951663
v -0.541328 2.942869 -4.014308
v -0.531108 2.873195 -4.034397
v -0.481694 2.520627 -3.995062
v -0.449510 2.344311 -4.000068
v -0.426075 2.155519 -4.022621
v -0.453533 1.969143 -4.097858
v -0.427327 1.677123 -4.156934
v -0.279355 1.610216 -4.051982
v -0.270670 1.567914 -4.075250
v -0.268883 1.541766 -4.140023
v -0.271594 1.538682 -4.215758
v -0.279655 1.563011 -4.267976
v -0.279655 1.563011 -4.267976
v -0.286954 1.589616 -4.289047
v -0.293926 1.618117 -4.291796
v -0.301262 1.663383 -4.275917
v -0.435016 1.732567 -4.360006
v -0.470472 2.004353 -4.303144
v -0.487401 2.418657 -4.166398
v -0.529724 2.967737 -4.128359
v -0.537959 3.031499 -4.014060
v -0.543849 3.013593 -3.912981
v -0.542708 2.968894 -3.842469
v -0.540944 2.821185 -3.720721
v -0.579211 2.037912 -2.722968
v -0.575881 1.941133 -2.658266
v -0.575881 1.941133 -2.658266
v -0.575864 1.916307 -2.652364
v -0.572096 1.883574 -2.695381
v -0.569333 1.891297 -2.769213
v -0.462914 1.794759 -4.166689
v -0.412817 1.872021 -4.136672
v -0.321921 1.978765 -4.019889
v -0.303076 2.069642 -4.088411
v -0.337150 2.036021 -4.240096
v -0.324451 2.098753 -4.284205
v -0.324451 2.098753 -4.284205
v -0.336490 2.113883 -4.304019
v -0.385935 2.017097 -4.313180
v -0.438866 1.950456 -4.343197
v -0.472637 1.848388 -4.347064
v -0.501340 2.132433 -2.938172
v -0.506370 2.245191 -3.005772
v -0.565256 2.227210 -2.867265
v -0.586975 2.251008 -2.829668
v -0.442401 2.277654 -3.145010
v -0.446066 2.290190 -3.152695
v -0.275516 2.682026 -4.204684
v -0.252086 2.824099 -4.159506
v -0.429449 2.686717 -3.569743
v -0.541790 2.668231 -3.554237
v -0.552429 2.667031 -3.376798
v -0.436187 2.625582 -3.410326
v -0.364827 2.686869 -3.642819
v -0.372848 2.584498 -3.525705
v -0.332769 2.549585 -3.595713
v -0.325498 2.678429 -3.683243
v -0.332769 2.549585 -3.595713
v -0.306710 2.504754 -3.642009
v -0.299647 2.626978 -3.721435
v -0.325498 2.678429 -3.683243
v -0.301566 2.418874 -3.662580
v -0.292555 2.555237 -3.752004
v -0.348601 2.462407 -3.633132
v -0.339263 2.593636 -3.754678
v -0.430981 2.574503 -3.641604
v -0.427163 2.672035 -3.707087
v -0.544386 2.602907 -3.604991
v -0.541809 2.679954 -3.685873
v -0.662484 2.493215 -3.546825
v -0.662479 2.503349 -3.519690
v -0.660043 2.577704 -3.701985
v -0.660056 2.569841 -3.726206
v -0.581978 2.606631 -3.633308
v -0.584217 2.544648 -3.471939
v -0.584207 2.548601 -3.441549
v -0.581962 2.616631 -3.612931
v -0.584193 2.558532 -3.411837
v -0.581949 2.633247 -3.591136
v -0.662786 2.535290 -3.425385
v -0.663838 2.612204 -3.622694
v -0.661447 2.631300 -3.613847
v -0.663838 2.612204 -3.622694
v -0.662786 2.535290 -3.425385
v -0.658948 2.558522 -3.425003
v -0.452749 2.510367 -3.268383
v -0.557804 2.620619 -3.161613
v -0.565450 2.478888 -3.012449
v -0.467007 2.371144 -3.145478
v -0.395438 2.423394 -3.430726
v -0.418821 2.244239 -3.310356
v -0.376732 2.193012 -3.403258
v -0.357449 2.382262 -3.527162
v -0.376732 2.193012 -3.403258
v -0.347018 2.137533 -3.452545
v -0.335367 2.351960 -3.580183
v -0.357449 2.382262 -3.527162
v -0.342242 2.067224 -3.474873
v -0.319222 2.227494 -3.592198
v -0.401384 2.152540 -3.408683
v -0.365780 2.261704 -3.525506
v -0.463195 2.288290 -3.235980
v -0.437930 2.392254 -3.346350
v -0.549308 2.291611 -3.086044
v -0.547808 2.469437 -3.268920
v -0.672852 2.297733 -3.128449
v -0.673057 2.308768 -3.091445
v -0.667227 2.461523 -3.209593
v -0.667118 2.447755 -3.247929
v -0.588876 2.446204 -3.206064
v -0.597804 2.306713 -3.093283
v -0.595099 2.315730 -3.046916
v -0.588224 2.465095 -3.168128
v -0.601174 2.324086 -2.997510
v -0.589026 2.484004 -3.140707
v -0.675804 2.301534 -3.022689
v -0.668320 2.471614 -3.203789
v -0.662323 2.506951 -3.196654
v -0.668320 2.471614 -3.203789
v -0.675804 2.301534 -3.022689
v -0.667537 2.361791 -3.016603
v -0.572639 2.249377 -2.897896
v -0.492718 2.182475 -3.076141
v -0.472533 1.949032 -3.229873
v -0.452319 1.864535 -3.299368
v -0.452319 1.864535 -3.299368
v -0.431040 1.880798 -3.342542
v -0.410963 1.975393 -3.351889
v -0.428976 2.013572 -3.291945
v -0.487833 2.100562 -3.159359
v -0.556371 2.076713 -2.943805
v -0.679225 2.107617 -2.902982
v -0.612779 2.075175 -2.844929
v -0.670886 2.090361 -2.799436
v -0.667426 2.140250 -2.810333
v -0.686578 1.805246 -2.643780
v -0.686986 1.812141 -2.589578
v -0.686410 1.814932 -2.577207
v -0.670653 1.845008 -2.579095
v -0.662394 1.786063 -2.644181
v -0.654875 2.103184 -2.911810
v -0.649154 2.302918 -3.116969
v -0.643268 2.436970 -3.288764
v -0.638872 2.513479 -3.539231
v -0.636410 2.594670 -3.718371
v -0.634056 2.765902 -3.849956
v -0.632605 2.969127 -3.931654
v -0.638599 3.001861 -3.952431
v -0.636656 3.007792 -4.018806
v -0.627568 2.931114 -4.050812
v -0.551908 2.378917 -4.003575
v -0.510753 2.188093 -4.003360
v -0.512281 2.007809 -4.082244
v -0.519442 1.900753 -4.145444
v -0.496681 1.741562 -4.173122
v -0.403634 1.619393 -4.118896
v -0.412966 1.584437 -4.140618
v -0.260210 1.543928 -4.098749
v -0.269160 1.583253 -4.073621
v -0.420179 1.556977 -4.170446
v -0.279059 1.526809 -4.087803
v -0.276349 1.496172 -4.161139
v -0.258268 1.515542 -4.169065
v -0.277659 1.489242 -4.250871
v -0.261211 1.512196 -4.251279
v -0.285521 1.519842 -4.305138
v -0.269962 1.538605 -4.307966
v -0.277887 1.567487 -4.330839
v -0.269962 1.538605 -4.307966
v -0.285521 1.519842 -4.305138
v -0.291107 1.544191 -4.326249
v -0.285450 1.598409 -4.333823
v -0.298042 1.567096 -4.331460
v -0.293312 1.632909 -4.316476
v -0.309062 1.599298 -4.316587
v -0.309351 1.712430 -4.294472
v -0.325616 1.646118 -4.301133
v -0.500875 1.757104 -4.382723
v -0.475337 1.828016 -4.387151
v -0.517001 1.919019 -4.350294
v -0.492161 1.954370 -4.338712
v -0.624517 2.964163 -4.118525
v -0.624476 3.051234 -3.983509
v -0.628013 3.054700 -3.900460
v -0.628295 3.015872 -3.845185
v -0.641719 2.820840 -3.742516
v -0.638614 2.618861 -3.610070
v -0.635703 2.555295 -3.421520
v -0.639292 2.503495 -3.202637
v -0.644405 2.363679 -3.002390
v -0.644840 2.130480 -2.793195
v -0.647856 1.834853 -2.543687
v -0.662280 1.797603 -2.530656
v -0.662280 1.797603 -2.530656
v -0.662947 1.796126 -2.533993
v -0.663444 1.789525 -2.589689
v -0.399274 2.349989 -4.273290
v -0.456863 2.283318 -4.211883
v -0.448983 2.421579 -4.250733
v -0.397739 2.467063 -4.257586
v -0.487401 2.418657 -4.166398
v -0.475062 2.393662 -4.201268
v -0.487401 2.418657 -4.166398
v -0.406077 2.635715 -4.192941
v -0.406827 2.573024 -4.220582
v -0.475062 2.393662 -4.201268
v -0.324236 2.439295 -4.241850
v -0.352795 2.537381 -4.285607
v -0.315221 2.642213 -4.194436
v -0.329404 2.602733 -4.238486
v -0.410551 2.772503 -4.233079
v -0.460868 2.735385 -4.237061
v -0.489811 3.001905 -4.184658
v -0.423606 2.994920 -4.179767
v -0.487997 2.739241 -4.216167
v -0.520933 2.992775 -4.160136
v -0.487997 2.739241 -4.216167
v -0.418833 2.756413 -4.189938
v -0.440599 2.991629 -4.157767
v -0.520933 2.992775 -4.160136
v -0.365918 2.765226 -4.253293
v -0.364253 3.014842 -4.177554
v -0.338833 2.783870 -4.225481
v -0.346816 3.017050 -4.157154
v -0.497603 3.051271 -4.079175
v -0.431788 3.032073 -4.068869
v -0.527380 3.032310 -4.059890
v -0.447220 3.026078 -4.051249
v -0.527380 3.032310 -4.059890
v -0.366786 3.059243 -4.064724
v -0.354866 3.040591 -4.045263
v -0.497485 3.093758 -3.908136
v -0.432030 3.060462 -3.892528
v -0.527201 3.070595 -3.916200
v -0.447031 3.054586 -3.895467
v -0.527201 3.070595 -3.916200
v -0.368499 3.054852 -3.896616
v -0.356427 3.041267 -3.895646
v -0.497671 3.017283 -3.749213
v -0.432739 2.986025 -3.760646
v -0.527242 2.987200 -3.765121
v -0.445688 2.962534 -3.778087
v -0.527242 2.987200 -3.765121
v -0.371223 2.962955 -3.791847
v -0.358212 2.944975 -3.807336
v -0.431558 2.853019 -3.640289
v -0.497882 2.875039 -3.632489
v -0.512654 2.733899 -3.432245
v -0.448614 2.740986 -3.485374
v -0.527402 2.857575 -3.654991
v -0.537329 2.706445 -3.466272
v -0.527402 2.857575 -3.654991
v -0.445649 2.841805 -3.674445
v -0.447943 2.641696 -3.544328
v -0.537329 2.706445 -3.466272
v -0.365565 2.831255 -3.681704
v -0.379910 2.698096 -3.552772
v -0.351830 2.823673 -3.705029
v -0.367662 2.699926 -3.591402
v -0.488024 2.401659 -3.064829
v -0.553311 2.425768 -2.944311
v -0.572755 2.435085 -2.914298
v -0.572755 2.435085 -2.914298
v -0.482572 2.276688 -3.017687
v -0.429030 2.414575 -3.217782
v -0.414757 2.346654 -3.212898
v -0.529838 2.158385 -4.004721
v -0.524545 1.967509 -4.068771
v -0.531743 1.873713 -4.137210
v -0.517443 1.716320 -4.171431
v -0.424869 1.604116 -4.135190
v -0.414963 1.575606 -4.137921
v -0.425665 1.550777 -4.170135
v -0.425740 1.520990 -4.195593
v -0.290875 1.494143 -4.162147
v -0.293199 1.489006 -4.249313
v -0.300767 1.524872 -4.299398
v -0.300767 1.524872 -4.299398
v -0.299205 1.538138 -4.322599
v -0.304399 1.557512 -4.330513
v -0.315559 1.582779 -4.318425
v -0.332979 1.620399 -4.302580
v -0.513838 1.715708 -4.381938
v -0.529731 1.889583 -4.343335
v -0.532828 1.996704 -4.283061
v -0.461853 2.599546 -3.207334
v -0.526323 2.633141 -3.114963
v -0.551650 2.631198 -3.137713
v -0.551650 2.631198 -3.137713
v -0.459194 2.478370 -3.224777
v -0.381022 2.553902 -3.400898
v -0.401448 2.587035 -3.358605
v -0.420294 1.548691 -4.166665
v -0.308032 1.550360 -4.260084
v -0.306594 1.562580 -4.281456
v -0.311378 1.580427 -4.288746
v -0.321895 1.606965 -4.277548
v -0.444712 1.636276 -4.354046
v -0.515095 1.737493 -4.352540
v -0.530392 1.889322 -4.308198
v -0.536313 1.992601 -4.258076
v -1.182070 2.761595 -3.860155
v -1.206565 2.761596 -3.860155
v -1.218811 2.706764 -3.837297
v -1.206565 2.651932 -3.814439
v -1.182070 2.651932 -3.814439
v -1.169824 2.706764 -3.837297
v -1.150897 1.191956 -1.281693
v -1.150900 1.263105 -1.288364
v -1.170801 1.102767 -3.019097
v -1.170799 1.219417 -3.114426
v -1.170799 1.314002 -2.750211
v -1.170799 1.181847 -2.468759
v -1.150901 0.343360 -4.269477
v -1.150901 0.707219 -4.119052
v -1.150900 0.712948 -4.071393
v -1.150900 0.340122 -4.223309
v -1.170798 1.314129 -1.643468
v -1.170799 1.146894 -2.121927
v -1.170799 0.742642 -3.824394
v -1.170801 0.712948 -4.071394
v -1.170799 0.937135 -4.065204
v -1.170801 0.926442 -3.518614
v -1.170801 1.249733 -4.100131
v -1.170799 1.261193 -3.855022
v -1.170801 1.236708 -3.848070
v -1.170802 0.973494 -4.075315
v -1.150900 0.176982 -4.414467
v -1.150900 0.176173 -4.377314
v -1.170799 1.983107 -4.047669
v -1.170799 1.890065 -3.654602
v -1.170802 1.725031 -3.893380
v -1.170801 1.695488 -4.098232
v -1.170801 1.463910 -4.118546
v -1.170801 1.527151 -3.930544
v -1.170801 2.616701 -4.087663
v -1.170799 2.654877 -3.968351
v -1.170799 0.997090 -1.951533
v -1.170799 1.008924 -1.731947
v -1.170798 0.208066 -1.319775
v -1.170799 0.205655 -1.605463
v -1.170799 1.209475 -1.341115
v -1.170798 1.191694 -1.630988
v -1.170799 1.297737 -1.598970
v -1.170799 1.249366 -1.340427
v -1.148193 0.041979 -1.631482
v -1.147760 0.038794 -1.155268
v -1.134169 0.010603 -4.653981
v -1.137064 0.039395 -4.534311
v -1.170801 0.948658 -3.467422
v -1.170798 1.057586 -3.513855
v -1.156964 0.039395 -4.534311
v -1.170802 0.176173 -4.377314
v -1.170799 0.169839 -4.086376
v -1.156460 0.034259 -4.025871
v -1.170802 0.340122 -4.223309
v -1.170802 0.330436 -4.085215
v -1.150900 0.330436 -4.085215
v -1.150900 0.327283 -4.040257
v -1.150900 0.168943 -4.045178
v -1.150901 0.169840 -4.086376
v -1.150901 0.742642 -3.824394
v -1.150900 0.749171 -3.770086
v -1.150900 1.078289 -2.999093
v -1.150900 1.102768 -3.019098
v -1.150900 1.163374 -2.429418
v -1.150900 1.181847 -2.468759
v -1.150900 1.131753 -2.163811
v -1.150900 1.146895 -2.121927
v -1.150898 0.997089 -1.951533
v -1.150898 0.994759 -1.994777
v -1.150900 0.205174 -1.662491
v -1.150900 0.205655 -1.605463
v -1.123651 0.007778 -1.707742
v -1.128292 0.041979 -1.631482
v -1.127860 0.038793 -1.155268
v -1.123652 0.007777 -1.026473
v -1.150898 0.208066 -1.319775
v -1.150898 0.208573 -1.259729
v -1.150900 1.008924 -1.731947
v -1.150898 1.011765 -1.681124
v -1.150898 1.149098 -1.643848
v -1.150900 1.191694 -1.630988
v -1.150900 1.209475 -1.341115
v -1.150898 1.249366 -1.340427
v -1.150900 1.314002 -2.750211
v -1.150900 1.341183 -2.808096
v -1.150900 1.219417 -3.114425
v -1.150900 1.253642 -3.142395
v -1.150900 1.057587 -3.513855
v -1.150898 1.085885 -3.525917
v -1.150900 1.527150 -3.930544
v -1.150900 1.539310 -3.894397
v -1.150900 1.725031 -3.893380
v -1.150900 1.730402 -3.856139
v -1.150901 1.890066 -3.654602
v -1.150900 1.880633 -3.614755
v -1.150900 2.750353 -3.953000
v -1.150900 2.654877 -3.968351
v -1.150900 2.641488 -4.135859
v -1.150901 2.616701 -4.087663
v -1.150901 1.994650 -4.096435
v -1.150900 1.983107 -4.047669
v -1.150901 1.689164 -4.142085
v -1.150900 1.695488 -4.098232
v -1.150900 1.450718 -4.157764
v -1.150900 1.463910 -4.118547
v -1.150900 1.247930 -4.138698
v -1.150901 1.249733 -4.100131
v -1.136558 0.034259 -4.025871
v -1.241058 1.263105 -1.288364
v -1.241060 1.191956 -1.281693
v -1.221160 1.102767 -3.019097
v -1.221161 1.181847 -2.468759
v -1.221160 1.314002 -2.750210
v -1.221161 1.219417 -3.114425
v -1.241062 0.343360 -4.269477
v -1.241061 0.340122 -4.223309
v -1.241061 0.712948 -4.071393
v -1.241061 0.707219 -4.119052
v -1.221158 1.146894 -2.121927
v -1.221161 1.314129 -1.643468
v -1.221160 0.742642 -3.824394
v -1.221160 0.926441 -3.518613
v -1.221162 0.937136 -4.065204
v -1.221161 0.712948 -4.071394
v -1.221161 1.249733 -4.100131
v -1.221161 0.973494 -4.075315
v -1.221160 1.236707 -3.848069
v -1.221161 1.261194 -3.855023
v -1.241062 0.176981 -4.414466
v -1.241062 0.176173 -4.377314
v -1.221161 1.983107 -4.047669
v -1.221161 1.695488 -4.098232
v -1.221160 1.725031 -3.893380
v -1.221160 1.890065 -3.654602
v -1.221161 1.463910 -4.118547
v -1.221161 1.527150 -3.930544
v -1.221160 2.616701 -4.087663
v -1.221160 2.654877 -3.968351
v -1.221160 0.997090 -1.951533
v -1.221160 0.205655 -1.605463
v -1.221158 0.208066 -1.319775
v -1.221158 1.008924 -1.731947
v -1.221158 1.209474 -1.341115
v -1.221158 1.249366 -1.340427
v -1.221158 1.297737 -1.598970
v -1.221158 1.191694 -1.630987
v -1.243766 0.041979 -1.631482
v -1.244197 0.038794 -1.155268
v -1.257794 0.010603 -4.653981
v -1.254899 0.039395 -4.534310
v -1.221161 0.948659 -3.467422
v -1.221160 1.057587 -3.513855
v -1.234996 0.039395 -4.534311
v -1.235503 0.034259 -4.025871
v -1.221161 0.169839 -4.086376
v -1.221161 0.176173 -4.377314
v -1.221160 0.340122 -4.223310
v -1.221160 0.330436 -4.085215
v -1.241062 0.330436 -4.085215
v -1.241060 0.169839 -4.086376
v -1.241062 0.168943 -4.045178
v -1.241062 0.327283 -4.040257
v -1.241060 0.742642 -3.824394
v -1.241061 0.749171 -3.770085
v -1.241060 1.078289 -2.999093
v -1.241061 1.102767 -3.019097
v -1.241060 1.163374 -2.429418
v -1.241060 1.181847 -2.468759
v -1.241058 1.131753 -2.163810
v -1.241060 1.146894 -2.121927
v -1.241060 0.997090 -1.951533
v -1.241060 0.994759 -1.994777
v -1.241060 0.205174 -1.662491
v -1.241060 0.205655 -1.605463
v -1.268307 0.007778 -1.707742
v -1.263664 0.041979 -1.631482
v -1.268306 0.007778 -1.026473
v -1.264097 0.038793 -1.155268
v -1.241058 0.208066 -1.319775
v -1.241060 0.208573 -1.259729
v -1.241061 1.008924 -1.731947
v -1.241061 1.011765 -1.681124
v -1.241060 1.149098 -1.643848
v -1.241060 1.191694 -1.630987
v -1.241060 1.209475 -1.341115
v -1.241060 1.249366 -1.340427
v -1.241061 1.314002 -2.750211
v -1.241061 1.341183 -2.808096
v -1.241061 1.219416 -3.114425
v -1.241061 1.253642 -3.142395
v -1.241061 1.057587 -3.513855
v -1.241061 1.085885 -3.525917
v -1.241060 1.527151 -3.930544
v -1.241062 1.539310 -3.894397
v -1.241061 1.725031 -3.893380
v -1.241061 1.730402 -3.856139
v -1.241061 1.890066 -3.654602
v -1.241060 1.880633 -3.614755
v -1.241061 2.750353 -3.953000
v -1.241061 2.654876 -3.968351
v -1.241061 2.641488 -4.135859
v -1.241061 2.616701 -4.087663
v -1.241061 1.994650 -4.096435
v -1.241062 1.983107 -4.047669
v -1.241061 1.689164 -4.142085
v -1.241061 1.695488 -4.098232
v -1.241061 1.450718 -4.157764
v -1.241061 1.463910 -4.118547
v -1.241061 1.247930 -4.138698
v -1.241062 1.249733 -4.100131
v -1.255403 0.034259 -4.025871
v -1.123651 0.007778 -1.707742
v -1.123652 0.007777 -1.026473
v -1.268306 0.007778 -1.026473
v -1.150900 0.205174 -1.662491
v -1.150898 0.994759 -1.994777
v -1.150900 1.131753 -2.163811
v -1.150900 1.163374 -2.429418
v -1.150900 1.078289 -2.999093
v -1.150900 0.925244 -3.457441
v -1.150900 0.749171 -3.770086
v -1.150900 0.327283 -4.040257
v -1.150900 0.168943 -4.045178
v -1.134167 0.010602 -3.955574
v -1.257793 0.010602 -3.955574
v -1.134169 0.010603 -4.653981
v -1.257794 0.010603 -4.653981
v -1.150900 2.750353 -3.953000
v -1.150900 2.641488 -4.135859
v -1.241061 2.641488 -4.135859
v -1.150900 1.880633 -3.614755
v -1.150900 1.730402 -3.856139
v -1.150900 1.539310 -3.894397
v -1.150900 1.262562 -3.825748
v -1.150898 1.085885 -3.525917
v -1.150900 1.253642 -3.142395
v -1.150900 1.341183 -2.808096
v -1.150897 1.320947 -1.591963
v -1.150900 1.263105 -1.288364
v -1.150898 1.234184 -1.136565
v -1.150898 1.205264 -0.984766
v -1.150898 1.174982 -1.001139
v -1.241060 1.174982 -1.001139
v -1.150897 1.191956 -1.281693
v -1.150898 1.174982 -1.001139
v -1.150898 1.149098 -1.643848
v -1.150898 1.011765 -1.681124
v -1.150898 0.208573 -1.259729
v -1.123652 0.007777 -1.026473
v -1.543846 1.330587 -1.852586
v 0.754773 1.330586 -1.852587
v 0.754771 1.399457 -1.852587
v -1.543845 1.399458 -1.852586
v -1.543845 1.399458 -1.852586
v 0.754771 1.399457 -1.852587
v 0.754773 1.399457 -2.407323
v -1.543846 1.399458 -2.407322
v 0.754773 1.330586 -2.407323
v -1.543846 1.330587 -2.407322
v 0.754773 1.330586 -1.852587
v 0.754771 1.399457 -1.852587
v -1.543846 1.330587 -1.852586
v -1.543845 1.399458 -1.852586
v -1.543846 2.586359 -3.883168
v 0.754772 2.586358 -3.883169
v 0.754771 2.606079 -3.778752
v -1.543848 2.606081 -3.778750
v -1.543848 2.606081 -3.778750
v 0.754771 2.606079 -3.778752
v 0.754771 2.941963 -3.937601
v -1.543849 2.941964 -3.937600
v 0.754772 2.922242 -4.042018
v -1.543846 2.922243 -4.042017
v 0.754772 2.586358 -3.883169
v 0.754771 2.606079 -3.778752
v -1.543846 2.586359 -3.883168
v -1.543848 2.606081 -3.778750
v -1.543846 1.236945 -1.203966
v 0.754772 1.236943 -1.203967
v 0.754774 1.302859 -1.172388
v -1.543845 1.302860 -1.172387
v -1.543845 1.302860 -1.172387
v 0.754774 1.302859 -1.172388
v 0.754773 1.404440 -1.703325
v -1.543845 1.404441 -1.703323
v 0.754773 1.338525 -1.734904
v -1.543846 1.338525 -1.734902
v 0.754772 1.236943 -1.203967
v 0.754774 1.302859 -1.172388
v -1.543846 1.236945 -1.203966
v -1.543845 1.302860 -1.172387
v -1.543846 1.726531 -3.566212
v 0.754772 1.726530 -3.566212
v 0.754773 1.739791 -3.459271
v -1.543846 1.739792 -3.459270
v -1.543846 1.739792 -3.459270
v 0.754773 1.739791 -3.459271
v 0.754772 2.083795 -3.566090
v -1.543846 2.083795 -3.566090
v 0.754772 2.070533 -3.673032
v -1.543848 2.070534 -3.673031
v 0.754772 1.726530 -3.566212
v 0.754773 1.739791 -3.459271
v -1.543846 1.726531 -3.566212
v -1.543846 1.739792 -3.459270
v -1.543848 2.164749 -3.691052
v 0.754772 2.164748 -3.691054
v 0.754772 2.181203 -3.585228
v -1.543848 2.181204 -3.585228
v -1.543848 2.181204 -3.585228
v 0.754772 2.181203 -3.585228
v 0.754772 2.521614 -3.717772
v -1.543846 2.521614 -3.717772
v 0.754772 2.505158 -3.823598
v -1.543846 2.505159 -3.823596
v 0.754772 2.164748 -3.691054
v 0.754772 2.181203 -3.585228
v -1.543848 2.164749 -3.691052
v -1.543848 2.181204 -3.585228
v -1.543848 1.330588 -2.536888
v 0.754772 1.330587 -2.536890
v 0.754773 1.399457 -2.536890
v -1.543846 1.399458 -2.536889
v -1.543846 1.399458 -2.536889
v 0.754773 1.399457 -2.536890
v 0.754772 1.399457 -3.091625
v -1.543848 1.399458 -3.091624
v 0.754771 1.330587 -3.091625
v -1.543846 1.330588 -3.091624
v 0.754772 1.330587 -2.536890
v 0.754773 1.399457 -2.536890
v -1.543848 1.330588 -2.536888
v -1.543846 1.399458 -2.536889
v -1.182070 2.399732 -3.670796
v -1.206564 2.399732 -3.670796
v -1.218811 2.344671 -3.649361
v -1.206564 2.289610 -3.627927
v -1.182070 2.289609 -3.627927
v -1.169823 2.344671 -3.649361
v -1.182070 2.000294 -3.543476
v -1.206565 2.000294 -3.543476
v -1.218812 1.944543 -3.527105
v -1.206564 1.888792 -3.510735
v -1.182070 1.888792 -3.510734
v -1.169824 1.944543 -3.527105
v -1.182069 1.397509 -2.929282
v -1.206564 1.397509 -2.929282
v -1.218810 1.396718 -2.839563
v -1.206564 1.395928 -2.749844
v -1.182070 1.395927 -2.749845
v -1.169823 1.396718 -2.839563
v -1.182070 1.397509 -2.205570
v -1.206563 1.397509 -2.205570
v -1.218810 1.396718 -2.115851
v -1.206563 1.395927 -2.026132
v -1.182069 1.395927 -2.026132
v -1.169823 1.396718 -2.115851
v -1.182069 1.359001 -1.512987
v -1.206563 1.359001 -1.512987
v -1.218810 1.344442 -1.426268
v -1.206563 1.329883 -1.339548
v -1.182070 1.329883 -1.339548
v -1.169823 1.344442 -1.426268
v 0.421970 2.761595 -3.860156
v 0.397478 2.761595 -3.860155
v 0.385231 2.706764 -3.837298
v 0.397478 2.651931 -3.814440
v 0.421971 2.651931 -3.814440
v 0.434218 2.706764 -3.837297
v 0.421971 2.399731 -3.670796
v 0.397477 2.399731 -3.670797
v 0.385231 2.344670 -3.649362
v 0.397478 2.289609 -3.627928
v 0.421971 2.289609 -3.627928
v 0.434218 2.344671 -3.649362
v 0.421970 2.000294 -3.543477
v 0.397478 2.000293 -3.543477
v 0.385231 1.944543 -3.527105
v 0.397477 1.888792 -3.510735
v 0.421971 1.888792 -3.510735
v 0.434216 1.944543 -3.527105
v 0.421970 1.397509 -2.929283
v 0.397477 1.397509 -2.929283
v 0.385231 1.396717 -2.839564
v 0.397478 1.395927 -2.749845
v 0.421971 1.395927 -2.749845
v 0.434218 1.396718 -2.839563
v 0.421973 1.397508 -2.205571
v 0.397478 1.397508 -2.205571
v 0.385231 1.396717 -2.115852
v 0.397477 1.395926 -2.026133
v 0.421971 1.395926 -2.026133
v 0.434216 1.396717 -2.115852
v 0.421971 1.359000 -1.512988
v 0.397478 1.359001 -1.512988
v 0.385231 1.344441 -1.426268
v 0.397478 1.329882 -1.339549
v 0.421973 1.329882 -1.339549
v 0.434219 1.344441 -1.426268
v 0.454628 1.191955 -1.292379
v 0.454628 1.263105 -1.299050
v 0.434725 1.102767 -3.029783
v 0.434727 1.219416 -3.125112
v 0.434725 1.314001 -2.760897
v 0.434727 1.181846 -2.479446
v 0.454626 0.343359 -4.280163
v 0.454625 0.707218 -4.129738
v 0.454625 0.712947 -4.082080
v 0.454625 0.340121 -4.233995
v 0.434727 1.314128 -1.654154
v 0.434725 1.146894 -2.132613
v 0.434725 0.742642 -3.835080
v 0.434724 0.712948 -4.082080
v 0.434725 0.937135 -4.075891
v 0.434725 0.926441 -3.529299
v 0.434724 1.249733 -4.110816
v 0.434725 1.261193 -3.865709
v 0.434724 1.236707 -3.858756
v 0.434725 0.973493 -4.086002
v 0.454624 0.176981 -4.425152
v 0.454624 0.176172 -4.388000
v 0.434725 1.983106 -4.058355
v 0.434724 1.890065 -3.665288
v 0.434725 1.725031 -3.904067
v 0.434727 1.695488 -4.108918
v 0.434724 1.463910 -4.129233
v 0.434724 1.527150 -3.941230
v 0.434725 2.616700 -4.098349
v 0.434725 2.654876 -3.979037
v 0.434727 0.997089 -1.962219
v 0.434725 1.008924 -1.742633
v 0.434727 0.208065 -1.330461
v 0.434727 0.205655 -1.616149
v 0.434727 1.209474 -1.351802
v 0.434727 1.191693 -1.641673
v 0.434727 1.297737 -1.609657
v 0.434725 1.249365 -1.351113
v 0.457332 0.041978 -1.642168
v 0.457765 0.038793 -1.165954
v 0.471356 0.010602 -4.664667
v 0.468461 0.039394 -4.544997
v 0.434725 0.948658 -3.478107
v 0.434725 1.057586 -3.524541
v 0.448561 0.039394 -4.544997
v 0.434725 0.176172 -4.388000
v 0.434724 0.169839 -4.097062
v 0.449065 0.034258 -4.036557
v 0.434725 0.340121 -4.233995
v 0.434724 0.330436 -4.095901
v 0.454625 0.330436 -4.095901
v 0.454626 0.327282 -4.050943
v 0.454626 0.168942 -4.055865
v 0.454625 0.169839 -4.097062
v 0.454625 0.742642 -3.835080
v 0.454626 0.749171 -3.780772
v 0.454626 1.078288 -3.009779
v 0.454626 1.102767 -3.029783
v 0.454626 1.163374 -2.440104
v 0.454626 1.181846 -2.479446
v 0.454626 1.131753 -2.174497
v 0.454626 1.146894 -2.132613
v 0.454625 0.997089 -1.962219
v 0.454625 0.994759 -2.005463
v 0.454626 0.205174 -1.673177
v 0.454626 0.205655 -1.616150
v 0.481874 0.007778 -1.718428
v 0.477233 0.041978 -1.642168
v 0.477665 0.038793 -1.165954
v 0.481875 0.007777 -1.037159
v 0.454626 0.208066 -1.330462
v 0.454626 0.208572 -1.270415
v 0.454626 1.008924 -1.742633
v 0.454628 1.011764 -1.691810
v 0.454628 1.149097 -1.654534
v 0.454626 1.191694 -1.641673
v 0.454626 1.209474 -1.351802
v 0.454628 1.249365 -1.351113
v 0.454626 1.314002 -2.760897
v 0.454626 1.341182 -2.818783
v 0.454626 1.219416 -3.125111
v 0.454625 1.253641 -3.153081
v 0.454626 1.057586 -3.524541
v 0.454625 1.085884 -3.536603
v 0.454625 1.527150 -3.941230
v 0.454625 1.539309 -3.905084
v 0.454625 1.725031 -3.904067
v 0.454625 1.730402 -3.866825
v 0.454626 1.890065 -3.665288
v 0.454626 1.880633 -3.625441
v 0.454625 2.750353 -3.963686
v 0.454625 2.654876 -3.979037
v 0.454626 2.641488 -4.146545
v 0.454626 2.616700 -4.098349
v 0.454625 1.994650 -4.107121
v 0.454625 1.983107 -4.058355
v 0.454626 1.689163 -4.152771
v 0.454625 1.695488 -4.108918
v 0.454625 1.450717 -4.168450
v 0.454626 1.463909 -4.129232
v 0.454624 1.247929 -4.149384
v 0.454625 1.249733 -4.110816
v 0.468966 0.034258 -4.036557
v 0.364465 1.263105 -1.299050
v 0.364467 1.191955 -1.292379
v 0.384365 1.102767 -3.029783
v 0.384366 1.181846 -2.479446
v 0.384365 1.314002 -2.760897
v 0.384366 1.219416 -3.125112
v 0.364463 0.343359 -4.280164
v 0.364465 0.340121 -4.233996
v 0.364465 0.712947 -4.082080
v 0.364464 0.707218 -4.129738
v 0.384366 1.146894 -2.132613
v 0.384366 1.314128 -1.654154
v 0.384366 0.742642 -3.835080
v 0.384365 0.926441 -3.529299
v 0.384366 0.937135 -4.075890
v 0.384365 0.712948 -4.082080
v 0.384365 1.249733 -4.110816
v 0.384364 0.973493 -4.086002
v 0.384365 1.236707 -3.858756
v 0.384365 1.261193 -3.865709
v 0.364464 0.176981 -4.425153
v 0.364465 0.176172 -4.388000
v 0.384365 1.983107 -4.058355
v 0.384364 1.695488 -4.108918
v 0.384364 1.725031 -3.904067
v 0.384366 1.890065 -3.665288
v 0.384365 1.463910 -4.129233
v 0.384365 1.527150 -3.941230
v 0.384365 2.616700 -4.098349
v 0.384365 2.654876 -3.979038
v 0.384365 0.997089 -1.962219
v 0.384365 0.205655 -1.616149
v 0.384366 0.208066 -1.330461
v 0.384366 1.008924 -1.742633
v 0.384366 1.209474 -1.351802
v 0.384365 1.249365 -1.351113
v 0.384366 1.297737 -1.609656
v 0.384368 1.191693 -1.641673
v 0.361760 0.041978 -1.642168
v 0.361329 0.038793 -1.165954
v 0.347731 0.010602 -4.664667
v 0.350627 0.039395 -4.544997
v 0.384364 0.948658 -3.478107
v 0.384366 1.057586 -3.524541
v 0.370529 0.039394 -4.544996
v 0.370023 0.034258 -4.036557
v 0.384365 0.169839 -4.097062
v 0.384364 0.176172 -4.388000
v 0.384364 0.340121 -4.233996
v 0.384364 0.330436 -4.095901
v 0.364464 0.330436 -4.095901
v 0.364464 0.169839 -4.097062
v 0.364464 0.168942 -4.055865
v 0.364465 0.327282 -4.050944
v 0.364464 0.742642 -3.835080
v 0.364464 0.749171 -3.780772
v 0.364465 1.078288 -3.009779
v 0.364465 1.102767 -3.029783
v 0.364465 1.163374 -2.440104
v 0.364464 1.181846 -2.479445
v 0.364465 1.131753 -2.174496
v 0.364465 1.146894 -2.132613
v 0.364465 0.997089 -1.962219
v 0.364467 0.994759 -2.005463
v 0.364465 0.205174 -1.673177
v 0.364465 0.205655 -1.616149
v 0.337218 0.007778 -1.718428
v 0.341859 0.041978 -1.642168
v 0.337219 0.007777 -1.037159
v 0.341427 0.038793 -1.165954
v 0.364465 0.208065 -1.330461
v 0.364465 0.208572 -1.270415
v 0.364465 1.008924 -1.742633
v 0.364465 1.011764 -1.691810
v 0.364465 1.149097 -1.654534
v 0.364465 1.191693 -1.641674
v 0.364465 1.209474 -1.351802
v 0.364467 1.249365 -1.351113
v 0.364465 1.314001 -2.760897
v 0.364464 1.341182 -2.818783
v 0.364464 1.219416 -3.125111
v 0.364465 1.253642 -3.153081
v 0.364465 1.057586 -3.524541
v 0.364464 1.085884 -3.536604
v 0.364465 1.527150 -3.941230
v 0.364465 1.539309 -3.905083
v 0.364465 1.725031 -3.904067
v 0.364464 1.730402 -3.866825
v 0.364464 1.890065 -3.665288
v 0.364464 1.880633 -3.625441
v 0.364464 2.750353 -3.963686
v 0.364464 2.654876 -3.979037
v 0.364464 2.641488 -4.146545
v 0.364463 2.616700 -4.098350
v 0.364464 1.994650 -4.107121
v 0.364464 1.983107 -4.058355
v 0.364463 1.689163 -4.152771
v 0.364464 1.695488 -4.108918
v 0.364465 1.450717 -4.168450
v 0.364464 1.463909 -4.129232
v 0.364465 1.247929 -4.149384
v 0.364464 1.249733 -4.110816
v 0.350122 0.034258 -4.036557
v 0.481874 0.007778 -1.718428
v 0.481875 0.007777 -1.037159
v 0.337219 0.007777 -1.037159
v 0.454626 0.205174 -1.673177
v 0.454625 0.994759 -2.005463
v 0.454626 1.131753 -2.174497
v 0.454626 1.163374 -2.440104
v 0.454626 1.078288 -3.009779
v 0.454625 0.925244 -3.468127
v 0.454626 0.749171 -3.780772
v 0.454626 0.327282 -4.050943
v 0.454626 0.168942 -4.055865
v 0.471357 0.010602 -3.966260
v 0.347733 0.010602 -3.966260
v 0.471356 0.010602 -4.664667
v 0.347731 0.010602 -4.664667
v 0.454625 2.750353 -3.963686
v 0.454626 2.641488 -4.146545
v 0.364464 2.641488 -4.146545
v 0.454626 1.880633 -3.625441
v 0.454625 1.730402 -3.866825
v 0.454625 1.539309 -3.905084
v 0.454625 1.262562 -3.836434
v 0.454625 1.085884 -3.536603
v 0.454625 1.253641 -3.153081
v 0.454626 1.341182 -2.818783
v 0.454626 1.320946 -1.602649
v 0.454628 1.263105 -1.299050
v 0.454626 1.234184 -1.147251
v 0.454628 1.205263 -0.995452
v 0.454628 1.174981 -1.011825
v 0.364465 1.174981 -1.011825
v 0.454628 1.191955 -1.292379
v 0.454628 1.174981 -1.011825
v 0.454628 1.149097 -1.654534
v 0.454628 1.011764 -1.691810
v 0.454626 0.208572 -1.270415
v 0.481875 0.007777 -1.037159
v -1.120608 2.109466 -3.187334
v -1.120609 1.900317 -2.991612
v -1.093226 1.939170 -2.893541
v -1.094325 2.105623 -3.115670
v -1.120608 1.728871 -2.821670
v -1.103019 1.768181 -2.707360
v -1.122419 1.596402 -2.694974
v -1.093550 1.624380 -2.603162
v -1.120609 2.370926 -3.334903
v -1.120609 2.355032 -3.257040
v -1.120609 2.383917 -3.231449
v -1.120608 2.407083 -3.309154
v -1.120608 2.411628 -3.198046
v -1.120608 2.440993 -3.296543
v -1.120609 2.300740 -3.402047
v -1.110919 1.515627 -2.610216
v -1.000089 1.509259 -2.592645
v -0.999668 1.584167 -2.556886
v -1.091180 1.588430 -2.577112
v -1.120610 1.586459 -3.252571
v -1.002388 1.587775 -3.252570
v -1.002388 1.441914 -3.151405
v -1.122419 1.439262 -3.150356
v -1.113287 1.773376 -3.364389
v -1.002388 1.773755 -3.364390
v -1.120609 2.075944 -3.476220
v -1.002389 2.075944 -3.476220
v -1.120609 2.231904 -3.453117
v -1.002389 2.227489 -3.462967
v -1.120609 2.300740 -3.402047
v -1.002386 2.297440 -3.420311
v -1.120609 2.370926 -3.334903
v -1.002389 2.370606 -3.345740
v -1.002389 2.403659 -3.312237
v -1.120608 2.407083 -3.309154
v -1.002389 2.437102 -3.300230
v -1.120608 2.440993 -3.296543
v -1.002388 2.456743 -3.259688
v -1.120609 2.461296 -3.254024
v -1.002388 2.454891 -3.227976
v -1.002389 2.439424 -3.209481
v -1.002389 2.404556 -3.210236
v -1.002388 2.376318 -3.245872
v -1.002388 2.346699 -3.273004
v -1.002389 2.314653 -3.270913
v -0.995942 2.265271 -3.209162
v -0.991172 2.104481 -3.106570
v -0.980933 1.953297 -2.830678
v -0.987899 1.769746 -2.610550
v -0.997313 1.634876 -2.610648
v -1.120609 2.231904 -3.453117
v -1.120609 2.075944 -3.476220
v -1.113287 1.773376 -3.364389
v -0.832190 1.514896 -2.605315
v -0.832189 1.595127 -2.552474
v -0.832190 1.451694 -3.151406
v -0.832190 1.597556 -3.252570
v -0.832190 1.779790 -3.364390
v -0.832190 2.076132 -3.476220
v -0.832190 2.227456 -3.458191
v -0.832190 2.296929 -3.421377
v -0.832189 2.365114 -3.348747
v -0.832190 2.397523 -3.316895
v -0.832190 2.429116 -3.306192
v -0.832190 2.447126 -3.266911
v -0.832190 2.444745 -3.235554
v -0.832190 2.429100 -3.217165
v -0.832190 2.394243 -3.217907
v -0.832190 2.366798 -3.252919
v -0.832190 2.339496 -3.278841
v -0.832190 2.309036 -3.275995
v -0.832190 2.243156 -3.215278
v -0.832190 2.103557 -3.036198
v -0.832190 1.944641 -2.809586
v -0.832190 1.771840 -2.606202
v -0.832190 1.626588 -2.624171
v -1.002389 1.405449 -3.126114
v -0.832190 1.415229 -3.126114
v -1.110919 1.401945 -3.124397
v -1.110919 1.418735 -2.826301
v -1.110919 1.418735 -2.826301
v -1.001469 1.406971 -2.861992
v -0.832190 1.415094 -2.867061
v -1.002389 1.405449 -3.126114
v -0.832190 1.415229 -3.126114
v -1.110919 1.401945 -3.124397
v -1.110919 1.401945 -3.124397
v -0.529504 2.109466 -3.187334
v -0.555789 2.105623 -3.115670
v -0.556887 1.939169 -2.858679
v -0.529506 1.900316 -2.991612
v -0.547092 1.768181 -2.707361
v -0.529506 1.728871 -2.821670
v -0.556564 1.637018 -2.633964
v -0.527693 1.596401 -2.694975
v -0.529504 2.370926 -3.334903
v -0.529506 2.407083 -3.309154
v -0.529506 2.383917 -3.231449
v -0.529506 2.355032 -3.257040
v -0.529506 2.440992 -3.296544
v -0.529506 2.411628 -3.198046
v -0.529504 2.300740 -3.402047
v -0.539194 1.515627 -2.610217
v -0.558932 1.588430 -2.577112
v -0.650446 1.583226 -2.556886
v -0.650023 1.508329 -2.592644
v -0.529504 1.586459 -3.252570
v -0.527694 1.439262 -3.150357
v -0.647726 1.441041 -3.151406
v -0.647725 1.586902 -3.252571
v -0.536827 1.773376 -3.364389
v -0.647726 1.773396 -3.364390
v -0.529506 2.075944 -3.476220
v -0.647726 2.075944 -3.476220
v -0.529504 2.231904 -3.453491
v -0.647726 2.227456 -3.464069
v -0.529504 2.300740 -3.402047
v -0.647726 2.296929 -3.420832
v -0.529504 2.370926 -3.334903
v -0.647726 2.367414 -3.347445
v -0.647726 2.401180 -3.314154
v -0.529506 2.407083 -3.309154
v -0.647726 2.433074 -3.303237
v -0.529506 2.440992 -3.296544
v -0.647726 2.451828 -3.263381
v -0.529504 2.461296 -3.254024
v -0.647725 2.450140 -3.231525
v -0.647726 2.435230 -3.212578
v -0.647726 2.401701 -3.212367
v -0.647725 2.374828 -3.246934
v -0.647725 2.347451 -3.272468
v -0.647725 2.315881 -3.270913
v -0.654174 2.266969 -3.208738
v -0.658944 2.104481 -3.106570
v -0.669181 1.953296 -2.830678
v -0.662214 1.768852 -2.610551
v -0.652799 1.633881 -2.610648
v -0.529504 2.231904 -3.453491
v -0.529506 2.075944 -3.476220
v -0.536827 1.773376 -3.364389
v -0.647726 1.404576 -3.126115
v -0.539196 1.401945 -3.124397
v -0.539196 1.418735 -2.826302
v -0.539196 1.418735 -2.826302
v -0.648645 1.406074 -2.861993
v -0.647726 1.404576 -3.126115
v -0.539196 1.401945 -3.124397
v -0.539196 1.401945 -3.124397
v -0.872074 1.962222 -2.747581
v -0.801523 1.962222 -2.747581
v -0.801525 2.084435 -2.903579
v -0.872073 2.084434 -2.903579
v -0.801525 1.985852 -3.096969
v -0.872073 1.985852 -3.096969
v -0.872074 1.863639 -2.940971
v -0.801522 1.863639 -2.940971
v -0.801522 1.863639 -2.940971
v -0.801525 1.985852 -3.096969
v -0.872074 1.863639 -2.940971
v -0.872073 1.985852 -3.096969
v -0.866270 2.066634 -2.904141
v -0.808710 2.066634 -2.904141
v -0.808711 2.169002 -3.017731
v -0.866271 2.169002 -3.017731
v -0.808711 2.154812 -3.049753
v -0.866271 2.154812 -3.049753
v -0.866271 2.052444 -2.936162
v -0.808710 2.052444 -2.936162
v -0.808710 2.052444 -2.936162
v -0.808711 2.154812 -3.049753
v -0.866271 2.052444 -2.936162
v -0.866271 2.154812 -3.049753
v -0.865096 2.079904 -2.970973
v -0.864807 2.070794 -2.986624
v -0.809749 2.058665 -2.975615
v -0.810204 2.065809 -2.958649
v -0.873105 2.330454 -3.262286
v -0.873391 2.311503 -3.125529
v -0.812692 2.303115 -3.134001
v -0.812693 2.327666 -3.263905
v -0.873069 2.318160 -3.272955
v -0.812693 2.316303 -3.273637
v -0.873049 2.296267 -3.151110
v -0.873069 2.318160 -3.272955
v -0.812693 2.316303 -3.273637
v -0.812692 2.295783 -3.151184
v -0.530811 2.304276 -3.124417
v -0.530811 2.297177 -3.141411
v -0.530812 2.310449 -3.273158
v -0.530811 2.321708 -3.263363
v -1.118064 2.310532 -3.273636
v -1.118064 2.298513 -3.150726
v -1.118065 2.305515 -3.133821
v -1.118065 2.321801 -3.263905
v -0.810878 2.197963 -3.094609
v -0.871663 2.209593 -3.096446
v -0.869406 2.127955 -3.015316
v -0.809061 2.110582 -3.001528
v -0.530811 2.146624 -2.957290
v -0.530811 2.139371 -2.974614
v -0.530811 2.219091 -3.080327
v -0.530812 2.226267 -3.063167
v -0.873390 2.129031 -3.033223
v -0.873411 2.210616 -3.119688
v -0.812693 2.205874 -3.110664
v -0.812693 2.114300 -3.025515
v -1.118065 2.229496 -3.087767
v -1.118064 2.222594 -3.104672
v -1.118064 2.145040 -3.013990
v -1.118064 2.151842 -2.997085
v -0.868655 2.102531 -2.993569
v -0.809210 2.085364 -2.979870
v -0.535593 2.121977 -2.934619
v -0.535593 2.114723 -2.951944
v -0.872253 2.109511 -3.006850
v -0.812883 2.088674 -3.016791
v -1.113284 2.120394 -2.991320
v -1.113282 2.127196 -2.974414
v -0.560343 2.091269 -2.939353
v -0.560344 2.098419 -2.922249
v -0.864807 2.070794 -2.986624
v -0.809749 2.058665 -2.975615
v -1.089026 2.101725 -2.958933
v -1.089042 2.108800 -2.941688
v -1.113284 2.120394 -2.991320
v -1.000682 2.133880 -2.933385
v -0.985870 2.116490 -2.909516
v -1.089026 2.101725 -2.958933
v -1.118064 2.145040 -3.013990
v -1.003018 2.151680 -2.966605
v -1.118064 2.222594 -3.104672
v -1.001815 2.223064 -3.080979
v -1.118064 2.310532 -3.273636
v -1.000680 2.311085 -3.272312
v -1.000614 2.292815 -3.150726
v -1.118064 2.298513 -3.150726
v -1.000801 2.323850 -3.260215
v -1.000680 2.311085 -3.272312
v -1.001749 2.314409 -3.111419
v -1.004088 2.172452 -2.928564
v -1.002919 2.244248 -3.042305
v -1.001218 2.147806 -2.905894
v -0.985990 2.125112 -2.890231
v -0.985870 2.116490 -2.909516
v -0.724470 2.215163 -3.085135
v -0.720814 2.142551 -2.974915
v -0.722073 2.123204 -2.946456
v -0.730854 2.106152 -2.924928
v -0.730854 2.106152 -2.924928
v -0.730894 2.114589 -2.907228
v -0.721604 2.136978 -2.923156
v -0.720077 2.161786 -2.945463
v -0.722563 2.232319 -3.052805
v -0.725049 2.303276 -3.115519
v -0.728097 2.313989 -3.263538
v -0.728127 2.302690 -3.273636
v -0.728127 2.302690 -3.273636
v -0.728129 2.288101 -3.150727
v -0.678501 2.133553 -2.983327
v -0.683584 2.210937 -3.089340
v -0.620763 2.209297 -3.095424
v -0.617905 2.124478 -2.995496
v -0.678289 2.113123 -2.948184
v -0.619526 2.102764 -2.964500
v -0.688763 2.099851 -2.915307
v -0.633185 2.091821 -2.924600
v -0.688169 2.107801 -2.896091
v -0.688763 2.099851 -2.915307
v -0.633185 2.091821 -2.924600
v -0.633104 2.099166 -2.907434
v -0.675282 2.124607 -2.916622
v -0.618838 2.111879 -2.942103
v -0.673068 2.148709 -2.940305
v -0.616168 2.135434 -2.967327
v -0.619590 2.218291 -3.072279
v -0.678198 2.224107 -3.050713
v -0.687938 2.313913 -3.262305
v -0.683328 2.299249 -3.116491
v -0.623011 2.297412 -3.132605
v -0.623623 2.318239 -3.263905
v -0.688445 2.302690 -3.273198
v -0.623622 2.307025 -3.273637
v -0.688665 2.288100 -3.150727
v -0.688445 2.302690 -3.273198
v -0.623622 2.307025 -3.273637
v -0.623623 2.290443 -3.150727
v -0.530811 2.219091 -3.080327
v -0.530811 2.139371 -2.974614
v -0.535593 2.114723 -2.951944
v -0.560343 2.091269 -2.939353
v -0.530812 2.310449 -3.273158
v -0.530811 2.297177 -3.141411
v -0.896739 2.098363 -2.961646
v -0.907194 2.124348 -2.973938
v -0.908763 2.142494 -2.997990
v -0.909145 2.213614 -3.096690
v -0.908533 2.295624 -3.150995
v -0.908566 2.315812 -3.272179
v -0.908566 2.315812 -3.272179
v -0.908628 2.328474 -3.260916
v -0.909113 2.314454 -3.120403
v -0.907235 2.230587 -3.073404
v -0.904916 2.160970 -2.982682
v -0.903516 2.135508 -2.961286
v -0.896713 2.109730 -2.943245
v -0.896739 2.098363 -2.961646
v -0.947322 2.502380 -3.117819
v -0.949559 2.489334 -3.140237
v -0.948811 2.524553 -3.252441
v -0.946445 2.543684 -3.249406
v -0.920289 2.409935 -3.179204
v -0.946379 2.475599 -3.130699
v -0.944160 2.487775 -3.105510
v -0.913562 2.410769 -3.162394
v -0.910179 2.452222 -3.319156
v -0.917054 2.444357 -3.313566
v -0.917822 2.408128 -3.198147
v -0.911080 2.409734 -3.183798
v -0.945431 2.520326 -3.273193
v -0.919341 2.454662 -3.321697
v -0.912450 2.463222 -3.329503
v -0.943049 2.540229 -3.272619
v -0.952809 2.502753 -3.098930
v -0.951725 2.553901 -3.261878
v -0.949679 2.486742 -3.082137
v -0.911788 2.391381 -3.152579
v -0.908165 2.444210 -3.345584
v -0.910179 2.452222 -3.319156
v -0.911080 2.409734 -3.183798
v -0.909280 2.391597 -3.177965
v -0.910411 2.456336 -3.359516
v -0.948302 2.551696 -3.289074
v -0.958440 2.489937 -3.109674
v -0.952809 2.502753 -3.098930
v -0.951725 2.553901 -3.261878
v -0.957357 2.541085 -3.272622
v -0.911788 2.391381 -3.152579
v -0.949679 2.486742 -3.082137
v -0.955310 2.473925 -3.092881
v -0.917419 2.378565 -3.163322
v -0.913795 2.431394 -3.356328
v -0.914910 2.378781 -3.188709
v -0.916041 2.443519 -3.370259
v -0.953932 2.538880 -3.299818
v -0.956431 2.481644 -3.135203
v -0.955554 2.522947 -3.266789
v -0.953269 2.467039 -3.122893
v -0.922672 2.390031 -3.179777
v -0.919290 2.431485 -3.336540
v -0.913795 2.431394 -3.356328
v -0.914910 2.378781 -3.188709
v -0.920190 2.388998 -3.201181
v -0.953932 2.538880 -3.299818
v -0.916041 2.443519 -3.370259
v -0.921561 2.442485 -3.346886
v -0.952158 2.519492 -3.290002
v -0.956431 2.481644 -3.135203
v -0.955554 2.522947 -3.266789
v -0.946379 2.475599 -3.130699
v -0.920289 2.409935 -3.179204
v -0.919341 2.454662 -3.321697
v -0.945431 2.520326 -3.273193
v -0.948302 2.551696 -3.289074
v -0.948811 2.524553 -3.252441
v -0.953269 2.467039 -3.122893
v -0.913562 2.410769 -3.162394
v -0.917419 2.378565 -3.163322
v -0.917054 2.444357 -3.313566
v -0.959824 2.499834 -3.110135
v -0.951977 2.468611 -3.133444
v -0.942020 2.483235 -3.122527
v -0.949865 2.514457 -3.099219
v -0.959824 2.542297 -3.252566
v -0.949865 2.556920 -3.241649
v -0.951979 2.511074 -3.275874
v -0.942020 2.525698 -3.264957
v -0.951977 2.468611 -3.133444
v -0.942020 2.483235 -3.122527
v -0.736785 2.466243 -3.135212
v -0.736786 2.508707 -3.277642
v -0.733199 2.526023 -3.264714
v -0.733199 2.483560 -3.122284
v -0.960089 2.509208 -3.277268
v -0.960088 2.466746 -3.134836
v -0.964247 2.483296 -3.122482
v -0.964247 2.525759 -3.264912
v -0.964247 2.525759 -3.264912
v -0.964247 2.483296 -3.122482
v -0.960088 2.466746 -3.134836
v -0.933889 2.505221 -3.106114
v -0.938046 2.521771 -3.093759
v -0.938046 2.564234 -3.236189
v -0.933888 2.547683 -3.248544
v -0.933889 2.505221 -3.106114
v -0.753177 2.517561 -3.096902
v -0.760017 2.484524 -3.121565
v -0.747584 2.469480 -3.132795
v -0.740746 2.502518 -3.108132
v -0.753177 2.560024 -3.239332
v -0.740746 2.544981 -3.250562
v -0.760016 2.526986 -3.263996
v -0.747584 2.511943 -3.275226
v -0.760017 2.484524 -3.121565
v -0.747584 2.469480 -3.132795
v -0.736785 2.466243 -3.135212
v -0.733199 2.483560 -3.122284
v -0.733199 2.526023 -3.264714
v -0.767377 2.503260 -3.107578
v -0.767378 2.545723 -3.250008
v -0.763794 2.563040 -3.237081
v -0.763794 2.520577 -3.094651
v -0.767377 2.503260 -3.107578
v -0.900471 2.560443 -3.064890
v -0.900472 2.602906 -3.207320
v -0.847308 2.627730 -3.188788
v -0.847308 2.585266 -3.046358
v -0.900474 2.622270 -3.192865
v -0.847307 2.647093 -3.174333
v -0.900474 2.579807 -3.050434
v -0.847307 2.604630 -3.031902
v -0.900471 2.560443 -3.064890
v -0.847308 2.585266 -3.046358
v -0.795186 2.560443 -3.064889
v -0.795187 2.579807 -3.050434
v -0.795186 2.622270 -3.192865
v -0.795187 2.602906 -3.207320
v -0.795186 2.560443 -3.064889
v -0.746090 2.504860 -3.115969
v -0.748423 2.491891 -3.138328
v -0.747667 2.527085 -3.250551
v -0.745206 2.546133 -3.247577
v -0.719591 2.411500 -3.178035
v -0.745297 2.478048 -3.128870
v -0.742982 2.490148 -3.103740
v -0.712837 2.412104 -3.161397
v -0.709479 2.453443 -3.318245
v -0.716384 2.445812 -3.312479
v -0.717162 2.409610 -3.197041
v -0.710389 2.410985 -3.182864
v -0.744337 2.522743 -3.271388
v -0.718632 2.456195 -3.320553
v -0.711711 2.464519 -3.328535
v -0.741858 2.542563 -3.270876
v -0.751552 2.505419 -3.096939
v -0.750453 2.556530 -3.259915
v -0.748472 2.489301 -3.080225
v -0.711140 2.392656 -3.151626
v -0.707540 2.445363 -3.344724
v -0.709479 2.453443 -3.318245
v -0.710389 2.410985 -3.182864
v -0.708668 2.392787 -3.177077
v -0.709749 2.457564 -3.358598
v -0.747080 2.554209 -3.287198
v -0.757256 2.492797 -3.107539
v -0.751552 2.505419 -3.096939
v -0.750453 2.556530 -3.259915
v -0.756161 2.543907 -3.270515
v -0.711140 2.392656 -3.151626
v -0.748472 2.489301 -3.080225
v -0.754178 2.476679 -3.090825
v -0.716848 2.380034 -3.162225
v -0.713246 2.432740 -3.355323
v -0.714374 2.380165 -3.187675
v -0.715455 2.444941 -3.369198
v -0.752787 2.541587 -3.297797
v -0.755323 2.484436 -3.133118
v -0.754438 2.525709 -3.264727
v -0.752216 2.469724 -3.120888
v -0.722070 2.391680 -3.178547
v -0.718712 2.433018 -3.335395
v -0.713246 2.432740 -3.355323
v -0.714374 2.380165 -3.187675
v -0.719623 2.390562 -3.200014
v -0.752787 2.541587 -3.297797
v -0.715455 2.444941 -3.369198
v -0.720945 2.444096 -3.345685
v -0.751091 2.522139 -3.288026
v -0.755323 2.484436 -3.133118
v -0.754438 2.525709 -3.264727
v -0.745297 2.478048 -3.128870
v -0.719591 2.411500 -3.178035
v -0.718632 2.456195 -3.320553
v -0.744337 2.522743 -3.271388
v -0.747080 2.554209 -3.287198
v -0.747667 2.527085 -3.250551
v -0.752216 2.469724 -3.120888
v -0.717162 2.409610 -3.197041
v -0.716848 2.380034 -3.162225
v -0.716384 2.445812 -3.312479
v -0.825510 2.434648 -3.282676
v -0.825510 2.416534 -3.305162
v -1.001792 2.421762 -3.297783
v -1.001792 2.439876 -3.275297
v -0.825511 2.394129 -3.296772
v -1.001791 2.399357 -3.289394
v -0.825510 2.384306 -3.263822
v -1.001792 2.389534 -3.256444
v -0.825510 2.394461 -3.231125
v -1.001792 2.399689 -3.223746
v -0.825510 2.394461 -3.231125
v -0.825511 2.416947 -3.223302
v -1.001792 2.422175 -3.215924
v -1.001792 2.399689 -3.223746
v -0.825510 2.434832 -3.246244
v -1.001792 2.440060 -3.238866
v -0.825510 2.434648 -3.282676
v -1.001792 2.439876 -3.275297
v -0.647975 2.440511 -3.274295
v -0.647975 2.422397 -3.296782
v -0.825510 2.416534 -3.305162
v -0.647975 2.399993 -3.288392
v -0.825511 2.394129 -3.296772
v -0.647977 2.390170 -3.255441
v -0.825510 2.384306 -3.263822
v -0.647976 2.400324 -3.222745
v -0.647976 2.400324 -3.222745
v -0.647975 2.422811 -3.214922
v -0.825511 2.416947 -3.223302
v -0.647976 2.440696 -3.237864
v -0.825510 2.434832 -3.246244
v -0.647975 2.440511 -3.274295
v -1.126173 2.449274 -3.265281
v -1.126172 2.449458 -3.228850
v -1.126173 2.431573 -3.205907
v -1.126173 2.409087 -3.213730
v -1.001792 2.421762 -3.297783
v -1.126173 2.431160 -3.287768
v -0.524847 2.449274 -3.265281
v -0.524847 2.431160 -3.287768
v -0.647975 2.422397 -3.296782
v -0.524849 2.409087 -3.213730
v -0.524847 2.431573 -3.205907
v -0.524849 2.449458 -3.228850
v -0.455138 1.637864 -4.321798
v -1.134167 0.010602 -3.955574
v 0.471357 0.010602 -3.966260
v -0.543962 2.230411 -4.140776
v 0.073491 4.109659 -3.087088
v 0.103341 4.101484 -3.061468
v 0.085314 4.067836 -3.014616
v -0.478933 2.217564 -1.937352
v -0.486328 2.210940 -1.933126
v -0.482799 2.222197 -1.909333
v -0.490194 2.215573 -1.905108
v -0.486665 2.226830 -1.881315
v -0.479270 2.233454 -1.885540
v -0.475404 2.228821 -1.913559
v -0.480484 2.176556 -1.973045
v -0.487879 2.169932 -1.968819
v -0.484351 2.181189 -1.945026
v -0.491746 2.174565 -1.940800
v -0.488217 2.185822 -1.917007
v -0.480822 2.192446 -1.921232
v -0.476955 2.187813 -1.949251
v 0.040030 2.382433 -1.682857
v 0.045441 2.378486 -1.666247
v 0.042887 2.362865 -1.685902
v 0.036770 2.371645 -1.701759
v 0.038116 2.354247 -1.708720
v 0.043055 2.343339 -1.698499
v 0.047867 2.347135 -1.678792
v 0.048929 2.362777 -1.664438
v -0.032538 2.234961 -1.271166
v -0.035301 2.244869 -1.269959
v -0.032870 2.225236 -1.283213
v -0.147165 5.194810 -1.299010
v -0.143603 5.195870 -1.290569
v -0.141891 5.189729 -1.319396
v -0.149115 5.191176 -1.313151
v -0.147165 5.194810 -1.299010
v -0.141891 5.189729 -1.319396
v -0.148834 5.186122 -1.328504
v -0.146411 5.181252 -1.340193
v -0.148834 5.186122 -1.328504
v -0.142614 5.178115 -1.344508
v -0.138651 5.177703 -1.340078
v -0.135778 5.180148 -1.328310
v -0.134909 5.184677 -1.312940
v -0.136318 5.189847 -1.298849
v -0.139559 5.194020 -1.290509
v -0.149700 5.101614 -1.214842
v -0.153263 5.100553 -1.223283
v -0.148380 5.089423 -1.238809
v -0.155213 5.096919 -1.237425
v -0.154931 5.091866 -1.252777
v -0.152508 5.086997 -1.264467
v -0.148712 5.083858 -1.268781
v -0.144748 5.083446 -1.264351
v -0.141875 5.085893 -1.252583
v -0.141875 5.085893 -1.252583
v -0.141006 5.090419 -1.237214
v -0.148380 5.089423 -1.238809
v -0.142415 5.095590 -1.223122
v -0.142415 5.095590 -1.223122
v -0.145657 5.099763 -1.214782
v 0.419463 1.556995 -1.885631
v 0.423051 1.580287 -1.900620
v 0.450718 1.584808 -1.729047
v 0.472326 1.544543 -1.424378
v 0.469243 1.459214 -1.417203
v 0.474795 1.582679 -1.460812
v 0.371072 1.615456 -1.333571
v 0.372710 1.495356 -1.243110
v 0.379731 1.580944 -1.253404
v 0.566933 1.667143 -0.212673
v 0.550530 1.683238 -0.137291
v 0.527325 1.670101 -0.142030
v -0.006238 2.774932 -2.535353
v -0.012667 2.774713 -2.522689
v -0.006576 2.752332 -2.539012
v -0.013297 2.774505 -2.535437
v -0.007324 2.774682 -2.546202
v -0.001178 2.774982 -2.558591
v 0.000456 2.775279 -2.547778
v -0.001178 2.774982 -2.558591
v -0.035175 3.535410 -3.562476
v -0.024949 3.546729 -3.566884
v -0.033172 3.546876 -3.563881
v -0.032912 3.546088 -3.580038
v -0.025240 3.545952 -3.582872
v -0.034915 3.534624 -3.578639
v -0.038927 2.170487 -2.737167
v -0.035105 2.171344 -2.739694
v -0.037399 2.167989 -2.721136
v -0.061506 2.378553 -2.297881
v -0.068222 2.388033 -2.333557
v -0.055924 2.383064 -2.306004
v -0.068677 2.522928 -2.614097
v -0.069042 2.504426 -2.553911
v -0.082825 2.539881 -2.560982
v 0.093056 4.289384 -2.667929
v 0.090359 4.243507 -2.627012
v 0.078779 4.286607 -2.650100
v 0.039535 2.339899 -2.380637
v 0.037451 2.333625 -2.368880
v 0.035852 2.342385 -2.384018
v 0.050960 2.532666 -1.691657
v 0.044514 2.540054 -1.700679
v 0.056442 2.540215 -1.729922
v 0.066490 2.647039 -2.025126
v 0.074790 2.658679 -1.984583
v 0.060617 2.624457 -1.981446
v -0.091922 4.297209 -2.677648
v -0.077763 4.293409 -2.658187
v -0.089112 4.251239 -2.636242
v -0.201178 4.664592 -1.195047
v -0.209226 4.644541 -1.187507
v -0.206931 4.639480 -1.184748
v -0.606282 1.680065 -1.154843
v -0.600370 1.736286 -1.095126
v -0.591602 1.744154 -1.153251
v -0.633784 1.685663 -0.960241
v -0.624291 1.735766 -0.904722
v -0.612970 1.726053 -0.983390
v -0.546429 1.760357 -0.784454
v -0.557203 1.770515 -0.722067
v -0.529551 1.751264 -0.691502
v -0.529727 1.780225 -0.892411
v -0.502927 1.745844 -0.877001
v -0.520831 1.786176 -0.949460
v -0.453457 1.509466 -1.955045
v -0.490367 1.543431 -1.824703
v -0.457094 1.528875 -1.975895
v -0.525077 1.530310 -1.534322
v -0.525397 1.565287 -1.577261
v -0.522066 1.448966 -1.510666
v -0.432951 1.599163 -1.394035
v -0.445046 1.569309 -1.314857
v -0.440257 1.490599 -1.288405
v -0.666721 1.743079 -0.440547
v -0.630418 1.747541 -0.343334
v -0.653193 1.763055 -0.357649
v 0.528328 1.714316 -0.902154
v 0.536430 1.661191 -0.967921
v 0.523634 1.727320 -0.965985
v 0.423015 1.723884 -0.754293
v 0.450661 1.754839 -0.744315
v 0.443455 1.768096 -0.804836
v 0.543740 1.697631 -0.698326
v 0.554798 1.650410 -0.755392
v 0.535729 1.694980 -0.785214
v 0.462537 1.724896 -0.630488
v 0.442051 1.712004 -0.552923
v 0.470762 1.729182 -0.559990
v -0.140931 5.159015 -1.166162
v -0.147021 5.142911 -1.166495
v -0.144743 5.134406 -1.152875
v -0.137611 5.182223 -1.179852
v -0.141167 5.183421 -1.187436
v -0.168271 5.154261 -1.295541
v -0.164291 5.180316 -1.296957
v -0.165701 5.179035 -1.311274
v -0.170380 5.132653 -1.267276
v -0.168160 5.141093 -1.261779
v 0.147098 5.194902 -1.298823
v 0.141826 5.189818 -1.319215
v 0.143535 5.195961 -1.290386
v 0.149050 5.191270 -1.312962
v 0.141826 5.189818 -1.319215
v 0.147098 5.194902 -1.298823
v 0.148770 5.186216 -1.328315
v 0.146348 5.181345 -1.340007
v 0.148770 5.186216 -1.328315
v 0.142552 5.178205 -1.344327
v 0.138588 5.177791 -1.339902
v 0.135715 5.180234 -1.328138
v 0.134843 5.184761 -1.312769
v 0.136251 5.189933 -1.298675
v 0.139491 5.194108 -1.290332
v 0.149635 5.101707 -1.214652
v 0.148318 5.089515 -1.238620
v 0.153198 5.100651 -1.223088
v 0.155149 5.097017 -1.237227
v 0.154870 5.091964 -1.252581
v 0.152448 5.087093 -1.264273
v 0.148652 5.083951 -1.268592
v 0.144688 5.083537 -1.264168
v 0.141815 5.085981 -1.252403
v 0.141815 5.085981 -1.252403
v 0.148318 5.089515 -1.238620
v 0.140943 5.090508 -1.237035
v 0.142351 5.095680 -1.222941
v 0.142351 5.095680 -1.222941
v 0.145591 5.099854 -1.214597
v 0.201152 4.664720 -1.194791
v 0.206906 4.639610 -1.184485
v 0.209201 4.644672 -1.187241
v 0.140661 5.159137 -1.166534
v 0.144362 5.135533 -1.152737
v 0.146689 5.143972 -1.166542
v 0.140217 5.183000 -1.190194
v 0.136793 5.182029 -1.182211
v 0.168097 5.154083 -1.295579
v 0.165318 5.177803 -1.311881
v 0.163782 5.178962 -1.297940
v 0.168020 5.140371 -1.260681
v 0.170219 5.131936 -1.266015
v 0.066294 4.137186 -3.480211
v 0.087372 4.145301 -3.496308
v 0.094031 4.152997 -3.315797
v 0.072652 4.150904 -3.296197
v 0.107155 4.164813 -3.515046
v 0.113103 4.178230 -3.334311
v 0.125750 4.199709 -3.533571
v 0.127459 4.207960 -3.538908
v 0.132902 4.224895 -3.359262
v 0.131192 4.216645 -3.353925
v 0.087726 4.155534 -3.499176
v 0.063089 4.143937 -3.480806
v 0.068531 4.151581 -3.292589
v 0.093168 4.163997 -3.319529
v 0.089370 4.143303 -3.157322
v 0.068453 4.124985 -3.131593
v 0.108982 4.170088 -3.187056
v 0.132080 4.242764 -3.268931
v 0.130337 4.232934 -3.266488
v 0.067076 4.131786 -3.121367
v 0.091387 4.158228 -3.188178
v 0.126033 4.124206 -3.079380
v 0.151671 4.185315 -3.112243
v 0.149928 4.176462 -3.111438
v 0.076115 4.130114 -2.970000
v 0.104858 4.144177 -3.058865
v 0.128281 4.226502 -3.353505
v 0.122839 4.209566 -3.533151
v 0.105877 4.174858 -3.516270
v 0.111319 4.188199 -3.336623
v 0.128296 4.236671 -3.254645
v 0.108579 4.181321 -3.210431
v 0.147887 4.180087 -3.099404
v 0.126150 4.139745 -3.074392
v -0.493463 2.128976 -2.023922
v -0.493071 2.163619 -1.944737
v -0.481230 2.181280 -1.940014
v -0.481198 2.144045 -2.022902
v -0.469635 2.019045 -2.094654
v -0.471949 2.064863 -2.124002
v -0.456962 2.059271 -2.132021
v -0.456833 2.013453 -2.102674
v -0.463657 2.107507 -1.749837
v -0.463227 2.158157 -1.791902
v -0.470501 2.152196 -1.784627
v -0.470474 2.110758 -1.740139
v -0.470501 2.152196 -1.784627
v -0.481926 2.147109 -1.795481
v -0.481880 2.103363 -1.759902
v -0.470474 2.110758 -1.740139
v -0.465826 2.190281 -1.949182
v -0.463831 2.158816 -2.019118
v -0.447575 2.112798 -2.145252
v -0.459984 2.087236 -2.160591
v -0.472430 2.082405 -2.144936
v -0.442938 2.070022 -2.103414
v -0.442809 2.024204 -2.074066
v -0.460413 2.115274 -1.947588
v -0.461583 2.064684 -1.898676
v -0.462661 2.136557 -1.871465
v -0.463443 2.086096 -1.824256
v -0.487175 2.082194 -1.849580
v -0.490130 2.132318 -1.892292
v -0.491673 2.111150 -1.981970
v -0.486533 2.061025 -1.939257
v -0.463831 2.158816 -2.019118
v -0.465826 2.190281 -1.949182
v -0.467575 2.224371 -1.866897
v -0.475982 2.221140 -1.844777
v -0.475982 2.221140 -1.844777
v -0.487400 2.200888 -1.853203
v -0.467575 2.224371 -1.866897
v -0.467115 2.139013 -1.875652
v -0.474510 2.132388 -1.871427
v -0.486328 2.210940 -1.933126
v -0.478933 2.217564 -1.937352
v -0.474510 2.132388 -1.871427
v -0.478377 2.137021 -1.843408
v -0.490194 2.215573 -1.905108
v -0.486328 2.210940 -1.933126
v -0.474848 2.148278 -1.819615
v -0.486665 2.226830 -1.881315
v -0.467453 2.154902 -1.823841
v -0.479270 2.233454 -1.885540
v -0.467453 2.154902 -1.823841
v -0.463586 2.150269 -1.851859
v -0.475404 2.228821 -1.913559
v -0.479270 2.233454 -1.885540
v -0.463586 2.150269 -1.851859
v -0.475404 2.228821 -1.913559
v -0.468667 2.098004 -1.911345
v -0.476062 2.091380 -1.907120
v -0.487879 2.169932 -1.968819
v -0.480484 2.176556 -1.973045
v -0.476062 2.091380 -1.907120
v -0.479928 2.096013 -1.879101
v -0.491746 2.174565 -1.940800
v -0.487879 2.169932 -1.968819
v -0.476400 2.107270 -1.855307
v -0.488217 2.185822 -1.917007
v -0.469004 2.113894 -1.859533
v -0.480822 2.192446 -1.921232
v -0.469004 2.113894 -1.859533
v -0.465138 2.109261 -1.887552
v -0.476955 2.187813 -1.949251
v -0.480822 2.192446 -1.921232
v -0.465138 2.109261 -1.887552
v -0.476955 2.187813 -1.949251
v 0.006306 2.325436 -1.469674
v 0.000895 2.329383 -1.486283
v -0.017214 2.287590 -1.395145
v -0.011862 2.283328 -1.378388
v 0.000895 2.329383 -1.486283
v -0.002365 2.318595 -1.505186
v -0.020746 2.276750 -1.413072
v -0.017214 2.287590 -1.395145
v -0.001019 2.301198 -1.512147
v -0.019798 2.258972 -1.418669
v 0.003920 2.290290 -1.501925
v -0.015084 2.247643 -1.407723
v 0.008732 2.294086 -1.482218
v -0.010154 2.251293 -1.388474
v 0.009794 2.309727 -1.467865
v -0.008720 2.267175 -1.375419
v 0.040030 2.382433 -1.682857
v 0.036770 2.371645 -1.701759
v 0.038116 2.354247 -1.708720
v 0.043055 2.343339 -1.698499
v 0.047867 2.347135 -1.678792
v 0.048929 2.362777 -1.664438
v -0.031868 2.255430 -1.277336
v -0.027877 2.240633 -1.278645
v -0.028463 2.226108 -1.295977
v -0.033184 2.222792 -1.316281
v -0.038485 2.233183 -1.324268
v -0.040375 2.249455 -1.313923
v -0.037430 2.259356 -1.293036
v -0.037430 2.259356 -1.293036
v -0.032538 2.234961 -1.271166
v -0.032870 2.225236 -1.283213
v -0.036048 2.223018 -1.297029
v -0.039679 2.229977 -1.302210
v -0.041028 2.240872 -1.294854
v -0.039079 2.247500 -1.280501
v -0.036048 2.223018 -1.297029
v -0.039286 2.246797 -1.282024
v -0.041028 2.240872 -1.294854
v -0.039679 2.229977 -1.302210
v -0.143603 5.195870 -1.290569
v -0.152195 5.193230 -1.276223
v -0.145499 5.195221 -1.260359
v -0.155860 5.186400 -1.302800
v -0.155331 5.176902 -1.331654
v -0.146411 5.181252 -1.340193
v -0.150776 5.167752 -1.353623
v -0.142614 5.178115 -1.344508
v -0.143641 5.161853 -1.361731
v -0.136192 5.161078 -1.353406
v -0.143641 5.161853 -1.361731
v -0.130794 5.165675 -1.331289
v -0.129159 5.174185 -1.302404
v -0.131809 5.183903 -1.275920
v -0.137900 5.191745 -1.260246
v -0.145499 5.195221 -1.260359
v -0.156372 5.185178 -1.253783
v -0.147352 5.187861 -1.232410
v -0.161310 5.175976 -1.289591
v -0.160597 5.163179 -1.328465
v -0.154461 5.150850 -1.358064
v -0.144849 5.142903 -1.368989
v -0.134813 5.141860 -1.357772
v -0.144849 5.142903 -1.368989
v -0.127539 5.148055 -1.327974
v -0.125337 5.159518 -1.289057
v -0.128906 5.172611 -1.253375
v -0.137113 5.183177 -1.232258
v -0.147352 5.187861 -1.232410
v -0.159195 5.171624 -1.234397
v -0.148937 5.174678 -1.210093
v -0.164810 5.161162 -1.275116
v -0.163999 5.146610 -1.319323
v -0.157021 5.132589 -1.352981
v -0.146091 5.123552 -1.365404
v -0.134678 5.122367 -1.352649
v -0.146091 5.123552 -1.365404
v -0.126407 5.129409 -1.318765
v -0.123903 5.142445 -1.274509
v -0.127962 5.157335 -1.233933
v -0.137294 5.169351 -1.209920
v -0.148937 5.174678 -1.210093
v -0.160321 5.154207 -1.220403
v -0.150064 5.157260 -1.196099
v -0.165936 5.143744 -1.261123
v -0.165126 5.129192 -1.305329
v -0.158148 5.115172 -1.338987
v -0.147217 5.106134 -1.351411
v -0.135805 5.104949 -1.338655
v -0.147217 5.106134 -1.351411
v -0.127533 5.111993 -1.304771
v -0.125030 5.125028 -1.260515
v -0.129088 5.139918 -1.219940
v -0.138421 5.151933 -1.195926
v -0.150064 5.157260 -1.196099
v -0.159617 5.135025 -1.213490
v -0.150596 5.137709 -1.192117
v -0.164554 5.125823 -1.249297
v -0.163842 5.113027 -1.288172
v -0.157705 5.100698 -1.317770
v -0.148093 5.092751 -1.328695
v -0.138057 5.091708 -1.317478
v -0.148093 5.092751 -1.328695
v -0.130783 5.097901 -1.287681
v -0.128581 5.109365 -1.248763
v -0.132150 5.122458 -1.213082
v -0.140357 5.133025 -1.191965
v -0.150596 5.137709 -1.192117
v -0.157165 5.116391 -1.214490
v -0.150470 5.118383 -1.198626
v -0.160830 5.109561 -1.241067
v -0.160301 5.100063 -1.269921
v -0.155746 5.090911 -1.291889
v -0.148612 5.085013 -1.299999
v -0.141163 5.084239 -1.291673
v -0.148612 5.085013 -1.299999
v -0.135764 5.088837 -1.269557
v -0.134130 5.097345 -1.240671
v -0.136779 5.107064 -1.214187
v -0.142870 5.114907 -1.198513
v -0.140357 5.133025 -1.191965
v -0.142870 5.114907 -1.198513
v -0.141163 5.084239 -1.291673
v -0.144748 5.083446 -1.264351
v -0.145657 5.099763 -1.214782
v 0.552963 1.694466 -0.551405
v 0.566215 1.663598 -0.554480
v 0.570049 1.701328 -0.398562
v 0.559079 1.739299 -0.410967
v 0.567656 1.606846 -0.524324
v 0.572430 1.655529 -0.359447
v 0.554216 1.579233 -0.720179
v 0.532313 1.575581 -0.945897
v 0.555471 1.771060 -0.299493
v 0.564769 1.744412 -0.266908
v 0.564514 1.699891 -0.241566
v 0.546543 1.766635 -0.190422
v 0.548546 1.718052 -0.167679
v 0.538668 1.786315 -0.263668
v 0.548546 1.718052 -0.167679
v 0.546543 1.766635 -0.190422
v 0.517700 1.754365 -0.186969
v 0.519845 1.704534 -0.166607
v 0.538668 1.786315 -0.263668
v 0.517350 1.775800 -0.258351
v 0.489221 1.719895 -0.254970
v 0.491387 1.670734 -0.230559
v 0.495623 1.751290 -0.303451
v 0.461961 1.678830 -0.367685
v 0.460587 1.633076 -0.346288
v 0.471933 1.719401 -0.394384
v 0.530734 1.715656 -0.529024
v 0.520686 1.721999 -0.657290
v 0.540403 1.752976 -0.418982
v 0.545464 1.774888 -0.342626
v 0.532875 1.782561 -0.320629
v 0.518254 1.775308 -0.302764
v 0.532875 1.782561 -0.320629
v 0.496614 1.738188 -0.612608
v 0.508494 1.731419 -0.495699
v 0.523379 1.765596 -0.392075
v 0.508494 1.731419 -0.495699
v 0.487102 1.725653 -0.443286
v 0.507219 1.761384 -0.349182
v 0.523379 1.765596 -0.392075
v 0.496614 1.738188 -0.612608
v 0.433902 1.670053 -0.531565
v 0.429589 1.605078 -0.508629
v 0.511639 1.710196 -0.747972
v 0.506210 1.757553 -0.834875
v 0.480630 1.771010 -0.780841
v 0.487591 1.726106 -0.696325
v 0.487591 1.726106 -0.696325
v 0.480630 1.771010 -0.780841
v 0.410578 1.668601 -0.731100
v 0.408419 1.595750 -0.717055
v 0.471526 1.784723 -0.860063
v 0.448856 1.871736 -1.088211
v 0.418186 1.845301 -1.042897
v 0.428685 1.951192 -1.320992
v 0.405211 1.915484 -1.222958
v 0.387921 1.876877 -1.325613
v 0.389698 1.819916 -1.253108
v 0.369831 1.829061 -1.436912
v 0.367390 1.781196 -1.421090
v 0.344038 1.786047 -1.600102
v 0.343653 1.751596 -1.581703
v 0.343520 1.785350 -1.777776
v 0.338868 1.731764 -1.762276
v 0.357320 1.783151 -1.907699
v 0.351830 1.713998 -1.921087
v 0.387945 1.781302 -1.962046
v 0.390663 1.713095 -1.967931
v 0.424404 1.763655 -1.887735
v 0.425886 1.707630 -1.887236
v 0.452767 1.744542 -1.741288
v 0.455659 1.708040 -1.744788
v 0.472708 1.776307 -1.555552
v 0.476982 1.728819 -1.564079
v 0.470289 1.841971 -1.460587
v 0.484676 1.767245 -1.395600
v 0.469481 1.889699 -1.343819
v 0.496144 1.806757 -1.204961
v 0.448856 1.871736 -1.088211
v 0.477250 1.852038 -1.132873
v 0.450888 1.936343 -1.343989
v 0.428685 1.951192 -1.320992
v 0.471526 1.784723 -0.860063
v 0.498877 1.771315 -0.911473
v 0.510492 1.683030 -1.188280
v 0.503818 1.580848 -1.174587
v 0.489468 1.683336 -1.370168
v 0.478227 1.669075 -1.549086
v 0.485605 1.613164 -1.340745
v 0.473230 1.614308 -1.516201
v 0.405323 1.754573 -0.986911
v 0.389286 1.753336 -1.197917
v 0.398711 1.672243 -0.965327
v 0.389320 1.693665 -1.176533
v 0.365529 1.734915 -1.398761
v 0.340167 1.702926 -1.568120
v 0.333314 1.664831 -1.763060
v 0.363043 1.684381 -1.373328
v 0.337861 1.650884 -1.560274
v 0.334490 1.615779 -1.758450
v 0.347381 1.647395 -1.922688
v 0.351737 1.595024 -1.891691
v 0.390892 1.644035 -1.970916
v 0.388201 1.589782 -1.936346
v 0.458604 1.645143 -1.742962
v 0.426926 1.636496 -1.905043
v 0.395575 1.594531 -0.957103
v 0.392666 1.643269 -1.171818
v 0.367999 1.646991 -1.369476
v 0.341456 1.618543 -1.556811
v 0.338879 1.585630 -1.755545
v 0.355654 1.568082 -1.863745
v 0.386231 1.560870 -1.908789
v 0.569077 1.638739 -0.355512
v 0.564540 1.585918 -0.518559
v 0.550366 1.557814 -0.713381
v 0.527716 1.543824 -0.930357
v 0.560736 1.686196 -0.242851
v 0.546438 1.702531 -0.182504
v 0.521353 1.688676 -0.174663
v 0.546438 1.702531 -0.182504
v 0.491960 1.651307 -0.238044
v 0.433377 1.579219 -0.526064
v 0.460676 1.610200 -0.350135
v 0.413948 1.568618 -0.721052
v 0.493899 1.527348 -1.181312
v 0.481664 1.572781 -1.311870
v 0.472431 1.596797 -1.462163
v 0.448302 1.568015 -1.696361
v 0.398876 1.567627 -0.970622
v 0.395129 1.612518 -1.163986
v 0.372747 1.623916 -1.357484
v 0.342001 1.603937 -1.575802
v 0.355323 1.562607 -1.843052
v 0.341029 1.575473 -1.757295
v 0.385577 1.554334 -1.892227
v 0.417913 1.548934 -1.867133
v 0.571367 1.633421 -0.342045
v 0.566903 1.581938 -0.508440
v 0.552570 1.550684 -0.704812
v 0.528766 1.531619 -0.924875
v 0.565470 1.689296 -0.208385
v 0.550721 1.703552 -0.145738
v 0.523373 1.686403 -0.153416
v 0.550721 1.703552 -0.145738
v 0.492851 1.646094 -0.222432
v 0.429682 1.572244 -0.506275
v 0.461044 1.603220 -0.336360
v 0.409455 1.560082 -0.703249
v 0.494573 1.513853 -1.176177
v 0.482024 1.560498 -1.312109
v 0.451908 1.556346 -1.697597
v 0.395952 1.556268 -0.966195
v 0.392391 1.596648 -1.145056
v 0.339308 1.597185 -1.560641
v 0.352592 1.550988 -1.857076
v 0.338575 1.564948 -1.765480
v 0.383628 1.542901 -1.905881
v 0.417034 1.536911 -1.877320
v 0.570727 1.615291 -0.341247
v 0.566494 1.563807 -0.507640
v 0.549862 1.519003 -0.716810
v 0.525940 1.489940 -0.923527
v 0.566933 1.667143 -0.212673
v 0.550530 1.683238 -0.137291
v 0.527325 1.670101 -0.142030
v 0.550530 1.683238 -0.137291
v 0.498351 1.636834 -0.183714
v 0.435835 1.561074 -0.457669
v 0.467662 1.589284 -0.291988
v 0.411852 1.545597 -0.673001
v 0.494186 1.491010 -1.164246
v 0.480835 1.536142 -1.304830
v 0.444908 1.423197 -1.676233
v 0.395374 1.531743 -0.953361
v 0.391421 1.570693 -1.126919
v 0.339135 1.464442 -1.487869
v 0.348294 1.411053 -1.814862
v 0.336256 1.430617 -1.706282
v 0.379043 1.398764 -1.869100
v 0.412567 1.399714 -1.840240
v 0.570727 1.615291 -0.341247
v 0.498351 1.636834 -0.183714
v 0.467662 1.589284 -0.291988
v 0.566494 1.563807 -0.507640
v 0.339135 1.464442 -1.487869
v 0.336256 1.430617 -1.706282
v 0.412567 1.399714 -1.840240
v 0.444908 1.423197 -1.676233
v 0.379731 1.580944 -1.253404
v 0.372710 1.495356 -1.243110
v 0.469243 1.459214 -1.417203
v 0.472326 1.544543 -1.424378
v 0.423143 1.916562 -1.369122
v 0.402810 1.885243 -1.269939
v 0.388750 1.848033 -1.352868
v 0.373707 1.804960 -1.451869
v 0.350778 1.779077 -1.599336
v 0.350284 1.778148 -1.755693
v 0.353949 1.812408 -1.802446
v 0.359494 1.806234 -1.778358
v 0.367911 1.822994 -1.877851
v 0.363953 1.824277 -1.907866
v 0.387881 1.825433 -1.915681
v 0.386549 1.823831 -1.953600
v 0.412986 1.789418 -1.856121
v 0.414039 1.793956 -1.888984
v 0.422530 1.758535 -1.854459
v 0.445908 1.741341 -1.716961
v 0.463930 1.758851 -1.551236
v 0.462425 1.818002 -1.467506
v 0.461078 1.864249 -1.372022
v 0.443371 1.905033 -1.385915
v 0.423143 1.916562 -1.369122
v 0.397850 1.912767 -1.408659
v 0.416731 1.924733 -1.421515
v 0.411147 1.963940 -1.504874
v 0.394697 1.955129 -1.509406
v 0.384237 1.886056 -1.449733
v 0.379773 1.921690 -1.511889
v 0.371269 1.852553 -1.516892
v 0.366377 1.902701 -1.554286
v 0.359278 1.839058 -1.618983
v 0.371269 1.852553 -1.516892
v 0.366377 1.902701 -1.554286
v 0.362380 1.895864 -1.638304
v 0.361218 1.849789 -1.741770
v 0.368269 1.916961 -1.737605
v 0.370788 1.846035 -1.840898
v 0.377786 1.908202 -1.822237
v 0.391689 1.837693 -1.886337
v 0.394082 1.896441 -1.857999
v 0.417541 1.828099 -1.838565
v 0.413844 1.898896 -1.839582
v 0.437803 1.831382 -1.751401
v 0.429323 1.909307 -1.785478
v 0.437650 1.927623 -1.704737
v 0.446360 1.848536 -1.641508
v 0.433057 1.922286 -1.456303
v 0.442993 1.906245 -1.502502
v 0.432169 1.961758 -1.583446
v 0.424275 1.967649 -1.537135
v 0.447606 1.880212 -1.566178
v 0.436652 1.945703 -1.634025
v 0.411852 1.545597 -0.673001
v 0.395374 1.531743 -0.953361
v 0.494186 1.491010 -1.164246
v 0.525940 1.489940 -0.923527
v 0.391421 1.570693 -1.126919
v 0.480835 1.536142 -1.304830
v 0.435835 1.561074 -0.457669
v 0.549862 1.519003 -0.716810
v 0.348294 1.411053 -1.814862
v 0.379043 1.398764 -1.869100
v 0.394625 1.966787 -1.505266
v 0.411487 1.976520 -1.502007
v 0.410170 1.989080 -1.528202
v 0.395282 1.979944 -1.530482
v 0.383900 1.977814 -1.545427
v 0.382520 1.967162 -1.524039
v 0.374885 1.949594 -1.543923
v 0.363509 1.943516 -1.579840
v 0.363509 1.943516 -1.579840
v 0.362382 1.934719 -1.644394
v 0.365782 1.938489 -1.698018
v 0.376928 1.920092 -1.835016
v 0.367168 1.928362 -1.751900
v 0.370696 1.946899 -1.756154
v 0.379359 1.939347 -1.826318
v 0.393367 1.909196 -1.871548
v 0.393752 1.930029 -1.857808
v 0.414746 1.911635 -1.855324
v 0.413205 1.932263 -1.845471
v 0.431439 1.923347 -1.799317
v 0.428526 1.943855 -1.795810
v 0.425038 1.980915 -1.535704
v 0.435018 1.975322 -1.587819
v 0.432184 1.990175 -1.607946
v 0.422224 1.994116 -1.558630
v 0.439246 1.959813 -1.645822
v 0.435612 1.976812 -1.662393
v 0.396171 2.003323 -1.543840
v 0.409927 2.012416 -1.543177
v 0.408766 2.071995 -1.591628
v 0.397081 2.063090 -1.590166
v 0.387126 2.044259 -1.595722
v 0.383544 1.992765 -1.552748
v 0.364308 1.982265 -1.606389
v 0.372975 1.980882 -1.567772
v 0.378536 2.036412 -1.615194
v 0.372182 2.031616 -1.648683
v 0.364121 1.974988 -1.661826
v 0.364308 1.982265 -1.606389
v 0.372182 2.031616 -1.648683
v 0.370862 2.027732 -1.695046
v 0.372218 1.973538 -1.775471
v 0.367061 1.975541 -1.716650
v 0.372332 2.025412 -1.741725
v 0.376697 2.025530 -1.793537
v 0.380271 1.966471 -1.833518
v 0.383324 2.020437 -1.838619
v 0.393281 1.957789 -1.861303
v 0.394635 2.018014 -1.861505
v 0.413154 1.959947 -1.854580
v 0.409831 2.020148 -1.857573
v 0.428790 1.974185 -1.808543
v 0.422199 2.029610 -1.827167
v 0.438557 1.993197 -1.755005
v 0.433191 2.043912 -1.783704
v 0.435719 2.005833 -1.688213
v 0.431796 2.057100 -1.720424
v 0.421152 2.019749 -1.573592
v 0.433359 2.017372 -1.628123
v 0.428499 2.065758 -1.661679
v 0.419430 2.069722 -1.614063
v 0.423143 1.916562 -1.369122
v 0.402810 1.885243 -1.269939
v 0.443371 1.905033 -1.385915
v 0.461078 1.864249 -1.372022
v 0.462425 1.818002 -1.467506
v 0.463930 1.758851 -1.551236
v 0.445908 1.741341 -1.716961
v 0.422530 1.758535 -1.854459
v 0.390435 1.795261 -1.906521
v 0.363336 1.793851 -1.860577
v 0.350284 1.778148 -1.755693
v 0.350778 1.779077 -1.599336
v 0.373707 1.804960 -1.451869
v 0.388750 1.848033 -1.352868
v 0.373707 1.804960 -1.451869
v 0.437599 1.962283 -1.729786
v 0.440997 1.942575 -1.721098
v 0.395246 2.171974 -1.649068
v 0.407930 2.175553 -1.643726
v 0.408908 2.195016 -1.635508
v 0.395044 2.193234 -1.639201
v 0.383370 2.172606 -1.685874
v 0.381411 2.183806 -1.676761
v 0.374090 2.160795 -1.739382
v 0.370538 2.167719 -1.739068
v 0.370145 2.136036 -1.797119
v 0.374090 2.160795 -1.739382
v 0.370538 2.167719 -1.739068
v 0.365652 2.138977 -1.805820
v 0.372202 2.106625 -1.846450
v 0.367408 2.114634 -1.870941
v 0.379179 2.093596 -1.893813
v 0.375275 2.100060 -1.920316
v 0.390046 2.091483 -1.917852
v 0.388175 2.096060 -1.946781
v 0.402149 2.097803 -1.911396
v 0.401596 2.102448 -1.938932
v 0.415355 2.110842 -1.880438
v 0.416702 2.116942 -1.903320
v 0.424591 2.125876 -1.829049
v 0.426804 2.135651 -1.844410
v 0.427994 2.144157 -1.768453
v 0.431441 2.156537 -1.775899
v 0.418923 2.170074 -1.665143
v 0.425173 2.159114 -1.708355
v 0.428425 2.176085 -1.709391
v 0.421703 2.190102 -1.661738
v 0.396250 2.079226 -1.577679
v 0.409880 2.088744 -1.576799
v 0.409094 2.097886 -1.599612
v 0.396358 2.086884 -1.601614
v 0.421905 2.085669 -1.602298
v 0.419622 2.095466 -1.622431
v 0.431737 2.079374 -1.656142
v 0.427818 2.088564 -1.669635
v 0.435446 2.068189 -1.723546
v 0.431039 2.076855 -1.729180
v 0.436198 2.052746 -1.795831
v 0.430834 2.060827 -1.791344
v 0.423836 2.035599 -1.845376
v 0.420059 2.046169 -1.836472
v 0.409606 2.024009 -1.879529
v 0.407323 2.035357 -1.866324
v 0.392926 2.020016 -1.883326
v 0.393202 2.031520 -1.870076
v 0.380363 2.022853 -1.857207
v 0.382328 2.034204 -1.847145
v 0.372818 2.030351 -1.802959
v 0.375748 2.040939 -1.795294
v 0.368472 2.031162 -1.747034
v 0.372593 2.040299 -1.747920
v 0.372139 2.076457 -1.723597
v 0.374806 2.087499 -1.678616
v 0.374565 2.135324 -1.713050
v 0.371249 2.113642 -1.769347
v 0.374806 2.087499 -1.678616
v 0.381042 2.089996 -1.638165
v 0.383032 2.143248 -1.663978
v 0.374565 2.135324 -1.713050
v 0.387830 2.066134 -1.603642
v 0.385536 2.055960 -1.581717
v 0.387749 2.086843 -1.613339
v 0.393939 2.134315 -1.630156
v 0.383793 1.959898 -1.530620
v 0.372437 1.956182 -1.539067
v 0.374396 1.967159 -1.559347
v 0.361059 1.951797 -1.578592
v 0.364549 1.964515 -1.595826
v 0.360138 1.942606 -1.645165
v 0.361059 1.951797 -1.578592
v 0.364549 1.964515 -1.595826
v 0.363874 1.956744 -1.654790
v 0.363628 1.945408 -1.703225
v 0.366956 1.959410 -1.708292
v 0.373610 2.084019 -1.815536
v 0.372478 2.060223 -1.758913
v 0.371794 2.050672 -1.706365
v 0.367071 2.038754 -1.697375
v 0.368962 2.044848 -1.644786
v 0.373708 2.058995 -1.661395
v 0.368962 2.044848 -1.644786
v 0.375958 2.049242 -1.605135
v 0.379938 2.063064 -1.625222
v 0.373708 2.058995 -1.661395
v 0.048512 4.303897 -2.638959
v 0.075269 4.367566 -2.687443
v 0.066526 4.412768 -2.624575
v 0.040050 4.336941 -2.611332
v 0.110756 4.469931 -2.639395
v 0.109960 4.511989 -2.549582
v 0.124002 4.617392 -2.658992
v 0.120114 4.643193 -2.585809
v 0.129829 4.782115 -2.751519
v 0.120925 4.804097 -2.661505
v 0.112140 4.893633 -2.847098
v 0.100382 4.910442 -2.715472
v 0.064579 4.945702 -2.890422
v 0.065732 4.953525 -2.723715
v 0.004261 4.961842 -2.919678
v 0.003847 4.984723 -2.732048
v -0.056369 4.950780 -2.896732
v -0.058403 4.958724 -2.730194
v -0.104753 4.902702 -2.858421
v -0.093581 4.918605 -2.725585
v -0.124292 4.792763 -2.764802
v -0.115662 4.813993 -2.673862
v -0.120717 4.638278 -2.695471
v -0.117160 4.653203 -2.598226
v -0.111871 4.479846 -2.648810
v -0.103068 4.520152 -2.559475
v -0.074660 4.374169 -2.685392
v -0.065159 4.418486 -2.627483
v -0.049643 4.309931 -2.609968
v -0.039922 4.342024 -2.595083
v 0.041788 4.300632 -2.650510
v 0.067423 4.367933 -2.700842
v 0.059409 4.410635 -2.640920
v 0.034197 4.330140 -2.625161
v 0.109723 4.471460 -2.641082
v 0.107999 4.515141 -2.556531
v 0.126634 4.618333 -2.655649
v 0.118611 4.648724 -2.594322
v 0.129733 4.783553 -2.745737
v 0.115592 4.784326 -2.651209
v 0.105803 4.903214 -2.827275
v 0.099921 4.909520 -2.718028
v 0.062721 4.956939 -2.863765
v 0.062850 4.966701 -2.735582
v 0.005371 4.958774 -2.898581
v 0.003962 4.998517 -2.743849
v -0.053964 4.952112 -2.876266
v -0.055298 4.971648 -2.741748
v -0.099013 4.913733 -2.838239
v -0.093097 4.917655 -2.728012
v -0.126271 4.800246 -2.775051
v -0.110590 4.793943 -2.663058
v -0.121855 4.639709 -2.683039
v -0.115498 4.658484 -2.606580
v -0.109592 4.489724 -2.663343
v -0.104369 4.523036 -2.568875
v -0.067633 4.373894 -2.690469
v -0.058504 4.415458 -2.637367
v -0.043787 4.306201 -2.614989
v -0.034690 4.334867 -2.601794
v 0.020726 4.263596 -2.588593
v 0.027803 4.238926 -2.613306
v 0.017388 4.262697 -2.602879
v 0.041788 4.300632 -2.650510
v 0.023092 4.244267 -2.623475
v 0.023092 4.244267 -2.623475
v -0.028416 4.242146 -2.580299
v -0.019853 4.265830 -2.571027
v -0.024526 4.247055 -2.592707
v -0.043787 4.306201 -2.614989
v -0.017317 4.264660 -2.585118
v -0.024526 4.247055 -2.592707
v 0.014044 4.193722 -2.594326
v 0.008948 4.211000 -2.577806
v 0.006132 4.214369 -2.559111
v 0.016301 4.175812 -2.579636
v 0.006751 4.210837 -2.593384
v 0.001028 4.214159 -2.595271
v 0.006751 4.210837 -2.593384
v 0.011221 4.197016 -2.605910
v 0.010267 4.184360 -2.623341
v 0.001028 4.214159 -2.595271
v 0.011221 4.197016 -2.605910
v 0.010267 4.184360 -2.623341
v -0.014430 4.195569 -2.568404
v -0.008202 4.212049 -2.565476
v -0.012862 4.198533 -2.586282
v -0.007339 4.211689 -2.583540
v -0.012862 4.198533 -2.586282
v 0.001146 4.214675 -2.553976
v -0.000388 4.214235 -2.594347
v -0.001996 4.214338 -2.593209
v -0.003515 4.214990 -2.550555
v -0.000388 4.214235 -2.594347
v -0.001913 4.183094 -2.610837
v -0.014153 4.185979 -2.599222
v -0.001996 4.214338 -2.593209
v 0.002951 4.173921 -2.534999
v -0.014153 4.178037 -2.540868
v 0.008894 4.120942 -2.592043
v 0.003553 4.125258 -2.620029
v 0.001842 4.122016 -2.550277
v -0.010215 4.121597 -2.559872
v -0.010258 4.125441 -2.599918
v -0.003622 4.127745 -2.610567
v 0.001029 4.096379 -2.612526
v 0.004429 4.090839 -2.593016
v 0.001421 4.073390 -2.594311
v -0.000552 4.080729 -2.608143
v -0.002261 4.071450 -2.584200
v -0.000836 4.089371 -2.573436
v -0.007810 4.089404 -2.571062
v -0.006471 4.072498 -2.580161
v -0.008433 4.095191 -2.596249
v -0.007064 4.078905 -2.597165
v -0.004341 4.090524 -2.610317
v -0.004474 4.072399 -2.608865
v 0.008948 4.211000 -2.577806
v 0.014044 4.193722 -2.594326
v 0.006751 4.210837 -2.593384
v 0.011221 4.197016 -2.605910
v 0.011221 4.197016 -2.605910
v -0.008202 4.212049 -2.565476
v -0.014430 4.195569 -2.568404
v -0.007339 4.211689 -2.583540
v -0.012862 4.198533 -2.586282
v -0.007339 4.211689 -2.583540
v 0.003553 4.125258 -2.620029
v 0.001029 4.096379 -2.612526
v -0.000552 4.080729 -2.608143
v -0.002026 3.836556 -2.566145
v -0.013507 3.838311 -2.567228
v -0.016826 3.647597 -2.553478
v -0.001372 3.654520 -2.555799
v -0.015179 3.842903 -2.594123
v -0.019772 3.649671 -2.577477
v -0.007236 3.840644 -2.609359
v -0.007732 3.646094 -2.600377
v 0.001569 3.842198 -2.626127
v 0.005160 3.837927 -2.602853
v 0.008843 3.647147 -2.602454
v 0.005804 3.649039 -2.626297
v 0.001569 3.842198 -2.626127
v 0.005804 3.649039 -2.626297
v -0.005501 4.052246 -2.614094
v -0.000474 4.060425 -2.616205
v -0.000547 3.975044 -2.623187
v -0.006599 3.973806 -2.615363
v -0.000474 4.060425 -2.616205
v 0.002021 4.055025 -2.599682
v 0.003126 3.975829 -2.600365
v -0.000547 3.975044 -2.623187
v -0.002673 4.053219 -2.584194
v -0.002620 3.973252 -2.576279
v -0.008407 4.055133 -2.580562
v -0.010531 3.976281 -2.574606
v -0.009008 4.059790 -2.601191
v -0.011838 3.975708 -2.602073
v -0.002240 2.936786 -2.504028
v -0.039521 2.937722 -2.473559
v -0.047839 2.948581 -2.505294
v -0.009988 2.949265 -2.574028
v 0.028189 2.949845 -2.650544
v 0.027483 2.939464 -2.601599
v 0.028189 2.949845 -2.650544
v -0.025822 3.440804 -2.560482
v -0.007927 3.441762 -2.593052
v -0.007776 3.277083 -2.587775
v -0.031314 3.277107 -2.545476
v -0.021416 3.459646 -2.534688
v -0.025809 3.300004 -2.517935
v -0.000787 3.464185 -2.544251
v -0.000702 3.302135 -2.532375
v 0.013735 3.458750 -2.601737
v 0.017528 3.298867 -2.600613
v 0.010838 3.439996 -2.630437
v 0.015397 3.276293 -2.634621
v 0.010838 3.439996 -2.630437
v 0.015397 3.276293 -2.634621
v -0.008431 3.121577 -2.582559
v -0.038700 3.122976 -2.527646
v -0.031780 3.128716 -2.497980
v -0.000871 3.132081 -2.515249
v 0.021257 3.128557 -2.599241
v 0.020722 3.122718 -2.641097
v 0.020722 3.122718 -2.641097
v 0.179886 3.502348 -3.985620
v 0.174113 3.497136 -3.989188
v 0.175011 3.478010 -4.184698
v 0.180645 3.480350 -4.194468
v 0.116659 3.485923 -3.743720
v 0.148884 3.500509 -3.797461
v 0.150900 3.505071 -3.788038
v 0.119486 3.490618 -3.731771
v 0.173196 3.501526 -3.933590
v 0.179004 3.508852 -3.927343
v 0.148470 3.446806 -4.357270
v 0.140029 3.443785 -4.379231
v 0.143399 3.448004 -4.422137
v 0.156332 3.451520 -4.398860
v 0.039308 3.409921 -4.499167
v 0.029000 3.410594 -4.496874
v 0.029177 3.412302 -4.544268
v 0.041562 3.411802 -4.543111
v 0.035866 3.468819 -3.588739
v 0.081140 3.477571 -3.667539
v 0.081730 3.482121 -3.656721
v 0.033373 3.471681 -3.579499
v 0.105884 3.487377 -3.693512
v 0.103178 3.482815 -3.708136
v 0.076287 3.437074 -4.475540
v 0.039993 3.426591 -4.490298
v 0.041176 3.428090 -4.527102
v 0.078297 3.440448 -4.509756
v 0.000888 3.460157 -3.623729
v -0.000147 3.462296 -3.608586
v 0.149362 3.455900 -4.362009
v 0.154110 3.460714 -4.388143
v 0.111321 3.446864 -4.430608
v 0.114758 3.449519 -4.462405
v 0.181766 3.626994 -3.996646
v 0.185543 3.603763 -4.212043
v 0.155093 3.629208 -3.794087
v 0.122746 3.614528 -3.736370
v 0.180382 3.632867 -3.941446
v 0.145787 3.591091 -4.459234
v 0.158437 3.593472 -4.434110
v 0.029723 3.579227 -4.572364
v 0.042683 3.579529 -4.568612
v 0.083037 3.603893 -3.665493
v 0.033825 3.593573 -3.589119
v 0.105584 3.609924 -3.709439
v 0.041544 3.565433 -4.547799
v 0.079474 3.567282 -4.531501
v -0.000147 3.587218 -3.612873
v 0.157135 3.584577 -4.419330
v 0.117949 3.578459 -4.488317
v 0.159980 3.622340 -4.011891
v 0.163619 3.606385 -4.198105
v 0.139009 3.627059 -3.816248
v 0.108927 3.612314 -3.762275
v 0.158450 3.626641 -3.958929
v 0.129299 3.596458 -4.387780
v 0.139154 3.598255 -4.358519
v 0.025420 3.588331 -4.505003
v 0.038284 3.588785 -4.506162
v 0.076028 3.602708 -3.693110
v 0.032487 3.596002 -3.615494
v 0.096687 3.608332 -3.732122
v 0.036895 3.573034 -4.496204
v 0.070148 3.572031 -4.479545
v 0.000684 3.591197 -3.638179
v 0.140684 3.588367 -4.365106
v 0.103977 3.583568 -4.441376
v 0.086316 3.618196 -3.652084
v 0.100054 3.624162 -3.671578
v 0.090585 3.621845 -3.712015
v 0.075772 3.616282 -3.695447
v 0.083627 3.468840 -3.639044
v 0.098061 3.473619 -3.663288
v 0.083089 3.463583 -3.659235
v 0.096643 3.468106 -3.682451
v 0.098364 3.608629 -3.683890
v 0.091165 3.606776 -3.716120
v 0.097146 3.485835 -3.680203
v 0.097124 3.481632 -3.689810
v 0.184001 3.644358 -3.946726
v 0.184104 3.641139 -3.992747
v 0.158036 3.634597 -4.012850
v 0.157257 3.638449 -3.965235
v 0.182164 3.500025 -3.926794
v 0.182773 3.494049 -3.980486
v 0.173912 3.493351 -3.933057
v 0.174329 3.488050 -3.985829
v 0.140868 3.457081 -4.412511
v 0.139004 3.453291 -4.380471
v 0.142453 3.582854 -4.441233
v 0.129969 3.586985 -4.386800
v 0.147420 3.571080 -3.700398
v 0.146517 3.546267 -3.711925
v 0.145730 3.547342 -3.724799
v 0.146648 3.572380 -3.714827
v 0.098364 3.608629 -3.683890
v 0.097146 3.485835 -3.680203
v 0.114765 3.489086 -3.690248
v 0.117519 3.611720 -3.692003
v 0.105884 3.487377 -3.693512
v 0.113252 3.491740 -3.713113
v 0.105884 3.487377 -3.693512
v 0.105584 3.609924 -3.709439
v 0.115995 3.614824 -3.718494
v 0.113252 3.491740 -3.713113
v 0.105584 3.609924 -3.709439
v 0.134284 3.516220 -3.714641
v 0.134208 3.599358 -3.696398
v 0.131257 3.518814 -3.730586
v 0.130923 3.602350 -3.714616
v 0.131257 3.518814 -3.730586
v 0.145730 3.547342 -3.724799
v 0.028547 3.428572 -4.526560
v 0.027732 3.427069 -4.489908
v 0.000009 3.428182 -4.488999
v 0.000009 3.429699 -4.525298
v 0.028796 3.565263 -4.549277
v 0.000010 3.564866 -4.552729
v 0.025597 3.572584 -4.496849
v 0.000010 3.571534 -4.498353
v -0.179869 3.502346 -3.985613
v -0.180628 3.480349 -4.194464
v -0.174994 3.478010 -4.184694
v -0.174096 3.497133 -3.989181
v -0.116643 3.485925 -3.743733
v -0.116500 3.491659 -3.710349
v -0.150884 3.505070 -3.788033
v -0.148868 3.500510 -3.797469
v -0.178988 3.508852 -3.927339
v -0.173179 3.501526 -3.933589
v -0.148452 3.446806 -4.357271
v -0.156314 3.451519 -4.398852
v -0.143380 3.448003 -4.422133
v -0.140011 3.443786 -4.379232
v -0.039289 3.409921 -4.499166
v -0.041543 3.411802 -4.543109
v -0.029158 3.412302 -4.544267
v -0.028981 3.410594 -4.496873
v -0.042160 3.465039 -3.659534
v -0.043758 3.468415 -3.646541
v -0.081714 3.482124 -3.656696
v -0.079472 3.477151 -3.687608
v -0.076268 3.437074 -4.475536
v -0.078279 3.440448 -4.509754
v -0.041157 3.428090 -4.527101
v -0.039974 3.426591 -4.490294
v -0.019494 3.462238 -3.623988
v -0.020700 3.464681 -3.608702
v -0.154092 3.460714 -4.388140
v -0.149345 3.455900 -4.362009
v -0.111303 3.446863 -4.430606
v -0.114740 3.449519 -4.462402
v -0.181749 3.626992 -3.996630
v -0.185525 3.603762 -4.212035
v -0.119760 3.615569 -3.714941
v -0.155077 3.629207 -3.794079
v -0.180365 3.632866 -3.941443
v -0.158419 3.593471 -4.434102
v -0.145769 3.591089 -4.459228
v -0.042664 3.579529 -4.568609
v -0.029703 3.579226 -4.572363
v -0.044210 3.590307 -3.656202
v -0.083021 3.603894 -3.665507
v -0.079455 3.567282 -4.531498
v -0.041525 3.565432 -4.547796
v -0.020835 3.588695 -3.614616
v -0.157117 3.584575 -4.419323
v -0.117930 3.578458 -4.488312
v -0.159962 3.622339 -4.011882
v -0.163602 3.606383 -4.198094
v -0.108910 3.612310 -3.762254
v -0.138992 3.627058 -3.816239
v -0.158433 3.626642 -3.958926
v -0.139136 3.598254 -4.358511
v -0.129281 3.596457 -4.387772
v -0.038265 3.588785 -4.506160
v -0.025400 3.588330 -4.505002
v -0.038775 3.592428 -3.688797
v -0.073244 3.601725 -3.713273
v -0.070129 3.572031 -4.479542
v -0.036876 3.573033 -4.496202
v -0.018623 3.592116 -3.642104
v -0.140666 3.588365 -4.365097
v -0.103958 3.583568 -4.441371
v -0.086300 3.618196 -3.652085
v -0.072988 3.615298 -3.715608
v -0.087801 3.620858 -3.732173
v -0.100038 3.624161 -3.671570
v -0.083611 3.468843 -3.639041
v -0.098044 3.473622 -3.663304
v -0.080305 3.462605 -3.679411
v -0.095615 3.467077 -3.703665
v -0.098347 3.608628 -3.683890
v -0.088381 3.605791 -3.736277
v -0.097129 3.485837 -3.680223
v -0.094341 3.480653 -3.710014
v -0.183984 3.644358 -3.946723
v -0.157240 3.638449 -3.965232
v -0.158019 3.634596 -4.012844
v -0.184087 3.641138 -3.992742
v -0.182147 3.500024 -3.926789
v -0.182756 3.494048 -3.980482
v -0.173896 3.493350 -3.933053
v -0.174312 3.488050 -3.985822
v -0.140850 3.457081 -4.412508
v -0.138986 3.453292 -4.380475
v -0.142434 3.582852 -4.441226
v -0.129951 3.586984 -4.386792
v -0.028528 3.428572 -4.526560
v 0.000009 3.429699 -4.525298
v 0.000009 3.428182 -4.488999
v -0.027713 3.427069 -4.489908
v -0.028776 3.565262 -4.549276
v 0.000010 3.564866 -4.552729
v -0.025578 3.572584 -4.496848
v 0.000010 3.571534 -4.498353
v -0.014180 3.545896 -3.584010
v -0.014180 3.522241 -3.581124
v 0.000566 3.520369 -3.619556
v 0.000566 3.544024 -3.622448
v -0.015020 3.545126 -3.599818
v -0.002741 3.543623 -3.630663
v -0.015020 3.521471 -3.596920
v -0.002741 3.519968 -3.627769
v -0.015020 3.521471 -3.596920
v -0.002741 3.519968 -3.627769
v -0.002741 3.519968 -3.627769
v -0.002741 3.543623 -3.630663
v -0.032912 3.522434 -3.577149
v -0.033172 3.523220 -3.560986
v -0.034915 3.534624 -3.578639
v -0.024949 3.523074 -3.563989
v -0.025240 3.522295 -3.579978
v -0.025240 3.522295 -3.579978
v -0.032912 3.522434 -3.577149
v 0.149476 3.479090 -3.801758
v 0.155948 3.370489 -3.816821
v 0.186621 3.364209 -3.982668
v 0.176851 3.469728 -3.964851
v 0.180836 3.439958 -4.171234
v 0.191175 3.341275 -4.167633
v 0.177388 3.297992 -4.343188
v 0.154928 3.420837 -4.360741
v 0.074365 2.915992 -3.906201
v 0.065052 2.992210 -3.719054
v 0.018804 2.963219 -3.843719
v 0.028844 2.930110 -4.016712
v 0.071982 3.419460 -4.497247
v 0.058952 3.348617 -4.515930
v 0.034134 3.339795 -4.536965
v 0.037956 3.420702 -4.499660
v 0.058122 3.424262 -3.658429
v 0.068372 3.473909 -3.690120
v 0.032491 3.463357 -3.657552
v 0.033710 3.412733 -3.632959
v 0.065052 2.992210 -3.719054
v 0.066592 3.119838 -3.650180
v 0.038714 3.066955 -3.706702
v 0.018804 2.963219 -3.843719
v 0.106190 3.374002 -4.467003
v 0.129899 3.234638 -4.479896
v 0.112848 3.352553 -3.714219
v 0.107598 3.472941 -3.740029
v 0.139856 2.914723 -3.939487
v 0.173978 2.938595 -4.081288
v 0.202931 2.925650 -3.919181
v 0.178327 2.899523 -3.775680
v 0.085695 2.996010 -4.398843
v 0.039990 2.993738 -4.392027
v 0.039363 3.113241 -4.510735
v 0.081805 3.163410 -4.518385
v 0.086702 3.215434 -3.701349
v 0.075755 3.168450 -3.771471
v 0.000009 3.458683 -3.650689
v 0.000437 3.406067 -3.618507
v 0.044755 3.307883 -3.654344
v 0.038468 3.351218 -3.607921
v 0.001001 3.340446 -3.579553
v -0.000247 3.295038 -3.622154
v -0.002001 3.198292 -3.578362
v 0.045623 3.223187 -3.639792
v 0.039212 2.912923 -4.219810
v 0.093231 2.893946 -4.169113
v 0.125164 3.283413 -3.771514
v 0.175651 3.271335 -3.835523
v 0.163456 3.246172 -3.886021
v 0.115527 3.236174 -3.811140
v 0.071757 3.289367 -4.531917
v 0.036984 3.249589 -4.532888
v 0.210905 3.151711 -4.057472
v 0.222653 3.135202 -3.952342
v 0.223068 3.018234 -3.975829
v 0.202996 3.032760 -4.132240
v 0.195359 3.221193 -3.974021
v 0.209075 3.226474 -3.907773
v 0.140838 3.076451 -4.405082
v 0.119386 2.904797 -3.731314
v 0.168090 2.898964 -3.523917
v 0.133457 3.008234 -3.373696
v 0.096011 2.999011 -3.557469
v 0.090598 3.153208 -3.489068
v 0.096011 2.999011 -3.557469
v 0.133457 3.008234 -3.373696
v 0.118412 3.159547 -3.314541
v 0.075972 3.325135 -3.677063
v 0.071237 3.380192 -3.649129
v 0.078373 3.253354 -3.693244
v 0.112603 3.284083 -3.749584
v 0.158504 3.289073 -3.845155
v 0.194865 3.281785 -4.002173
v 0.198967 3.247430 -4.156596
v 0.191304 3.184483 -4.303982
v 0.204280 2.921090 -3.273076
v 0.175499 3.031990 -3.161939
v 0.209857 2.882746 -3.688439
v 0.216785 2.879534 -3.548554
v 0.110717 3.270867 -3.544817
v 0.135163 3.292469 -3.364629
v 0.192416 3.308835 -3.729165
v 0.145890 3.325137 -3.623730
v 0.171627 3.348958 -3.459915
v 0.221097 3.338839 -3.577754
v 0.229331 3.241181 -3.810600
v 0.253943 3.253930 -3.639298
v 0.265197 3.135846 -3.649644
v 0.244781 3.134048 -3.821907
v 0.244722 3.014921 -3.816601
v 0.244781 3.134048 -3.821907
v 0.265197 3.135846 -3.649644
v 0.261757 3.018211 -3.650761
v 0.230478 2.922106 -3.762091
v 0.245646 2.924634 -3.600631
v 0.160980 3.167312 -3.118348
v 0.171742 3.299598 -3.153339
v 0.204707 3.381109 -3.243173
v 0.252258 3.361270 -3.363474
v 0.279102 3.255817 -3.422883
v 0.284244 3.131675 -3.445289
v 0.284244 3.131675 -3.445289
v 0.278282 3.023798 -3.470989
v 0.262622 2.934605 -3.435822
v 0.145561 2.946039 -4.269601
v 0.192481 3.080645 -4.235319
v 0.198154 3.182154 -4.116614
v 0.188018 3.228895 -3.998788
v 0.158523 3.247160 -3.877371
v 0.112238 3.233488 -3.787794
v 0.079326 3.194565 -3.713547
v 0.044180 3.150059 -3.670111
v -0.012530 2.936254 -3.845531
v -0.008747 3.018001 -3.652347
v -0.012530 2.936254 -3.845531
v -0.009194 2.931602 -4.082717
v -0.005284 2.948131 -4.251952
v -0.002637 3.024135 -4.370852
v -0.001043 3.130544 -4.460148
v 0.000009 3.237996 -4.531809
v 0.000009 3.421143 -4.492275
v 0.000009 3.340966 -4.541861
v 0.235573 2.891655 -3.373681
v 0.175499 3.031990 -3.161939
v 0.217370 3.061740 -2.939383
v 0.254095 2.941329 -3.039690
v 0.258418 2.913908 -3.217578
v 0.217370 3.061740 -2.939383
v 0.202182 3.187805 -2.905085
v 0.207141 3.311591 -2.926931
v 0.287171 3.356104 -3.138925
v 0.304759 3.241842 -3.184697
v 0.309094 3.109645 -3.215166
v 0.309094 3.109645 -3.215166
v 0.293588 3.020463 -3.329060
v 0.281000 2.951149 -3.263379
v 0.235886 3.401542 -2.995054
v 0.286241 3.089457 -2.684530
v 0.265351 3.158676 -2.564632
v 0.246109 3.126515 -2.725773
v 0.277816 3.012606 -2.824786
v 0.326075 3.061891 -2.786587
v 0.316566 3.011162 -2.914300
v 0.236907 3.228756 -2.691568
v 0.246109 3.126515 -2.725773
v 0.265351 3.158676 -2.564632
v 0.262497 3.251814 -2.505790
v 0.354688 3.276278 -2.735265
v 0.352708 3.179050 -2.776949
v 0.332826 3.151135 -2.947014
v 0.330980 3.260468 -2.943620
v 0.280790 3.013875 -2.361105
v 0.274580 3.122783 -2.441388
v 0.287655 3.031798 -2.619186
v 0.279529 2.937095 -2.520170
v 0.386398 3.001789 -2.610230
v 0.369931 3.103127 -2.684764
v 0.377294 3.214492 -2.567214
v 0.388298 3.111112 -2.414785
v 0.360845 2.910743 -2.723996
v 0.353448 2.986505 -2.759091
v 0.369931 3.103127 -2.684764
v 0.386398 3.001789 -2.610230
v 0.297529 2.952765 -2.714928
v 0.291239 2.873303 -2.678339
v 0.280790 3.013875 -2.361105
v 0.310268 3.113578 -2.232461
v 0.284323 3.212362 -2.354150
v 0.274580 3.122783 -2.441388
v 0.320964 3.219764 -2.260798
v 0.297712 3.301618 -2.347245
v 0.350813 3.230194 -2.290510
v 0.374415 3.215044 -2.380470
v 0.363669 3.302076 -2.489496
v 0.335259 3.332365 -2.390998
v 0.294488 2.837070 -2.233721
v 0.289325 2.775588 -2.421494
v 0.298360 2.742064 -2.607608
v 0.294488 2.837070 -2.233721
v 0.328214 2.913079 -2.115646
v 0.403484 2.912388 -2.294657
v 0.359383 3.111967 -2.240760
v 0.376379 2.940308 -2.097365
v 0.399126 2.835249 -2.504172
v 0.372106 2.784842 -2.652822
v 0.399126 2.835249 -2.504172
v 0.323410 2.616152 -2.059366
v 0.320885 2.561068 -2.263562
v 0.412022 2.667545 -2.097851
v 0.394280 2.722752 -1.894123
v 0.395572 2.595429 -2.322683
v 0.344915 2.612437 -2.545917
v 0.374690 2.660667 -2.516834
v 0.395572 2.595429 -2.322683
v 0.353989 2.489181 -2.375786
v 0.347723 2.679097 -1.928327
v 0.320398 2.628825 -2.485608
v 0.323410 2.616152 -2.059366
v 0.335067 2.467587 -1.922334
v 0.335400 2.402743 -2.082682
v 0.364652 2.355242 -2.221303
v 0.335067 2.467587 -1.922334
v 0.362411 2.536116 -1.813463
v 0.421891 2.513754 -1.964742
v 0.405406 2.605584 -1.744973
v 0.404925 2.421959 -2.156823
v 0.404925 2.421959 -2.156823
v 0.342658 2.339369 -1.824595
v 0.344830 2.251929 -1.992294
v 0.371708 2.219254 -2.124574
v 0.342658 2.339369 -1.824595
v 0.370269 2.442587 -1.670882
v 0.436694 2.405235 -1.828044
v 0.417675 2.513695 -1.617887
v 0.415400 2.265530 -2.069759
v 0.415400 2.265530 -2.069759
v 0.339018 2.125667 -1.922136
v 0.343127 2.223561 -1.757923
v 0.370913 2.094838 -2.052599
v 0.343127 2.223561 -1.757923
v 0.373791 2.380433 -1.513052
v 0.428890 2.448562 -1.468832
v 0.456382 2.323991 -1.702242
v 0.423622 2.129206 -2.022294
v 0.423622 2.129206 -2.022294
v 0.297982 2.961564 -3.081614
v 0.269690 3.345033 -2.495381
v 0.310916 3.400886 -2.540506
v 0.276637 3.406963 -2.755749
v 0.242668 3.330377 -2.698386
v -0.005166 3.107016 -3.559148
v 0.343388 3.365938 -2.657078
v 0.315285 3.363535 -2.883271
v 0.352708 3.179050 -2.776949
v 0.332826 3.151135 -2.947014
v 0.325254 2.957453 -2.782551
v 0.325299 3.028215 -2.786542
v 0.327790 2.865660 -2.761971
v 0.332958 2.739312 -2.700701
v 0.191175 3.341275 -4.167633
v 0.180836 3.439958 -4.171234
v 0.198967 3.247430 -4.156596
v 0.210905 3.151711 -4.057472
v 0.198154 3.182154 -4.116614
v 0.222653 3.135202 -3.952342
v 0.175517 3.530663 -4.191138
v 0.175712 3.558634 -3.949668
v 0.148884 3.552854 -3.810308
v 0.109636 3.534824 -3.750503
v 0.111321 3.500927 -4.441995
v 0.149372 3.517092 -4.369498
v 0.000009 3.481533 -4.499372
v 0.039993 3.481241 -4.507777
v 0.068372 3.526557 -3.696526
v 0.029817 3.513482 -3.658382
v 0.076287 3.491655 -4.492791
v 0.000009 3.511480 -3.657788
v 0.175517 3.530663 -4.191138
v -0.025178 3.466434 -3.607767
v -0.025178 3.589128 -3.622631
v -0.028784 3.601505 -3.587887
v -0.028784 3.457601 -3.570288
v 0.027520 3.465161 -3.633908
v 0.033017 3.456106 -3.600921
v 0.027520 3.587867 -3.648911
v 0.033017 3.600009 -3.618518
v 0.027520 3.587867 -3.648911
v 0.033017 3.600009 -3.618518
v -0.036510 3.618199 -3.599285
v -0.036510 3.439999 -3.577493
v 0.040021 3.438148 -3.615430
v 0.040021 3.616347 -3.637210
v 0.040021 3.616347 -3.637210
v -0.037678 3.616157 -3.641261
v -0.037678 3.437959 -3.619485
v 0.038853 3.436107 -3.657420
v 0.038853 3.614306 -3.679202
v 0.038853 3.614306 -3.679202
v -0.030675 3.598197 -3.655774
v -0.030675 3.454294 -3.638183
v 0.031127 3.452801 -3.668828
v 0.031127 3.596704 -3.686421
v 0.031127 3.596704 -3.686421
v -0.030675 3.454294 -3.638183
v -0.030675 3.598197 -3.655774
v 0.031127 3.452801 -3.668828
v 0.031127 3.596704 -3.686421
v 0.031127 3.596704 -3.686421
v -0.010300 2.173003 -2.282251
v -0.019222 2.173581 -2.260989
v -0.019322 2.142505 -2.262296
v -0.009156 2.138439 -2.278960
v -0.018231 2.115183 -2.263011
v -0.008474 2.111056 -2.278014
v -0.005871 2.115953 -2.324330
v -0.006753 2.142878 -2.330573
v -0.008521 2.172034 -2.328067
v -0.011686 2.172951 -2.368033
v -0.009572 2.145350 -2.372829
v -0.008731 2.120492 -2.369236
v -0.028690 2.178439 -2.274803
v -0.031904 2.145879 -2.277131
v -0.030646 2.120059 -2.280713
v -0.013017 2.075625 -2.295872
v -0.010825 2.094352 -2.287786
v -0.020480 2.094842 -2.275778
v -0.021738 2.065034 -2.272575
v -0.008426 2.065971 -2.338353
v -0.008951 2.095896 -2.332520
v -0.010570 2.067555 -2.387040
v -0.010865 2.096931 -2.377204
v -0.005910 2.199418 -2.317301
v -0.011622 2.197344 -2.366309
v -0.007370 2.223539 -2.358006
v -0.001648 2.227690 -2.312519
v -0.003811 2.231391 -2.256021
v -0.008375 2.201547 -2.275184
v -0.016470 2.229001 -2.240994
v -0.017720 2.199846 -2.255713
v -0.029535 2.227353 -2.266435
v -0.028282 2.201366 -2.273989
v -0.019868 2.075112 -2.407761
v -0.020426 2.097164 -2.391512
v -0.010865 2.096931 -2.377204
v -0.010570 2.067555 -2.387040
v -0.008731 2.120492 -2.369236
v -0.020588 2.120224 -2.387405
v -0.020564 2.144733 -2.390295
v -0.009572 2.145350 -2.372829
v -0.022850 2.173727 -2.389665
v -0.011686 2.172951 -2.368033
v -0.007370 2.223539 -2.358006
v -0.011622 2.197344 -2.366309
v -0.022200 2.197821 -2.379313
v -0.020203 2.221290 -2.378229
v -0.013082 2.025438 -2.304760
v -0.014242 2.050343 -2.304089
v -0.018646 2.047281 -2.289247
v -0.019489 2.024292 -2.286414
v -0.009575 2.026745 -2.330181
v -0.010906 2.048487 -2.323886
v -0.010882 2.021332 -2.390443
v -0.008071 2.027289 -2.357052
v -0.010882 2.021332 -2.390443
v -0.020305 2.026522 -2.408902
v -0.031058 2.096205 -2.287238
v -0.032708 2.064908 -2.285474
v -0.034002 2.016103 -2.287260
v -0.025877 2.023413 -2.277075
v -0.008655 2.005152 -2.325555
v -0.010757 1.999145 -2.298006
v -0.015988 1.997059 -2.276136
v -0.023294 1.988077 -2.283217
v -0.031970 1.988797 -2.305796
v -0.014941 1.993650 -2.383316
v -0.009026 1.989312 -2.355340
v -0.022316 2.002234 -2.398243
v -0.014941 1.993650 -2.383316
v -0.037665 2.030355 -2.335174
v -0.035503 2.002054 -2.342281
v -0.031970 1.988797 -2.305796
v -0.034002 2.016103 -2.287260
v -0.030835 1.998706 -2.383797
v -0.034102 2.032923 -2.397744
v -0.023014 1.979079 -2.354892
v -0.023014 1.979079 -2.354892
v -0.015409 1.980318 -2.318248
v -0.031685 2.144076 -2.369103
v -0.032432 2.174400 -2.371495
v -0.030064 2.118610 -2.366367
v -0.033752 2.075407 -2.390051
v -0.030158 2.102288 -2.368418
v -0.036936 2.072182 -2.327099
v -0.032708 2.064908 -2.285474
v -0.033666 2.095184 -2.327137
v -0.034498 2.119112 -2.322352
v -0.037551 2.142713 -2.325847
v -0.031058 2.096205 -2.287238
v -0.030646 2.120059 -2.280713
v -0.031904 2.145879 -2.277131
v -0.028690 2.178439 -2.274803
v -0.035373 2.176882 -2.325393
v -0.030325 2.223001 -2.361570
v -0.030290 2.198068 -2.361964
v -0.034741 2.198926 -2.327087
v -0.034175 2.228529 -2.314263
v -0.028282 2.201366 -2.273989
v -0.029535 2.227353 -2.266435
v -0.031050 2.250688 -2.265981
v -0.017858 2.257834 -2.242638
v -0.020098 2.284588 -2.257224
v -0.031584 2.273866 -2.273160
v -0.004816 2.257805 -2.258308
v -0.008932 2.285679 -2.274151
v -0.001681 2.256015 -2.311093
v -0.007675 2.249821 -2.362804
v -0.011289 2.272748 -2.368564
v -0.006185 2.282029 -2.318781
v -0.011289 2.272748 -2.368564
v -0.007675 2.249821 -2.362804
v -0.019707 2.245666 -2.380934
v -0.023347 2.263337 -2.389885
v -0.030966 2.243375 -2.362080
v -0.036182 2.244826 -2.318795
v -0.036356 2.264473 -2.325043
v -0.033764 2.258189 -2.373091
v -0.031050 2.250688 -2.265981
v -0.031584 2.273866 -2.273160
v -0.012329 2.319854 -2.286473
v -0.021355 2.316425 -2.258008
v -0.008078 2.318189 -2.338463
v -0.017085 2.310632 -2.400177
v -0.028678 2.300549 -2.413548
v -0.017085 2.310632 -2.400177
v -0.039009 2.295430 -2.395523
v -0.041666 2.299240 -2.348662
v -0.033740 2.305036 -2.282797
v -0.033740 2.305036 -2.282797
v -0.022558 2.352697 -2.254853
v -0.015184 2.359484 -2.292551
v -0.012352 2.355157 -2.351700
v -0.018708 2.342482 -2.415508
v -0.018708 2.342482 -2.415508
v -0.032729 2.328215 -2.428333
v -0.043309 2.320518 -2.402384
v -0.044544 2.327563 -2.341561
v -0.034917 2.336697 -2.279691
v -0.034917 2.336697 -2.279691
v -0.019717 2.054350 -2.278170
v -0.012773 2.062883 -2.295432
v -0.024034 2.023181 -2.280768
v -0.008388 2.053447 -2.325018
v -0.008401 2.027582 -2.346624
v -0.010387 1.993622 -2.346268
v -0.015237 1.987233 -2.317959
v -0.021698 1.992909 -2.285972
v -0.052380 2.156038 -2.200844
v -0.062015 2.157406 -2.185424
v -0.063611 2.121547 -2.201580
v -0.052974 2.114889 -2.212397
v -0.064121 2.090983 -2.215249
v -0.053938 2.084409 -2.224694
v -0.049117 2.097920 -2.266423
v -0.048098 2.128736 -2.259358
v -0.047854 2.161525 -2.240736
v -0.048989 2.171419 -2.280446
v -0.048878 2.141303 -2.301221
v -0.050944 2.115125 -2.316499
v -0.070294 2.170140 -2.201385
v -0.075504 2.134873 -2.223934
v -0.075765 2.106186 -2.240017
v -0.060784 2.054767 -2.267611
v -0.057297 2.070446 -2.246526
v -0.067506 2.073501 -2.241612
v -0.071484 2.044138 -2.257501
v -0.055099 2.052049 -2.311508
v -0.053511 2.080540 -2.288772
v -0.055277 2.066072 -2.360864
v -0.053561 2.092356 -2.333791
v -0.045013 2.190574 -2.219727
v -0.047451 2.198679 -2.265677
v -0.044572 2.226059 -2.257299
v -0.040015 2.220362 -2.203540
v -0.044479 2.214899 -2.146164
v -0.049288 2.187034 -2.178912
v -0.057540 2.214494 -2.138210
v -0.058748 2.186418 -2.163262
v -0.068683 2.221364 -2.172761
v -0.068736 2.195676 -2.187948
v -0.063794 2.082694 -2.380163
v -0.063686 2.101665 -2.356646
v -0.053561 2.092356 -2.333791
v -0.055277 2.066072 -2.360864
v -0.050944 2.115125 -2.316499
v -0.062727 2.124646 -2.344248
v -0.060768 2.150157 -2.333415
v -0.048878 2.141303 -2.301221
v -0.058156 2.179067 -2.302063
v -0.048989 2.171419 -2.280446
v -0.044572 2.226059 -2.257299
v -0.047451 2.198679 -2.265677
v -0.057664 2.205319 -2.285438
v -0.056442 2.230976 -2.283637
v -0.064215 2.006363 -2.303327
v -0.063956 2.032575 -2.291511
v -0.069970 2.032958 -2.281124
v -0.071676 2.004794 -2.290650
v -0.059382 2.012053 -2.326520
v -0.060300 2.032511 -2.311976
v -0.058886 2.021376 -2.389931
v -0.056831 2.017679 -2.351020
v -0.058886 2.021376 -2.389931
v -0.067959 2.035797 -2.408849
v -0.077778 2.083108 -2.260101
v -0.082576 2.053592 -2.279096
v -0.087515 2.005379 -2.307160
v -0.078815 2.005745 -2.287143
v -0.060703 1.981450 -2.334798
v -0.065240 1.971616 -2.316288
v -0.072286 1.968490 -2.302477
v -0.078939 1.970050 -2.311224
v -0.087026 1.981065 -2.339149
v -0.065520 1.994403 -2.400666
v -0.060853 1.979940 -2.371367
v -0.072216 2.010863 -2.415475
v -0.065520 1.994403 -2.400666
v -0.089525 2.033897 -2.351560
v -0.088589 2.005366 -2.370896
v -0.087026 1.981065 -2.339149
v -0.087515 2.005379 -2.307160
v -0.081795 2.008552 -2.408946
v -0.081974 2.047489 -2.406038
v -0.076398 1.977867 -2.386410
v -0.076398 1.977867 -2.386410
v -0.069893 1.966025 -2.344422
v -0.073212 2.151012 -2.321043
v -0.068782 2.181780 -2.290875
v -0.073680 2.123328 -2.332313
v -0.078525 2.086764 -2.374629
v -0.074458 2.107074 -2.340908
v -0.085604 2.073021 -2.320056
v -0.082576 2.053592 -2.279096
v -0.079844 2.093082 -2.303977
v -0.079556 2.117384 -2.290902
v -0.080075 2.143128 -2.279588
v -0.077778 2.083108 -2.260101
v -0.075765 2.106186 -2.240017
v -0.075504 2.134873 -2.223934
v -0.070294 2.170140 -2.201385
v -0.074389 2.179193 -2.252172
v -0.067503 2.234769 -2.273159
v -0.066672 2.206808 -2.273777
v -0.071808 2.203651 -2.237575
v -0.072994 2.230591 -2.228121
v -0.068736 2.195676 -2.187948
v -0.068683 2.221364 -2.172761
v -0.070481 2.250328 -2.165056
v -0.057709 2.248603 -2.128762
v -0.058859 2.283034 -2.141868
v -0.070941 2.280896 -2.166896
v -0.044712 2.245308 -2.141920
v -0.046897 2.284486 -2.149525
v -0.039294 2.249718 -2.195522
v -0.043392 2.253914 -2.252993
v -0.044905 2.279355 -2.249792
v -0.042298 2.279685 -2.192811
v -0.044905 2.279355 -2.249792
v -0.043392 2.253914 -2.252993
v -0.056230 2.257266 -2.285244
v -0.056245 2.279258 -2.275594
v -0.068588 2.257793 -2.272887
v -0.074448 2.253960 -2.226075
v -0.073854 2.277557 -2.225302
v -0.068335 2.278668 -2.267400
v -0.070481 2.250328 -2.165056
v -0.070941 2.280896 -2.166896
v -0.046409 2.326903 -2.145034
v -0.059253 2.322536 -2.143129
v -0.041575 2.322623 -2.185305
v -0.043295 2.324376 -2.251340
v -0.056508 2.324448 -2.279789
v -0.043295 2.324376 -2.251340
v -0.069508 2.324856 -2.272401
v -0.075673 2.323560 -2.234573
v -0.072614 2.317484 -2.170732
v -0.072614 2.317484 -2.170732
v -0.059747 2.359511 -2.137640
v -0.045912 2.365711 -2.140929
v -0.042053 2.363882 -2.188667
v -0.043452 2.358660 -2.250553
v -0.043452 2.358660 -2.250553
v -0.060323 2.358854 -2.295954
v -0.072741 2.351612 -2.280321
v -0.078767 2.348162 -2.239539
v -0.072856 2.347428 -2.172538
v -0.072856 2.347428 -2.172538
v -0.070445 2.035238 -2.267203
v -0.061750 2.041657 -2.275901
v -0.076833 2.005369 -2.289805
v -0.056586 2.036374 -2.305886
v -0.057528 2.016537 -2.342012
v -0.061833 1.985671 -2.359889
v -0.069594 1.971083 -2.337467
v -0.076283 1.973976 -2.312444
v -0.091316 2.186420 -2.152115
v -0.101115 2.187337 -2.148161
v -0.102787 2.159681 -2.179657
v -0.092097 2.153075 -2.179092
v -0.103211 2.134778 -2.204880
v -0.093143 2.128974 -2.205845
v -0.086782 2.147017 -2.227592
v -0.085037 2.171068 -2.196378
v -0.084961 2.195353 -2.165929
v -0.085165 2.204593 -2.193762
v -0.084488 2.184056 -2.223183
v -0.086440 2.168664 -2.258868
v -0.108305 2.201475 -2.167096
v -0.113237 2.177176 -2.206176
v -0.113421 2.155889 -2.232482
v -0.097834 2.112060 -2.262227
v -0.095367 2.120917 -2.232440
v -0.105332 2.124589 -2.237577
v -0.108648 2.103296 -2.270565
v -0.090734 2.118651 -2.292055
v -0.089986 2.136986 -2.257694
v -0.089247 2.142632 -2.325834
v -0.088630 2.156255 -2.290262
v -0.083689 2.217924 -2.148825
v -0.084748 2.225937 -2.180910
v -0.083168 2.247007 -2.175148
v -0.080358 2.238649 -2.133385
v -0.086216 2.227169 -2.087729
v -0.089502 2.208723 -2.126766
v -0.097154 2.231124 -2.075372
v -0.098683 2.208229 -2.116275
v -0.108102 2.241523 -2.110547
v -0.106804 2.219534 -2.139308
v -0.096451 2.163303 -2.344711
v -0.097186 2.172251 -2.317414
v -0.088630 2.156255 -2.290262
v -0.089247 2.142632 -2.325834
v -0.086440 2.168664 -2.258868
v -0.096733 2.186244 -2.296412
v -0.094910 2.199445 -2.269168
v -0.084488 2.184056 -2.223183
v -0.093494 2.214403 -2.223124
v -0.085165 2.204593 -2.193762
v -0.083168 2.247007 -2.175148
v -0.084748 2.225937 -2.180910
v -0.093983 2.234842 -2.211719
v -0.093358 2.254957 -2.207811
v -0.100489 2.084024 -2.328688
v -0.100033 2.100061 -2.300732
v -0.105844 2.096227 -2.299114
v -0.109353 2.080906 -2.325127
v -0.095232 2.093345 -2.337846
v -0.095510 2.104499 -2.311255
v -0.091774 2.115749 -2.371407
v -0.091212 2.101979 -2.343528
v -0.091774 2.115749 -2.371407
v -0.099491 2.134562 -2.391929
v -0.114331 2.142017 -2.261477
v -0.119510 2.116635 -2.286196
v -0.122574 2.091268 -2.349180
v -0.115149 2.083385 -2.327094
v -0.096207 2.071994 -2.365882
v -0.101596 2.062017 -2.360853
v -0.109364 2.060759 -2.351305
v -0.114125 2.063827 -2.362598
v -0.120538 2.079285 -2.384968
v -0.097568 2.098020 -2.396653
v -0.094623 2.078995 -2.382077
v -0.103367 2.117811 -2.410663
v -0.097568 2.098020 -2.396653
v -0.122529 2.126349 -2.367406
v -0.119701 2.104989 -2.393459
v -0.120538 2.079285 -2.384968
v -0.122574 2.091268 -2.349180
v -0.112475 2.117047 -2.417349
v -0.112916 2.149484 -2.398786
v -0.108658 2.085584 -2.410331
v -0.108658 2.085584 -2.410331
v -0.104128 2.063838 -2.378704
v -0.107172 2.207243 -2.278790
v -0.103587 2.222860 -2.236423
v -0.107667 2.189273 -2.303340
v -0.110427 2.169662 -2.349356
v -0.107883 2.177086 -2.312410
v -0.119950 2.149182 -2.318068
v -0.119510 2.116635 -2.286196
v -0.117348 2.160665 -2.291374
v -0.114732 2.177401 -2.272746
v -0.115674 2.197135 -2.258638
v -0.114331 2.142017 -2.261477
v -0.113421 2.155889 -2.232482
v -0.113237 2.177176 -2.206176
v -0.108305 2.201475 -2.167096
v -0.110429 2.218050 -2.216523
v -0.103248 2.262035 -2.211380
v -0.102342 2.240159 -2.217768
v -0.108248 2.234418 -2.192126
v -0.109840 2.256895 -2.169688
v -0.106804 2.219534 -2.139308
v -0.108102 2.241523 -2.110547
v -0.108538 2.257955 -2.099669
v -0.098199 2.249384 -2.068188
v -0.098165 2.280096 -2.070109
v -0.107433 2.287300 -2.103435
v -0.086243 2.251294 -2.075588
v -0.087078 2.283478 -2.077096
v -0.080100 2.263084 -2.121635
v -0.083020 2.269495 -2.171885
v -0.085297 2.289921 -2.171329
v -0.082553 2.288445 -2.119023
v -0.085297 2.289921 -2.171329
v -0.083020 2.269495 -2.171885
v -0.093440 2.275874 -2.209009
v -0.094309 2.292483 -2.211116
v -0.104173 2.279686 -2.207372
v -0.110424 2.272743 -2.162882
v -0.108969 2.292105 -2.162897
v -0.103619 2.294631 -2.197863
v -0.108538 2.257955 -2.099669
v -0.107433 2.287300 -2.103435
v -0.086282 2.316165 -2.071050
v -0.098834 2.312807 -2.063448
v -0.080660 2.319771 -2.121826
v -0.084577 2.324701 -2.175789
v -0.094119 2.323706 -2.207250
v -0.084577 2.324701 -2.175789
v -0.103838 2.325614 -2.199693
v -0.109246 2.327000 -2.171684
v -0.108003 2.320609 -2.115257
v -0.108003 2.320609 -2.115257
v -0.099653 2.352256 -2.070379
v -0.084935 2.357733 -2.054605
v -0.078263 2.356423 -2.096222
v -0.079461 2.349991 -2.155524
v -0.079461 2.349991 -2.155524
v -0.091569 2.348649 -2.189239
v -0.102311 2.348269 -2.184731
v -0.111065 2.348540 -2.176234
v -0.110051 2.348255 -2.123577
v -0.110051 2.348255 -2.123577
v -0.107254 2.097065 -2.283099
v -0.098735 2.103371 -2.279803
v -0.112336 2.079538 -2.324489
v -0.092755 2.105849 -2.302223
v -0.092787 2.098847 -2.342547
v -0.095806 2.082018 -2.378439
v -0.104051 2.069033 -2.377002
v -0.112703 2.062859 -2.357267
v -0.138279 2.219810 -2.179321
v -0.146986 2.227103 -2.182618
v -0.147931 2.204650 -2.214009
v -0.139464 2.194582 -2.216458
v -0.148318 2.188243 -2.248505
v -0.140322 2.179116 -2.250632
v -0.133150 2.193483 -2.259577
v -0.131850 2.210265 -2.229645
v -0.131666 2.227262 -2.194368
v -0.129493 2.244142 -2.216883
v -0.128912 2.227741 -2.246429
v -0.130051 2.217075 -2.275705
v -0.151597 2.243253 -2.193768
v -0.154660 2.225162 -2.230278
v -0.154076 2.207184 -2.256381
v -0.142999 2.180466 -2.313070
v -0.141573 2.179605 -2.280822
v -0.149273 2.187804 -2.284053
v -0.151937 2.180088 -2.326202
v -0.135643 2.187479 -2.332921
v -0.135137 2.193283 -2.292174
v -0.131291 2.207510 -2.344352
v -0.131270 2.211078 -2.305274
v -0.129823 2.242799 -2.162781
v -0.128116 2.258319 -2.190564
v -0.124813 2.274242 -2.164831
v -0.126043 2.259240 -2.134384
v -0.134268 2.246212 -2.108226
v -0.136384 2.236310 -2.146539
v -0.144517 2.252744 -2.113209
v -0.145110 2.240215 -2.149467
v -0.150452 2.271888 -2.143656
v -0.150480 2.257771 -2.171244
v -0.134353 2.232309 -2.348771
v -0.135754 2.230628 -2.318134
v -0.131270 2.211078 -2.305274
v -0.131291 2.207510 -2.344352
v -0.130051 2.217075 -2.275705
v -0.135472 2.233578 -2.289677
v -0.134464 2.247483 -2.267960
v -0.128912 2.227741 -2.246429
v -0.134108 2.258309 -2.232054
v -0.129493 2.244142 -2.216883
v -0.124813 2.274242 -2.164831
v -0.128116 2.258319 -2.190564
v -0.134037 2.273859 -2.211412
v -0.131599 2.288508 -2.188921
v -0.144590 2.170232 -2.384445
v -0.144167 2.179564 -2.353328
v -0.148860 2.180255 -2.355400
v -0.150321 2.170349 -2.385156
v -0.139191 2.174286 -2.385703
v -0.140142 2.182336 -2.360681
v -0.133321 2.198953 -2.402874
v -0.135039 2.181936 -2.385634
v -0.133321 2.198953 -2.402874
v -0.136810 2.222203 -2.408059
v -0.154737 2.202975 -2.291666
v -0.157744 2.199234 -2.335664
v -0.160443 2.187520 -2.397105
v -0.156088 2.176517 -2.384392
v -0.140064 2.166600 -2.416554
v -0.145511 2.162032 -2.421914
v -0.151244 2.161191 -2.417521
v -0.155442 2.165010 -2.425115
v -0.157926 2.181396 -2.430393
v -0.138127 2.194410 -2.437129
v -0.137861 2.174998 -2.433274
v -0.140589 2.214189 -2.435632
v -0.138127 2.194410 -2.437129
v -0.157045 2.218959 -2.393754
v -0.155093 2.205086 -2.426325
v -0.157926 2.181396 -2.430393
v -0.160443 2.187520 -2.397105
v -0.147557 2.215927 -2.439577
v -0.146693 2.234080 -2.402856
v -0.147215 2.188983 -2.451813
v -0.147215 2.188983 -2.451813
v -0.146625 2.165973 -2.438371
v -0.143954 2.250154 -2.268253
v -0.142874 2.267489 -2.239838
v -0.144187 2.237792 -2.293071
v -0.145475 2.238262 -2.349656
v -0.144541 2.232621 -2.310807
v -0.156495 2.227868 -2.341296
v -0.157744 2.199234 -2.335664
v -0.154122 2.223836 -2.308494
v -0.152122 2.228037 -2.280036
v -0.152716 2.240872 -2.256619
v -0.154737 2.202975 -2.291666
v -0.154076 2.207184 -2.256381
v -0.154660 2.225162 -2.230278
v -0.151597 2.243253 -2.193768
v -0.150352 2.262000 -2.224736
v -0.140325 2.295007 -2.188511
v -0.141549 2.279374 -2.213388
v -0.148612 2.275403 -2.200976
v -0.148646 2.290552 -2.176172
v -0.150480 2.257771 -2.171244
v -0.150452 2.271888 -2.143656
v -0.150051 2.289266 -2.118885
v -0.142823 2.274508 -2.090332
v -0.141148 2.298555 -2.078909
v -0.148337 2.307191 -2.102794
v -0.133086 2.266362 -2.090251
v -0.131691 2.291934 -2.074307
v -0.124712 2.278205 -2.112418
v -0.123319 2.293748 -2.149666
v -0.124142 2.311454 -2.135546
v -0.125443 2.301338 -2.100456
v -0.124142 2.311454 -2.135546
v -0.123319 2.293748 -2.149666
v -0.129880 2.304681 -2.169719
v -0.130262 2.318636 -2.160590
v -0.139552 2.307348 -2.170741
v -0.148261 2.303626 -2.155784
v -0.146441 2.316295 -2.141607
v -0.139480 2.319963 -2.166686
v -0.150051 2.289266 -2.118885
v -0.148337 2.307191 -2.102794
v -0.130336 2.322485 -2.054495
v -0.140746 2.327595 -2.062037
v -0.123979 2.329847 -2.086529
v -0.124215 2.341955 -2.129844
v -0.130178 2.344210 -2.153276
v -0.124215 2.341955 -2.129844
v -0.139649 2.345516 -2.159511
v -0.146867 2.339028 -2.134659
v -0.148024 2.332517 -2.094181
v -0.148024 2.332517 -2.094181
v -0.141815 2.360981 -2.057446
v -0.130951 2.356607 -2.045126
v -0.124513 2.357933 -2.078246
v -0.123556 2.359280 -2.126143
v -0.123556 2.359280 -2.126143
v -0.131234 2.368112 -2.149913
v -0.141004 2.367929 -2.148157
v -0.149541 2.362938 -2.130332
v -0.150856 2.360610 -2.086924
v -0.150856 2.360610 -2.086924
v -0.150929 2.177867 -2.340034
v -0.143518 2.176834 -2.332605
v -0.154448 2.176509 -2.387504
v -0.137661 2.178582 -2.348102
v -0.136296 2.180918 -2.386115
v -0.138591 2.176821 -2.425928
v -0.146193 2.172571 -2.429767
v -0.154018 2.168091 -2.425834
v -0.013581 2.400466 -2.292008
v -0.023990 2.397805 -2.254453
v -0.045132 2.401805 -2.138732
v -0.039175 2.403584 -2.194588
v -0.044305 2.379695 -2.247475
v -0.043082 2.389289 -2.254635
v -0.036729 2.404059 -2.227502
v -0.039384 2.383717 -2.269409
v -0.032299 2.402069 -2.244633
v -0.036276 2.366885 -2.273829
v -0.060490 2.400508 -2.132183
v -0.014841 2.394972 -2.370105
v -0.020601 2.376210 -2.427832
v -0.036371 2.352223 -2.441781
v -0.020601 2.376210 -2.427832
v -0.047178 2.349659 -2.396485
v -0.047058 2.357240 -2.345852
v -0.036276 2.366885 -2.273829
v -0.024746 2.446845 -2.250854
v -0.017495 2.422915 -2.271607
v -0.015186 2.454831 -2.273733
v -0.013393 2.421590 -2.340665
v -0.012610 2.423949 -2.302316
v -0.043351 2.435432 -2.134866
v -0.040591 2.433770 -2.173034
v -0.038045 2.455436 -2.176340
v -0.041332 2.460566 -2.135685
v -0.052173 2.453962 -2.127010
v -0.053016 2.430379 -2.123987
v -0.023359 2.417543 -2.445623
v -0.017721 2.438013 -2.396735
v -0.042641 2.385231 -2.460155
v -0.023359 2.417543 -2.445623
v -0.056722 2.374642 -2.393128
v -0.049210 2.376298 -2.327820
v -0.039384 2.383717 -2.269409
v -0.043082 2.389289 -2.254635
v -0.044305 2.379695 -2.247475
v -0.075751 2.371586 -2.277558
v -0.066593 2.430050 -2.431127
v -0.078191 2.440019 -2.376371
v -0.051628 2.444153 -2.485084
v -0.031320 2.484335 -2.471404
v -0.031320 2.484335 -2.471404
v -0.024680 2.520687 -2.418106
v -0.017433 2.483573 -2.368905
v -0.015353 2.499358 -2.330167
v -0.010900 2.454707 -2.311551
v -0.013855 2.446533 -2.356484
v -0.029998 2.550079 -2.297760
v -0.019439 2.500402 -2.298037
v -0.033877 2.424156 -2.223675
v -0.029898 2.423606 -2.237257
v -0.034210 2.446407 -2.210665
v -0.040296 2.500374 -2.194582
v -0.044069 2.500192 -2.160888
v -0.053108 2.495041 -2.144147
v -0.030005 2.572960 -2.609209
v -0.031423 2.541624 -2.658519
v -0.028024 2.561221 -2.717719
v -0.025700 2.603423 -2.667237
v -0.035686 2.570408 -2.786039
v -0.036196 2.630691 -2.749792
v -0.055387 2.559091 -2.839686
v -0.062346 2.621032 -2.823848
v -0.062346 2.621032 -2.823848
v -0.055387 2.559091 -2.839686
v -0.067391 2.549932 -2.794986
v -0.078015 2.591754 -2.769741
v -0.066887 2.535537 -2.728998
v -0.074902 2.566266 -2.694441
v -0.062241 2.504149 -2.654957
v -0.056107 2.480512 -2.603094
v -0.043314 2.498826 -2.614017
v -0.041214 2.519671 -2.583463
v -0.055284 2.494199 -2.578365
v -0.041214 2.519671 -2.583463
v -0.043314 2.498826 -2.614017
v -0.029193 2.511204 -2.729097
v -0.035822 2.520949 -2.781636
v -0.030799 2.503704 -2.670898
v -0.041999 2.476541 -2.625186
v -0.060847 2.472566 -2.669744
v -0.055365 2.460438 -2.612818
v -0.041999 2.476541 -2.625186
v -0.061040 2.495371 -2.736644
v -0.058808 2.514121 -2.786784
v -0.049286 2.515559 -2.812615
v -0.049286 2.515559 -2.812615
v -0.029329 2.456505 -2.680999
v -0.040465 2.442334 -2.629358
v -0.031682 2.464463 -2.747026
v -0.053540 2.432684 -2.624596
v -0.040465 2.442334 -2.629358
v -0.057371 2.437100 -2.682589
v -0.055596 2.451231 -2.746798
v -0.037359 2.486010 -2.774369
v -0.044241 2.448298 -2.773819
v -0.046913 2.478878 -2.788372
v -0.054973 2.481200 -2.775939
v -0.055596 2.451231 -2.746798
v -0.054973 2.481200 -2.775939
v -0.046913 2.478878 -2.788372
v -0.030531 2.360089 -2.758221
v -0.039450 2.355746 -2.776166
v -0.038371 2.385782 -2.780673
v -0.030189 2.397576 -2.760859
v -0.056120 2.399747 -2.744447
v -0.043932 2.403831 -2.780366
v -0.047846 2.351446 -2.770904
v -0.057611 2.347085 -2.726310
v -0.028363 2.393312 -2.722449
v -0.028385 2.364446 -2.712086
v -0.026940 2.367249 -2.655200
v -0.026673 2.412844 -2.686114
v -0.037960 2.405487 -2.625757
v -0.035193 2.356376 -2.605432
v -0.037960 2.405487 -2.625757
v -0.052376 2.397593 -2.627656
v -0.051212 2.350559 -2.616093
v -0.035193 2.356376 -2.605432
v -0.056513 2.395950 -2.681705
v -0.057638 2.346581 -2.665869
v -0.056120 2.399747 -2.744447
v -0.057611 2.347085 -2.726310
v -0.030255 2.332160 -2.703824
v -0.031834 2.324378 -2.737036
v -0.038116 2.326734 -2.756908
v -0.043571 2.306608 -2.746898
v -0.055460 2.298298 -2.713621
v -0.031352 2.317030 -2.659811
v -0.039056 2.316467 -2.590083
v -0.058379 2.297810 -2.661278
v -0.053158 2.300634 -2.594867
v -0.055460 2.298298 -2.713621
v -0.039056 2.316467 -2.590083
v -0.033663 2.265291 -2.601641
v -0.027569 2.266747 -2.662421
v -0.033663 2.265291 -2.601641
v -0.047303 2.247648 -2.601971
v -0.030764 2.274563 -2.712047
v -0.032298 2.305370 -2.715394
v -0.056803 2.250835 -2.671244
v -0.052836 2.259039 -2.723682
v -0.042443 2.261629 -2.745235
v -0.052836 2.259039 -2.723682
v -0.026893 2.240039 -2.701493
v -0.023700 2.219638 -2.696712
v -0.027301 2.221846 -2.745598
v -0.029077 2.243656 -2.728852
v -0.025850 2.212837 -2.633984
v -0.020740 2.217258 -2.668000
v -0.035208 2.216116 -2.764223
v -0.035571 2.238038 -2.746957
v -0.042244 2.215049 -2.763415
v -0.048480 2.213606 -2.737893
v -0.048480 2.213606 -2.737893
v -0.052844 2.200762 -2.689429
v -0.025850 2.212837 -2.633984
v -0.040366 2.198623 -2.624195
v -0.044249 2.175197 -2.706980
v -0.035345 2.172672 -2.664151
v -0.026452 2.183873 -2.656000
v -0.022858 2.184934 -2.688812
v -0.026452 2.183873 -2.656000
v -0.022230 2.195481 -2.752312
v -0.021118 2.195757 -2.710821
v -0.031366 2.195965 -2.768891
v -0.035895 2.188111 -2.760982
v -0.042650 2.183120 -2.740858
v -0.042650 2.183120 -2.740858
v -0.030184 2.166675 -2.700332
v -0.022858 2.184934 -2.688812
v -0.028027 2.167516 -2.729187
v -0.025494 2.180351 -2.736766
v -0.030184 2.166675 -2.700332
v -0.038927 2.170487 -2.737167
v -0.037399 2.167989 -2.721136
v -0.026702 2.591942 -2.498044
v -0.037912 2.519559 -2.526090
v -0.023373 2.629777 -2.407279
v -0.020684 2.553440 -2.352656
v -0.030237 2.641704 -2.331101
v -0.043598 2.641701 -2.283210
v -0.041346 2.544691 -2.253214
v -0.065830 2.626402 -2.198884
v -0.062574 2.536817 -2.151460
v -0.046852 2.551059 -2.190371
v -0.050597 2.638835 -2.228721
v -0.054216 2.478990 -2.537962
v -0.037912 2.519559 -2.526090
v -0.065385 2.478882 -2.502846
v -0.074193 2.494767 -2.472401
v -0.083716 2.508635 -2.430433
v -0.091860 2.569410 -2.497944
v -0.087661 2.596954 -2.650302
v -0.098454 2.629400 -2.575550
v -0.091568 2.639158 -2.715082
v -0.076043 2.704400 -2.755433
v -0.041445 2.701970 -2.649341
v -0.076043 2.704400 -2.755433
v -0.025604 2.653659 -2.581308
v -0.027807 2.702637 -2.470882
v -0.044927 2.775752 -2.548830
v -0.035589 2.717312 -2.379154
v -0.048456 2.710692 -2.316026
v -0.058056 2.692744 -2.261203
v -0.044275 2.791345 -2.418076
v -0.057879 2.782708 -2.338942
v -0.065097 2.758874 -2.295183
v -0.073772 2.795341 -2.298675
v -0.073250 2.760882 -2.275523
v -0.073693 2.372275 -2.164675
v -0.069392 2.400538 -2.136495
v -0.075607 2.384605 -2.162393
v -0.074528 2.400154 -2.128428
v -0.078958 2.386077 -2.157005
v -0.071578 2.417193 -2.115524
v -0.067241 2.418667 -2.122238
v -0.061837 2.439536 -2.118501
v -0.073108 2.436162 -2.096058
v -0.076440 2.529593 -2.127273
v -0.069253 2.684931 -2.229837
v -0.065022 2.727308 -2.269686
v -0.072442 2.726525 -2.251959
v -0.077954 2.392271 -2.101875
v -0.080499 2.373684 -2.154329
v -0.084710 2.395017 -2.045835
v -0.102399 2.388954 -2.076249
v -0.091576 2.618236 -2.138494
v -0.086601 2.534580 -2.084125
v -0.079180 2.619416 -2.171823
v -0.078689 2.487263 -2.081715
v -0.084205 2.489507 -2.054016
v -0.075958 2.445593 -2.059654
v -0.077784 2.414237 -2.079078
v -0.104359 2.432158 -2.056651
v -0.092349 2.439046 -2.034701
v -0.093668 2.485224 -2.054758
v -0.103576 2.513157 -2.082702
v -0.107893 2.597406 -2.137921
v -0.084174 2.411644 -2.044666
v -0.093825 2.406276 -2.051009
v -0.081561 2.682194 -2.205002
v -0.094970 2.681696 -2.182515
v -0.111414 2.667403 -2.180650
v -0.082857 2.727330 -2.232731
v -0.095482 2.733548 -2.219539
v -0.113605 2.728317 -2.208946
v -0.079912 2.366015 -2.231444
v -0.084168 2.393062 -2.282181
v -0.081890 2.378628 -2.218743
v -0.073693 2.372275 -2.164675
v -0.075607 2.384605 -2.162393
v -0.078958 2.386077 -2.157005
v -0.086294 2.385562 -2.194227
v -0.080499 2.373684 -2.154329
v -0.091440 2.372924 -2.186002
v -0.103792 2.370983 -2.190347
v -0.106322 2.391719 -2.203800
v -0.097524 2.391272 -2.208844
v -0.096345 2.406365 -2.243315
v -0.102897 2.458506 -2.291083
v -0.092084 2.445547 -2.339053
v -0.110172 2.410539 -2.224473
v -0.117210 2.454260 -2.268254
v -0.108033 2.515151 -2.335951
v -0.096561 2.506005 -2.387256
v -0.114943 2.371665 -2.183977
v -0.114932 2.388085 -2.197098
v -0.122251 2.403995 -2.202684
v -0.128986 2.455045 -2.230481
v -0.122324 2.511999 -2.315548
v -0.135617 2.513192 -2.282031
v -0.113731 2.371701 -2.137636
v -0.113731 2.371701 -2.137636
v -0.112299 2.390523 -2.096076
v -0.118328 2.378201 -2.142186
v -0.115099 2.408046 -2.068719
v -0.110373 2.408236 -2.072277
v -0.117429 2.433204 -2.058294
v -0.117651 2.389840 -2.089954
v -0.120963 2.378585 -2.132416
v -0.122795 2.390070 -2.064401
v -0.122750 2.373184 -2.120521
v -0.118328 2.378201 -2.142186
v -0.121987 2.382453 -2.177781
v -0.120963 2.378585 -2.132416
v -0.126341 2.382076 -2.163328
v -0.122750 2.373184 -2.120521
v -0.126706 2.373822 -2.149159
v -0.131942 2.390232 -2.038589
v -0.131855 2.419936 -2.031054
v -0.126487 2.417240 -2.040788
v -0.126123 2.444273 -2.044590
v -0.132747 2.448944 -2.032730
v -0.122576 2.506131 -2.084710
v -0.128206 2.476954 -2.056727
v -0.134395 2.478846 -2.049840
v -0.140757 2.444022 -2.047135
v -0.138901 2.420977 -2.042854
v -0.144078 2.398019 -2.052836
v -0.141899 2.469195 -2.059045
v -0.098553 2.578435 -2.431169
v -0.104355 2.641826 -2.489955
v -0.134418 2.395827 -2.182490
v -0.142963 2.445102 -2.222342
v -0.147368 2.393885 -2.158665
v -0.154815 2.387815 -2.129990
v -0.156000 2.438640 -2.169629
v -0.149372 2.510758 -2.262425
v -0.162109 2.518872 -2.217314
v -0.111403 2.580167 -2.373814
v -0.127305 2.571972 -2.359399
v -0.117455 2.640686 -2.423787
v -0.133387 2.625671 -2.409134
v -0.142658 2.571339 -2.339649
v -0.154127 2.578544 -2.312561
v -0.147395 2.624975 -2.398326
v -0.158348 2.633134 -2.381923
v -0.098753 2.693106 -2.636705
v -0.107714 2.701044 -2.540377
v -0.125551 2.695528 -2.471535
v -0.083149 2.778919 -2.661242
v -0.102689 2.766440 -2.563353
v -0.121092 2.755403 -2.498222
v -0.143793 2.706500 -2.461153
v -0.141105 2.751667 -2.495768
v -0.165090 2.594385 -2.278234
v -0.153704 2.391495 -2.087285
v -0.153704 2.391495 -2.087285
v -0.147796 2.435061 -2.065866
v -0.156424 2.419755 -2.104150
v -0.158215 2.411888 -2.133601
v -0.156424 2.419755 -2.104150
v -0.149088 2.492447 -2.083183
v -0.159802 2.470289 -2.129470
v -0.159802 2.470289 -2.129470
v -0.165102 2.542378 -2.159792
v -0.165102 2.542378 -2.159792
v -0.153151 2.565438 -2.119572
v -0.136053 2.519669 -2.060312
v -0.138381 2.582791 -2.100378
v -0.123620 2.586776 -2.119390
v -0.126619 2.654197 -2.164702
v -0.130107 2.714044 -2.196246
v -0.140506 2.642913 -2.151406
v -0.141647 2.691314 -2.183121
v -0.153581 2.634024 -2.162427
v -0.149455 2.695790 -2.203447
v -0.168464 2.618358 -2.200900
v -0.168464 2.618358 -2.200900
v -0.164401 2.689604 -2.254872
v -0.166864 2.672841 -2.351095
v -0.164401 2.689604 -2.254872
v -0.090884 2.784705 -2.258806
v -0.113187 2.782205 -2.238468
v -0.136013 2.757983 -2.231444
v -0.157817 2.700649 -2.431324
v -0.157516 2.749603 -2.456712
v -0.156303 2.757392 -2.290938
v -0.164209 2.749374 -2.382734
v -0.156303 2.757392 -2.290938
v -0.083149 2.778919 -2.661242
v -0.082256 2.758640 -2.255300
v -0.145820 2.815869 -2.341115
v -0.155371 2.802974 -2.414588
v -0.130878 2.825601 -2.280638
v -0.145820 2.815869 -2.341115
v -0.110326 2.841013 -2.267865
v -0.091078 2.838366 -2.281213
v -0.074387 2.842780 -2.315678
v -0.059960 2.844853 -2.359365
v -0.051738 2.854733 -2.429012
v -0.079422 2.833186 -2.598431
v -0.057579 2.838475 -2.522027
v -0.100823 2.819137 -2.550925
v -0.079422 2.833186 -2.598431
v -0.117732 2.799982 -2.510966
v -0.135984 2.792808 -2.501698
v -0.152840 2.790353 -2.466213
v -0.141330 2.861904 -2.369337
v -0.142958 2.841775 -2.463480
v -0.128543 2.870906 -2.300878
v -0.141330 2.861904 -2.369337
v -0.110360 2.886522 -2.285449
v -0.091022 2.877428 -2.293155
v -0.075475 2.880570 -2.318099
v -0.061980 2.888217 -2.353832
v -0.056519 2.901548 -2.412443
v -0.080580 2.874369 -2.556612
v -0.061615 2.890027 -2.502014
v -0.103122 2.856109 -2.541296
v -0.080580 2.874369 -2.556612
v -0.130742 2.820416 -2.507208
v -0.116019 2.829157 -2.516577
v -0.145648 2.812842 -2.479692
v -0.142958 2.841775 -2.463480
v -0.141330 2.861904 -2.369337
v -0.149165 2.882697 -2.420274
v -0.145471 2.875908 -2.506998
v -0.139431 2.883696 -2.339797
v -0.131769 2.890307 -2.306078
v -0.135318 2.911270 -2.320930
v -0.143915 2.901117 -2.357087
v -0.120852 2.900541 -2.289291
v -0.121580 2.923805 -2.300712
v -0.078095 2.915462 -2.316833
v -0.091042 2.906713 -2.299345
v -0.091022 2.877428 -2.293155
v -0.075475 2.880570 -2.318099
v -0.061980 2.888217 -2.353832
v -0.067081 2.921026 -2.344497
v -0.061615 2.890027 -2.502014
v -0.080580 2.874369 -2.556612
v -0.081454 2.926326 -2.544893
v -0.066463 2.949775 -2.490547
v -0.056519 2.901548 -2.412443
v -0.066805 2.955652 -2.393659
v -0.103122 2.856109 -2.541296
v -0.103728 2.905026 -2.556277
v -0.125059 2.849101 -2.514540
v -0.125558 2.888708 -2.548869
v -0.087233 2.956552 -2.334999
v -0.105436 2.929781 -2.307360
v -0.110360 2.886522 -2.285449
v -0.160022 2.925499 -2.456991
v -0.153147 2.918273 -2.557031
v -0.141138 2.934212 -2.350179
v -0.148211 2.920670 -2.380915
v -0.129511 2.944375 -2.329925
v -0.107389 3.019576 -2.370035
v -0.126014 2.983033 -2.354365
v -0.085859 3.037214 -2.432380
v -0.082941 3.018352 -2.534040
v -0.093590 2.985080 -2.589169
v -0.134684 2.929405 -2.612082
v -0.113291 2.955897 -2.614661
v -0.177855 2.985259 -2.528228
v -0.169113 2.966941 -2.613061
v -0.160022 2.925499 -2.456991
v -0.151149 2.966822 -2.391775
v -0.170807 3.021244 -2.455300
v -0.177855 2.985259 -2.528228
v -0.150480 3.061177 -2.431182
v -0.130357 3.099784 -2.440486
v -0.111518 3.109624 -2.509428
v -0.104108 3.093663 -2.602940
v -0.110493 3.050568 -2.681702
v -0.151110 2.973791 -2.679395
v -0.129194 3.003103 -2.694019
v -0.125059 2.849101 -2.514540
v -0.201218 3.061627 -2.602332
v -0.193327 3.042196 -2.688851
v -0.192189 3.102497 -2.529501
v -0.201218 3.061627 -2.602332
v -0.174332 3.142836 -2.506258
v -0.152756 3.182029 -2.516208
v -0.134456 3.188757 -2.596005
v -0.125400 3.171708 -2.695302
v -0.131898 3.126018 -2.779087
v -0.175251 3.046656 -2.761964
v -0.151890 3.079325 -2.794035
v -0.222639 3.129071 -2.784379
v -0.230829 3.140384 -2.688435
v -0.263563 3.228081 -2.740715
v -0.253386 3.213198 -2.850910
v -0.230829 3.140384 -2.688435
v -0.219086 3.185062 -2.604451
v -0.249412 3.276637 -2.658435
v -0.263563 3.228081 -2.740715
v -0.197770 3.232113 -2.572836
v -0.223284 3.322540 -2.637477
v -0.174030 3.262659 -2.594700
v -0.193091 3.363129 -2.649033
v -0.155096 3.266791 -2.680818
v -0.169870 3.363410 -2.753284
v -0.146234 3.250391 -2.793848
v -0.162650 3.338722 -2.886864
v -0.152111 3.207583 -2.888085
v -0.169113 3.287531 -3.000500
v -0.176524 3.163750 -2.891665
v -0.202439 3.139212 -2.849012
v -0.228472 3.229693 -2.939338
v -0.201902 3.250185 -2.996840
v -0.275645 3.298051 -2.915182
v -0.286192 3.314487 -2.800141
v -0.297422 3.363582 -2.860372
v -0.292581 3.342618 -2.963986
v -0.286192 3.314487 -2.800141
v -0.273811 3.355185 -2.732193
v -0.286990 3.407341 -2.803977
v -0.297422 3.363582 -2.860372
v -0.276064 3.445292 -2.771554
v -0.252612 3.422506 -2.706656
v -0.261952 3.502275 -2.756866
v -0.282020 3.484635 -2.796314
v -0.213770 3.457172 -2.709624
v -0.231815 3.533917 -2.776672
v -0.187479 3.452047 -2.825512
v -0.204994 3.527785 -2.889594
v -0.177328 3.424770 -2.966609
v -0.198423 3.493529 -3.033244
v -0.189178 3.367341 -3.101286
v -0.210354 3.440036 -3.160906
v -0.228037 3.333806 -3.103663
v -0.251377 3.307173 -3.006323
v -0.272655 3.347739 -3.048867
v -0.254738 3.354952 -3.108972
v -0.238371 3.407108 -3.180589
v -0.082583 2.445839 -2.033847
v -0.141330 2.861904 -2.369337
v -0.128543 2.870906 -2.300878
v -0.149165 2.882697 -2.420274
v -0.156843 2.673643 -2.419287
v -0.136486 2.665709 -2.442626
v -0.147449 2.672171 -2.436674
v -0.302022 3.376172 -3.000691
v -0.305442 3.395077 -2.906287
v -0.317885 3.430726 -2.949353
v -0.312872 3.408548 -3.047021
v -0.305442 3.395077 -2.906287
v -0.294344 3.450075 -2.844078
v -0.305474 3.477376 -2.889902
v -0.317885 3.430726 -2.949353
v -0.291703 3.515830 -2.848206
v -0.273572 3.550276 -2.825965
v -0.248204 3.585624 -2.846928
v -0.224548 3.578944 -2.948425
v -0.220719 3.544106 -3.086648
v -0.231320 3.496989 -3.203932
v -0.262370 3.391171 -3.149846
v -0.271128 3.435130 -3.177087
v -0.251891 3.454881 -3.228606
v -0.282934 3.384302 -3.084744
v -0.292638 3.421480 -3.110649
v -0.330227 3.482095 -3.003015
v -0.325475 3.454678 -3.088719
v -0.317831 3.512898 -2.938023
v -0.330227 3.482095 -3.003015
v -0.303767 3.544451 -2.903514
v -0.288267 3.574634 -2.891533
v -0.265907 3.614753 -2.910911
v -0.242561 3.611859 -3.006895
v -0.241987 3.577523 -3.129552
v -0.250630 3.546907 -3.206295
v -0.281172 3.478584 -3.187551
v -0.266896 3.509217 -3.228297
v -0.301553 3.458220 -3.139344
v -0.332111 3.503977 -3.120162
v -0.337777 3.535867 -3.051556
v -0.339719 3.577883 -3.081633
v -0.331193 3.556758 -3.136511
v -0.326875 3.555592 -2.974077
v -0.313754 3.567555 -2.943556
v -0.308288 3.599360 -2.950659
v -0.329613 3.593203 -3.012335
v -0.279038 3.622157 -2.928596
v -0.250045 3.617263 -3.016623
v -0.247105 3.588266 -3.130416
v -0.255746 3.562447 -3.204296
v -0.287019 3.510525 -3.200941
v -0.272692 3.543460 -3.240530
v -0.307457 3.503000 -3.175116
v -0.308402 3.541977 -3.200215
v -0.340934 3.659442 -3.111222
v -0.336244 3.646828 -3.179317
v -0.339719 3.577883 -3.081633
v -0.331660 3.667951 -3.043535
v -0.340934 3.659442 -3.111222
v -0.315093 3.673681 -2.978857
v -0.284302 3.682566 -2.921511
v -0.247904 3.653194 -3.017099
v -0.243340 3.625047 -3.142937
v -0.252664 3.607676 -3.223910
v -0.314319 3.621638 -3.248924
v -0.271814 3.604393 -3.280667
v -0.022980 2.217917 -2.676178
v -0.027851 2.251889 -2.679794
v -0.030941 2.261690 -2.715613
v -0.040488 2.249891 -2.741752
v -0.039439 2.216298 -2.760709
v -0.024064 2.189280 -2.691906
v -0.026175 2.190573 -2.737753
v -0.034659 2.193389 -2.760207
v -0.030371 2.422836 -2.751387
v 0.080134 4.324460 -2.804945
v 0.082607 4.247261 -2.929707
v 0.142818 4.319761 -2.967342
v 0.136870 4.487401 -2.793153
v 0.191476 4.777213 -3.429211
v 0.105713 4.859092 -3.538040
v 0.109238 4.931811 -3.163375
v 0.188698 4.839538 -3.014418
v 0.081110 4.170460 -3.147704
v 0.137243 4.240167 -3.173028
v 0.166996 4.651538 -3.703056
v 0.095374 4.707769 -3.849263
v 0.129008 4.178795 -3.524698
v 0.066705 4.115994 -3.488570
v 0.066543 4.046765 -3.532898
v 0.126072 4.104717 -3.614442
v 0.169539 4.200047 -3.748016
v 0.179909 4.307239 -3.585062
v 0.169539 4.200047 -3.748016
v 0.182831 4.316480 -3.916729
v 0.195743 4.483525 -3.741470
v 0.179909 4.307239 -3.585062
v 0.147512 4.439964 -4.039604
v 0.079454 4.499952 -4.102018
v 0.171923 4.629484 -2.742313
v 0.196887 4.717427 -2.796679
v 0.123853 4.754550 -2.740803
v 0.123227 4.637964 -2.678344
v 0.069015 4.937176 -2.877734
v 0.111444 4.872168 -2.832028
v 0.103786 4.592962 -2.460593
v 0.075785 4.487593 -2.482956
v 0.070285 4.483781 -2.558774
v 0.105387 4.554435 -2.563645
v 0.112147 4.694916 -2.505417
v 0.115373 4.665226 -2.600284
v 0.005038 4.505476 -4.099377
v 0.005352 4.671294 -3.875104
v 0.015683 4.855924 -3.538690
v 0.019643 4.933521 -3.191936
v 0.004189 4.956575 -2.915553
v -0.000193 4.195221 -2.929002
v 0.000087 4.141968 -3.131510
v 0.000784 4.090738 -3.472578
v 0.000513 4.028503 -3.504214
v 0.239114 4.622200 -2.793276
v 0.203650 4.568659 -2.751103
v 0.224448 4.471883 -2.740652
v 0.261747 4.505946 -2.787874
v 0.181201 4.479911 -2.816849
v 0.196489 4.418057 -2.840301
v 0.178706 4.382526 -3.087262
v 0.185994 4.389898 -3.084578
v 0.194268 4.353985 -3.329298
v 0.206187 4.399545 -3.514441
v 0.209495 4.404070 -3.458057
v 0.193922 4.370787 -3.305856
v 0.194268 4.353985 -3.329298
v 0.193922 4.370787 -3.305856
v 0.219867 4.521133 -3.594266
v 0.225044 4.449805 -3.514121
v 0.226004 4.579899 -3.540774
v 0.244421 4.500726 -3.442779
v 0.237306 4.644963 -3.322888
v 0.261349 4.528188 -3.256164
v 0.252606 4.680550 -3.018090
v 0.277933 4.533406 -2.991280
v 0.265797 4.327969 -2.812725
v 0.232329 4.298964 -2.778353
v 0.235145 4.212693 -2.812409
v 0.262709 4.241227 -2.844682
v 0.200177 4.271632 -2.859349
v 0.207041 4.183298 -2.875542
v 0.184222 4.262730 -3.034125
v 0.192220 4.169881 -3.013336
v 0.186626 4.274739 -3.232093
v 0.207605 4.299476 -3.363150
v 0.207942 4.210912 -3.302796
v 0.191041 4.181677 -3.180850
v 0.186626 4.274739 -3.232093
v 0.191041 4.181677 -3.180850
v 0.231798 4.325301 -3.399724
v 0.233464 4.244419 -3.336558
v 0.254741 4.338985 -3.327255
v 0.255259 4.252219 -3.272773
v 0.275775 4.341157 -3.163017
v 0.273826 4.259195 -3.124645
v 0.284360 4.337693 -2.956713
v 0.278462 4.255768 -2.957235
v 0.172818 4.292373 -3.211782
v 0.178985 4.278898 -3.385807
v 0.206187 4.399545 -3.514441
v 0.177049 4.143105 -4.049522
v 0.167458 4.055904 -3.836253
v 0.167980 3.938789 -3.878189
v 0.171640 3.998948 -4.118644
v 0.130336 3.869949 -3.672850
v 0.167980 3.938789 -3.878189
v 0.167458 4.055904 -3.836253
v 0.127722 3.983301 -3.651346
v 0.067168 3.939874 -3.541914
v 0.067953 3.828170 -3.547088
v -0.000690 3.823940 -3.491447
v -0.000073 3.926330 -3.507973
v 0.075612 4.272859 -4.301028
v 0.141986 4.226555 -4.228585
v 0.133946 4.051549 -4.311234
v 0.072333 4.079543 -4.401127
v 0.188761 3.662716 -4.271328
v 0.177789 3.672641 -3.998864
v 0.163179 3.620186 -4.001419
v 0.170581 3.607409 -4.211197
v 0.120531 3.632948 -3.763637
v 0.163179 3.620186 -4.001419
v 0.177789 3.672641 -3.998864
v 0.134763 3.645990 -3.734303
v 0.071301 3.632782 -3.618555
v 0.064789 3.614854 -3.687535
v -0.000331 3.641530 -3.566221
v 0.000008 3.623086 -3.648797
v 0.083520 3.631313 -4.565817
v 0.143485 3.635600 -4.469388
v 0.138031 3.590116 -4.407095
v 0.089471 3.583208 -4.462100
v 0.229305 4.387846 -2.749020
v 0.198308 4.354747 -2.852669
v 0.184053 4.339378 -3.056258
v 0.189889 4.341892 -3.274418
v 0.189889 4.341892 -3.274418
v 0.206061 4.381407 -3.428041
v 0.225532 4.403266 -3.466021
v 0.250202 4.431843 -3.390599
v 0.270589 4.433564 -3.215749
v 0.284157 4.427121 -2.972802
v 0.266653 4.415787 -2.791078
v 0.172128 3.729438 -4.002911
v 0.131498 3.703834 -3.759914
v 0.068201 3.682799 -3.607945
v -0.000784 3.682321 -3.539804
v 0.078241 3.745957 -4.516693
v 0.140783 3.763751 -4.432550
v 0.177783 3.761660 -4.249868
v 0.172128 3.729438 -4.002911
v 0.168610 3.824718 -3.938699
v 0.128123 3.777840 -3.721005
v 0.066835 3.756514 -3.557580
v -0.000921 3.752392 -3.497999
v 0.073256 3.883734 -4.505434
v 0.134029 3.874824 -4.399751
v 0.174100 3.864839 -4.190722
v 0.168610 3.824718 -3.938699
v 0.004339 4.282436 -4.306107
v 0.238090 4.128804 -2.812224
v 0.264830 4.157253 -2.848808
v 0.212027 4.097282 -2.867109
v 0.196393 4.081445 -2.994544
v 0.210410 4.108497 -3.267139
v 0.195450 4.083436 -3.143294
v 0.195450 4.083436 -3.143294
v 0.235131 4.148867 -3.307839
v 0.259571 4.171134 -3.247808
v 0.277389 4.182766 -3.108423
v 0.280127 4.176629 -2.957308
v 0.267658 4.083503 -2.852834
v 0.242238 4.047813 -2.813136
v 0.247986 3.975132 -2.800820
v 0.270458 4.025691 -2.837427
v 0.218180 4.019457 -2.863791
v 0.223814 3.948653 -2.854848
v 0.200371 4.000710 -2.980995
v 0.208574 3.923757 -2.969370
v 0.200455 3.990481 -3.120597
v 0.216161 4.018250 -3.232647
v 0.221390 3.951944 -3.216637
v 0.207833 3.920527 -3.107203
v 0.200455 3.990481 -3.120597
v 0.207833 3.920527 -3.107203
v 0.240785 4.064123 -3.274384
v 0.244931 4.004380 -3.256736
v 0.264800 4.101586 -3.219050
v 0.268374 4.051362 -3.211334
v 0.280028 4.117296 -3.098889
v 0.283434 4.074934 -3.088362
v 0.280886 4.112524 -2.957838
v 0.283739 4.067562 -2.946319
v 0.302309 3.760431 -2.775913
v 0.265583 3.754898 -2.758422
v 0.265376 3.717223 -2.714284
v 0.307655 3.721361 -2.727267
v 0.235583 3.733722 -2.833898
v 0.230026 3.695346 -2.799156
v 0.219203 3.704421 -2.965865
v 0.211483 3.659294 -2.948319
v 0.222008 3.677195 -3.100782
v 0.243585 3.662878 -3.195719
v 0.243056 3.598372 -3.206863
v 0.216407 3.620925 -3.101483
v 0.222008 3.677195 -3.100782
v 0.216407 3.620925 -3.101483
v 0.276694 3.693713 -3.228614
v 0.282221 3.617696 -3.234931
v 0.306647 3.746209 -3.168649
v 0.320848 3.669611 -3.166508
v 0.325903 3.768313 -3.036775
v 0.342259 3.701811 -3.012516
v 0.324304 3.768302 -2.883808
v 0.338402 3.712903 -2.840154
v 0.260416 3.826218 -2.758805
v 0.230250 3.806762 -2.823718
v 0.229534 3.798583 -2.820447
v 0.262321 3.819020 -2.742383
v 0.211713 3.781866 -2.950669
v 0.210742 3.768970 -2.967983
v 0.214324 3.762470 -3.104853
v 0.212508 3.742510 -3.125378
v 0.214324 3.762470 -3.104853
v 0.234516 3.758252 -3.214873
v 0.234512 3.733528 -3.239771
v 0.212508 3.742510 -3.125378
v 0.262920 3.797077 -3.248333
v 0.267002 3.771000 -3.274537
v 0.291009 3.843987 -3.191268
v 0.297783 3.828881 -3.211907
v 0.308624 3.867647 -3.057375
v 0.317965 3.854647 -3.064645
v 0.309756 3.857815 -2.899312
v 0.319400 3.841768 -2.889803
v 0.291182 3.836776 -2.783733
v 0.297562 3.828112 -2.768475
v 0.265791 3.686758 -2.755828
v 0.303406 3.687860 -2.764361
v 0.233806 3.669439 -2.824319
v 0.218533 3.640083 -2.942997
v 0.249218 3.583152 -3.147132
v 0.223997 3.606185 -3.063828
v 0.223997 3.606185 -3.063828
v 0.285382 3.599146 -3.167222
v 0.319949 3.629315 -3.108216
v 0.337451 3.662923 -2.986019
v 0.332078 3.681996 -2.853807
v 0.026397 4.260904 -2.787044
v 0.073320 4.417700 -2.713463
v 0.036425 4.318836 -2.706662
v 0.114155 4.502865 -2.670845
v 0.003697 4.958104 -2.755492
v 0.003969 5.023994 -2.804598
v 0.066435 4.980145 -2.762816
v 0.062382 4.929900 -2.738537
v 0.097495 4.880949 -2.717325
v 0.102861 4.928520 -2.680184
v 0.115099 4.816544 -2.562837
v 0.112873 4.774896 -2.663678
v 0.048159 4.406488 -2.518122
v 0.044913 4.412613 -2.560337
v 0.109762 4.582770 -2.442432
v 0.083638 4.479099 -2.468393
v 0.121243 4.697164 -2.473329
v 0.055085 4.403169 -2.507876
v 0.076312 4.988553 -2.789464
v 0.112606 4.911911 -2.676394
v 0.121985 4.816213 -2.566723
v 0.121918 4.541965 -2.548794
v 0.139462 4.517282 -2.643409
v 0.118456 4.413483 -2.669183
v 0.100236 4.453261 -2.557678
v 0.132252 4.663641 -2.556408
v 0.149658 4.637383 -2.669448
v 0.076955 4.949422 -2.793406
v 0.082127 4.950608 -2.915856
v 0.125169 4.886018 -2.825023
v 0.117724 4.895482 -2.721844
v 0.151735 4.763885 -2.737116
v 0.130954 4.791664 -2.640896
v 0.064948 4.361696 -2.574664
v 0.072238 4.130508 -3.360923
v 0.000527 4.105491 -3.354901
v 0.132506 4.196435 -3.377931
v 0.004116 5.033725 -2.847160
v 0.004123 4.995955 -2.889085
v 0.004538 4.976691 -2.956501
v 0.003516 4.084548 -4.420315
v 0.001219 3.733144 -4.555918
v 0.002195 3.882788 -4.548492
v 0.000291 3.620091 -4.587492
v 0.000010 3.577608 -4.484933
v 0.285513 3.884408 -2.780194
v 0.256640 3.853321 -2.745327
v 0.259345 3.820421 -2.795727
v 0.283756 3.830134 -2.819394
v 0.302644 3.911933 -2.903438
v 0.297527 3.853585 -2.915147
v 0.300624 3.938095 -3.069157
v 0.297202 3.857389 -3.041831
v 0.283030 3.911562 -3.203579
v 0.282899 3.839741 -3.149383
v 0.256419 3.846485 -3.256040
v 0.260259 3.806976 -3.196445
v 0.228905 3.796582 -3.213803
v 0.237764 3.772476 -3.167197
v 0.211039 3.781728 -3.094332
v 0.221621 3.772505 -3.074971
v 0.210849 3.790330 -2.940132
v 0.211039 3.781728 -3.094332
v 0.221621 3.772505 -3.074971
v 0.220146 3.786383 -2.951056
v 0.228083 3.817579 -2.806871
v 0.234833 3.804690 -2.845647
v 0.276658 3.925739 -2.822929
v 0.254553 3.888556 -2.790307
v 0.288592 3.965067 -2.930122
v 0.286772 3.979595 -3.067075
v 0.272643 3.953380 -3.179560
v 0.251829 3.894350 -3.223903
v 0.230588 3.843279 -3.188212
v 0.217082 3.822652 -3.086287
v 0.217821 3.825868 -2.954717
v 0.217082 3.822652 -3.086287
v 0.231941 3.851020 -2.840729
v 0.277778 3.987545 -2.791685
v 0.251962 3.937193 -2.752842
v 0.290894 4.036138 -2.925873
v 0.287599 4.035549 -3.083541
v 0.272183 4.012796 -3.213994
v 0.247543 3.952647 -3.280323
v 0.222203 3.883862 -3.237365
v 0.207357 3.853609 -3.113268
v 0.208739 3.856092 -2.952738
v 0.207357 3.853609 -3.113268
v 0.225611 3.887651 -2.815111
v 0.267332 3.671468 -2.782506
v 0.299076 3.672643 -2.789489
v 0.239467 3.656366 -2.840613
v 0.226667 3.632093 -2.941385
v 0.253192 3.582134 -3.112108
v 0.231335 3.602855 -3.042590
v 0.231335 3.602855 -3.042590
v 0.284519 3.592000 -3.125853
v 0.313935 3.616573 -3.074290
v 0.328561 3.648137 -2.972541
v 0.323668 3.666312 -2.862856
v 0.036425 4.318836 -2.706662
v 0.073320 4.417700 -2.713463
v 0.114155 4.502865 -2.670845
v 0.123227 4.637964 -2.678344
v 0.123853 4.754550 -2.740803
v 0.111444 4.872168 -2.832028
v 0.069015 4.937176 -2.877734
v 0.004189 4.956575 -2.915553
v 0.159531 3.584618 -4.000558
v 0.166586 3.573656 -4.200658
v 0.118880 3.598358 -3.774252
v 0.159531 3.584618 -4.000558
v 0.065749 3.589648 -3.705264
v 0.135561 3.557172 -4.387377
v 0.089276 3.549370 -4.439656
v 0.000008 3.583310 -3.666593
v 0.000009 3.548571 -4.461977
v 0.000370 2.340847 -1.615029
v -0.000883 2.308743 -1.601473
v 0.009637 2.313112 -1.590195
v 0.009661 2.343226 -1.597437
v 0.008126 2.287241 -1.581452
v -0.001999 2.282938 -1.591019
v -0.004395 2.306585 -1.652373
v -0.005573 2.281866 -1.636859
v -0.002378 2.334705 -1.659144
v -0.000053 2.330806 -1.699986
v -0.002486 2.303364 -1.695631
v -0.003689 2.279761 -1.683223
v 0.021895 2.312789 -1.610621
v 0.018851 2.345456 -1.616116
v 0.020146 2.287240 -1.604973
v 0.001081 2.246207 -1.596090
v 0.009970 2.237473 -1.572398
v 0.009534 2.265742 -1.586936
v -0.000299 2.265402 -1.595142
v -0.004849 2.231917 -1.631471
v -0.003237 2.261148 -1.638243
v -0.003923 2.225705 -1.679732
v -0.002440 2.255426 -1.682417
v -0.004816 2.362587 -1.654433
v -0.009136 2.391122 -1.654651
v -0.004330 2.382200 -1.700897
v -0.000126 2.355081 -1.704479
v -0.005842 2.400410 -1.600516
v -0.001545 2.368953 -1.614149
v 0.007165 2.399202 -1.590297
v 0.008209 2.369312 -1.598225
v 0.019683 2.394470 -1.620109
v 0.018322 2.368082 -1.620529
v 0.005034 2.227591 -1.706218
v -0.003923 2.225705 -1.679732
v -0.002440 2.255426 -1.682417
v 0.006703 2.251397 -1.699804
v -0.003689 2.279761 -1.683223
v -0.002486 2.303364 -1.695631
v 0.008084 2.299072 -1.716783
v 0.007666 2.274830 -1.705192
v -0.000053 2.330806 -1.699986
v 0.010650 2.327893 -1.725905
v -0.004330 2.382200 -1.700897
v 0.008097 2.377083 -1.725416
v 0.010177 2.353301 -1.721599
v -0.000126 2.355081 -1.704479
v -0.000648 2.196873 -1.584276
v 0.006137 2.196850 -1.568440
v 0.005880 2.218841 -1.579894
v 0.001229 2.220705 -1.593848
v -0.004725 2.195216 -1.608073
v -0.002632 2.216810 -1.611013
v -0.005062 2.180498 -1.664709
v -0.006841 2.192021 -1.633835
v 0.003991 2.180255 -1.688043
v -0.005062 2.180498 -1.664709
v 0.019774 2.263067 -1.602331
v 0.020525 2.232735 -1.588809
v 0.012755 2.195729 -1.561815
v 0.020384 2.185075 -1.571945
v -0.006131 2.175306 -1.594805
v -0.003527 2.173118 -1.566606
v 0.002149 2.173030 -1.546548
v 0.009040 2.161408 -1.553000
v 0.017100 2.156435 -1.578204
v -0.001660 2.153784 -1.648319
v -0.006947 2.155387 -1.617507
v 0.005526 2.157871 -1.668752
v -0.001660 2.153784 -1.648319
v 0.023227 2.190643 -1.625047
v 0.020384 2.185075 -1.571945
v 0.017100 2.156435 -1.578204
v 0.020063 2.162793 -1.619847
v 0.014262 2.154437 -1.656635
v 0.018167 2.184587 -1.684937
v 0.006666 2.141921 -1.618211
v 0.006666 2.141921 -1.618211
v 0.000075 2.150664 -1.580601
v 0.020577 2.329957 -1.711861
v 0.019630 2.299618 -1.700095
v 0.017604 2.274511 -1.687929
v 0.017118 2.257632 -1.683200
v 0.019289 2.227091 -1.694394
v 0.023939 2.232515 -1.633559
v 0.020525 2.232735 -1.588809
v 0.021383 2.255731 -1.641594
v 0.026398 2.302763 -1.659442
v 0.023004 2.279952 -1.646686
v 0.019774 2.263067 -1.602331
v 0.021895 2.312789 -1.610621
v 0.020146 2.287240 -1.604973
v 0.024506 2.337323 -1.668362
v 0.018851 2.345456 -1.616116
v 0.018569 2.380183 -1.713530
v 0.023316 2.390293 -1.669400
v 0.023714 2.359411 -1.675015
v 0.018651 2.355115 -1.707915
v 0.019683 2.394470 -1.620109
v 0.018322 2.368082 -1.620529
v 0.021164 2.417678 -1.626042
v 0.021457 2.440228 -1.638724
v 0.010163 2.452627 -1.620457
v 0.008402 2.427572 -1.599278
v -0.001378 2.452299 -1.632965
v -0.004964 2.426348 -1.609511
v -0.009180 2.419466 -1.659995
v -0.005020 2.444613 -1.675247
v -0.000802 2.430502 -1.724769
v -0.004212 2.408065 -1.712124
v -0.000802 2.430502 -1.724769
v 0.010871 2.418183 -1.748467
v 0.007469 2.401377 -1.733875
v -0.004212 2.408065 -1.712124
v 0.019104 2.400453 -1.719121
v 0.021604 2.414691 -1.734653
v 0.025215 2.425588 -1.689816
v 0.025214 2.406059 -1.678792
v 0.021457 2.440228 -1.638724
v 0.021164 2.417678 -1.626042
v 0.010931 2.484119 -1.627731
v 0.001087 2.485232 -1.652678
v -0.004010 2.479150 -1.702706
v 0.004128 2.465527 -1.766846
v 0.015557 2.453602 -1.782466
v 0.004128 2.465527 -1.766846
v 0.026073 2.450632 -1.766795
v 0.029671 2.458824 -1.722283
v 0.023053 2.470558 -1.655222
v 0.023053 2.470558 -1.655222
v 0.011478 2.520695 -1.631783
v 0.003140 2.524969 -1.667580
v -0.000752 2.515818 -1.724294
v 0.004777 2.496909 -1.787982
v 0.004777 2.496909 -1.787982
v 0.018809 2.480792 -1.803401
v 0.029740 2.475674 -1.779386
v 0.032148 2.487984 -1.721031
v 0.023658 2.502303 -1.657969
v 0.023658 2.502303 -1.657969
v 0.000382 2.234393 -1.590074
v 0.007444 2.227025 -1.572495
v 0.010772 2.195433 -1.564290
v -0.006272 2.193838 -1.623875
v -0.004999 2.222052 -1.613235
v -0.005253 2.160570 -1.610909
v 0.000085 2.157411 -1.582825
v 0.007475 2.166038 -1.556635
v 0.034568 2.340144 -1.508044
v 0.030823 2.299252 -1.492949
v 0.041745 2.301175 -1.483198
v 0.043753 2.339098 -1.490018
v 0.039149 2.270112 -1.477006
v 0.028596 2.268689 -1.484656
v 0.026993 2.304223 -1.544998
v 0.024929 2.273664 -1.532823
v 0.029937 2.339810 -1.546246
v 0.030963 2.338359 -1.584247
v 0.028046 2.305326 -1.587151
v 0.027921 2.275208 -1.588690
v 0.054062 2.300519 -1.506067
v 0.052640 2.341831 -1.507767
v 0.051624 2.269951 -1.505255
v 0.031699 2.228400 -1.501871
v 0.040939 2.214437 -1.481974
v 0.040412 2.246330 -1.488764
v 0.030240 2.249200 -1.494556
v 0.025427 2.218784 -1.541386
v 0.027162 2.250190 -1.540445
v 0.026467 2.217860 -1.595137
v 0.027932 2.248970 -1.588921
v 0.030457 2.370957 -1.547721
v 0.028532 2.399068 -1.555181
v 0.032011 2.393501 -1.598730
v 0.032481 2.366472 -1.589274
v 0.033194 2.404241 -1.501200
v 0.035355 2.372746 -1.511490
v 0.045971 2.400371 -1.489180
v 0.044139 2.372085 -1.491597
v 0.057009 2.393535 -1.519209
v 0.054130 2.368430 -1.514085
v 0.036212 2.221144 -1.621180
v 0.026467 2.217860 -1.595137
v 0.027932 2.248970 -1.588921
v 0.038414 2.244189 -1.612717
v 0.027921 2.275208 -1.588690
v 0.028046 2.305326 -1.587151
v 0.040338 2.295973 -1.620339
v 0.039952 2.268644 -1.616413
v 0.030963 2.338359 -1.584247
v 0.040319 2.332168 -1.605709
v 0.032011 2.393501 -1.598730
v 0.044135 2.383748 -1.622635
v 0.042964 2.359545 -1.608865
v 0.032481 2.366472 -1.589274
v 0.029337 2.175331 -1.499797
v 0.036457 2.171965 -1.484804
v 0.037901 2.200029 -1.495615
v 0.032001 2.201228 -1.506837
v 0.025039 2.177517 -1.526183
v 0.028247 2.198362 -1.526459
v 0.024836 2.168897 -1.590110
v 0.022967 2.177538 -1.553293
v 0.034875 2.169714 -1.614170
v 0.024836 2.168897 -1.590110
v 0.051100 2.242958 -1.508719
v 0.052283 2.209016 -1.503985
v 0.043498 2.168384 -1.480263
v 0.051554 2.156360 -1.495243
v 0.022982 2.147972 -1.512720
v 0.026508 2.141172 -1.487901
v 0.033095 2.137035 -1.471051
v 0.039546 2.131131 -1.477947
v 0.048122 2.127212 -1.507950
v 0.028193 2.137929 -1.579440
v 0.022564 2.136698 -1.544875
v 0.036182 2.143272 -1.601757
v 0.028193 2.137929 -1.579440
v 0.056004 2.167608 -1.553996
v 0.051554 2.156360 -1.495243
v 0.048122 2.127212 -1.507950
v 0.051816 2.138515 -1.552477
v 0.045227 2.136041 -1.591370
v 0.049641 2.170392 -1.615167
v 0.037051 2.119535 -1.551995
v 0.037051 2.119535 -1.551995
v 0.030058 2.125365 -1.508158
v 0.051485 2.329547 -1.597509
v 0.052802 2.291304 -1.607801
v 0.050537 2.263345 -1.601516
v 0.049563 2.245834 -1.598827
v 0.050940 2.215667 -1.614496
v 0.056823 2.212835 -1.553264
v 0.052283 2.209016 -1.503985
v 0.053654 2.238867 -1.554164
v 0.058918 2.290472 -1.561844
v 0.055956 2.264506 -1.557940
v 0.051100 2.242958 -1.508719
v 0.054062 2.300519 -1.506067
v 0.051624 2.269951 -1.505255
v 0.057026 2.333271 -1.558803
v 0.052640 2.341831 -1.507767
v 0.056345 2.383237 -1.617227
v 0.061560 2.385684 -1.572063
v 0.057387 2.360058 -1.562235
v 0.052363 2.357511 -1.598555
v 0.057009 2.393535 -1.519209
v 0.054130 2.368430 -1.514085
v 0.060570 2.420178 -1.527567
v 0.061376 2.449371 -1.539896
v 0.049296 2.457295 -1.521417
v 0.047928 2.430135 -1.498190
v 0.037500 2.460623 -1.532753
v 0.034964 2.429579 -1.512628
v 0.028872 2.426351 -1.560864
v 0.032939 2.451132 -1.571439
v 0.035455 2.440266 -1.622020
v 0.032971 2.417641 -1.612817
v 0.035455 2.440266 -1.622020
v 0.046993 2.432411 -1.642503
v 0.046498 2.407921 -1.642549
v 0.032971 2.417641 -1.612817
v 0.059388 2.406958 -1.630732
v 0.059494 2.430348 -1.633357
v 0.064826 2.435302 -1.593063
v 0.064816 2.408407 -1.584078
v 0.061376 2.449371 -1.539896
v 0.060570 2.420178 -1.527567
v 0.048861 2.494678 -1.530031
v 0.035722 2.500118 -1.534206
v 0.031801 2.491942 -1.575462
v 0.034448 2.483419 -1.640255
v 0.047542 2.476957 -1.662086
v 0.034448 2.483419 -1.640255
v 0.060300 2.477903 -1.650258
v 0.066361 2.482030 -1.613085
v 0.062790 2.485096 -1.552449
v 0.062790 2.485096 -1.552449
v 0.048484 2.532193 -1.529989
v 0.034712 2.539248 -1.536152
v 0.031400 2.532710 -1.583756
v 0.033680 2.518921 -1.645390
v 0.033680 2.518921 -1.645390
v 0.050756 2.510674 -1.684713
v 0.062812 2.505028 -1.662640
v 0.068484 2.507159 -1.620446
v 0.061994 2.515614 -1.557807
v 0.061994 2.515614 -1.557807
v 0.031069 2.214646 -1.499776
v 0.038792 2.205288 -1.484585
v 0.041486 2.168883 -1.482856
v 0.023584 2.178518 -1.543966
v 0.025197 2.205915 -1.524921
v 0.024238 2.144006 -1.538004
v 0.030378 2.131824 -1.505315
v 0.037390 2.136145 -1.482481
v 0.080665 2.350306 -1.538755
v 0.082561 2.317525 -1.571005
v 0.092846 2.324301 -1.562560
v 0.090485 2.351855 -1.528489
v 0.094353 2.300498 -1.595478
v 0.084605 2.294400 -1.601831
v 0.074794 2.337141 -1.593866
v 0.078075 2.313166 -1.624542
v 0.072913 2.361243 -1.557059
v 0.072866 2.375068 -1.586872
v 0.073955 2.354736 -1.621892
v 0.077497 2.338482 -1.654411
v 0.103310 2.341308 -1.583897
v 0.098007 2.365337 -1.544344
v 0.104157 2.322087 -1.614455
v 0.091072 2.284056 -1.666952
v 0.102504 2.279948 -1.676150
v 0.097494 2.293336 -1.633372
v 0.087564 2.288257 -1.631955
v 0.084409 2.294382 -1.699429
v 0.082078 2.305846 -1.656243
v 0.082194 2.322294 -1.722438
v 0.080488 2.328557 -1.683407
v 0.071112 2.381840 -1.530877
v 0.067824 2.402775 -1.510659
v 0.069559 2.413766 -1.551033
v 0.071253 2.394326 -1.563158
v 0.074657 2.390786 -1.467169
v 0.078331 2.371840 -1.508593
v 0.085224 2.397250 -1.451986
v 0.087385 2.372689 -1.494895
v 0.096232 2.408154 -1.486888
v 0.095710 2.384524 -1.516071
v 0.088653 2.346040 -1.729173
v 0.082194 2.322294 -1.722438
v 0.080488 2.328557 -1.683407
v 0.088782 2.348251 -1.701100
v 0.077497 2.338482 -1.654411
v 0.073955 2.354736 -1.621892
v 0.085239 2.372665 -1.657564
v 0.087750 2.358166 -1.680722
v 0.072866 2.375068 -1.586872
v 0.081655 2.387532 -1.611645
v 0.069559 2.413766 -1.551033
v 0.080998 2.420859 -1.584473
v 0.081794 2.404262 -1.592046
v 0.071253 2.394326 -1.563158
v 0.096530 2.271871 -1.746800
v 0.105437 2.271048 -1.741423
v 0.100801 2.279357 -1.710606
v 0.094813 2.281274 -1.712230
v 0.091011 2.281116 -1.754238
v 0.090294 2.286340 -1.722666
v 0.086922 2.309561 -1.781525
v 0.086629 2.289627 -1.759352
v 0.093704 2.331773 -1.786333
v 0.086922 2.309561 -1.781525
v 0.106160 2.313879 -1.648623
v 0.112945 2.298050 -1.682176
v 0.110975 2.274748 -1.739092
v 0.118260 2.288676 -1.753946
v 0.093511 2.266887 -1.791220
v 0.099271 2.257956 -1.788347
v 0.106874 2.257200 -1.776345
v 0.111616 2.263911 -1.784575
v 0.117509 2.285263 -1.797102
v 0.094148 2.301225 -1.814803
v 0.092075 2.278596 -1.810233
v 0.098868 2.323411 -1.812958
v 0.094148 2.301225 -1.814803
v 0.116626 2.324112 -1.755221
v 0.118260 2.288676 -1.753946
v 0.117509 2.285263 -1.797102
v 0.115411 2.310916 -1.792991
v 0.107955 2.325384 -1.813769
v 0.106348 2.348789 -1.778826
v 0.105940 2.294581 -1.826885
v 0.105940 2.294581 -1.826885
v 0.102321 2.266106 -1.810491
v 0.093439 2.392138 -1.616601
v 0.097463 2.376083 -1.657678
v 0.098388 2.359626 -1.679644
v 0.099072 2.352908 -1.689794
v 0.102291 2.355515 -1.725299
v 0.112223 2.332806 -1.699358
v 0.112945 2.298050 -1.682176
v 0.108825 2.335905 -1.671234
v 0.105654 2.362347 -1.632497
v 0.105430 2.346853 -1.650299
v 0.106160 2.313879 -1.648623
v 0.103310 2.341308 -1.583897
v 0.104157 2.322087 -1.614455
v 0.100415 2.382232 -1.591618
v 0.098007 2.365337 -1.544344
v 0.092854 2.425440 -1.587909
v 0.098777 2.421329 -1.545879
v 0.098003 2.398996 -1.567756
v 0.091788 2.406381 -1.594317
v 0.096232 2.408154 -1.486888
v 0.095710 2.384524 -1.516071
v 0.096610 2.425534 -1.477091
v 0.096181 2.453620 -1.485747
v 0.086595 2.451380 -1.450133
v 0.086135 2.418725 -1.444485
v 0.075469 2.452497 -1.456362
v 0.074661 2.417271 -1.454333
v 0.067621 2.429086 -1.497597
v 0.070350 2.456571 -1.498935
v 0.072193 2.454633 -1.550761
v 0.069670 2.435316 -1.547937
v 0.072193 2.454633 -1.550761
v 0.081742 2.451136 -1.591120
v 0.081538 2.437355 -1.586962
v 0.069670 2.435316 -1.547937
v 0.093925 2.440150 -1.586373
v 0.092114 2.452774 -1.577408
v 0.097866 2.452149 -1.543663
v 0.099263 2.434877 -1.541306
v 0.096181 2.453620 -1.485747
v 0.096610 2.425534 -1.477091
v 0.088237 2.485245 -1.450659
v 0.075447 2.489890 -1.457155
v 0.068820 2.489881 -1.507014
v 0.071735 2.489767 -1.560770
v 0.081082 2.482445 -1.592436
v 0.071735 2.489767 -1.560770
v 0.091587 2.481967 -1.585369
v 0.097577 2.484652 -1.558653
v 0.096752 2.484004 -1.502539
v 0.096752 2.484004 -1.502539
v 0.089655 2.523052 -1.466840
v 0.075168 2.534503 -1.449930
v 0.067732 2.530070 -1.489306
v 0.067675 2.518340 -1.545540
v 0.067675 2.518340 -1.545540
v 0.079011 2.509709 -1.579162
v 0.089948 2.505906 -1.575336
v 0.098700 2.502943 -1.567959
v 0.098393 2.508269 -1.516204
v 0.098393 2.508269 -1.516204
v 0.092911 2.279647 -1.689673
v 0.101862 2.277213 -1.693703
v 0.108439 2.270474 -1.740194
v 0.088360 2.286628 -1.757781
v 0.087313 2.285035 -1.714533
v 0.092857 2.279608 -1.801160
v 0.101682 2.269243 -1.801742
v 0.110158 2.261400 -1.779857
v 0.119532 2.370855 -1.568824
v 0.119554 2.342051 -1.598063
v 0.128400 2.349203 -1.596681
v 0.128479 2.373825 -1.571604
v 0.128425 2.329242 -1.624316
v 0.120174 2.322172 -1.625772
v 0.112926 2.358627 -1.618565
v 0.113815 2.337147 -1.642572
v 0.113634 2.380497 -1.588854
v 0.112528 2.395982 -1.616937
v 0.111052 2.375144 -1.642078
v 0.111987 2.359067 -1.668478
v 0.136159 2.365374 -1.617059
v 0.133939 2.386903 -1.585578
v 0.135015 2.345224 -1.637145
v 0.124322 2.312150 -1.683364
v 0.133490 2.307182 -1.690305
v 0.130050 2.323193 -1.657054
v 0.122025 2.317629 -1.654111
v 0.117833 2.316887 -1.709872
v 0.116473 2.330709 -1.673648
v 0.114637 2.335192 -1.732608
v 0.113622 2.346991 -1.695828
v 0.112764 2.399661 -1.561203
v 0.109919 2.419217 -1.537220
v 0.110196 2.434319 -1.572194
v 0.112182 2.414609 -1.594155
v 0.116864 2.403873 -1.505304
v 0.118605 2.390406 -1.540745
v 0.127296 2.405669 -1.509308
v 0.127291 2.390033 -1.542164
v 0.134288 2.419467 -1.542526
v 0.133580 2.403174 -1.566565
v 0.118736 2.357768 -1.746404
v 0.114637 2.335192 -1.732608
v 0.113622 2.346991 -1.695828
v 0.119128 2.362743 -1.714737
v 0.111987 2.359067 -1.668478
v 0.111052 2.375144 -1.642078
v 0.117560 2.389971 -1.668046
v 0.118235 2.371875 -1.686402
v 0.112528 2.395982 -1.616937
v 0.117752 2.406363 -1.634228
v 0.110196 2.434319 -1.572194
v 0.117498 2.442317 -1.596075
v 0.118611 2.423868 -1.615278
v 0.112182 2.414609 -1.594155
v 0.127562 2.287185 -1.742020
v 0.133267 2.285956 -1.738728
v 0.131407 2.301874 -1.717255
v 0.126658 2.302671 -1.718344
v 0.122442 2.291858 -1.748757
v 0.123017 2.304581 -1.729021
v 0.118094 2.313770 -1.782905
v 0.118587 2.300652 -1.757125
v 0.122471 2.334607 -1.796972
v 0.118094 2.313770 -1.782905
v 0.136195 2.335397 -1.668509
v 0.140248 2.322416 -1.705101
v 0.139075 2.291032 -1.739429
v 0.144073 2.298382 -1.755866
v 0.123846 2.277982 -1.773383
v 0.129178 2.271380 -1.772216
v 0.134678 2.270379 -1.764016
v 0.138942 2.272305 -1.774456
v 0.142105 2.286909 -1.787686
v 0.123633 2.301203 -1.810096
v 0.122440 2.283584 -1.797056
v 0.126791 2.319775 -1.816429
v 0.123633 2.301203 -1.810096
v 0.142027 2.329458 -1.769088
v 0.144073 2.298382 -1.755866
v 0.142105 2.286909 -1.787686
v 0.140304 2.310547 -1.795396
v 0.133808 2.319151 -1.816582
v 0.132614 2.344609 -1.791646
v 0.132598 2.291592 -1.816559
v 0.132598 2.291592 -1.816559
v 0.130699 2.272384 -1.792723
v 0.126820 2.410511 -1.640272
v 0.127046 2.389603 -1.665777
v 0.127046 2.373193 -1.687990
v 0.127605 2.364349 -1.704172
v 0.129886 2.361151 -1.744263
v 0.140364 2.349047 -1.724732
v 0.140248 2.322416 -1.705101
v 0.136825 2.352883 -1.693823
v 0.135173 2.378835 -1.648404
v 0.134281 2.363181 -1.668678
v 0.136195 2.335397 -1.668509
v 0.136159 2.365374 -1.617059
v 0.135015 2.345224 -1.637145
v 0.133780 2.403511 -1.621647
v 0.133939 2.386903 -1.585578
v 0.125954 2.442735 -1.594083
v 0.133663 2.435654 -1.579066
v 0.132822 2.418811 -1.600454
v 0.126258 2.425147 -1.615720
v 0.134288 2.419467 -1.542526
v 0.133580 2.403174 -1.566565
v 0.134787 2.439012 -1.522001
v 0.134066 2.458887 -1.510377
v 0.126096 2.453937 -1.486716
v 0.126595 2.429321 -1.491869
v 0.116309 2.451385 -1.482243
v 0.116628 2.425606 -1.491983
v 0.109464 2.439919 -1.519372
v 0.111076 2.461150 -1.511862
v 0.110964 2.468697 -1.548313
v 0.109508 2.453435 -1.559776
v 0.110964 2.468697 -1.548313
v 0.117346 2.471730 -1.573623
v 0.116394 2.458956 -1.580655
v 0.109508 2.453435 -1.559776
v 0.125934 2.456468 -1.579581
v 0.126698 2.469569 -1.577493
v 0.133087 2.465789 -1.550470
v 0.134127 2.450821 -1.561903
v 0.134066 2.458887 -1.510377
v 0.134787 2.439012 -1.522001
v 0.127156 2.483037 -1.475281
v 0.116263 2.481420 -1.467902
v 0.110975 2.488653 -1.500993
v 0.112685 2.496554 -1.544784
v 0.118423 2.496801 -1.567946
v 0.112685 2.496554 -1.544784
v 0.127877 2.495756 -1.572624
v 0.134267 2.489674 -1.545997
v 0.135055 2.485335 -1.505712
v 0.135055 2.485335 -1.505712
v 0.129997 2.515767 -1.472016
v 0.118940 2.513155 -1.458498
v 0.112809 2.514577 -1.491361
v 0.112355 2.511997 -1.539448
v 0.112355 2.511997 -1.539448
v 0.119902 2.518505 -1.563203
v 0.129877 2.517368 -1.561565
v 0.137341 2.513255 -1.542454
v 0.138778 2.513693 -1.500003
v 0.138778 2.513693 -1.500003
v 0.125304 2.304508 -1.698336
v 0.132901 2.302413 -1.700833
v 0.137657 2.290491 -1.741700
v 0.119874 2.298821 -1.754950
v 0.120008 2.304352 -1.717698
v 0.123095 2.286282 -1.789438
v 0.130509 2.279806 -1.785735
v 0.137862 2.274863 -1.775037
v 0.001620 2.567375 -1.676384
v 0.012706 2.566656 -1.642367
v 0.034516 2.576469 -1.541070
v 0.028678 2.573742 -1.594824
v 0.033516 2.543145 -1.642619
v 0.026017 2.572149 -1.625198
v 0.031948 2.554435 -1.649024
v 0.027901 2.549014 -1.660028
v 0.021295 2.570285 -1.637911
v 0.024659 2.532625 -1.658800
v 0.049665 2.573521 -1.533328
v 0.001480 2.555374 -1.752504
v 0.006075 2.530534 -1.807085
v 0.021659 2.504063 -1.821703
v 0.006075 2.530534 -1.807085
v 0.033282 2.504865 -1.779896
v 0.034208 2.516466 -1.731495
v 0.024659 2.532625 -1.658800
v 0.014470 2.616740 -1.651642
v 0.004674 2.624373 -1.672908
v 0.006276 2.591889 -1.663452
v 0.000911 2.585069 -1.730151
v 0.000909 2.591087 -1.692676
v 0.033679 2.611053 -1.544116
v 0.032597 2.636669 -1.550131
v 0.028864 2.628295 -1.588088
v 0.030689 2.605951 -1.580741
v 0.043125 2.628465 -1.540873
v 0.043122 2.605165 -1.532579
v 0.009519 2.569465 -1.837062
v 0.005175 2.595302 -1.792100
v 0.027912 2.533715 -1.849677
v 0.009519 2.569465 -1.837062
v 0.043190 2.527026 -1.785007
v 0.036915 2.534846 -1.718830
v 0.027901 2.549014 -1.660028
v 0.031948 2.554435 -1.649024
v 0.033516 2.543145 -1.642619
v 0.065066 2.526299 -1.665969
v 0.054049 2.571852 -1.840168
v 0.066679 2.582214 -1.789052
v 0.039052 2.583562 -1.893959
v 0.020157 2.627140 -1.883890
v 0.020157 2.627140 -1.883890
v 0.014932 2.669468 -1.836970
v 0.006529 2.643495 -1.775327
v 0.001912 2.608919 -1.752397
v -0.000107 2.621953 -1.709053
v 0.005722 2.662786 -1.741231
v 0.022722 2.713265 -1.725068
v 0.010094 2.666533 -1.710142
v 0.023423 2.593500 -1.624008
v 0.024431 2.617078 -1.617102
v 0.019258 2.593125 -1.634482
v 0.036699 2.673154 -1.583565
v 0.032558 2.671291 -1.615513
v 0.045440 2.667164 -1.567266
v 0.022086 2.703275 -2.010036
v 0.019390 2.741946 -2.073811
v 0.023561 2.700175 -2.129008
v 0.025903 2.672762 -2.077416
v 0.031837 2.775025 -2.147482
v 0.032579 2.719975 -2.193443
v 0.054767 2.714095 -2.246008
v 0.060648 2.768610 -2.221247
v 0.060648 2.768610 -2.221247
v 0.076105 2.729672 -2.168294
v 0.067397 2.698252 -2.203261
v 0.054767 2.714095 -2.246008
v 0.072530 2.698081 -2.099658
v 0.066137 2.675237 -2.141654
v 0.060947 2.631465 -2.077216
v 0.052380 2.597279 -2.043128
v 0.049555 2.608124 -2.000825
v 0.033740 2.640418 -1.999443
v 0.038395 2.620205 -2.048194
v 0.038395 2.620205 -2.048194
v 0.033740 2.640418 -1.999443
v 0.035248 2.668546 -2.211921
v 0.027944 2.651056 -2.164653
v 0.028473 2.634720 -2.117059
v 0.039741 2.597152 -2.079984
v 0.060133 2.602955 -2.113722
v 0.053339 2.578456 -2.069532
v 0.039741 2.597152 -2.079984
v 0.061864 2.638194 -2.169487
v 0.060089 2.663153 -2.215612
v 0.050190 2.668429 -2.242720
v 0.050190 2.668429 -2.242720
v 0.029677 2.583051 -2.152488
v 0.039734 2.559573 -2.104299
v 0.033439 2.601967 -2.209239
v 0.039734 2.559573 -2.104299
v 0.052924 2.548604 -2.096825
v 0.058105 2.564791 -2.148314
v 0.057656 2.590492 -2.203801
v 0.038862 2.626631 -2.223016
v 0.048411 2.622908 -2.234988
v 0.047162 2.591796 -2.235133
v 0.056150 2.624084 -2.220631
v 0.057656 2.590492 -2.203801
v 0.056150 2.624084 -2.220631
v 0.048411 2.622908 -2.234988
v 0.034905 2.512343 -2.268957
v 0.034483 2.544962 -2.250990
v 0.043335 2.538866 -2.270875
v 0.044281 2.511544 -2.283644
v 0.059568 2.541153 -2.222451
v 0.060664 2.488720 -2.234941
v 0.052430 2.504699 -2.277389
v 0.048469 2.553019 -2.259927
v 0.031332 2.506187 -2.225370
v 0.031589 2.533176 -2.218324
v 0.028157 2.494563 -2.172449
v 0.034712 2.471323 -2.130122
v 0.038045 2.522297 -2.118228
v 0.028486 2.542663 -2.176539
v 0.038045 2.522297 -2.118228
v 0.034712 2.471323 -2.130122
v 0.050756 2.465435 -2.136837
v 0.052492 2.513399 -2.116823
v 0.058756 2.473404 -2.180640
v 0.058167 2.524082 -2.165889
v 0.060664 2.488720 -2.234941
v 0.059568 2.541153 -2.222451
v 0.032561 2.475742 -2.238710
v 0.035140 2.476938 -2.272865
v 0.042124 2.481930 -2.285550
v 0.057332 2.442568 -2.259487
v 0.046821 2.461402 -2.288618
v 0.032020 2.450462 -2.209177
v 0.037414 2.429880 -2.143106
v 0.051167 2.413398 -2.153028
v 0.058508 2.427440 -2.211611
v 0.057332 2.442568 -2.259487
v 0.037414 2.429880 -2.143106
v 0.027377 2.407887 -2.250517
v 0.031484 2.388200 -2.193791
v 0.031484 2.388200 -2.193791
v 0.044619 2.369054 -2.201114
v 0.032293 2.427742 -2.287720
v 0.034486 2.455224 -2.267494
v 0.056358 2.388501 -2.256148
v 0.054273 2.411352 -2.298969
v 0.054273 2.411352 -2.298969
v 0.044751 2.422310 -2.321019
v 0.027512 2.395306 -2.305122
v 0.030640 2.405548 -2.325836
v 0.029106 2.391196 -2.356986
v 0.023878 2.376619 -2.316821
v 0.019965 2.367288 -2.294317
v 0.023855 2.352473 -2.264647
v 0.037580 2.403826 -2.342924
v 0.037460 2.389141 -2.373966
v 0.049689 2.376006 -2.346193
v 0.044382 2.386068 -2.370754
v 0.052197 2.349937 -2.310255
v 0.049689 2.376006 -2.346193
v 0.023855 2.352473 -2.264647
v 0.037643 2.333265 -2.259611
v 0.033594 2.322533 -2.315903
v 0.043869 2.334297 -2.348045
v 0.024698 2.332641 -2.304783
v 0.022250 2.343661 -2.334817
v 0.024698 2.332641 -2.304783
v 0.023909 2.370870 -2.383969
v 0.021429 2.359899 -2.347466
v 0.033506 2.373469 -2.394163
v 0.043536 2.351206 -2.373238
v 0.037601 2.363052 -2.390648
v 0.043536 2.351206 -2.373238
v 0.022250 2.343661 -2.334817
v 0.029600 2.328602 -2.354648
v 0.028441 2.337937 -2.380644
v 0.029600 2.328602 -2.354648
v 0.026386 2.352176 -2.379418
v 0.039535 2.339899 -2.380637
v 0.037451 2.333625 -2.368880
v 0.019039 2.725859 -1.930637
v 0.028668 2.648488 -1.952094
v 0.012879 2.709970 -1.779204
v 0.017770 2.775233 -1.849733
v 0.026350 2.798625 -1.780340
v 0.034495 2.709934 -1.682716
v 0.040502 2.801427 -1.736488
v 0.063359 2.787954 -1.654066
v 0.048294 2.802042 -1.683722
v 0.041371 2.720165 -1.624093
v 0.056767 2.705292 -1.584852
v 0.028668 2.648488 -1.952094
v 0.044793 2.605114 -1.961883
v 0.054703 2.608259 -1.924323
v 0.063881 2.623001 -1.898029
v 0.073227 2.637406 -1.860465
v 0.083401 2.691466 -1.931188
v 0.080331 2.713789 -2.072740
v 0.091159 2.744783 -2.015508
v 0.084694 2.753587 -2.140026
v 0.070240 2.818298 -2.188860
v 0.036076 2.824769 -2.089753
v 0.070240 2.818298 -2.188860
v 0.019375 2.781909 -2.016852
v 0.023996 2.841074 -1.926546
v 0.042913 2.905318 -2.026060
v 0.034012 2.866297 -1.846367
v 0.047858 2.864431 -1.786878
v 0.057520 2.849481 -1.730433
v 0.044938 2.934002 -1.907155
v 0.059753 2.930599 -1.829375
v 0.066717 2.909302 -1.781773
v 0.075184 2.910727 -1.764403
v 0.076795 2.942719 -1.796019
v 0.062423 2.541355 -1.555622
v 0.058692 2.572187 -1.536822
v 0.064524 2.553803 -1.557134
v 0.064076 2.571849 -1.528607
v 0.067995 2.554941 -1.553182
v 0.061771 2.589331 -1.520674
v 0.064455 2.608507 -1.506585
v 0.052619 2.612887 -1.528682
v 0.057258 2.590979 -1.527469
v 0.070698 2.696352 -1.560949
v 0.068846 2.841534 -1.699741
v 0.073356 2.879344 -1.732499
v 0.065749 2.880599 -1.748784
v 0.068111 2.565038 -1.502465
v 0.069366 2.542052 -1.549049
v 0.076007 2.569632 -1.449414
v 0.092726 2.554703 -1.480579
v 0.089474 2.777858 -1.596900
v 0.076674 2.779681 -1.628002
v 0.081885 2.701693 -1.521481
v 0.072190 2.657912 -1.506015
v 0.078237 2.660882 -1.480628
v 0.069069 2.587089 -1.485818
v 0.068510 2.619666 -1.474191
v 0.096372 2.597319 -1.471895
v 0.097816 2.674610 -1.516221
v 0.087465 2.653391 -1.481697
v 0.085012 2.610538 -1.450824
v 0.104894 2.752413 -1.593900
v 0.075998 2.585705 -1.452879
v 0.085332 2.576694 -1.459071
v 0.081265 2.837464 -1.676928
v 0.094937 2.835191 -1.657130
v 0.110749 2.816412 -1.654749
v 0.083995 2.878858 -1.715714
v 0.097082 2.882679 -1.706249
v 0.115007 2.873046 -1.697786
v 0.069100 2.526501 -1.617031
v 0.072838 2.545774 -1.679583
v 0.070769 2.539599 -1.610320
v 0.062423 2.541355 -1.555622
v 0.064524 2.553803 -1.557134
v 0.067995 2.554941 -1.553182
v 0.075102 2.547119 -1.590624
v 0.069366 2.542052 -1.549049
v 0.079716 2.533860 -1.581600
v 0.091698 2.525835 -1.586645
v 0.086004 2.545798 -1.609057
v 0.094649 2.542641 -1.605961
v 0.084878 2.559059 -1.644888
v 0.080901 2.588958 -1.752003
v 0.092190 2.601645 -1.709324
v 0.098624 2.558211 -1.632449
v 0.106485 2.595688 -1.688332
v 0.086452 2.641862 -1.816652
v 0.099037 2.652894 -1.769299
v 0.102438 2.522452 -1.582542
v 0.102863 2.536086 -1.600829
v 0.110530 2.549069 -1.613262
v 0.118601 2.596770 -1.653582
v 0.113103 2.647163 -1.750228
v 0.126863 2.647892 -1.719710
v 0.101825 2.527359 -1.537044
v 0.101825 2.527359 -1.537044
v 0.101927 2.549725 -1.502295
v 0.106621 2.531499 -1.545965
v 0.105752 2.567058 -1.479775
v 0.109125 2.591953 -1.473359
v 0.101288 2.569740 -1.482669
v 0.107073 2.546811 -1.498153
v 0.109596 2.530967 -1.539930
v 0.112358 2.546279 -1.474099
v 0.111330 2.526140 -1.530507
v 0.106621 2.531499 -1.545965
v 0.109940 2.531450 -1.582048
v 0.109596 2.530967 -1.539930
v 0.114729 2.530899 -1.573099
v 0.111330 2.526140 -1.530507
v 0.115324 2.523482 -1.560424
v 0.121867 2.545112 -1.449426
v 0.123097 2.575229 -1.442361
v 0.124909 2.605297 -1.449630
v 0.117935 2.600600 -1.459149
v 0.117396 2.572916 -1.451493
v 0.116525 2.661687 -1.518260
v 0.127386 2.634824 -1.476518
v 0.121164 2.633200 -1.481324
v 0.129673 2.575608 -1.456726
v 0.132243 2.598663 -1.465406
v 0.133548 2.552540 -1.467612
v 0.133996 2.623059 -1.483599
v 0.090790 2.707469 -1.874477
v 0.098231 2.762924 -1.944710
v 0.122717 2.541478 -1.596500
v 0.132069 2.585380 -1.645228
v 0.136004 2.540751 -1.574135
v 0.143006 2.536300 -1.544521
v 0.145054 2.581981 -1.593572
v 0.140510 2.644177 -1.701868
v 0.153795 2.653101 -1.661156
v 0.104553 2.711948 -1.823284
v 0.119956 2.700769 -1.809799
v 0.112208 2.764772 -1.887135
v 0.127682 2.746881 -1.873435
v 0.135532 2.697592 -1.793094
v 0.147542 2.703966 -1.769824
v 0.141707 2.743012 -1.864792
v 0.153105 2.749381 -1.852439
v 0.092640 2.803071 -2.089492
v 0.103101 2.815196 -2.008052
v 0.121781 2.811443 -1.947784
v 0.079621 2.888715 -2.135826
v 0.100282 2.877589 -2.047550
v 0.119601 2.867504 -1.985817
v 0.139788 2.857439 -1.984383
v 0.140851 2.817086 -1.942797
v 0.159591 2.719670 -1.741398
v 0.142310 2.543569 -1.503057
v 0.142310 2.543569 -1.503057
v 0.145776 2.569041 -1.524504
v 0.138352 2.588200 -1.486186
v 0.146985 2.558836 -1.552507
v 0.145776 2.569041 -1.524504
v 0.141847 2.642835 -1.517504
v 0.150664 2.615088 -1.560963
v 0.150664 2.615088 -1.560963
v 0.158832 2.680512 -1.610680
v 0.158832 2.680512 -1.610680
v 0.148677 2.709882 -1.574822
v 0.130632 2.674625 -1.500014
v 0.135168 2.732811 -1.558276
v 0.120292 2.738933 -1.574823
v 0.125488 2.800370 -1.638375
v 0.130987 2.855283 -1.684784
v 0.139021 2.786450 -1.624821
v 0.141660 2.830707 -1.668482
v 0.151524 2.772930 -1.635519
v 0.149537 2.831067 -1.689973
v 0.164976 2.749660 -1.671873
v 0.164976 2.749660 -1.671873
v 0.163431 2.815639 -1.740968
v 0.163789 2.788552 -1.831735
v 0.163431 2.815639 -1.740968
v 0.116517 2.923733 -1.739025
v 0.094136 2.931298 -1.756173
v 0.138539 2.893781 -1.728939
v 0.154949 2.810235 -1.915005
v 0.156434 2.854950 -1.949850
v 0.158217 2.881502 -1.788574
v 0.164181 2.860639 -1.877712
v 0.158217 2.881502 -1.788574
v 0.079621 2.888715 -2.135826
v 0.084378 2.907871 -1.745412
v 0.157654 2.911506 -1.915097
v 0.150043 2.937698 -1.845878
v 0.150043 2.937698 -1.845878
v 0.135823 2.957907 -1.789660
v 0.115741 2.981062 -1.780699
v 0.096270 2.984266 -1.791455
v 0.078905 2.989066 -1.826302
v 0.063644 2.990155 -1.869096
v 0.054421 2.994352 -1.942311
v 0.058521 2.967517 -2.028218
v 0.079125 2.948999 -2.102486
v 0.079125 2.948999 -2.102486
v 0.100801 2.930232 -2.051979
v 0.118057 2.909557 -2.007900
v 0.136485 2.897613 -1.997407
v 0.153621 2.894526 -1.965144
v 0.146955 2.948173 -1.965545
v 0.147215 2.983700 -1.880168
v 0.147215 2.983700 -1.880168
v 0.134978 3.003792 -1.818324
v 0.116965 3.027442 -1.809544
v 0.097153 3.024716 -1.816006
v 0.080814 3.027761 -1.842188
v 0.066567 3.034160 -1.880636
v 0.060130 3.040663 -1.944665
v 0.064138 3.017751 -2.028121
v 0.082460 2.991598 -2.076791
v 0.082460 2.991598 -2.076791
v 0.105093 2.966077 -2.054355
v 0.132642 2.924534 -2.006375
v 0.117587 2.937314 -2.020497
v 0.147676 2.916282 -1.978654
v 0.146955 2.948173 -1.965545
v 0.150686 2.980618 -2.014924
v 0.155267 3.001685 -1.933923
v 0.147215 2.983700 -1.880168
v 0.146091 3.011694 -1.857319
v 0.150659 3.028206 -1.878838
v 0.142224 3.046494 -1.849537
v 0.138695 3.024915 -1.827798
v 0.128563 3.063919 -1.836136
v 0.127874 3.040332 -1.816710
v 0.083649 3.063484 -1.855636
v 0.080814 3.027761 -1.842188
v 0.097153 3.024716 -1.816006
v 0.097166 3.054760 -1.834263
v 0.066567 3.034160 -1.880636
v 0.071883 3.067221 -1.886091
v 0.064138 3.017751 -2.028121
v 0.069298 3.072508 -2.039801
v 0.084273 3.038746 -2.081717
v 0.082460 2.991598 -2.076791
v 0.060130 3.040663 -1.944665
v 0.070706 3.093363 -1.948591
v 0.107164 3.010970 -2.081567
v 0.105093 2.966077 -2.054355
v 0.129854 2.990589 -2.063892
v 0.128201 2.953951 -2.020218
v 0.092010 3.100525 -1.892321
v 0.111707 3.073562 -1.848647
v 0.116965 3.027442 -1.809544
v 0.157823 3.021361 -2.083203
v 0.165106 3.045482 -1.990957
v 0.154494 3.048173 -1.910163
v 0.147411 3.068091 -1.887786
v 0.135742 3.083075 -1.875020
v 0.130883 3.120269 -1.918599
v 0.110028 3.154648 -1.955530
v 0.087958 3.161550 -2.023371
v 0.084765 3.124857 -2.109704
v 0.096001 3.082461 -2.146433
v 0.138718 3.023596 -2.141788
v 0.116479 3.048778 -2.156892
v 0.172088 3.071167 -2.164800
v 0.180704 3.104838 -2.092281
v 0.165106 3.045482 -1.990957
v 0.180704 3.104838 -2.092281
v 0.172774 3.150851 -2.041236
v 0.155908 3.098060 -1.946436
v 0.152218 3.186170 -2.033152
v 0.130655 3.220093 -2.059514
v 0.110922 3.214242 -2.132052
v 0.103819 3.181115 -2.211494
v 0.110982 3.125659 -2.267288
v 0.153616 3.063205 -2.231219
v 0.131023 3.081281 -2.257080
v 0.128201 2.953951 -2.020218
v 0.193787 3.134862 -2.278364
v 0.201209 3.170116 -2.204856
v 0.201209 3.170116 -2.204856
v 0.191548 3.217025 -2.153753
v 0.172887 3.258233 -2.148586
v 0.150288 3.286426 -2.174718
v 0.131513 3.275380 -2.253367
v 0.122739 3.239426 -2.339160
v 0.130100 3.181165 -2.399158
v 0.151317 3.141554 -2.392780
v 0.175471 3.119470 -2.349122
v 0.215536 3.190186 -2.402448
v 0.241318 3.251297 -2.522526
v 0.247265 3.287679 -2.430979
v 0.222979 3.221192 -2.321404
v 0.222979 3.221192 -2.321404
v 0.247265 3.287679 -2.430979
v 0.234251 3.354055 -2.376520
v 0.212149 3.281424 -2.269046
v 0.213174 3.414347 -2.374329
v 0.193235 3.329654 -2.260310
v 0.185424 3.447695 -2.394690
v 0.169052 3.358951 -2.293616
v 0.162295 3.425594 -2.491637
v 0.149918 3.344226 -2.376043
v 0.155586 3.370695 -2.604810
v 0.141383 3.302181 -2.473678
v 0.163151 3.297420 -2.688644
v 0.148181 3.241936 -2.543274
v 0.173502 3.198240 -2.528812
v 0.196180 3.262440 -2.669731
v 0.221093 3.246598 -2.601404
v 0.197392 3.187564 -2.473269
v 0.264211 3.339851 -2.626325
v 0.280546 3.389943 -2.698364
v 0.283600 3.436189 -2.622417
v 0.271099 3.392429 -2.541697
v 0.271099 3.392429 -2.541697
v 0.283600 3.436189 -2.622417
v 0.274065 3.483111 -2.591372
v 0.259255 3.433219 -2.494749
v 0.264674 3.514513 -2.570975
v 0.270144 3.542301 -2.615589
v 0.250133 3.560381 -2.581956
v 0.242141 3.491795 -2.494933
v 0.219790 3.584161 -2.602717
v 0.204196 3.522882 -2.502189
v 0.192794 3.562799 -2.708282
v 0.177459 3.501903 -2.607142
v 0.186978 3.495509 -2.827091
v 0.168023 3.439936 -2.723652
v 0.199984 3.419161 -2.926382
v 0.181085 3.354657 -2.825094
v 0.220544 3.324361 -2.813725
v 0.246570 3.345677 -2.835214
v 0.263945 3.360147 -2.777026
v 0.243850 3.313552 -2.705691
v 0.228854 3.386576 -2.930567
v 0.075524 2.620322 -1.450255
v 0.147215 2.983700 -1.880168
v 0.134978 3.003792 -1.818324
v 0.155267 3.001685 -1.933923
v 0.152833 2.785691 -1.898323
v 0.131929 2.781788 -1.915636
v 0.143269 2.785249 -1.912933
v 0.290136 3.418044 -2.767141
v 0.299709 3.444490 -2.815393
v 0.302851 3.488150 -2.736927
v 0.292948 3.463833 -2.687090
v 0.292948 3.463833 -2.687090
v 0.302851 3.488150 -2.736927
v 0.290672 3.533957 -2.702524
v 0.282142 3.514780 -2.647863
v 0.277947 3.568769 -2.676655
v 0.260175 3.598594 -2.664571
v 0.234757 3.620126 -2.694506
v 0.209015 3.602719 -2.794307
v 0.205142 3.544467 -2.913539
v 0.216954 3.479871 -3.002778
v 0.240078 3.436281 -3.004275
v 0.260968 3.425360 -2.948992
v 0.253214 3.379647 -2.896599
v 0.273794 3.393631 -2.836202
v 0.282017 3.431142 -2.884177
v 0.312312 3.482572 -2.873925
v 0.315581 3.521003 -2.798878
v 0.315581 3.521003 -2.798878
v 0.303093 3.561650 -2.755509
v 0.289379 3.589998 -2.736445
v 0.273073 3.618244 -2.738127
v 0.250666 3.640288 -2.771632
v 0.225785 3.625239 -2.874678
v 0.226153 3.576737 -2.982645
v 0.236077 3.534840 -3.037439
v 0.253649 3.500951 -3.037061
v 0.269350 3.477510 -2.985676
v 0.290037 3.474939 -2.934041
v 0.320211 3.529095 -2.934196
v 0.321688 3.563845 -2.964607
v 0.325952 3.592456 -2.903815
v 0.325304 3.564820 -2.876527
v 0.313764 3.591318 -2.809441
v 0.314464 3.613585 -2.844524
v 0.290806 3.629541 -2.798469
v 0.300230 3.603191 -2.785587
v 0.261319 3.649490 -2.802041
v 0.231734 3.626655 -2.896542
v 0.231778 3.585965 -2.994002
v 0.241674 3.554924 -3.055539
v 0.259524 3.538626 -3.074408
v 0.274596 3.515427 -3.019700
v 0.295400 3.515123 -2.989140
v 0.295221 3.547056 -3.020202
v 0.326783 3.649654 -2.992651
v 0.326980 3.661781 -2.941967
v 0.325952 3.592456 -2.903815
v 0.326980 3.661781 -2.941967
v 0.316693 3.674203 -2.883556
v 0.299151 3.683915 -2.832045
v 0.267759 3.693566 -2.795466
v 0.228957 3.666482 -2.906841
v 0.228719 3.636192 -3.026961
v 0.241971 3.616052 -3.098193
v 0.260197 3.609341 -3.139529
v 0.302223 3.625209 -3.086074
v 0.027929 2.399574 -2.276932
v 0.022456 2.369572 -2.300143
v 0.032328 2.417443 -2.300375
v 0.041531 2.387199 -2.368785
v 0.042458 2.411634 -2.327612
v 0.023612 2.348081 -2.333931
v 0.027250 2.361397 -2.372731
v 0.036434 2.367880 -2.386781
v 0.033778 2.564705 -2.231266
v -0.079672 4.331139 -2.813281
v -0.134761 4.488326 -2.859869
v -0.141412 4.331632 -2.982192
v -0.082314 4.254148 -2.938319
v -0.183089 4.773440 -3.520606
v -0.182888 4.844372 -3.106815
v -0.092446 4.931118 -3.225227
v -0.089226 4.867742 -3.559139
v -0.135568 4.251560 -3.187281
v -0.080443 4.177206 -3.156144
v -0.171770 4.625001 -3.809303
v -0.082651 4.706800 -3.882759
v -0.126004 4.189445 -3.538019
v -0.123412 4.115134 -3.627472
v -0.065084 4.052260 -3.539766
v -0.064696 4.121480 -3.495422
v -0.164951 4.214015 -3.765496
v -0.175011 4.322063 -3.603617
v -0.164951 4.214015 -3.765496
v -0.175011 4.322063 -3.603617
v -0.187860 4.499545 -3.761517
v -0.175887 4.331460 -3.935475
v -0.138436 4.451904 -4.054545
v -0.069367 4.506166 -4.109793
v -0.168271 4.633868 -2.844980
v -0.119816 4.648077 -2.691072
v -0.118711 4.764664 -2.753479
v -0.191304 4.724599 -2.911423
v -0.104397 4.881148 -2.843307
v -0.060976 4.942586 -2.884536
v -0.102110 4.601406 -2.471271
v -0.103627 4.563136 -2.574601
v -0.069400 4.489614 -2.566084
v -0.075061 4.493977 -2.490985
v -0.109075 4.704134 -2.516958
v -0.112139 4.674805 -2.612179
v -0.236497 4.627629 -2.949537
v -0.261214 4.510516 -2.968142
v -0.224573 4.475339 -2.901357
v -0.201723 4.573234 -2.884103
v -0.196434 4.416751 -2.982870
v -0.179709 4.483097 -2.920151
v -0.184266 4.383364 -3.210343
v -0.179007 4.385452 -3.142589
v -0.189616 4.359433 -3.393077
v -0.191197 4.363829 -3.415470
v -0.205399 4.400917 -3.555137
v -0.197609 4.404009 -3.577555
v -0.191197 4.363829 -3.415470
v -0.189616 4.359433 -3.393077
v -0.219582 4.444547 -3.631950
v -0.206954 4.480074 -3.691463
v -0.238236 4.493968 -3.583916
v -0.217670 4.578803 -3.645226
v -0.256520 4.521544 -3.419745
v -0.230889 4.642421 -3.447330
v -0.275467 4.533435 -3.167499
v -0.246985 4.686915 -3.161454
v -0.268191 4.329755 -3.012617
v -0.266386 4.240657 -3.046612
v -0.239671 4.210089 -3.008057
v -0.235593 4.297985 -2.973168
v -0.211553 4.174654 -3.065022
v -0.203203 4.263699 -3.046201
v -0.195696 4.154036 -3.197263
v -0.185791 4.246549 -3.214202
v -0.186221 4.252915 -3.405561
v -0.192747 4.159270 -3.362954
v -0.208029 4.186939 -3.484390
v -0.205860 4.279416 -3.527597
v -0.192747 4.159270 -3.362954
v -0.186221 4.252915 -3.405561
v -0.232649 4.223427 -3.520110
v -0.229151 4.306657 -3.571507
v -0.254787 4.234043 -3.470337
v -0.252296 4.321763 -3.517118
v -0.274565 4.248515 -3.329361
v -0.274746 4.330409 -3.364799
v -0.280810 4.252477 -3.162594
v -0.285268 4.335736 -3.160726
v -0.170277 4.306702 -3.229708
v -0.173176 4.297689 -3.412374
v -0.197609 4.404009 -3.577555
v -0.171360 4.157653 -4.067732
v -0.167237 4.013097 -4.136353
v -0.165686 3.952722 -3.895622
v -0.164041 4.069746 -3.853580
v -0.130075 3.880822 -3.686458
v -0.126264 3.993906 -3.664616
v -0.164041 4.069746 -3.853580
v -0.165686 3.952722 -3.895622
v -0.068964 3.833886 -3.554243
v -0.066905 3.945473 -3.548920
v -0.067020 4.278814 -4.308481
v -0.065417 4.085295 -4.408325
v -0.127833 4.062479 -4.324910
v -0.134305 4.238092 -4.243024
v -0.188379 3.666050 -4.273336
v -0.170563 3.607408 -4.211189
v -0.163162 3.620186 -4.001411
v -0.177867 3.676046 -3.999341
v -0.120514 3.632946 -3.763626
v -0.135316 3.648486 -3.733652
v -0.177867 3.676046 -3.999341
v -0.163162 3.620186 -4.001411
v -0.064772 3.614851 -3.687524
v -0.071888 3.634039 -3.619904
v -0.082831 3.632988 -4.566718
v -0.089453 3.583207 -4.462095
v -0.138013 3.590114 -4.407088
v -0.142881 3.638561 -4.470747
v -0.231100 4.389008 -2.932766
v -0.199683 4.349313 -3.023654
v -0.183850 4.326480 -3.216841
v -0.187968 4.325953 -3.421898
v -0.187968 4.325953 -3.421898
v -0.204036 4.373153 -3.556447
v -0.221145 4.389452 -3.616472
v -0.245634 4.418232 -3.561764
v -0.267577 4.423378 -3.404221
v -0.283438 4.425797 -3.167442
v -0.267663 4.419248 -2.985054
v -0.132348 3.710233 -3.767307
v -0.171845 3.737626 -4.013106
v -0.069634 3.686269 -3.611415
v -0.075898 3.749100 -4.521046
v -0.138623 3.769936 -4.440670
v -0.176308 3.770041 -4.260458
v -0.171845 3.737626 -4.013106
v -0.128735 3.787292 -3.731531
v -0.167680 3.835869 -3.952502
v -0.068404 3.761607 -3.562987
v -0.069025 3.888375 -4.511200
v -0.130391 3.882417 -4.410645
v -0.171531 3.875160 -4.205290
v -0.167680 3.835869 -3.952502
v -0.269955 4.156537 -3.047187
v -0.244108 4.126455 -3.003513
v -0.218139 4.089637 -3.050769
v -0.201620 4.066748 -3.173345
v -0.199248 4.062549 -3.321289
v -0.212586 4.084471 -3.448659
v -0.199248 4.062549 -3.321289
v -0.236185 4.126402 -3.495797
v -0.260741 4.153542 -3.444579
v -0.279619 4.172850 -3.310582
v -0.283870 4.173256 -3.159762
v -0.274043 4.083068 -3.045269
v -0.278008 4.026399 -3.024588
v -0.256835 3.974858 -2.978962
v -0.249675 4.046118 -2.997556
v -0.232708 3.943408 -3.025940
v -0.225690 4.012910 -3.040929
v -0.216875 3.912137 -3.134791
v -0.207152 3.987289 -3.152701
v -0.206105 3.971348 -3.290852
v -0.214842 3.903135 -3.271714
v -0.226790 3.931530 -3.386454
v -0.220241 3.996280 -3.408079
v -0.214842 3.903135 -3.271714
v -0.206105 3.971348 -3.290852
v -0.248980 3.984874 -3.435983
v -0.243620 4.043244 -3.458468
v -0.271970 4.036315 -3.399689
v -0.267447 4.085716 -3.411397
v -0.287734 4.066659 -3.282178
v -0.283491 4.108089 -3.296120
v -0.289501 4.065210 -3.139853
v -0.285750 4.109238 -3.155222
v -0.316134 3.760082 -2.921445
v -0.322282 3.716583 -2.869172
v -0.281045 3.712826 -2.841281
v -0.280273 3.754934 -2.892493
v -0.245906 3.694665 -2.918109
v -0.250557 3.734868 -2.957960
v -0.226626 3.665302 -3.070706
v -0.233483 3.708645 -3.090228
v -0.234961 3.681679 -3.234174
v -0.230130 3.630729 -3.235540
v -0.255294 3.606833 -3.355024
v -0.255349 3.664392 -3.340343
v -0.230130 3.630729 -3.235540
v -0.234961 3.681679 -3.234174
v -0.293310 3.620606 -3.393046
v -0.287241 3.690846 -3.382987
v -0.331507 3.669165 -3.330323
v -0.316457 3.742178 -3.331021
v -0.353757 3.700033 -3.175877
v -0.336517 3.767832 -3.200587
v -0.351488 3.708485 -2.995262
v -0.336530 3.768952 -3.041492
v -0.273457 3.829187 -2.909739
v -0.276067 3.821444 -2.884053
v -0.243331 3.799908 -2.953178
v -0.243193 3.806876 -2.967450
v -0.223755 3.769345 -3.098847
v -0.223720 3.777251 -3.093079
v -0.224456 3.740533 -3.263220
v -0.225619 3.755538 -3.248391
v -0.225619 3.755538 -3.248391
v -0.224456 3.740533 -3.263220
v -0.245285 3.727598 -3.386956
v -0.244958 3.748462 -3.365073
v -0.276208 3.761064 -3.432169
v -0.271674 3.784372 -3.408274
v -0.305892 3.820655 -3.380073
v -0.298798 3.834587 -3.360923
v -0.326746 3.852789 -3.237545
v -0.317017 3.864614 -3.232946
v -0.330242 3.844730 -3.057251
v -0.320016 3.860479 -3.071963
v -0.310365 3.831286 -2.921952
v -0.303274 3.841133 -2.946044
v -0.317959 3.681065 -2.906371
v -0.281250 3.680786 -2.884571
v -0.249495 3.668171 -2.946742
v -0.233675 3.645942 -3.069166
v -0.238046 3.616646 -3.201059
v -0.262005 3.593406 -3.297989
v -0.238046 3.616646 -3.201059
v -0.297161 3.604317 -3.326694
v -0.331435 3.629901 -3.272501
v -0.349513 3.659529 -3.148102
v -0.345312 3.675313 -3.007669
v -0.026821 4.263132 -2.789807
v -0.036641 4.321889 -2.710469
v -0.072309 4.423790 -2.721072
v -0.112370 4.512304 -2.682723
v -0.055296 4.934785 -2.744881
v -0.059168 4.979215 -2.686515
v -0.091026 4.888787 -2.727177
v -0.107939 4.784081 -2.675200
v -0.110349 4.825819 -2.560260
v -0.096427 4.930847 -2.636808
v -0.048149 4.410485 -2.523278
v -0.044773 4.416414 -2.565071
v -0.083106 4.486177 -2.477320
v -0.108346 4.591798 -2.453767
v -0.118312 4.707091 -2.485832
v -0.055233 4.407574 -2.513883
v -0.106714 4.927059 -2.648213
v -0.068759 4.983441 -2.774819
v -0.117260 4.825957 -2.555053
v -0.120342 4.552297 -2.561481
v -0.099408 4.461754 -2.568362
v -0.117195 4.423531 -2.681791
v -0.137629 4.529838 -2.657469
v -0.129237 4.674576 -2.570183
v -0.146291 4.649933 -2.685139
v -0.069273 4.958914 -2.852637
v -0.111038 4.905050 -2.733784
v -0.120513 4.898794 -2.838185
v -0.071544 4.956448 -2.917284
v -0.125947 4.802444 -2.654333
v -0.146483 4.776520 -2.752779
v -0.064485 4.367360 -2.581383
v -0.070800 4.136479 -3.368391
v -0.130149 4.207403 -3.391654
v -0.296763 3.889194 -2.954726
v -0.295641 3.833184 -2.984851
v -0.271950 3.822588 -2.954098
v -0.269230 3.857183 -2.911367
v -0.311735 3.913827 -3.084050
v -0.307656 3.854538 -3.087905
v -0.307540 3.933189 -3.251848
v -0.305849 3.853512 -3.215525
v -0.289206 3.899376 -3.380047
v -0.290927 3.830262 -3.318385
v -0.263459 3.829805 -3.420925
v -0.268868 3.794139 -3.357611
v -0.237566 3.779677 -3.368716
v -0.247774 3.760644 -3.320343
v -0.221205 3.768342 -3.244040
v -0.232327 3.762771 -3.223795
v -0.222291 3.782750 -3.089725
v -0.231567 3.780058 -3.099899
v -0.232327 3.762771 -3.223795
v -0.221205 3.768342 -3.244040
v -0.240569 3.816682 -2.963401
v -0.247076 3.803280 -2.997961
v -0.286439 3.927934 -3.000979
v -0.265780 3.889963 -2.961216
v -0.296369 3.964268 -3.113966
v -0.292960 3.972940 -3.251833
v -0.278283 3.940617 -3.358700
v -0.258173 3.877733 -3.393101
v -0.238308 3.826153 -3.348395
v -0.226265 3.808522 -3.241922
v -0.228418 3.817377 -3.110880
v -0.226265 3.808522 -3.241922
v -0.243429 3.848429 -3.003525
v -0.286473 3.991093 -2.976319
v -0.262134 3.939528 -2.928128
v -0.297395 4.035585 -3.117487
v -0.292634 4.028097 -3.274160
v -0.276435 3.998252 -3.399115
v -0.252294 3.932773 -3.454679
v -0.228637 3.863135 -3.400294
v -0.215556 3.836430 -3.270722
v -0.218608 3.845834 -3.111237
v -0.215556 3.836430 -3.270722
v -0.236255 3.884740 -2.980792
v -0.313540 3.665657 -2.931846
v -0.282551 3.665789 -2.914276
v -0.254882 3.654996 -2.967225
v -0.241626 3.637032 -3.071206
v -0.245389 3.612032 -3.182039
v -0.266186 3.591480 -3.263571
v -0.245389 3.612032 -3.182039
v -0.296706 3.597679 -3.285226
v -0.325871 3.617131 -3.237157
v -0.340956 3.644392 -3.132601
v -0.337025 3.659861 -3.015872
v -0.036641 4.321889 -2.710469
v -0.072309 4.423790 -2.721072
v -0.112370 4.512304 -2.682723
v -0.119816 4.648077 -2.691072
v -0.118711 4.764664 -2.753479
v -0.104397 4.881148 -2.843307
v -0.060976 4.942586 -2.884536
v -0.166569 3.573653 -4.200648
v -0.159514 3.584615 -4.000548
v -0.159514 3.584615 -4.000548
v -0.118864 3.598355 -3.774239
v -0.065733 3.589646 -3.705252
v -0.089257 3.549370 -4.439652
v -0.135543 3.557171 -4.387370
v -0.151173 5.232225 -1.289351
v -0.140653 5.235446 -1.248922
v -0.139114 5.245661 -1.239804
v -0.151029 5.242950 -1.285844
v -0.163084 5.222935 -1.319252
v -0.161185 5.214085 -1.318711
v -0.173041 5.189923 -1.331524
v -0.169844 5.185602 -1.329316
v -0.177331 5.152252 -1.313595
v -0.173459 5.153290 -1.313080
v -0.169403 5.097225 -1.217820
v -0.177077 5.083452 -1.192785
v -0.166771 5.071481 -1.131939
v -0.160852 5.088337 -1.172649
v -0.174696 5.118786 -1.265640
v -0.181018 5.114067 -1.252802
v -0.152358 5.083330 -1.095392
v -0.149849 5.097774 -1.140533
v -0.138096 5.116000 -1.085000
v -0.139658 5.124659 -1.126665
v -0.130049 5.160867 -1.097243
v -0.131855 5.160423 -1.132143
v -0.128424 5.201027 -1.134320
v -0.130740 5.192896 -1.158970
v -0.130804 5.232149 -1.188202
v -0.133392 5.220255 -1.198648
v -0.170801 5.065965 -1.104753
v -0.183863 5.074114 -1.170988
v -0.191361 5.102064 -1.242952
v -0.187170 5.153474 -1.307344
v -0.178635 5.199464 -1.337460
v -0.166076 5.236486 -1.321210
v -0.151910 5.265670 -1.280315
v -0.137334 5.277388 -1.221621
v -0.126402 5.260990 -1.150179
v -0.120869 5.222377 -1.080979
v -0.125679 5.161442 -1.038335
v -0.138659 5.106863 -1.038807
v -0.154392 5.076032 -1.058617
v -0.063094 4.837911 -0.773360
v -0.056183 4.832536 -0.844692
v -0.026513 4.827460 -0.844478
v -0.028496 4.832691 -0.777638
v -0.088365 4.843991 -0.791825
v -0.083097 4.836464 -0.851393
v -0.107590 4.847861 -0.818407
v -0.101720 4.832050 -0.876630
v -0.123511 4.839285 -0.855152
v -0.117226 4.818501 -0.919258
v -0.142941 4.817772 -0.915884
v -0.135795 4.799434 -0.975742
v -0.162730 4.791518 -0.980690
v -0.155243 4.773209 -1.037496
v -0.182472 4.757689 -1.055433
v -0.175213 4.740864 -1.090940
v -0.198233 4.721442 -1.123299
v -0.188638 4.704423 -1.159077
v -0.210680 4.673741 -1.160398
v -0.198978 4.672793 -1.194332
v -0.201178 4.664592 -1.195047
v -0.209226 4.644541 -1.187507
v -0.189484 4.663298 -1.112172
v -0.184512 4.715588 -1.180017
v -0.196297 4.675775 -1.196111
v -0.201813 4.635705 -1.158109
v -0.169630 4.751572 -1.127803
v -0.173785 4.697562 -1.059414
v -0.158633 4.727321 -0.995005
v -0.152699 4.780935 -1.066830
v -0.141920 4.747742 -0.929812
v -0.136511 4.796909 -0.988316
v -0.121614 4.763350 -0.877695
v -0.116699 4.819382 -0.912060
v -0.100319 4.775379 -0.853494
v -0.097919 4.837042 -0.895535
v -0.078227 4.780613 -0.832566
v -0.078676 4.836844 -0.863573
v -0.052706 4.784941 -0.817009
v -0.048933 4.845952 -0.877368
v -0.027299 4.794553 -0.825263
v -0.026570 4.841959 -0.864978
v -0.165806 4.821239 -0.978109
v -0.185503 4.785728 -1.059655
v -0.202464 4.737301 -1.131669
v -0.216533 4.677377 -1.162012
v -0.217335 4.635178 -1.177184
v -0.217335 4.635178 -1.177184
v -0.211132 4.625644 -1.177172
v -0.187058 4.632972 -1.106002
v -0.203773 4.616909 -1.157434
v -0.170389 4.664678 -1.050774
v -0.155439 4.692756 -0.989496
v -0.028189 4.755900 -0.816919
v -0.054392 4.750509 -0.821318
v -0.078792 4.748662 -0.837619
v -0.100684 4.742064 -0.862410
v -0.120142 4.730185 -0.893687
v -0.138995 4.713997 -0.935325
v -0.054607 4.728878 -0.849409
v -0.028362 4.732152 -0.850560
v -0.078394 4.725062 -0.865491
v -0.100793 4.721513 -0.892930
v -0.118026 4.711935 -0.920809
v -0.135946 4.695277 -0.960504
v -0.150373 4.674538 -1.014819
v -0.162572 4.645996 -1.077609
v -0.179335 4.606829 -1.142255
v -0.204793 4.576399 -1.192821
v -0.223083 4.675625 -1.187246
v -0.225820 4.625032 -1.198531
v -0.204917 4.748891 -1.151646
v -0.185842 4.806441 -1.078820
v -0.165481 4.848740 -0.990774
v -0.146416 4.847432 -0.904384
v -0.128111 4.867600 -0.842508
v -0.146051 4.879073 -0.909910
v -0.031045 4.861371 -0.766990
v -0.064931 4.878771 -0.781509
v -0.090980 4.882250 -0.777389
v -0.111546 4.877731 -0.798433
v -0.110376 4.914847 -0.814774
v -0.128347 4.900843 -0.845977
v -0.089253 4.921149 -0.807325
v -0.064942 4.897267 -0.790992
v -0.035732 4.873850 -0.770821
v -0.172718 4.594824 -1.188702
v -0.202787 4.560974 -1.289062
v -0.027232 4.707760 -0.883445
v -0.050391 4.719565 -0.905872
v -0.073415 4.716063 -0.924470
v -0.096783 4.708399 -0.936853
v -0.114094 4.696574 -0.965946
v -0.130272 4.681103 -1.006121
v -0.143309 4.660688 -1.053885
v -0.155731 4.632528 -1.107130
v -0.209420 4.755996 -1.174533
v -0.229027 4.677881 -1.222680
v -0.229723 4.611447 -1.274984
v -0.229723 4.611447 -1.274984
v -0.217124 4.569293 -1.306674
v -0.220059 4.592697 -1.197657
v -0.225820 4.625032 -1.198531
v -0.213767 4.568801 -1.367194
v -0.232868 4.606778 -1.321901
v -0.194598 4.554347 -1.331451
v -0.163848 4.547451 -1.225359
v -0.148613 4.590710 -1.119151
v -0.139871 4.626489 -1.071476
v -0.128755 4.625153 -1.038020
v -0.112048 4.627814 -0.992287
v -0.094105 4.638377 -0.951949
v -0.073802 4.648023 -0.917384
v -0.052594 4.648125 -0.880344
v -0.030082 4.645422 -0.841499
v -0.054370 4.589240 -0.868219
v -0.030384 4.584249 -0.838554
v -0.112358 4.565567 -1.011383
v -0.093789 4.584402 -0.953248
v -0.074606 4.590858 -0.907349
v -0.103208 4.543157 -1.006910
v -0.091683 4.541905 -0.981739
v -0.073671 4.534830 -0.951853
v -0.052818 4.529193 -0.924845
v -0.029161 4.526238 -0.902775
v -0.116875 4.514676 -1.080727
v -0.104554 4.520648 -1.042177
v -0.139199 4.462856 -1.274681
v -0.136616 4.461392 -1.489047
v -0.094943 4.465260 -1.427032
v -0.103160 4.464314 -1.171630
v -0.093188 4.501959 -1.049889
v -0.070383 4.494905 -1.029050
v -0.046474 4.499500 -0.996452
v -0.026036 4.497894 -0.972663
v -0.047834 4.466916 -1.368992
v -0.064844 4.465122 -1.144847
v -0.132691 4.566019 -1.074520
v -0.139843 4.511476 -1.149974
v -0.169006 4.486501 -1.345484
v -0.196692 4.522721 -1.411196
v -0.223053 4.576275 -1.428885
v -0.000018 4.523532 -0.895032
v -0.000024 4.580072 -0.827251
v -0.000014 4.492714 -0.968671
v -0.000027 4.641448 -0.822096
v -0.000028 4.705317 -0.877524
v -0.000030 4.732617 -0.850876
v -0.172976 4.482343 -1.533704
v -0.205388 4.528833 -1.563344
v -0.235023 4.589395 -1.558997
v -0.245888 4.622211 -1.372280
v -0.232868 4.606778 -1.321901
v -0.238817 4.676884 -1.245154
v -0.245888 4.622211 -1.372280
v -0.255681 4.695621 -1.272671
v -0.260273 4.652422 -1.495435
v -0.267173 4.754245 -1.394093
v -0.222623 4.757648 -1.166729
v -0.239618 4.791617 -1.182620
v -0.257867 4.849960 -1.297063
v -0.033837 4.479664 -1.092531
v -0.021615 4.485024 -1.031473
v -0.000011 4.481465 -1.035924
v -0.028860 4.468287 -1.214473
v -0.000002 4.466796 -1.226610
v -0.000007 4.472259 -1.112551
v -0.000058 5.150009 -0.633279
v -0.030006 5.148633 -0.649985
v -0.034968 5.052495 -0.572117
v -0.000057 5.051495 -0.559515
v -0.038413 4.943676 -0.539653
v -0.000053 4.942032 -0.533879
v -0.037289 4.854564 -0.565290
v -0.000047 4.848075 -0.562793
v -0.032938 4.817734 -0.626720
v -0.000042 4.806127 -0.627174
v -0.000058 5.234140 -0.721136
v -0.025625 5.231500 -0.740662
v -0.000057 5.306214 -0.811839
v -0.021207 5.301780 -0.827435
v -0.021207 5.301780 -0.827435
v -0.000057 5.306214 -0.811839
v -0.000056 5.352317 -0.889255
v -0.017015 5.351115 -0.892947
v -0.049366 5.218413 -0.771471
v -0.041718 5.291294 -0.870688
v -0.056272 5.143302 -0.679811
v -0.063597 5.054760 -0.611214
v -0.068328 4.955391 -0.581170
v -0.064257 4.873018 -0.599957
v -0.054251 4.840346 -0.636316
v -0.032697 4.825991 -0.692006
v -0.058746 4.851480 -0.688663
v -0.000041 4.819103 -0.689417
v -0.034506 4.870346 -0.758382
v -0.000040 4.878682 -0.762584
v -0.063055 4.890704 -0.770142
v -0.000037 4.833952 -0.786646
v -0.000039 4.864016 -0.773165
v -0.000040 4.880857 -0.777967
v -0.035732 4.873850 -0.770821
v -0.000040 4.880857 -0.777967
v -0.064942 4.897267 -0.790992
v -0.077056 4.897120 -0.678402
v -0.081699 4.924693 -0.762508
v -0.089253 4.921149 -0.807325
v -0.086139 4.964790 -0.662156
v -0.092653 4.971865 -0.751614
v -0.084137 5.048755 -0.680050
v -0.095936 5.035895 -0.753004
v -0.095823 4.966705 -0.821241
v -0.101996 5.021101 -0.811928
v -0.095823 4.966705 -0.821241
v -0.110929 4.957657 -0.841421
v -0.101996 5.021101 -0.811928
v -0.115471 5.001771 -0.829731
v -0.133386 4.975549 -0.837954
v -0.127762 4.939348 -0.865239
v -0.145386 4.915884 -0.920842
v -0.164706 4.880759 -0.994688
v -0.187391 4.828126 -1.093533
v -0.151693 4.946617 -0.885274
v -0.171943 4.910700 -0.951194
v -0.197943 4.850587 -1.057750
v -0.212053 4.904318 -1.048269
v -0.177939 4.954341 -0.942596
v -0.154031 4.990226 -0.891979
v -0.133273 5.022029 -0.869610
v -0.114093 5.053522 -0.870026
v -0.101840 5.079662 -0.839132
v -0.101840 5.079662 -0.839132
v -0.091582 5.102882 -0.792861
v -0.086640 5.167494 -0.855505
v -0.099284 5.140613 -0.889702
v -0.077670 5.126336 -0.734223
v -0.070962 5.193305 -0.810285
v -0.099284 5.140613 -0.889702
v -0.112271 5.105452 -0.909513
v -0.132429 5.061358 -0.913308
v -0.108925 5.163558 -0.988369
v -0.130823 5.093563 -0.978290
v -0.134563 5.107984 -1.011050
v -0.120271 5.165498 -1.015288
v -0.154434 5.027268 -0.930023
v -0.153855 5.048182 -0.994834
v -0.153647 5.070712 -1.031506
v -0.176127 4.994950 -0.968056
v -0.177676 5.019886 -1.034923
v -0.174569 5.050735 -1.077295
v -0.197028 4.978899 -1.039214
v -0.202476 5.017059 -1.120199
v -0.190961 5.056577 -1.162677
v -0.103237 5.246684 -1.064425
v -0.114026 5.235771 -1.067727
v -0.109583 5.302999 -1.140689
v -0.117106 5.284371 -1.147413
v -0.123058 5.327075 -1.231225
v -0.129515 5.305700 -1.221691
v -0.143265 5.313158 -1.310198
v -0.148466 5.298077 -1.286691
v -0.166221 5.263992 -1.373496
v -0.169363 5.257210 -1.331888
v -0.185618 5.205827 -1.401005
v -0.184976 5.208404 -1.355495
v -0.202217 5.149003 -1.362827
v -0.193914 5.157611 -1.322889
v -0.210605 5.075182 -1.263797
v -0.197860 5.099081 -1.250196
v -0.094734 5.204680 -0.954143
v -0.095120 5.273046 -1.029031
v -0.082299 5.232747 -0.926923
v -0.094734 5.204680 -0.954143
v -0.081235 5.298659 -1.012067
v -0.082299 5.232747 -0.926923
v -0.064637 5.264717 -0.898633
v -0.059724 5.329557 -0.995181
v -0.064637 5.264717 -0.898633
v -0.029507 5.362312 -0.964473
v -0.041718 5.291294 -0.870688
v -0.032540 5.424163 -1.040257
v -0.000054 5.393216 -0.959526
v -0.000053 5.439235 -1.032652
v -0.063006 5.385210 -1.065269
v -0.087481 5.358219 -1.098619
v -0.103107 5.328395 -1.107987
v -0.116651 5.363612 -1.209545
v -0.140784 5.349675 -1.321179
v -0.168625 5.280861 -1.412511
v -0.197766 5.207139 -1.443938
v -0.222677 5.135905 -1.393632
v -0.232599 5.044546 -1.281237
v -0.231389 4.941789 -1.162590
v -0.264075 4.952378 -1.408048
v -0.250387 5.092000 -1.556902
v -0.208939 5.207787 -1.542701
v -0.276789 4.831468 -1.533496
v -0.277028 4.922670 -1.706055
v -0.274204 4.706775 -1.640453
v -0.281559 4.777570 -1.816069
v -0.246511 4.617398 -1.712327
v -0.260273 4.652422 -1.495435
v -0.274204 4.706775 -1.640453
v -0.281559 4.777570 -1.816069
v -0.253986 4.662855 -1.892734
v -0.251174 5.135138 -1.791265
v -0.212467 5.225468 -1.708674
v -0.275857 5.002194 -1.905557
v -0.283519 4.847958 -2.010760
v -0.172291 5.298676 -1.479490
v -0.173522 5.317584 -1.610640
v -0.212467 5.225468 -1.708674
v -0.210775 5.277646 -1.883895
v -0.245018 5.198521 -1.995913
v -0.251174 5.135138 -1.791265
v -0.271021 5.080676 -2.111182
v -0.275857 5.002194 -1.905557
v -0.274171 4.908480 -2.217061
v -0.283519 4.847958 -2.010760
v -0.246356 4.779956 -2.242496
v -0.255787 4.723663 -2.073900
v -0.283519 4.847958 -2.010760
v -0.255787 4.723663 -2.073900
v -0.209836 4.568859 -1.729026
v -0.172425 4.534575 -1.714487
v -0.134854 4.520868 -1.700628
v -0.090429 4.514110 -1.706936
v -0.044559 4.531603 -1.654495
v 0.000011 4.532237 -1.646234
v 0.000004 4.474659 -1.403771
v -0.216726 4.615363 -1.918808
v -0.176294 4.605897 -1.917711
v -0.133609 4.612552 -1.921315
v -0.080437 4.601985 -2.025696
v -0.036358 4.564941 -1.952745
v 0.000020 4.556397 -1.940129
v -0.220038 4.674413 -2.090959
v -0.220268 4.729441 -2.209781
v -0.220038 4.674413 -2.090959
v -0.183052 4.679408 -2.113649
v -0.193916 4.748686 -2.276814
v -0.183052 4.679408 -2.113649
v -0.140911 4.694027 -2.146934
v -0.151560 4.781264 -2.351523
v -0.140911 4.694027 -2.146934
v -0.094079 4.718241 -2.240481
v -0.095561 4.845637 -2.431968
v -0.094079 4.718241 -2.240481
v -0.000032 4.757559 -0.821581
v -0.000034 4.791578 -0.827613
v -0.000034 4.838264 -0.870643
v -0.000035 4.825419 -0.839925
v -0.096056 5.415540 -1.218534
v -0.068170 5.420312 -1.129035
v -0.037921 5.461758 -1.119553
v -0.000050 5.477156 -1.114380
v -0.136819 5.383327 -1.368285
v -0.137328 5.426236 -1.482651
v -0.098806 5.498511 -1.364819
v -0.049018 5.491493 -1.215099
v -0.000047 5.514325 -1.210732
v -0.137328 5.426236 -1.482651
v -0.136883 5.481104 -1.617779
v -0.173191 5.369312 -1.757403
v -0.173522 5.317584 -1.610640
v -0.098855 5.560140 -1.514297
v -0.051578 5.536023 -1.338696
v -0.050432 5.589263 -1.471237
v -0.047170 5.621532 -1.629349
v -0.093448 5.581512 -1.680607
v -0.131101 5.510911 -1.786710
v -0.165022 5.408381 -1.926281
v -0.198431 5.327176 -2.066514
v -0.230607 5.259200 -2.202019
v -0.253685 5.143340 -2.335871
v -0.248152 4.966666 -2.420876
v -0.218103 4.824096 -2.386826
v -0.041021 5.621283 -1.781173
v -0.082591 5.591314 -1.851421
v -0.118110 5.520501 -1.959603
v -0.148404 5.428791 -2.097050
v -0.176773 5.362240 -2.249925
v -0.202803 5.306313 -2.405305
v -0.216826 5.190219 -2.548007
v -0.203556 5.011677 -2.595215
v -0.175266 4.878695 -2.499379
v -0.000033 5.638821 -1.757928
v -0.000027 5.629995 -1.918202
v -0.033396 5.615621 -1.940653
v -0.066814 5.592137 -2.021015
v -0.098900 5.533206 -2.113344
v -0.123648 5.473095 -2.249631
v -0.000022 5.633039 -2.062442
v -0.025498 5.623297 -2.061305
v -0.044516 5.590585 -2.186351
v -0.079304 5.562697 -2.219850
v -0.090231 5.530279 -2.355440
v -0.144329 5.415407 -2.413209
v -0.102733 5.481100 -2.537773
v -0.162167 5.358729 -2.584145
v -0.112972 5.405755 -2.727411
v -0.166617 5.227541 -2.713111
v -0.110505 5.259780 -2.822924
v -0.150694 5.059721 -2.712184
v -0.097793 5.106831 -2.808441
v -0.077209 4.979469 -2.729918
v -0.125377 4.926386 -2.608304
v -0.045692 4.935519 -2.578813
v -0.026495 4.948609 -2.749721
v 0.000015 4.947919 -2.762386
v 0.000013 4.935399 -2.595582
v -0.045989 5.142732 -2.856558
v 0.000053 5.148564 -2.893260
v 0.000034 5.036029 -2.830338
v -0.037196 5.029871 -2.810212
v -0.052683 5.284502 -2.882950
v 0.000026 5.289401 -2.891712
v -0.054475 5.431745 -2.794441
v 0.000016 5.436533 -2.811062
v -0.051950 5.525082 -2.609319
v 0.000005 5.547094 -2.637049
v -0.046874 5.572367 -2.397037
v -0.000015 5.611863 -2.217546
v -0.000006 5.599087 -2.419980
v -0.150065 5.220016 -1.293108
v -0.141306 5.220460 -1.257071
v -0.158185 5.205504 -1.319820
v -0.165379 5.183025 -1.329300
v -0.168647 5.154630 -1.318526
v -0.156239 5.093503 -1.191055
v -0.165706 5.103298 -1.237847
v -0.170737 5.123487 -1.277949
v -0.147871 5.101842 -1.165933
v -0.139492 5.123005 -1.152097
v -0.133966 5.156498 -1.159971
v -0.133938 5.183227 -1.182185
v -0.136180 5.206078 -1.214459
v -0.152054 5.213822 -1.281768
v -0.144821 5.212367 -1.246766
v -0.159408 5.200789 -1.306759
v -0.160712 5.109433 -1.191816
v -0.166969 5.115883 -1.228550
v -0.152345 5.116715 -1.163832
v -0.139581 5.202318 -1.211446
v -0.000038 5.639495 -1.609800
v -0.000041 5.604916 -1.456079
v -0.000043 5.551428 -1.329914
v -0.024920 4.592566 -2.177880
v 0.000017 4.583590 -2.170738
v -0.060681 4.723287 -2.324294
v -0.049348 4.637556 -2.225108
v -0.057097 4.814192 -2.434928
v -0.060681 4.723287 -2.324294
v -0.029551 4.873801 -2.517751
v 0.000012 4.881255 -2.537810
v -0.018916 4.603345 -2.355237
v -0.018633 4.604990 -2.492540
v 0.000011 4.583916 -2.487043
v 0.000015 4.588653 -2.346749
v -0.046935 4.726644 -2.432832
v -0.043411 4.731509 -2.528276
v -0.035281 4.655138 -2.503549
v -0.037227 4.644815 -2.380288
v -0.043411 4.731509 -2.528276
v -0.046935 4.726644 -2.432832
v -0.041317 4.809643 -2.494923
v -0.037585 4.808941 -2.549709
v -0.021678 4.870011 -2.539959
v -0.019013 4.872400 -2.578101
v 0.000011 4.888004 -2.557990
v 0.000010 4.887163 -2.587224
v 0.000010 4.897811 -2.641933
v 0.000010 4.906688 -2.669928
v -0.027605 4.891867 -2.670116
v -0.023266 4.888869 -2.631210
v -0.052873 4.813908 -2.641614
v -0.043199 4.813875 -2.599667
v -0.063387 4.721328 -2.646173
v -0.052195 4.732356 -2.593175
v -0.052195 4.732356 -2.593175
v -0.063387 4.721328 -2.646173
v -0.055177 4.617939 -2.630017
v -0.045231 4.640044 -2.576733
v -0.031235 4.538774 -2.629692
v -0.024196 4.570570 -2.566472
v 0.000009 4.507374 -2.620451
v 0.000010 4.549023 -2.553683
v 0.000010 4.919382 -2.784711
v 0.000010 4.910495 -2.885996
v -0.047202 4.894124 -2.869643
v -0.037114 4.908460 -2.795161
v -0.097157 4.841994 -2.857575
v -0.087008 4.808777 -2.760193
v -0.127035 4.784752 -2.856798
v -0.157717 4.639804 -2.840370
v -0.125852 4.663904 -2.789308
v -0.115694 4.760468 -2.801938
v -0.125852 4.663904 -2.789308
v -0.157717 4.639804 -2.840370
v -0.133722 4.515655 -2.839749
v -0.117271 4.565703 -2.791490
v -0.089755 4.521913 -2.759906
v -0.105744 4.420487 -2.859343
v -0.078428 4.338470 -2.882696
v -0.048730 4.395705 -2.773721
v -0.045149 4.242840 -2.912474
v 0.000009 4.192535 -2.960031
v 0.000009 4.273038 -2.861401
v -0.033745 4.295164 -2.831794
v 0.000010 4.917755 -2.717244
v -0.032617 4.900681 -2.724225
v -0.067005 4.820254 -2.692729
v -0.077132 4.705136 -2.690392
v -0.077132 4.705136 -2.690392
v -0.066793 4.583221 -2.692264
v -0.037630 4.488523 -2.695814
v 0.000009 4.445727 -2.686632
v -0.096205 4.680870 -2.737537
v -0.096205 4.680870 -2.737537
v 0.000009 4.376373 -2.765689
v -0.151283 3.479090 -3.801753
v -0.182059 3.469729 -3.963073
v -0.191012 3.381167 -3.958116
v -0.161575 3.386401 -3.787702
v -0.181498 3.439957 -4.165492
v -0.154550 3.415798 -4.354713
v -0.170652 3.303480 -4.330712
v -0.192251 3.350070 -4.143205
v -0.085726 2.924381 -3.893151
v -0.044040 2.920818 -4.007518
v -0.046507 2.970536 -3.807653
v -0.078590 2.986076 -3.718110
v -0.071964 3.419460 -4.497244
v -0.037938 3.420702 -4.499659
v -0.033654 3.338962 -4.516383
v -0.058934 3.348616 -4.515929
v -0.057878 3.424263 -3.658025
v -0.033117 3.413351 -3.633178
v -0.032487 3.463358 -3.657781
v -0.068354 3.473908 -3.690116
v -0.078590 2.986076 -3.718110
v -0.046507 2.970536 -3.807653
v -0.053960 3.050825 -3.713012
v -0.077043 3.089385 -3.692557
v -0.106085 3.374002 -4.466848
v -0.126304 3.237295 -4.486150
v -0.114778 3.363549 -3.683866
v -0.104468 3.459360 -3.727916
v -0.145430 2.897869 -3.958975
v -0.179465 2.891666 -3.824387
v -0.198444 2.939641 -3.961862
v -0.176702 2.934580 -4.102260
v -0.044840 3.003598 -4.382548
v -0.091072 3.003039 -4.400532
v -0.083669 3.169529 -4.518273
v -0.041245 3.129970 -4.504784
v -0.079886 3.179345 -3.761144
v -0.093780 3.212631 -3.690378
v -0.047155 3.313630 -3.629994
v -0.038978 3.353630 -3.598302
v -0.051147 3.222462 -3.612028
v -0.097897 2.891718 -4.154255
v -0.045912 2.918070 -4.215081
v -0.132918 3.285087 -3.735021
v -0.121622 3.244683 -3.748417
v -0.171936 3.261976 -3.856831
v -0.181308 3.278389 -3.830296
v -0.071876 3.290021 -4.532022
v -0.037043 3.251122 -4.534940
v -0.211502 3.153918 -4.066280
v -0.204958 3.029356 -4.145974
v -0.223209 3.015744 -4.026473
v -0.226649 3.132412 -4.000287
v -0.202452 3.230652 -3.961742
v -0.214960 3.228602 -3.941904
v -0.142120 3.071825 -4.442491
v -0.130436 2.909343 -3.751049
v -0.176030 2.903748 -3.582758
v -0.112239 2.974956 -3.565157
v -0.148602 2.984108 -3.384222
v -0.105073 3.152821 -3.443226
v -0.139570 3.154079 -3.313459
v -0.148602 2.984108 -3.384222
v -0.112239 2.974956 -3.565157
v -0.071414 3.384287 -3.644359
v -0.077798 3.333347 -3.653137
v -0.116392 3.297140 -3.684680
v -0.081756 3.261722 -3.660448
v -0.165490 3.312277 -3.786328
v -0.197049 3.303134 -3.951357
v -0.185353 3.189530 -4.317118
v -0.200074 3.263338 -4.134596
v -0.197019 3.015424 -3.198328
v -0.216669 2.907660 -3.339003
v -0.217171 2.882163 -3.634453
v -0.204615 2.895906 -3.776417
v -0.123673 3.288975 -3.537856
v -0.157609 3.288968 -3.379868
v -0.204098 3.302714 -3.765465
v -0.238093 3.330254 -3.633868
v -0.191845 3.341834 -3.494294
v -0.157709 3.315957 -3.630962
v -0.236354 3.242304 -3.867212
v -0.266091 3.234439 -3.719400
v -0.273397 3.109820 -3.739506
v -0.248853 3.117269 -3.894256
v -0.243741 3.003619 -3.893128
v -0.265828 2.998557 -3.739586
v -0.273397 3.109820 -3.739506
v -0.248853 3.117269 -3.894256
v -0.225928 2.921316 -3.838987
v -0.245316 2.917621 -3.699685
v -0.200087 3.284513 -3.188685
v -0.187158 3.155029 -3.148251
v -0.232318 3.358821 -3.294281
v -0.275596 3.336596 -3.437443
v -0.297258 3.223408 -3.513191
v -0.298480 3.100587 -3.539350
v -0.288608 2.994078 -3.565396
v -0.298480 3.100587 -3.539350
v -0.268369 2.921854 -3.538500
v -0.151409 2.942896 -4.274957
v -0.194626 3.079997 -4.252797
v -0.201242 3.192695 -4.106160
v -0.196422 3.249436 -3.962153
v -0.161229 3.262660 -3.818868
v -0.116377 3.241314 -3.698981
v -0.083154 3.198833 -3.687862
v -0.054383 3.134853 -3.638352
v -0.241918 2.883307 -3.465475
v -0.197019 3.015424 -3.198328
v -0.245194 3.040155 -2.998278
v -0.274539 2.928809 -3.117508
v -0.273820 2.894498 -3.296565
v -0.234476 3.168581 -2.956024
v -0.245194 3.040155 -2.998278
v -0.242174 3.282367 -2.979166
v -0.329332 3.207448 -3.285183
v -0.316560 3.322433 -3.230315
v -0.329379 3.074474 -3.319461
v -0.308883 2.977154 -3.418606
v -0.329379 3.074474 -3.319461
v -0.296803 2.917561 -3.352098
v -0.271236 3.362249 -3.060279
v -0.320989 3.053900 -2.774955
v -0.308442 2.992115 -2.894804
v -0.281040 3.100050 -2.800384
v -0.305147 3.126696 -2.650678
v -0.357122 3.021560 -2.893683
v -0.344103 2.985143 -3.003692
v -0.275981 3.203546 -2.760194
v -0.306999 3.219140 -2.588914
v -0.305147 3.126696 -2.650678
v -0.281040 3.100050 -2.800384
v -0.391944 3.226763 -2.866185
v -0.362514 3.216535 -3.060024
v -0.361446 3.108252 -3.063581
v -0.386208 3.130349 -2.905810
v -0.324276 2.974708 -2.451547
v -0.316547 2.898240 -2.606740
v -0.323072 2.991908 -2.712079
v -0.317387 3.085264 -2.531107
v -0.421277 2.947656 -2.754785
v -0.431477 3.057120 -2.564145
v -0.417937 3.161513 -2.710450
v -0.404514 3.050749 -2.821444
v -0.390643 2.860206 -2.851985
v -0.421277 2.947656 -2.754785
v -0.404514 3.050749 -2.821444
v -0.383611 2.936576 -2.883830
v -0.322347 2.832828 -2.767705
v -0.328791 2.910998 -2.809054
v -0.324276 2.974708 -2.451547
v -0.317387 3.085264 -2.531107
v -0.332133 3.172908 -2.449480
v -0.359773 3.069887 -2.340927
v -0.371761 3.174922 -2.376032
v -0.347892 3.260448 -2.450059
v -0.400610 3.182090 -2.422246
v -0.384182 3.286654 -2.515581
v -0.408658 3.251985 -2.627978
v -0.420903 3.163295 -2.524114
v -0.338818 2.797136 -2.328565
v -0.326586 2.736074 -2.510614
v -0.329168 2.701081 -2.699187
v -0.377373 2.868084 -2.231598
v -0.338818 2.797136 -2.328565
v -0.446387 2.856989 -2.450543
v -0.426280 2.889198 -2.240610
v -0.408299 3.062232 -2.375866
v -0.434013 2.780142 -2.654314
v -0.401593 2.733161 -2.785684
v -0.434013 2.780142 -2.654314
v -0.368692 2.573172 -2.167787
v -0.358777 2.518127 -2.367708
v -0.456175 2.611835 -2.256016
v -0.446142 2.669978 -2.045291
v -0.431537 2.541805 -2.468469
v -0.374733 2.565313 -2.661706
v -0.386636 2.441332 -2.496330
v -0.431537 2.541805 -2.468469
v -0.406047 2.609312 -2.650327
v -0.398251 2.632669 -2.052759
v -0.352658 2.585286 -2.588554
v -0.368692 2.573172 -2.167787
v -0.381646 2.423749 -2.037096
v -0.375654 2.358231 -2.194661
v -0.399113 2.305523 -2.348848
v -0.413326 2.488816 -1.945826
v -0.381646 2.423749 -2.037096
v -0.466964 2.457773 -2.128863
v -0.459323 2.552894 -1.904021
v -0.442397 2.367529 -2.307345
v -0.442397 2.367529 -2.307345
v -0.389516 2.295060 -1.943702
v -0.384612 2.206072 -2.110072
v -0.405929 2.167730 -2.255947
v -0.423848 2.395669 -1.810516
v -0.389516 2.295060 -1.943702
v -0.483107 2.349299 -2.002407
v -0.472900 2.462569 -1.789283
v -0.451954 2.209842 -2.226470
v -0.451954 2.209842 -2.226470
v -0.380596 2.091927 -2.064159
v -0.389812 2.180035 -1.876818
v -0.404271 2.050843 -2.185698
v -0.431862 2.334852 -1.659463
v -0.389812 2.180035 -1.876818
v -0.489498 2.394558 -1.689749
v -0.504821 2.268700 -1.890626
v -0.459722 2.092472 -2.170879
v -0.459722 2.092472 -2.170879
v -0.317236 2.942411 -3.180374
v -0.316835 3.309864 -2.582886
v -0.284116 3.300541 -2.770069
v -0.317274 3.368367 -2.848218
v -0.357162 3.358912 -2.652277
v -0.384867 3.318621 -2.785388
v -0.351082 3.323783 -2.993261
v -0.386208 3.130349 -2.905810
v -0.361446 3.108252 -3.063581
v -0.354315 2.911465 -2.891060
v -0.355043 2.986624 -2.886257
v -0.360451 2.693149 -2.810615
v -0.355790 2.819677 -2.870409
v -0.181498 3.439957 -4.165492
v -0.192251 3.350070 -4.143205
v -0.200074 3.263338 -4.134596
v -0.201242 3.192695 -4.106160
v -0.211502 3.153918 -4.066280
v -0.226649 3.132412 -4.000287
v -0.176988 3.558633 -3.949664
v -0.176968 3.530663 -4.189942
v -0.109620 3.534824 -3.750497
v -0.148868 3.552854 -3.810304
v -0.149352 3.517091 -4.369361
v -0.111303 3.500926 -4.441937
v -0.039974 3.481241 -4.507777
v -0.029799 3.513481 -3.658376
v -0.068355 3.526556 -3.696518
v -0.076268 3.491655 -4.492788
v -0.176968 3.530663 -4.189942
v -0.661846 1.763734 -0.630709
v -0.649802 1.799520 -0.641450
v -0.639182 1.744206 -0.766932
v -0.652721 1.714518 -0.774192
v -0.656448 1.660526 -0.735995
v -0.666631 1.721342 -0.586283
v -0.636007 1.617261 -0.913153
v -0.605285 1.595464 -1.116955
v -0.649974 1.838852 -0.535096
v -0.660935 1.815627 -0.505322
v -0.662560 1.773256 -0.472706
v -0.649362 1.795213 -0.391940
v -0.645533 1.841600 -0.421078
v -0.634523 1.855071 -0.490512
v -0.649362 1.795213 -0.391940
v -0.621408 1.779243 -0.367908
v -0.617508 1.827029 -0.394825
v -0.645533 1.841600 -0.421078
v -0.634523 1.855071 -0.490512
v -0.613947 1.843069 -0.468153
v -0.591556 1.738415 -0.404270
v -0.587490 1.785241 -0.435024
v -0.591275 1.813457 -0.492487
v -0.557450 1.689759 -0.488994
v -0.557054 1.733755 -0.518765
v -0.565024 1.772996 -0.559036
v -0.602709 1.760859 -0.852101
v -0.590478 1.741686 -0.932358
v -0.617745 1.764841 -0.732625
v -0.630825 1.810803 -0.638187
v -0.638357 1.838589 -0.570790
v -0.626667 1.846659 -0.541489
v -0.613111 1.839424 -0.512221
v -0.626667 1.846659 -0.541489
v -0.568506 1.759035 -0.867186
v -0.580427 1.777986 -0.793767
v -0.596832 1.780883 -0.686660
v -0.614860 1.823735 -0.601728
v -0.596832 1.780883 -0.686660
v -0.614860 1.823735 -0.601728
v -0.600706 1.821207 -0.547359
v -0.577928 1.777025 -0.618930
v -0.568506 1.759035 -0.867186
v -0.580427 1.777986 -0.793767
v -0.521136 1.647279 -0.620874
v -0.523196 1.710466 -0.657550
v -0.580539 1.781558 -1.021042
v -0.568989 1.786363 -1.090273
v -0.557449 1.796163 -0.952443
v -0.544552 1.799120 -1.023302
v -0.557449 1.796163 -0.952443
v -0.544552 1.799120 -1.023302
v -0.492587 1.692026 -0.835951
v -0.492367 1.620955 -0.808196
v -0.487985 1.834689 -1.178355
v -0.511963 1.854441 -1.240278
v -0.471334 1.886685 -1.357723
v -0.487152 1.913146 -1.471897
v -0.450373 1.850386 -1.441519
v -0.453014 1.795277 -1.358637
v -0.425456 1.755005 -1.505229
v -0.427847 1.803152 -1.531740
v -0.395006 1.752257 -1.666592
v -0.395995 1.718327 -1.643068
v -0.387120 1.740126 -1.840530
v -0.383805 1.688732 -1.814453
v -0.390282 1.661100 -1.976434
v -0.395861 1.728643 -1.977138
v -0.423902 1.720665 -2.050122
v -0.425943 1.652632 -2.045978
v -0.461996 1.704422 -1.996721
v -0.462584 1.649077 -1.986817
v -0.495403 1.658508 -1.863500
v -0.493693 1.693775 -1.865285
v -0.517866 1.737854 -1.697548
v -0.521569 1.690029 -1.701088
v -0.517221 1.807550 -1.611647
v -0.533812 1.739516 -1.545484
v -0.551439 1.795440 -1.374941
v -0.517991 1.859665 -1.503282
v -0.511963 1.854441 -1.240278
v -0.487152 1.913146 -1.471897
v -0.502773 1.898709 -1.502222
v -0.535927 1.838883 -1.299863
v -0.568837 1.687908 -1.348397
v -0.566913 1.584701 -1.318231
v -0.540414 1.672907 -1.509141
v -0.523509 1.639557 -1.676643
v -0.540537 1.605254 -1.470226
v -0.520861 1.590392 -1.633602
v -0.476982 1.754828 -1.097537
v -0.454673 1.736483 -1.294160
v -0.472268 1.676689 -1.057735
v -0.455496 1.681644 -1.262724
v -0.424750 1.709841 -1.474534
v -0.393783 1.672498 -1.620724
v -0.379051 1.626672 -1.802232
v -0.423656 1.663647 -1.439977
v -0.392155 1.626220 -1.604387
v -0.380212 1.583561 -1.790520
v -0.385678 1.600289 -1.964450
v -0.390216 1.554427 -1.927650
v -0.425110 1.586619 -2.036777
v -0.422525 1.540174 -1.991269
v -0.461753 1.580431 -1.992341
v -0.497876 1.600180 -1.852794
v -0.470676 1.601869 -1.034341
v -0.459175 1.634573 -1.251965
v -0.428451 1.627181 -1.431863
v -0.395593 1.596486 -1.596210
v -0.383616 1.558306 -1.783778
v -0.394181 1.532443 -1.896930
v -0.420949 1.517439 -1.958620
v -0.654018 1.639824 -0.724522
v -0.663817 1.704652 -0.577142
v -0.632888 1.596063 -0.900198
v -0.601732 1.565059 -1.092910
v -0.659061 1.759221 -0.468902
v -0.647014 1.778531 -0.402288
v -0.647014 1.778531 -0.402288
v -0.622893 1.763050 -0.374172
v -0.592214 1.718631 -0.408692
v -0.557840 1.666756 -0.488899
v -0.524690 1.620643 -0.636188
v -0.498199 1.594367 -0.811348
v -0.558068 1.530675 -1.309864
v -0.539179 1.567003 -1.434614
v -0.522811 1.578174 -1.578480
v -0.489950 1.532093 -1.789004
v -0.473821 1.575392 -1.045298
v -0.462052 1.606496 -1.240658
v -0.433272 1.607422 -1.419720
v -0.394874 1.583686 -1.612128
v -0.385122 1.549554 -1.783835
v -0.394483 1.529383 -1.874594
v -0.420925 1.512146 -1.940270
v -0.453079 1.503557 -1.934449
v -0.656826 1.636885 -0.715649
v -0.666704 1.700567 -0.564692
v -0.635614 1.589918 -0.892319
v -0.603486 1.551962 -1.087129
v -0.665007 1.765250 -0.439081
v -0.652648 1.782622 -0.369534
v -0.652648 1.782622 -0.369534
v -0.625758 1.762530 -0.354428
v -0.593806 1.714680 -0.393152
v -0.558881 1.660875 -0.474488
v -0.521974 1.614811 -0.612983
v -0.494690 1.586565 -0.789315
v -0.559220 1.515782 -1.304162
v -0.539691 1.554163 -1.433909
v -0.493208 1.521556 -1.790966
v -0.471452 1.563752 -1.037088
v -0.460497 1.592047 -1.217679
v -0.393678 1.574088 -1.595027
v -0.382997 1.536983 -1.789325
v -0.391797 1.516417 -1.885165
v -0.418472 1.500451 -1.950125
v -0.451719 1.492552 -1.942487
v -0.656803 1.618853 -0.711448
v -0.666465 1.682566 -0.560348
v -0.632993 1.557392 -0.896494
v -0.601461 1.512750 -1.075661
v -0.666721 1.743079 -0.440547
v -0.653193 1.763055 -0.357649
v -0.653193 1.763055 -0.357649
v -0.630418 1.747541 -0.343334
v -0.600918 1.708818 -0.357607
v -0.567411 1.650894 -0.433419
v -0.530159 1.607834 -0.567921
v -0.498517 1.574495 -0.758948
v -0.560082 1.495691 -1.287763
v -0.539287 1.530015 -1.422092
v -0.487247 1.397779 -1.743253
v -0.471916 1.539735 -1.019958
v -0.460841 1.567008 -1.194828
v -0.397771 1.450972 -1.502740
v -0.384160 1.410665 -1.708825
v -0.389283 1.387002 -1.818467
v -0.415773 1.368381 -1.888388
v -0.449302 1.368039 -1.882127
v -0.666465 1.682566 -0.560348
v -0.656803 1.618853 -0.711448
v -0.567411 1.650894 -0.433419
v -0.600918 1.708818 -0.357607
v -0.397771 1.450972 -1.502740
v -0.487247 1.397779 -1.743253
v -0.449302 1.368039 -1.882127
v -0.384160 1.410665 -1.708825
v -0.445046 1.569309 -1.314857
v -0.525077 1.530310 -1.534322
v -0.522066 1.448966 -1.510666
v -0.440257 1.490599 -1.288405
v -0.466632 1.861118 -1.396929
v -0.480325 1.884585 -1.510229
v -0.448765 1.824602 -1.462492
v -0.429285 1.778470 -1.541914
v -0.400982 1.745545 -1.668098
v -0.394197 1.734000 -1.821412
v -0.396201 1.764622 -1.875313
v -0.402463 1.768987 -1.988418
v -0.407265 1.769645 -1.960596
v -0.402340 1.759607 -1.854015
v -0.423085 1.763797 -2.048138
v -0.425762 1.767924 -2.011678
v -0.452281 1.735776 -1.997055
v -0.452451 1.733583 -1.963173
v -0.488829 1.693295 -1.837312
v -0.461495 1.702525 -1.961784
v -0.511339 1.721169 -1.686799
v -0.512108 1.784695 -1.611935
v -0.497552 1.870952 -1.535293
v -0.512189 1.834969 -1.522959
v -0.480325 1.884585 -1.510229
v -0.454920 1.884586 -1.532622
v -0.447093 1.922862 -1.630356
v -0.463393 1.925611 -1.632441
v -0.472179 1.894901 -1.558878
v -0.439814 1.857999 -1.559844
v -0.432782 1.888963 -1.621796
v -0.423962 1.821719 -1.611353
v -0.417595 1.869665 -1.652960
v -0.408151 1.802534 -1.701737
v -0.410497 1.857803 -1.731811
v -0.417595 1.869665 -1.652960
v -0.423962 1.821719 -1.611353
v -0.405464 1.805370 -1.825516
v -0.408900 1.870562 -1.839683
v -0.411342 1.794848 -1.929121
v -0.419000 1.857537 -1.924754
v -0.430351 1.782386 -1.986135
v -0.433806 1.842620 -1.969007
v -0.457599 1.773822 -1.954074
v -0.453566 1.838626 -1.969092
v -0.480444 1.780921 -1.881244
v -0.471323 1.849187 -1.924393
v -0.483018 1.871727 -1.847619
v -0.491815 1.804258 -1.779947
v -0.486503 1.888826 -1.602229
v -0.475577 1.924734 -1.670027
v -0.483057 1.913360 -1.704983
v -0.493597 1.869398 -1.650075
v -0.485361 1.891911 -1.769453
v -0.495953 1.840657 -1.711515
v -0.498517 1.574495 -0.758948
v -0.601461 1.512750 -1.075661
v -0.560082 1.495691 -1.287763
v -0.471916 1.539735 -1.019958
v -0.460841 1.567008 -1.194828
v -0.539287 1.530015 -1.422092
v -0.530159 1.607834 -0.567921
v -0.632993 1.557392 -0.896494
v -0.415773 1.368381 -1.888388
v -0.389283 1.387002 -1.818467
v -0.446980 1.932730 -1.628365
v -0.463906 1.938885 -1.630937
v -0.435788 1.929781 -1.642763
v -0.436169 1.917660 -1.645503
v -0.413854 1.908838 -1.682950
v -0.426648 1.914322 -1.654052
v -0.410447 1.893786 -1.742114
v -0.413854 1.908838 -1.682950
v -0.411360 1.886133 -1.793213
v -0.417650 1.868691 -1.938520
v -0.411462 1.882274 -1.855060
v -0.432559 1.854609 -1.983647
v -0.453726 1.847619 -2.002869
v -0.473056 1.852719 -1.961357
v -0.477049 1.936916 -1.661658
v -0.487539 1.923733 -1.699870
v -0.489683 1.899873 -1.769193
v -0.446492 1.963693 -1.668090
v -0.447436 2.009995 -1.711586
v -0.461341 2.018538 -1.697214
v -0.460911 1.967785 -1.665799
v -0.436003 1.997235 -1.717395
v -0.434465 1.957350 -1.675406
v -0.413783 1.945649 -1.715813
v -0.420145 1.991112 -1.770698
v -0.427267 1.991669 -1.734946
v -0.423745 1.946261 -1.683196
v -0.411598 1.934782 -1.769047
v -0.416676 1.979682 -1.810638
v -0.420145 1.991112 -1.770698
v -0.413783 1.945649 -1.715813
v -0.415309 1.925880 -1.885609
v -0.418281 1.963284 -1.908616
v -0.416017 1.969560 -1.855409
v -0.412484 1.931668 -1.825015
v -0.420921 1.914811 -1.945420
v -0.424299 1.957105 -1.962211
v -0.432714 1.902126 -1.990632
v -0.437507 1.946544 -2.011772
v -0.452804 1.894650 -2.052028
v -0.456766 1.941905 -2.097025
v -0.473005 1.890428 -2.038316
v -0.473114 1.936082 -2.076408
v -0.491410 1.914333 -1.917777
v -0.491795 1.949421 -1.954091
v -0.491284 1.931090 -1.804047
v -0.493825 1.967519 -1.836505
v -0.474905 1.968739 -1.685660
v -0.474008 2.006786 -1.707448
v -0.490082 1.984767 -1.726217
v -0.488176 1.951632 -1.715657
v -0.480325 1.884585 -1.510229
v -0.466632 1.861118 -1.396929
v -0.497552 1.870952 -1.535293
v -0.512189 1.834969 -1.522959
v -0.512108 1.784695 -1.611935
v -0.511339 1.721169 -1.686799
v -0.488829 1.693295 -1.837312
v -0.461495 1.702525 -1.961784
v -0.428340 1.738739 -1.998700
v -0.403121 1.742302 -1.935426
v -0.394197 1.734000 -1.821412
v -0.400982 1.745545 -1.668098
v -0.429285 1.778470 -1.541914
v -0.448765 1.824602 -1.462492
v -0.429285 1.778470 -1.541914
v -0.487817 1.879560 -1.868219
v -0.442419 2.097465 -1.769488
v -0.442230 2.121027 -1.769459
v -0.464967 2.129034 -1.731554
v -0.461090 2.104675 -1.730764
v -0.427483 2.096463 -1.806494
v -0.426620 2.111322 -1.811532
v -0.415937 2.079129 -1.842213
v -0.413039 2.092814 -1.854106
v -0.411071 2.055276 -1.889280
v -0.406682 2.070801 -1.908634
v -0.413039 2.092814 -1.854106
v -0.415937 2.079129 -1.842213
v -0.410508 2.030493 -1.941218
v -0.403710 2.045691 -1.968145
v -0.417729 2.008909 -2.005646
v -0.413832 2.026210 -2.029423
v -0.438633 2.003748 -2.063915
v -0.436529 2.022351 -2.081484
v -0.460880 2.002947 -2.127355
v -0.461517 2.022393 -2.143355
v -0.476419 2.010639 -2.128469
v -0.478636 2.024861 -2.142262
v -0.487494 2.025045 -1.998946
v -0.490828 2.039855 -2.014349
v -0.494811 2.043672 -1.883030
v -0.495962 2.063873 -1.915471
v -0.477597 2.085997 -1.722430
v -0.484770 2.110617 -1.743273
v -0.495887 2.083587 -1.789677
v -0.492512 2.062587 -1.767773
v -0.447385 2.032024 -1.711915
v -0.463036 2.039620 -1.682720
v -0.478073 2.030344 -1.697145
v -0.493459 2.010263 -1.730524
v -0.498025 1.986521 -1.844444
v -0.493195 1.969706 -1.979067
v -0.473899 1.956451 -2.097316
v -0.458059 1.957834 -2.124699
v -0.436011 1.961188 -2.039744
v -0.421268 1.967938 -1.979158
v -0.414049 1.979466 -1.922332
v -0.412527 1.983826 -1.866169
v -0.413666 2.034786 -1.858541
v -0.418771 2.042341 -1.810201
v -0.418771 2.042341 -1.810201
v -0.427468 2.051167 -1.779433
v -0.435947 2.017437 -1.717901
v -0.436217 2.050419 -1.757484
v -0.424197 1.923520 -1.650665
v -0.411497 1.917259 -1.681552
v -0.408182 1.904134 -1.744811
v -0.411497 1.917259 -1.681552
v -0.409647 1.897166 -1.802831
v -0.412583 2.021134 -1.891650
v -0.413525 1.993921 -1.816504
v -0.417034 2.003896 -1.767324
v -0.417034 2.003896 -1.767324
v -0.425574 2.010942 -1.735084
v 0.363336 1.793851 -1.860577
v 0.390435 1.795261 -1.906521
v -0.403121 1.742302 -1.935426
v -0.428340 1.738739 -1.998700
v 0.395099 2.199405 -1.673044
v 0.406993 2.200551 -1.668851
v 0.403880 2.272424 -1.708670
v 0.391792 2.269851 -1.711902
v 0.383221 2.191465 -1.705925
v 0.379496 2.260062 -1.744356
v 0.373568 2.176734 -1.758943
v 0.369387 2.244444 -1.798080
v 0.369388 2.150583 -1.814383
v 0.373568 2.176734 -1.758943
v 0.369387 2.244444 -1.798080
v 0.364788 2.219530 -1.856483
v 0.370731 2.128304 -1.869385
v 0.365774 2.198623 -1.914625
v 0.377365 2.115214 -1.911439
v 0.372135 2.186688 -1.959278
v 0.388513 2.112308 -1.934177
v 0.383125 2.184816 -1.984156
v 0.400076 2.118618 -1.927856
v 0.394881 2.191786 -1.978320
v 0.413250 2.131902 -1.897683
v 0.408383 2.205945 -1.948036
v 0.421996 2.148918 -1.847880
v 0.418188 2.223166 -1.894855
v 0.425995 2.167716 -1.790238
v 0.422302 2.242272 -1.836537
v 0.417910 2.196158 -1.691315
v 0.423487 2.184680 -1.732873
v 0.419980 2.258685 -1.776276
v 0.414737 2.269031 -1.732365
v -0.469515 2.156171 -1.748185
v -0.444467 2.150252 -1.781432
v -0.442376 2.153263 -1.815071
v -0.468639 2.158728 -1.782160
v -0.426087 2.138179 -1.821821
v -0.426893 2.143705 -1.848753
v -0.409321 2.120666 -1.873521
v -0.412671 2.128725 -1.892807
v -0.409321 2.120666 -1.873521
v -0.401748 2.090725 -1.933882
v -0.406263 2.102259 -1.944209
v -0.412671 2.128725 -1.892807
v -0.399560 2.064663 -1.997513
v -0.404937 2.079018 -1.997684
v -0.408460 2.048130 -2.046583
v -0.412000 2.064432 -2.038811
v -0.430124 2.042495 -2.095678
v -0.431893 2.060021 -2.085145
v -0.457958 2.041369 -2.141002
v -0.456201 2.058338 -2.122313
v -0.477665 2.042795 -2.131404
v -0.474042 2.060429 -2.109673
v -0.489751 2.056303 -2.042147
v -0.484595 2.076693 -2.045395
v -0.498612 2.086529 -1.940658
v -0.491167 2.103931 -1.966730
v -0.497559 2.108568 -1.835389
v -0.489969 2.140773 -1.765846
v -0.485899 2.145584 -1.798965
v -0.490764 2.124997 -1.879522
v 0.385003 2.414883 -1.784748
v 0.398533 2.418705 -1.782580
v 0.394283 2.528110 -1.829242
v 0.380227 2.523882 -1.830732
v 0.371280 2.401583 -1.818791
v 0.365997 2.509816 -1.865497
v 0.360155 2.381644 -1.876956
v 0.354482 2.488925 -1.925657
v 0.355033 2.351124 -1.941188
v 0.360155 2.381644 -1.876956
v 0.354482 2.488925 -1.925657
v 0.349101 2.457143 -1.992724
v 0.356081 2.325199 -2.005087
v 0.350168 2.430063 -2.059347
v 0.363056 2.309371 -2.053866
v 0.357409 2.413492 -2.110267
v 0.375097 2.305626 -2.081051
v 0.369924 2.409557 -2.138787
v 0.387949 2.313783 -2.075436
v 0.383279 2.418115 -2.133265
v 0.402777 2.331519 -2.043709
v 0.398672 2.436766 -2.100818
v 0.413209 2.354492 -1.988953
v 0.409319 2.460992 -2.045106
v 0.418418 2.379063 -1.924111
v 0.414885 2.486836 -1.977373
v 0.410543 2.414524 -1.809645
v 0.416300 2.400562 -1.858053
v 0.412796 2.509326 -1.908666
v 0.406775 2.523899 -1.857982
v -0.441006 2.356061 -1.925845
v -0.427818 2.354007 -1.919628
v -0.416993 2.484861 -1.980999
v -0.431123 2.487180 -1.987955
v -0.413306 2.342660 -1.943945
v -0.401442 2.472580 -2.007033
v -0.400436 2.324528 -1.993235
v -0.387653 2.453001 -2.060052
v -0.400436 2.324528 -1.993235
v -0.392921 2.295197 -2.052174
v -0.379532 2.421539 -2.123500
v -0.387653 2.453001 -2.060052
v -0.391484 2.269505 -2.114198
v -0.377958 2.393898 -2.190206
v -0.396489 2.252881 -2.165131
v -0.383269 2.376004 -2.244926
v -0.407105 2.247541 -2.197812
v -0.394777 2.370163 -2.280416
v -0.419889 2.253725 -2.199711
v -0.408437 2.376901 -2.282579
v -0.435480 2.269002 -2.177916
v -0.425137 2.393491 -2.259391
v -0.447636 2.290089 -2.132264
v -0.438034 2.416478 -2.210726
v -0.455174 2.313795 -2.073133
v -0.446221 2.442020 -2.147064
v -0.455602 2.335514 -2.008849
v -0.451669 2.350724 -1.959281
v -0.442581 2.481094 -2.023913
v -0.446722 2.465326 -2.077818
v -0.450276 2.233763 -1.869854
v -0.437953 2.232369 -1.864759
v -0.460366 2.228114 -1.899657
v -0.464199 2.214404 -1.945204
v -0.464072 2.194566 -2.004261
v -0.457438 2.172982 -2.058336
v -0.446042 2.154349 -2.101224
v -0.431473 2.140857 -2.121369
v -0.419430 2.135404 -2.119713
v -0.409440 2.140227 -2.089827
v -0.404588 2.155458 -2.043086
v -0.405707 2.179281 -1.986452
v -0.412476 2.206472 -1.932751
v -0.424433 2.222711 -1.887601
v -0.412476 2.206472 -1.932751
v -0.461992 2.057984 -1.706039
v -0.446931 2.046435 -1.737674
v -0.477147 2.048621 -1.711100
v -0.492503 2.028110 -1.739933
v -0.494325 2.007366 -1.856196
v -0.488463 1.987009 -1.973274
v -0.471681 1.970214 -2.097228
v -0.459570 1.970851 -2.118395
v -0.436262 1.976713 -2.026047
v -0.421063 1.985312 -1.983758
v -0.414922 1.997503 -1.928263
v -0.414149 2.001772 -1.878520
v -0.416017 2.009501 -1.834602
v -0.420511 2.016784 -1.790066
v -0.428641 2.025131 -1.761500
v -0.420511 2.016784 -1.790066
v -0.437155 2.030546 -1.744374
v 0.380255 2.071856 -1.874681
v 0.390371 2.068674 -1.897715
v 0.403247 2.074165 -1.892315
v 0.416486 2.085647 -1.861524
v 0.426979 2.100066 -1.812662
v 0.429015 2.116841 -1.750472
v 0.425652 2.131619 -1.690023
v 0.418411 2.142495 -1.645026
v 0.408168 2.146577 -1.623449
v -0.461362 1.947803 -1.654174
v -0.446207 1.941989 -1.650876
v -0.474534 1.946418 -1.672426
v -0.485704 1.933224 -1.706149
v -0.487079 1.911272 -1.772905
v -0.485084 1.894328 -1.876614
v -0.470312 1.865491 -1.973070
v -0.452427 1.865849 -2.007793
v -0.433392 1.875405 -1.978831
v -0.420367 1.888306 -1.934164
v -0.414522 1.900703 -1.861244
v -0.412549 1.912592 -1.813764
v -0.411546 1.917256 -1.758931
v -0.414357 1.928649 -1.702745
v -0.425425 1.933037 -1.673639
v -0.414357 1.928649 -1.702745
v -0.435298 1.940161 -1.667008
v 0.394462 2.163031 -1.630159
v 0.408738 2.169142 -1.623814
v 0.420491 2.164308 -1.648215
v 0.427580 2.152202 -1.695747
v 0.430827 2.135915 -1.761078
v 0.427510 2.116928 -1.827814
v 0.417151 2.100112 -1.882481
v 0.402883 2.086504 -1.915985
v 0.389537 2.080294 -1.922709
v 0.377983 2.083622 -1.897214
v 0.370588 2.097341 -1.841667
v 0.368149 2.126405 -1.786851
v 0.372226 2.151218 -1.723589
v 0.372226 2.151218 -1.723589
v 0.381972 2.163936 -1.667512
v -0.466987 2.134249 -1.745986
v -0.442180 2.128552 -1.790677
v -0.485852 2.115959 -1.756531
v -0.495536 2.090079 -1.815796
v -0.495748 2.073557 -1.929773
v -0.489575 2.048947 -2.016462
v -0.477495 2.035306 -2.126817
v -0.461158 2.033458 -2.137649
v -0.433883 2.037058 -2.076304
v -0.412645 2.040741 -2.028753
v -0.404560 2.056382 -1.976503
v -0.406061 2.082221 -1.922984
v -0.412351 2.105921 -1.868621
v -0.426800 2.121033 -1.823344
v -0.412351 2.105921 -1.868621
v -0.444975 2.130030 -1.806545
v -0.431851 2.121800 -1.829836
v -0.420283 2.106694 -1.874000
v -0.420283 2.106694 -1.874000
v -0.413808 2.080155 -1.925631
v -0.412913 2.056857 -1.980078
v -0.417819 2.042206 -2.025133
v -0.427965 2.037466 -2.054103
v -0.439791 2.042229 -2.055332
v -0.453999 2.054566 -2.035103
v -0.464715 2.072207 -1.993401
v -0.471108 2.092564 -1.940213
v -0.470989 2.111428 -1.882799
v -0.467044 2.124591 -1.838678
v -0.457036 2.130534 -1.810339
v 0.135349 4.170615 -3.579053
v 0.136594 4.140341 -3.570747
v 0.126782 4.136994 -3.559190
v 0.133226 4.155804 -3.577832
v 0.054536 4.078497 -3.528261
v 0.062205 4.063160 -3.493669
v 0.044148 4.090592 -3.530409
v 0.047410 4.078471 -3.511778
v 0.066856 4.108224 -3.336188
v 0.068514 4.130936 -3.175921
v 0.046246 4.170570 -3.209042
v 0.046750 4.142325 -3.365706
v 0.145990 4.299397 -3.263896
v 0.147707 4.233479 -3.219454
v 0.142504 4.203328 -3.378330
v 0.142309 4.260961 -3.418166
v 0.064723 4.103555 -3.440374
v 0.045717 4.133659 -3.473936
v 0.137413 4.190406 -3.500250
v 0.137329 4.244911 -3.551449
v 0.078041 4.088232 -3.539271
v 0.085760 4.074162 -3.504523
v 0.087187 4.115983 -3.448539
v 0.091290 4.122934 -3.342270
v 0.095956 4.148016 -3.181074
v 0.127938 4.191111 -3.204681
v 0.119890 4.162232 -3.366800
v 0.113448 4.151530 -3.479812
v 0.114103 4.103455 -3.538083
v 0.105631 4.116778 -3.576215
v -0.152938 5.208849 -1.271625
v -0.147161 5.207436 -1.242162
v -0.158901 5.198062 -1.291402
v -0.160049 5.122968 -1.199509
v -0.165631 5.126480 -1.230511
v -0.153268 5.129263 -1.176634
v -0.142863 5.199533 -1.213570
v -0.152125 5.192852 -1.285181
v -0.146836 5.194168 -1.261356
v -0.157767 5.182853 -1.300713
v -0.162521 5.166708 -1.304782
v -0.158195 5.118992 -1.225748
v -0.162746 5.121147 -1.251091
v -0.165331 5.131753 -1.276588
v -0.152769 5.125494 -1.206167
v -0.147601 5.138189 -1.196428
v -0.143185 5.186902 -1.235173
v -0.142020 5.172659 -1.212479
v -0.165120 5.147549 -1.295141
v -0.143620 5.154968 -1.198637
v 0.143535 5.195961 -1.290386
v 0.145429 5.195313 -1.260174
v 0.152125 5.193326 -1.276029
v 0.155793 5.186498 -1.302602
v 0.155267 5.177000 -1.331457
v 0.150715 5.167846 -1.353431
v 0.146348 5.181345 -1.340007
v 0.143582 5.161943 -1.361549
v 0.142552 5.178205 -1.344327
v 0.143582 5.161943 -1.361549
v 0.136132 5.161165 -1.353233
v 0.130732 5.165757 -1.331123
v 0.129094 5.174265 -1.302240
v 0.131740 5.183985 -1.275752
v 0.137830 5.191831 -1.260071
v 0.145429 5.195313 -1.260174
v 0.147280 5.187954 -1.232223
v 0.156302 5.185276 -1.253584
v 0.161244 5.176078 -1.289386
v 0.160535 5.163281 -1.328262
v 0.154402 5.150948 -1.357867
v 0.144792 5.142994 -1.368805
v 0.144792 5.142994 -1.368805
v 0.134755 5.141945 -1.357600
v 0.127478 5.148134 -1.327812
v 0.125272 5.159597 -1.288898
v 0.128837 5.172692 -1.253211
v 0.137041 5.183263 -1.232084
v 0.147280 5.187954 -1.232223
v 0.148865 5.174771 -1.209904
v 0.159124 5.171725 -1.234195
v 0.164743 5.161266 -1.274907
v 0.163938 5.146714 -1.319114
v 0.156964 5.132689 -1.352781
v 0.146035 5.123645 -1.365219
v 0.146035 5.123645 -1.365219
v 0.134622 5.122453 -1.352478
v 0.126347 5.129489 -1.318604
v 0.123838 5.142525 -1.274352
v 0.127892 5.157415 -1.233771
v 0.137222 5.169437 -1.209745
v 0.148865 5.174771 -1.209904
v 0.149992 5.157355 -1.195908
v 0.160251 5.154309 -1.220200
v 0.165871 5.143849 -1.260912
v 0.165065 5.129296 -1.305119
v 0.158091 5.115272 -1.338786
v 0.147162 5.106227 -1.351223
v 0.147162 5.106227 -1.351223
v 0.135749 5.105035 -1.338482
v 0.127474 5.112072 -1.304608
v 0.124966 5.125106 -1.260357
v 0.129020 5.139999 -1.219776
v 0.138349 5.152020 -1.195750
v 0.149992 5.157355 -1.195908
v 0.150526 5.137804 -1.191925
v 0.159548 5.135125 -1.213287
v 0.164489 5.125927 -1.249088
v 0.163781 5.113131 -1.287964
v 0.157648 5.100797 -1.317570
v 0.148037 5.092843 -1.328507
v 0.148037 5.092843 -1.328507
v 0.138001 5.091795 -1.317303
v 0.130724 5.097984 -1.287515
v 0.128518 5.109447 -1.248600
v 0.132083 5.122540 -1.212914
v 0.140287 5.133113 -1.191786
v 0.150526 5.137804 -1.191925
v 0.150402 5.118478 -1.198435
v 0.157098 5.116489 -1.214290
v 0.160766 5.109663 -1.240863
v 0.160240 5.100164 -1.269717
v 0.155688 5.091010 -1.291692
v 0.148555 5.085107 -1.299810
v 0.148555 5.085107 -1.299810
v 0.141105 5.084329 -1.291494
v 0.135704 5.088923 -1.269384
v 0.134067 5.097430 -1.240501
v 0.136713 5.107150 -1.214013
v 0.142802 5.114995 -1.198332
v 0.140287 5.133113 -1.191786
v 0.142802 5.114995 -1.198332
v 0.141105 5.084329 -1.291494
v 0.144688 5.083537 -1.264168
v 0.145591 5.099854 -1.214597
v 0.151100 5.232318 -1.289153
v 0.150955 5.243043 -1.285646
v 0.139037 5.245746 -1.239623
v 0.140576 5.235530 -1.248740
v 0.161117 5.214186 -1.318498
v 0.163015 5.223036 -1.319036
v 0.169780 5.185707 -1.329090
v 0.172976 5.190030 -1.331294
v 0.173397 5.153398 -1.312851
v 0.177269 5.152360 -1.313363
v 0.169339 5.097330 -1.217597
v 0.160785 5.088436 -1.172439
v 0.166701 5.071582 -1.131720
v 0.177011 5.083562 -1.192551
v 0.174633 5.118895 -1.265408
v 0.180954 5.114179 -1.252561
v 0.152284 5.083423 -1.095193
v 0.149778 5.097865 -1.140338
v 0.138017 5.116083 -1.084823
v 0.139582 5.124742 -1.126485
v 0.131775 5.160501 -1.131976
v 0.129967 5.160945 -1.097077
v 0.130660 5.192974 -1.158804
v 0.128342 5.201104 -1.134155
v 0.133313 5.220334 -1.198478
v 0.130723 5.232227 -1.188034
v 0.170731 5.066072 -1.104536
v 0.183796 5.074226 -1.170749
v 0.191298 5.102184 -1.242695
v 0.187106 5.153592 -1.307093
v 0.178570 5.199578 -1.337220
v 0.166006 5.236592 -1.320988
v 0.151833 5.265766 -1.280115
v 0.137250 5.277471 -1.221443
v 0.126312 5.261065 -1.150020
v 0.120776 5.222446 -1.080833
v 0.125589 5.161514 -1.038178
v 0.138578 5.106948 -1.038627
v 0.154316 5.076125 -1.058416
v 0.063018 4.837951 -0.773280
v 0.028420 4.832708 -0.777602
v 0.026443 4.827477 -0.844444
v 0.056113 4.832571 -0.844621
v 0.088290 4.844046 -0.791713
v 0.083027 4.836517 -0.851288
v 0.101653 4.832114 -0.876501
v 0.107516 4.847929 -0.818270
v 0.123441 4.839364 -0.854995
v 0.117163 4.818575 -0.919110
v 0.135738 4.799520 -0.975569
v 0.142878 4.817863 -0.915702
v 0.155194 4.773306 -1.037298
v 0.162675 4.791620 -0.980483
v 0.182426 4.757805 -1.055201
v 0.175172 4.740974 -1.090717
v 0.198196 4.721566 -1.123047
v 0.188606 4.704543 -1.158837
v 0.198951 4.672918 -1.194079
v 0.210651 4.673873 -1.160131
v 0.201152 4.664720 -1.194791
v 0.209201 4.644672 -1.187241
v 0.189452 4.663418 -1.111932
v 0.201787 4.635832 -1.157852
v 0.196270 4.675899 -1.195862
v 0.184480 4.715703 -1.179782
v 0.169591 4.751679 -1.127588
v 0.152652 4.781031 -1.066636
v 0.158585 4.727421 -0.994804
v 0.173745 4.697672 -1.059193
v 0.141865 4.747831 -0.929632
v 0.136456 4.796995 -0.988143
v 0.121553 4.763426 -0.877540
v 0.116636 4.819455 -0.911911
v 0.100255 4.775442 -0.853366
v 0.097853 4.837104 -0.895411
v 0.078161 4.780662 -0.832467
v 0.078607 4.836893 -0.863473
v 0.052639 4.784975 -0.816942
v 0.048864 4.845982 -0.877306
v 0.027232 4.794571 -0.825229
v 0.026501 4.841977 -0.864945
v 0.185455 4.785845 -1.059419
v 0.165747 4.821344 -0.977898
v 0.202426 4.737429 -1.131411
v 0.216503 4.677512 -1.161737
v 0.217310 4.635315 -1.176908
v 0.211108 4.625777 -1.176904
v 0.217310 4.635315 -1.176908
v 0.187027 4.633090 -1.105765
v 0.203749 4.617037 -1.157175
v 0.155394 4.692854 -0.989299
v 0.170351 4.664785 -1.050558
v 0.028125 4.755918 -0.816883
v 0.054327 4.750544 -0.821249
v 0.078729 4.748712 -0.837519
v 0.100624 4.742127 -0.862283
v 0.120086 4.730260 -0.893535
v 0.138943 4.714086 -0.935148
v 0.028302 4.732171 -0.850524
v 0.054547 4.728912 -0.849340
v 0.078336 4.725112 -0.865391
v 0.100738 4.721576 -0.892802
v 0.117973 4.712009 -0.920659
v 0.135899 4.695364 -0.960331
v 0.150332 4.674634 -1.014628
v 0.162539 4.646098 -1.077402
v 0.179310 4.606942 -1.142027
v 0.204775 4.576527 -1.192561
v 0.225798 4.625175 -1.198244
v 0.223055 4.675766 -1.186963
v 0.204880 4.749020 -1.151386
v 0.185793 4.806559 -1.078584
v 0.165421 4.848845 -0.990564
v 0.146350 4.847523 -0.904198
v 0.128038 4.867681 -0.842345
v 0.145982 4.879165 -0.909725
v 0.064851 4.878812 -0.781426
v 0.030966 4.861390 -0.766951
v 0.090900 4.882308 -0.777274
v 0.111468 4.877801 -0.798291
v 0.128271 4.900924 -0.845814
v 0.110296 4.914916 -0.814634
v 0.089172 4.921206 -0.807211
v 0.064862 4.897308 -0.790910
v 0.035653 4.873872 -0.770776
v 0.172698 4.594933 -1.188483
v 0.202778 4.561101 -1.288804
v 0.027177 4.707777 -0.883410
v 0.050337 4.719596 -0.905808
v 0.073362 4.716109 -0.924377
v 0.096732 4.708460 -0.936730
v 0.114046 4.696647 -0.965801
v 0.130229 4.681185 -1.005955
v 0.143272 4.660778 -1.053703
v 0.155701 4.632627 -1.106932
v 0.229001 4.678025 -1.222389
v 0.209384 4.756128 -1.174267
v 0.229709 4.611592 -1.274692
v 0.229709 4.611592 -1.274692
v 0.225798 4.625175 -1.198244
v 0.220040 4.592836 -1.197378
v 0.217116 4.569431 -1.306398
v 0.213764 4.568936 -1.366922
v 0.232858 4.606925 -1.321605
v 0.194593 4.554469 -1.331203
v 0.163835 4.547554 -1.225151
v 0.148588 4.590804 -1.118962
v 0.139839 4.626577 -1.071299
v 0.128720 4.625235 -1.037857
v 0.112009 4.627885 -0.992145
v 0.094062 4.638437 -0.951829
v 0.052544 4.648158 -0.880278
v 0.073755 4.648070 -0.917290
v 0.030030 4.645440 -0.841461
v 0.030336 4.584267 -0.838515
v 0.054325 4.589274 -0.868150
v 0.112326 4.565638 -1.011240
v 0.093751 4.584461 -0.953128
v 0.074563 4.590904 -0.907255
v 0.091651 4.541963 -0.981622
v 0.103179 4.543223 -1.006779
v 0.052783 4.529227 -0.924778
v 0.073638 4.534876 -0.951759
v 0.029125 4.526257 -0.902738
v 0.116854 4.514750 -1.080579
v 0.104529 4.520714 -1.042044
v 0.139198 4.462944 -1.274504
v 0.103151 4.464378 -1.171499
v 0.094954 4.465318 -1.426911
v 0.136633 4.461478 -1.488874
v 0.093165 4.502018 -1.049771
v 0.070360 4.494950 -1.028961
v 0.046447 4.499529 -0.996393
v 0.026008 4.497910 -0.972630
v 0.064833 4.465163 -1.144765
v 0.047840 4.466946 -1.368931
v 0.132664 4.566103 -1.074352
v 0.139828 4.511564 -1.149796
v 0.169009 4.486608 -1.345270
v 0.196697 4.522845 -1.410947
v 0.223054 4.576416 -1.428602
v 0.172994 4.482452 -1.533484
v 0.205404 4.528963 -1.563082
v 0.235033 4.589544 -1.558699
v 0.245880 4.622366 -1.371967
v 0.232858 4.606925 -1.321605
v 0.238794 4.677034 -1.244851
v 0.245880 4.622366 -1.371967
v 0.255658 4.695782 -1.272347
v 0.260273 4.652586 -1.495104
v 0.267155 4.754414 -1.393754
v 0.222586 4.757788 -1.166446
v 0.239579 4.791768 -1.182316
v 0.257832 4.850123 -1.296736
v 0.033820 4.479685 -1.092488
v 0.021593 4.485037 -1.031446
v 0.028854 4.468306 -1.214436
v 0.034856 5.052466 -0.572219
v 0.029892 5.148640 -0.649978
v 0.038309 4.943700 -0.539605
v 0.037194 4.854587 -0.565243
v 0.032852 4.817755 -0.626678
v 0.025511 5.231518 -0.740622
v 0.021094 5.301687 -0.827899
v 0.021094 5.301687 -0.827899
v 0.016905 5.351122 -0.892933
v 0.049255 5.218444 -0.771408
v 0.041609 5.291316 -0.870645
v 0.056161 5.143338 -0.679738
v 0.063488 5.054792 -0.611157
v 0.068225 4.955435 -0.581084
v 0.064164 4.873059 -0.599876
v 0.054164 4.840380 -0.636247
v 0.032616 4.826012 -0.691964
v 0.058661 4.851516 -0.688588
v 0.034425 4.870368 -0.758338
v 0.062974 4.890743 -0.770062
v 0.035653 4.873872 -0.770776
v 0.064862 4.897308 -0.790910
v 0.076966 4.897169 -0.678304
v 0.081613 4.924744 -0.762405
v 0.089172 4.921206 -0.807211
v 0.092563 4.971923 -0.751496
v 0.086042 4.964845 -0.662047
v 0.084033 5.048808 -0.679942
v 0.095839 5.035957 -0.752882
v 0.095739 4.966766 -0.821120
v 0.101906 5.021164 -0.811799
v 0.095739 4.966766 -0.821120
v 0.110847 4.957726 -0.841280
v 0.115384 5.001844 -0.829584
v 0.101906 5.021164 -0.811799
v 0.133303 4.975633 -0.837784
v 0.127684 4.939429 -0.865077
v 0.145315 4.915976 -0.920658
v 0.164643 4.880863 -0.994478
v 0.187342 4.828244 -1.093295
v 0.151616 4.946712 -0.885081
v 0.171874 4.910809 -0.950976
v 0.197889 4.850712 -1.057499
v 0.211993 4.904451 -1.047999
v 0.177866 4.954453 -0.942370
v 0.153951 4.990323 -0.891784
v 0.133187 5.022113 -0.869440
v 0.114004 5.053594 -0.869881
v 0.101746 5.079725 -0.839005
v 0.101746 5.079725 -0.839005
v 0.091483 5.102939 -0.792748
v 0.086540 5.167548 -0.855399
v 0.099189 5.140675 -0.889581
v 0.077564 5.126385 -0.734124
v 0.070857 5.193350 -0.810196
v 0.112181 5.105523 -0.909373
v 0.099189 5.140675 -0.889581
v 0.132343 5.061442 -0.913140
v 0.108836 5.163621 -0.988236
v 0.130739 5.093643 -0.978121
v 0.134480 5.108064 -1.010877
v 0.120181 5.165568 -1.015141
v 0.154352 5.027365 -0.929827
v 0.153777 5.048278 -0.994639
v 0.153570 5.070805 -1.031307
v 0.176052 4.995061 -0.967833
v 0.177604 5.019998 -1.034697
v 0.174497 5.050845 -1.077073
v 0.196960 4.979024 -1.038963
v 0.202411 5.017187 -1.119941
v 0.190895 5.056697 -1.162434
v 0.113933 5.235833 -1.067595
v 0.103145 5.246677 -1.064597
v 0.117015 5.284017 -1.149231
v 0.109492 5.302293 -1.144161
v 0.122972 5.327162 -1.231210
v 0.129428 5.305736 -1.221716
v 0.143188 5.313266 -1.310016
v 0.148386 5.298178 -1.286499
v 0.166155 5.264092 -1.373282
v 0.169292 5.257319 -1.331661
v 0.184912 5.208524 -1.355245
v 0.185560 5.205941 -1.400765
v 0.193853 5.157731 -1.322633
v 0.202159 5.149127 -1.362564
v 0.210546 5.075315 -1.263530
v 0.197798 5.099200 -1.249939
v 0.094639 5.204738 -0.954030
v 0.095024 5.273040 -1.029197
v 0.094639 5.204738 -0.954030
v 0.082199 5.232798 -0.926821
v 0.081138 5.298707 -1.011969
v 0.082199 5.232798 -0.926821
v 0.064532 5.264755 -0.898558
v 0.059623 5.329593 -0.995111
v 0.064532 5.264755 -0.898558
v 0.029402 5.362326 -0.964448
v 0.041609 5.291316 -0.870645
v 0.032437 5.418962 -1.040441
v 0.062907 5.384562 -1.065468
v 0.087386 5.357946 -1.098623
v 0.103012 5.327775 -1.110344
v 0.116560 5.363705 -1.209766
v 0.140702 5.350416 -1.319325
v 0.168561 5.280963 -1.412294
v 0.197711 5.207260 -1.443680
v 0.222623 5.136045 -1.393349
v 0.232544 5.044693 -1.280941
v 0.231334 4.941935 -1.162296
v 0.264039 4.952545 -1.407713
v 0.250349 5.092158 -1.556583
v 0.208893 5.207919 -1.542436
v 0.276774 4.831642 -1.533144
v 0.277019 4.922844 -1.705703
v 0.274210 4.706947 -1.640105
v 0.281572 4.777748 -1.815712
v 0.246531 4.617552 -1.712014
v 0.274210 4.706947 -1.640105
v 0.260273 4.652586 -1.495104
v 0.281572 4.777748 -1.815712
v 0.254016 4.663015 -1.892411
v 0.251153 5.135297 -1.790946
v 0.212435 5.225602 -1.708404
v 0.275856 5.002368 -1.905206
v 0.283541 4.848136 -2.010400
v 0.172231 5.298781 -1.479268
v 0.173473 5.317693 -1.610420
v 0.212435 5.225602 -1.708404
v 0.251153 5.135297 -1.790946
v 0.245008 5.198675 -1.995602
v 0.210752 5.277779 -1.883627
v 0.275856 5.002368 -1.905206
v 0.271029 5.080846 -2.110837
v 0.283541 4.848136 -2.010400
v 0.274204 4.908652 -2.216713
v 0.255826 4.723825 -2.073576
v 0.246403 4.780112 -2.242183
v 0.283541 4.848136 -2.010400
v 0.255826 4.723825 -2.073576
v 0.209862 4.568992 -1.728759
v 0.172453 4.534683 -1.714268
v 0.134882 4.520953 -1.700457
v 0.090459 4.514167 -1.706822
v 0.044582 4.531631 -1.654438
v 0.216762 4.615500 -1.918533
v 0.176332 4.606009 -1.917487
v 0.133646 4.612636 -1.921146
v 0.080419 4.602080 -2.025152
v 0.036315 4.565244 -1.951972
v 0.220083 4.674551 -2.090680
v 0.220083 4.674551 -2.090680
v 0.220317 4.729579 -2.209501
v 0.183098 4.679523 -2.113416
v 0.183098 4.679523 -2.113416
v 0.193985 4.747782 -2.275736
v 0.140891 4.693952 -2.146405
v 0.140891 4.693952 -2.146405
v 0.151626 4.781060 -2.351138
v 0.094110 4.718225 -2.240356
v 0.094110 4.718225 -2.240356
v 0.095612 4.845589 -2.431875
v 0.095967 5.415598 -1.218412
v 0.068075 5.420206 -1.129335
v 0.037824 5.458748 -1.119806
v 0.136740 5.383409 -1.368110
v 0.137257 5.426322 -1.482477
v 0.098723 5.498572 -1.364693
v 0.048927 5.491506 -1.215083
v 0.137257 5.426322 -1.482477
v 0.173473 5.317693 -1.610420
v 0.173149 5.369421 -1.757183
v 0.136816 5.481190 -1.617605
v 0.098778 5.560203 -1.514171
v 0.050352 5.589294 -1.471173
v 0.051495 5.536056 -1.338631
v 0.047098 5.621562 -1.629290
v 0.093379 5.581570 -1.680489
v 0.131046 5.510994 -1.786543
v 0.164990 5.408485 -1.926072
v 0.198418 5.327300 -2.066262
v 0.230608 5.259345 -2.201726
v 0.253706 5.143500 -2.335549
v 0.248196 4.966822 -2.420560
v 0.218157 4.824234 -2.386548
v 0.082534 5.591323 -1.851318
v 0.040958 5.620962 -1.781133
v 0.118069 5.520574 -1.959453
v 0.148385 5.428885 -2.096861
v 0.176772 5.362351 -2.249701
v 0.202816 5.306441 -2.405047
v 0.216859 5.190355 -2.547731
v 0.203609 5.011803 -2.594959
v 0.175444 4.878109 -2.498607
v 0.033346 5.615617 -1.940612
v 0.098871 5.533235 -2.113219
v 0.066770 5.592173 -2.020930
v 0.123636 5.473173 -2.249474
v 0.025456 5.620870 -2.061356
v 0.079279 5.562662 -2.219752
v 0.044487 5.590570 -2.186295
v 0.090220 5.530335 -2.355325
v 0.144336 5.415498 -2.413025
v 0.102741 5.481165 -2.537642
v 0.162189 5.358831 -2.583939
v 0.113001 5.405827 -2.727267
v 0.166660 5.227645 -2.712899
v 0.110554 5.259851 -2.822783
v 0.151012 5.060168 -2.711990
v 0.097992 5.107061 -2.808463
v 0.125487 4.925312 -2.608457
v 0.077294 4.978662 -2.730499
v 0.045731 4.935514 -2.578802
v 0.026531 4.948608 -2.749717
v 0.046110 5.142772 -2.856667
v 0.037276 5.029574 -2.810483
v 0.052734 5.284517 -2.882912
v 0.054507 5.431777 -2.794371
v 0.051960 5.525115 -2.609252
v 0.046862 5.572056 -2.396989
v 0.141036 5.220194 -1.258651
v 0.149894 5.219479 -1.294232
v 0.158052 5.204959 -1.320290
v 0.165317 5.183126 -1.329084
v 0.168587 5.154736 -1.318304
v 0.165299 5.102905 -1.236228
v 0.155666 5.093887 -1.189650
v 0.170596 5.122924 -1.276879
v 0.147294 5.102733 -1.165038
v 0.139172 5.123878 -1.151852
v 0.133890 5.156575 -1.159805
v 0.133862 5.183306 -1.182017
v 0.135851 5.206030 -1.215652
v 0.144166 5.211543 -1.249893
v 0.151626 5.212556 -1.284109
v 0.158990 5.199041 -1.308408
v 0.166328 5.115178 -1.226077
v 0.159702 5.109777 -1.189413
v 0.151497 5.118015 -1.162736
v 0.138604 5.201777 -1.215279
v 0.024946 4.592576 -2.177850
v 0.049377 4.637563 -2.225072
v 0.060712 4.723295 -2.324263
v 0.057127 4.814197 -2.434909
v 0.060712 4.723295 -2.324263
v 0.029576 4.873804 -2.517746
v 0.018944 4.603348 -2.355231
v 0.018655 4.604990 -2.492539
v 0.046961 4.726647 -2.432823
v 0.037255 4.644818 -2.380279
v 0.035303 4.655138 -2.503546
v 0.043433 4.731511 -2.528274
v 0.043433 4.731511 -2.528274
v 0.037606 4.808943 -2.549706
v 0.041341 4.809647 -2.494918
v 0.046961 4.726647 -2.432823
v 0.021701 4.870013 -2.539957
v 0.019034 4.872400 -2.578101
v 0.023286 4.888870 -2.631209
v 0.027625 4.891868 -2.670116
v 0.043219 4.813876 -2.599666
v 0.052892 4.813908 -2.641613
v 0.063405 4.721328 -2.646173
v 0.052215 4.732357 -2.593174
v 0.052215 4.732357 -2.593174
v 0.045251 4.640044 -2.576733
v 0.055196 4.617939 -2.630017
v 0.063405 4.721328 -2.646173
v 0.024216 4.570569 -2.566472
v 0.031254 4.538773 -2.629692
v 0.037134 4.908459 -2.795161
v 0.047222 4.894124 -2.869642
v 0.087027 4.808778 -2.760193
v 0.097177 4.841996 -2.857574
v 0.127054 4.784758 -2.856796
v 0.115714 4.760475 -2.801937
v 0.125871 4.663912 -2.789304
v 0.157736 4.639806 -2.840365
v 0.125871 4.663912 -2.789304
v 0.117289 4.565709 -2.791485
v 0.133740 4.515651 -2.839748
v 0.157736 4.639806 -2.840365
v 0.089774 4.521915 -2.759904
v 0.048749 4.395704 -2.773723
v 0.078446 4.338470 -2.882698
v 0.105763 4.420485 -2.859346
v 0.045167 4.242840 -2.912474
v 0.033764 4.295163 -2.831794
v 0.032637 4.900681 -2.724224
v 0.067024 4.820254 -2.692728
v 0.077151 4.705140 -2.690392
v 0.066812 4.583223 -2.692264
v 0.077151 4.705140 -2.690392
v 0.037649 4.488520 -2.695815
v 0.096223 4.680883 -2.737534
v 0.096223 4.680883 -2.737534
v 0.152226 5.207081 -1.274800
v 0.146214 5.206151 -1.246082
v 0.158297 5.196194 -1.293452
v 0.159544 5.123291 -1.196302
v 0.165344 5.125503 -1.226910
v 0.152980 5.130462 -1.174767
v 0.141746 5.198688 -1.217620
v 0.146765 5.194257 -1.261166
v 0.152057 5.192944 -1.284984
v 0.157701 5.182950 -1.300508
v 0.162197 5.166109 -1.305225
v 0.162682 5.121244 -1.250880
v 0.158129 5.119087 -1.225543
v 0.165268 5.131853 -1.276374
v 0.152700 5.125586 -1.205969
v 0.147531 5.138277 -1.196236
v 0.141515 5.172449 -1.213730
v 0.143113 5.186988 -1.234987
v 0.165057 5.147649 -1.294927
v 0.143548 5.155055 -1.198451
v -0.039286 2.246797 -1.282024
v -0.039079 2.247500 -1.280501
v 0.264991 3.402254 -3.071928
v 0.309447 3.033340 -3.154175
v -0.337777 3.535867 -3.051556
v -0.334721 3.551194 -3.007209
v 0.325304 3.564820 -2.876527
v 0.321903 3.583409 -2.838250
v -0.328742 3.002575 -3.257274
vt 0.000000 1.000000
vt 1.000000 1.000000
vt 1.000000 0.875000
vt 0.000000 0.875000
vt 1.000000 0.750000
vt 0.000000 0.750000
vt 1.000000 0.625000
vt 0.000000 0.625000
vt 1.000000 0.500000
vt 0.000000 0.500000
vt 1.000000 0.375000
vt 0.000000 0.375000
vt 1.000000 0.250000
vt 0.000000 0.250000
vt 1.000000 0.125000
vt 0.000000 0.125000
vt 1.000000 0.000000
vt 0.000000 0.000000
vt 0.161667 0.041108
vt 0.168767 0.040833
vt 0.164980 0.034822
vt 0.172079 0.034546
vt 0.168292 0.028536
vt 0.161192 0.028811
vt 0.157880 0.035097
vt 0.161667 0.041108
vt 0.168767 0.040832
vt 0.164980 0.034822
vt 0.172079 0.034546
vt 0.168292 0.028536
vt 0.161192 0.028811
vt 0.157881 0.035097
vt 0.161665 0.041111
vt 0.168765 0.040837
vt 0.164978 0.034826
vt 0.172078 0.034554
vt 0.168294 0.028543
vt 0.161195 0.028813
vt 0.157879 0.035098
vt 0.161667 0.041108
vt 0.168767 0.040832
vt 0.164980 0.034822
vt 0.172079 0.034546
vt 0.168292 0.028536
vt 0.161192 0.028811
vt 0.157880 0.035097
vt 0.244843 0.064214
vt 0.263923 0.066923
vt 0.264758 0.027491
vt 0.262821 0.024778
vt 0.230437 0.046244
vt 0.240424 0.058650
vt 0.064740 0.564077
vt 0.060647 0.598147
vt 0.081086 0.568423
vt 0.043407 0.621274
vt 0.050182 0.593668
vt 0.053220 0.623922
vt 0.063486 0.600403
vt 0.084398 0.578239
vt 0.088541 0.610486
vt 0.047121 0.589887
vt 0.898015 0.074676
vt 0.890944 0.074610
vt 0.894422 0.080766
vt 0.887351 0.080700
vt 0.890829 0.086856
vt 0.897900 0.086923
vt 0.901493 0.080833
vt 0.426905 0.182971
vt 0.427166 0.186526
vt 0.438052 0.182577
vt 0.599264 0.240147
vt 0.603345 0.240028
vt 0.600145 0.237747
vt 0.475621 0.179430
vt 0.472140 0.178200
vt 0.472121 0.180482
vt 0.626254 0.200066
vt 0.624400 0.199486
vt 0.625914 0.202196
vt 0.653125 0.240672
vt 0.656241 0.240868
vt 0.653773 0.236669
vt 0.930032 0.196075
vt 0.919320 0.199229
vt 0.930459 0.198284
vt 0.744841 0.247893
vt 0.744471 0.245271
vt 0.740584 0.247510
vt 0.883181 0.205299
vt 0.886629 0.206419
vt 0.886570 0.204315
vt 0.717211 0.199232
vt 0.717999 0.201587
vt 0.719195 0.198517
vt 0.688486 0.242210
vt 0.688046 0.237949
vt 0.685375 0.242102
vt 0.898015 0.074676
vt 0.890944 0.074610
vt 0.894422 0.080766
vt 0.887351 0.080700
vt 0.890829 0.086856
vt 0.897900 0.086923
vt 0.901493 0.080833
vt 0.898015 0.074676
vt 0.890944 0.074609
vt 0.894422 0.080766
vt 0.887351 0.080699
vt 0.890828 0.086855
vt 0.897899 0.086923
vt 0.901493 0.080833
vt 0.898015 0.074676
vt 0.894422 0.080766
vt 0.887351 0.080700
vt 0.890829 0.086856
vt 0.897900 0.086923
vt 0.901493 0.080833
vt 0.898016 0.074676
vt 0.890945 0.074610
vt 0.894422 0.080766
vt 0.887351 0.080700
vt 0.890830 0.086856
vt 0.901493 0.080833
vt 0.890944 0.074610
vt 0.887351 0.080700
vt 0.890829 0.086856
vt 0.234031 0.824826
vt 0.233784 0.830626
vt 0.238635 0.832416
vt 0.232978 0.807813
vt 0.236205 0.810013
vt 0.235615 0.807962
vt 0.201180 0.924619
vt 0.215813 0.922802
vt 0.200702 0.905790
vt 0.418688 0.826680
vt 0.413881 0.834117
vt 0.418786 0.832462
vt 0.420255 0.809772
vt 0.417611 0.809854
vt 0.416961 0.811879
vt 0.449626 0.926970
vt 0.450423 0.908211
vt 0.435015 0.924908
vt 0.972207 0.959952
vt 0.962212 0.947687
vt 0.953981 0.963810
vt 0.968478 0.975123
vt 0.953832 0.981775
vt 0.939299 0.974898
vt 0.935822 0.959672
vt 0.946020 0.947562
vt 0.962212 0.947687
vt 0.972207 0.959952
vt 0.953982 0.963810
vt 0.968478 0.975123
vt 0.953832 0.981775
vt 0.939299 0.974898
vt 0.935822 0.959672
vt 0.946020 0.947562
vt 0.158030 0.046770
vt 0.171851 0.046813
vt 0.178800 0.034866
vt 0.171929 0.022874
vt 0.158108 0.022831
vt 0.151159 0.034777
vt 0.156332 0.049495
vt 0.173363 0.049645
vt 0.182009 0.034975
vt 0.173627 0.020149
vt 0.156596 0.019998
vt 0.147950 0.034669
vt 0.158030 0.046770
vt 0.171851 0.046813
vt 0.178800 0.034866
vt 0.171929 0.022874
vt 0.158108 0.022831
vt 0.151159 0.034777
vt 0.156332 0.049495
vt 0.173363 0.049645
vt 0.182009 0.034975
vt 0.173627 0.020149
vt 0.156596 0.019998
vt 0.147950 0.034669
vt 0.158030 0.046774
vt 0.171850 0.046817
vt 0.178800 0.034876
vt 0.171938 0.022885
vt 0.158117 0.022828
vt 0.151159 0.034776
vt 0.156333 0.049499
vt 0.173363 0.049650
vt 0.182009 0.034986
vt 0.173639 0.020162
vt 0.156609 0.019994
vt 0.147950 0.034667
vt 0.158030 0.046770
vt 0.178800 0.034866
vt 0.171929 0.022874
vt 0.158108 0.022831
vt 0.151159 0.034777
vt 0.156332 0.049495
vt 0.173363 0.049645
vt 0.182009 0.034975
vt 0.173627 0.020149
vt 0.147950 0.034669
vt 0.340348 0.034874
vt 0.340230 0.037594
vt 0.366576 0.051710
vt 0.365165 0.048859
vt 0.139008 0.589873
vt 0.112267 0.576905
vt 0.116501 0.608817
vt 0.144751 0.621668
vt 0.351701 0.307679
vt 0.332469 0.320963
vt 0.329067 0.337733
vt 0.346955 0.320009
vt 0.242314 0.301387
vt 0.259933 0.365732
vt 0.266548 0.379333
vt 0.247175 0.301522
vt 0.117408 0.665489
vt 0.115727 0.700749
vt 0.156651 0.692400
vt 0.153419 0.661280
vt 0.392347 0.251848
vt 0.396050 0.237521
vt 0.389839 0.236008
vt 0.387755 0.249622
vt 0.330442 0.229115
vt 0.334174 0.254179
vt 0.357432 0.256156
vt 0.359752 0.235614
vt 0.221144 0.222884
vt 0.223551 0.221780
vt 0.115692 0.717710
vt 0.113096 0.727883
vt 0.156281 0.722457
vt 0.157112 0.710649
vt 0.390793 0.226574
vt 0.394508 0.226760
vt 0.395212 0.219507
vt 0.390947 0.220425
vt 0.331105 0.213780
vt 0.329803 0.218439
vt 0.365616 0.223801
vt 0.373913 0.219487
vt 0.221237 0.203336
vt 0.218543 0.203187
vt 0.219460 0.210029
vt 0.221402 0.210268
vt 0.112530 0.738079
vt 0.114950 0.762197
vt 0.154477 0.767456
vt 0.155790 0.737381
vt 0.393280 0.183174
vt 0.387591 0.183530
vt 0.388868 0.207639
vt 0.394023 0.207497
vt 0.370575 0.187052
vt 0.335270 0.191617
vt 0.333191 0.210480
vt 0.371235 0.208796
vt 0.225030 0.172455
vt 0.223357 0.173150
vt 0.219632 0.198212
vt 0.221236 0.197894
vt 0.339528 0.042466
vt 0.363616 0.055789
vt 0.383348 0.183195
vt 0.383458 0.205499
vt 0.384913 0.225795
vt 0.387619 0.219865
vt 0.379018 0.237047
vt 0.380363 0.254139
vt 0.266986 0.364309
vt 0.251403 0.299408
vt 0.226817 0.222943
vt 0.223630 0.203144
vt 0.223585 0.210600
vt 0.226999 0.172092
vt 0.223045 0.197045
vt 0.320552 0.386375
vt 0.311208 0.389819
vt 0.309298 0.398226
vt 0.315648 0.395029
vt 0.104671 0.500734
vt 0.093050 0.495310
vt 0.099652 0.508899
vt 0.116370 0.522239
vt 0.282368 0.408077
vt 0.276217 0.399821
vt 0.260375 0.395998
vt 0.277243 0.408853
vt 0.285558 0.403516
vt 0.281589 0.389003
vt 0.101173 0.486799
vt 0.089441 0.480121
vt 0.090064 0.486326
vt 0.098355 0.490397
vt 0.124919 0.520067
vt 0.113181 0.501212
vt 0.162611 0.635255
vt 0.154670 0.601504
vt 0.173077 0.720180
vt 0.173250 0.708323
vt 0.173024 0.767263
vt 0.173410 0.736948
vt 0.112342 0.931641
vt 0.114765 0.941637
vt 0.151739 0.935876
vt 0.141147 0.929348
vt 0.024247 0.733126
vt 0.022299 0.733378
vt 0.014911 0.763874
vt 0.017636 0.762109
vt 0.025966 0.721042
vt 0.024391 0.719954
vt 0.022466 0.727112
vt 0.024309 0.727325
vt 0.040754 0.608857
vt 0.023790 0.702158
vt 0.026938 0.705471
vt 0.337098 0.050759
vt 0.356429 0.058762
vt 0.359218 0.317562
vt 0.367404 0.299783
vt 0.248192 0.212260
vt 0.267261 0.291261
vt 0.269178 0.282949
vt 0.250399 0.212163
vt 0.249303 0.203098
vt 0.248582 0.203112
vt 0.248073 0.206965
vt 0.248949 0.207273
vt 0.254626 0.176657
vt 0.252517 0.176762
vt 0.248416 0.200143
vt 0.250048 0.199993
vt 0.226247 0.303183
vt 0.195578 0.223558
vt 0.195290 0.200740
vt 0.196416 0.207267
vt 0.195349 0.168295
vt 0.196533 0.195968
vt 0.175691 0.692325
vt 0.136413 0.578525
vt 0.111032 0.554485
vt 0.326202 0.410634
vt 0.320584 0.406514
vt 0.310266 0.411682
vt 0.313004 0.417087
vt 0.355015 0.287885
vt 0.333225 0.296994
vt 0.372533 0.300640
vt 0.377359 0.302216
vt 0.385819 0.275729
vt 0.381421 0.274243
vt 0.365233 0.320080
vt 0.370819 0.320658
vt 0.376419 0.274086
vt 0.316654 0.400366
vt 0.309002 0.405176
vt 0.327756 0.372826
vt 0.315473 0.378560
vt 0.331838 0.395069
vt 0.339829 0.383448
vt 0.333903 0.376071
vt 0.325937 0.390048
vt 0.339475 0.395731
vt 0.346868 0.379529
vt 0.102385 0.480757
vt 0.089899 0.473869
vt 0.126488 0.512731
vt 0.116899 0.495493
vt 0.175109 0.640841
vt 0.165460 0.606924
vt 0.156776 0.583974
vt 0.148905 0.584454
vt 0.294921 0.187401
vt 0.291782 0.206418
vt 0.289775 0.208398
vt 0.289117 0.213777
vt 0.291968 0.222809
vt 0.302586 0.267481
vt 0.307443 0.291352
vt 0.310139 0.316390
vt 0.306393 0.342276
vt 0.301736 0.385663
vt 0.301502 0.395074
vt 0.302561 0.401128
vt 0.302886 0.407538
vt 0.303015 0.413895
vt 0.304381 0.419280
vt 0.082373 0.470893
vt 0.081589 0.476139
vt 0.081274 0.481273
vt 0.082214 0.488437
vt 0.083817 0.500312
vt 0.086335 0.545035
vt 0.081724 0.637866
vt 0.071746 0.705435
vt 0.068670 0.720301
vt 0.066341 0.730502
vt 0.067073 0.740055
vt 0.068398 0.764893
vt 0.070858 0.941446
vt 0.070621 0.953155
vt 0.306094 0.020917
vt 0.305319 0.022800
vt 0.305967 0.027595
vt 0.306578 0.035976
vt 0.302561 0.368672
vt 0.321829 0.362939
vt 0.337791 0.347757
vt 0.349842 0.340147
vt 0.354088 0.350298
vt 0.362077 0.343541
vt 0.145831 0.555865
vt 0.142183 0.561033
vt 0.129362 0.550790
vt 0.107607 0.529907
vt 0.085509 0.521039
vt 0.094781 0.073122
vt 0.096426 0.077776
vt 0.097365 0.057044
vt 0.094932 0.047281
vt 0.095512 0.096444
vt 0.094376 0.096660
vt 0.169008 0.658203
vt 0.180155 0.672562
vt 0.115915 0.787918
vt 0.068273 0.792437
vt 0.069558 0.811646
vt 0.114634 0.807710
vt 0.151760 0.791213
vt 0.152595 0.814844
vt 0.173717 0.816643
vt 0.171745 0.792145
vt 0.396828 0.141925
vt 0.388638 0.143326
vt 0.388019 0.162526
vt 0.395514 0.162565
vt 0.383205 0.144076
vt 0.383892 0.163024
vt 0.366439 0.147834
vt 0.367733 0.167400
vt 0.336495 0.159334
vt 0.336227 0.172695
vt 0.297441 0.156840
vt 0.297020 0.168333
vt 0.259065 0.138556
vt 0.257220 0.137034
vt 0.256125 0.152759
vt 0.258026 0.153437
vt 0.229998 0.149001
vt 0.230305 0.134602
vt 0.228715 0.132684
vt 0.228094 0.148460
vt 0.226480 0.131080
vt 0.225504 0.148337
vt 0.200205 0.123594
vt 0.198545 0.141883
vt 0.016615 0.794958
vt 0.014202 0.796870
vt 0.016719 0.818901
vt 0.020063 0.816715
vt 0.114554 0.837275
vt 0.068940 0.834558
vt 0.070495 0.865071
vt 0.115853 0.870387
vt 0.152637 0.848055
vt 0.149930 0.883063
vt 0.171797 0.885149
vt 0.174155 0.849751
vt 0.391115 0.084499
vt 0.384508 0.090367
vt 0.387197 0.117674
vt 0.394788 0.114344
vt 0.380215 0.092646
vt 0.382424 0.118580
vt 0.363418 0.093870
vt 0.365861 0.120649
vt 0.336446 0.099837
vt 0.335142 0.127239
vt 0.301458 0.100571
vt 0.298512 0.125905
vt 0.263845 0.096382
vt 0.260954 0.095515
vt 0.256974 0.114105
vt 0.259557 0.115912
vt 0.231932 0.111045
vt 0.236669 0.092662
vt 0.233261 0.090802
vt 0.228592 0.109783
vt 0.229573 0.088094
vt 0.225806 0.109217
vt 0.209049 0.073794
vt 0.201448 0.101965
vt 0.022981 0.839055
vt 0.018227 0.842317
vt 0.016714 0.873162
vt 0.022792 0.865972
vt 0.071995 0.903163
vt 0.115588 0.904434
vt 0.147978 0.913094
vt 0.166212 0.915898
vt 0.378796 0.061460
vt 0.377436 0.067973
vt 0.373307 0.071265
vt 0.359984 0.072750
vt 0.336301 0.074229
vt 0.304008 0.070839
vt 0.266695 0.068445
vt 0.242599 0.061621
vt 0.021700 0.910873
vt 0.024509 0.903829
vt 0.266444 0.028671
vt 0.263439 0.025598
vt 0.017432 0.957500
vt 0.023942 0.953214
vt 0.273693 0.027082
vt 0.274305 0.069360
vt 0.271010 0.098191
vt 0.267694 0.119261
vt 0.267100 0.140428
vt 0.265545 0.156597
vt 0.262741 0.178141
vt 0.258652 0.200436
vt 0.255874 0.203465
vt 0.255676 0.207931
vt 0.258447 0.216239
vt 0.277240 0.279496
vt 0.281881 0.305391
vt 0.287386 0.331974
vt 0.288350 0.349109
vt 0.288254 0.372088
vt 0.290788 0.389758
vt 0.293133 0.394796
vt 0.300304 0.404562
vt 0.301221 0.399676
vt 0.293570 0.398305
vt 0.294291 0.402916
vt 0.292352 0.408377
vt 0.298837 0.409747
vt 0.290486 0.414077
vt 0.297233 0.414897
vt 0.287798 0.418623
vt 0.296774 0.420464
vt 0.076596 0.472169
vt 0.076783 0.466752
vt 0.069083 0.467340
vt 0.069663 0.471722
vt 0.077138 0.477188
vt 0.069663 0.475822
vt 0.078183 0.483129
vt 0.069085 0.481929
vt 0.079776 0.495099
vt 0.067101 0.490521
vt 0.064834 0.510000
vt 0.081660 0.517050
vt 0.067069 0.541577
vt 0.082724 0.542866
vt 0.035166 0.705403
vt 0.033916 0.721696
vt 0.031892 0.728635
vt 0.031737 0.735665
vt 0.026550 0.764733
vt 0.026151 0.796234
vt 0.029667 0.815683
vt 0.031888 0.837540
vt 0.032173 0.866163
vt 0.033800 0.905816
vt 0.033558 0.955815
vt 0.027829 0.961867
vt 0.271093 0.018509
vt 0.270989 0.018838
vt 0.272146 0.023067
vt 0.140182 0.334012
vt 0.163034 0.322849
vt 0.144222 0.304606
vt 0.123086 0.309195
vt 0.159668 0.297921
vt 0.155804 0.302161
vt 0.005037 0.298156
vt 0.049648 0.303632
vt 0.047910 0.297750
vt 0.008744 0.293481
vt 0.112400 0.336674
vt 0.101212 0.311146
vt 0.084817 0.313624
vt 0.084824 0.308388
vt 0.114810 0.283892
vt 0.135272 0.281558
vt 0.140638 0.249838
vt 0.115073 0.255409
vt 0.145519 0.277957
vt 0.153007 0.247449
vt 0.026584 0.272152
vt 0.052143 0.278202
vt 0.051753 0.249284
vt 0.021517 0.238621
vt 0.095974 0.287228
vt 0.092788 0.257697
vt 0.084762 0.286653
vt 0.086436 0.257288
vt 0.143492 0.239647
vt 0.117847 0.243592
vt 0.155395 0.237550
vt 0.050905 0.237694
vt 0.020394 0.228566
vt 0.092439 0.245324
vt 0.086856 0.244546
vt 0.143910 0.225564
vt 0.118435 0.227303
vt 0.155602 0.224417
vt 0.052190 0.222860
vt 0.021833 0.215911
vt 0.093305 0.229791
vt 0.088202 0.229159
vt 0.144794 0.209925
vt 0.119843 0.211367
vt 0.156820 0.206780
vt 0.054266 0.206255
vt 0.023462 0.199074
vt 0.094820 0.213136
vt 0.088958 0.211566
vt 0.121312 0.190161
vt 0.146634 0.188166
vt 0.148805 0.151204
vt 0.122817 0.159418
vt 0.158393 0.185862
vt 0.160344 0.151003
vt 0.024728 0.178342
vt 0.055306 0.186817
vt 0.056982 0.156410
vt 0.027851 0.142741
vt 0.095953 0.192026
vt 0.096367 0.161580
vt 0.090209 0.191751
vt 0.091324 0.163440
vt 0.114058 0.093018
vt 0.125804 0.068781
vt 0.133111 0.062358
vt 0.061097 0.060625
vt 0.073892 0.087610
vt 0.094801 0.111370
vt 0.093486 0.112449
vt 0.274245 0.307187
vt 0.279577 0.334591
vt 0.282494 0.350692
vt 0.283990 0.373013
vt 0.287390 0.390430
vt 0.290003 0.395104
vt 0.291145 0.397966
vt 0.291395 0.402252
vt 0.287697 0.407118
vt 0.285647 0.412290
vt 0.281033 0.414891
vt 0.063626 0.470696
vt 0.066177 0.472661
vt 0.066557 0.475961
vt 0.065197 0.481079
vt 0.062251 0.488582
vt 0.059689 0.508714
vt 0.058755 0.537710
vt 0.055514 0.559764
vt 0.122553 0.124171
vt 0.144939 0.108869
vt 0.155301 0.106896
vt 0.035688 0.099444
vt 0.061720 0.119447
vt 0.092592 0.140696
vt 0.097790 0.136922
vt 0.290273 0.399243
vt 0.059096 0.475097
vt 0.061759 0.476449
vt 0.062286 0.479420
vt 0.060736 0.484268
vt 0.058176 0.490709
vt 0.056236 0.511059
vt 0.055203 0.537732
vt 0.052228 0.557391
vt 0.902294 0.068484
vt 0.887721 0.067809
vt 0.879850 0.080092
vt 0.886552 0.093049
vt 0.901122 0.093724
vt 0.908994 0.081444
vt 0.446718 0.189757
vt 0.449302 0.182042
vt 0.570559 0.218402
vt 0.576601 0.205549
vt 0.551667 0.195061
vt 0.531113 0.207726
vt 0.647772 0.309061
vt 0.653436 0.267055
vt 0.650114 0.265546
vt 0.644705 0.307697
vt 0.475860 0.185505
vt 0.505735 0.209247
vt 0.626840 0.257932
vt 0.643690 0.264866
vt 0.646794 0.239713
vt 0.607302 0.235941
vt 0.648205 0.205442
vt 0.631406 0.202702
vt 0.630643 0.205487
vt 0.647551 0.235770
vt 0.643084 0.331288
vt 0.641624 0.329226
vt 0.638910 0.124508
vt 0.612139 0.133701
vt 0.628242 0.152866
vt 0.643225 0.156882
vt 0.647005 0.182279
vt 0.633442 0.174687
vt 0.634191 0.057308
vt 0.627110 0.054970
vt 0.489525 0.224243
vt 0.474428 0.220139
vt 0.429783 0.302351
vt 0.449166 0.306776
vt 0.456332 0.189238
vt 0.471785 0.198498
vt 0.472996 0.186249
vt 0.456912 0.186369
vt 0.445451 0.324254
vt 0.417076 0.319155
vt 0.635289 0.354761
vt 0.632356 0.348077
vt 0.603674 0.233076
vt 0.607007 0.221459
vt 0.632023 0.342697
vt 0.636268 0.327096
vt 0.620109 0.317657
vt 0.609908 0.327721
vt 0.638684 0.306758
vt 0.629098 0.303554
vt 0.623122 0.302652
vt 0.620016 0.301980
vt 0.611951 0.314785
vt 0.614610 0.315615
vt 0.621145 0.259723
vt 0.617596 0.258491
vt 0.567102 0.226563
vt 0.568517 0.223859
vt 0.527829 0.215432
vt 0.530609 0.213597
vt 0.510477 0.216780
vt 0.507989 0.214703
vt 0.494346 0.227612
vt 0.497235 0.228508
vt 0.458059 0.310845
vt 0.454292 0.309774
vt 0.451146 0.335064
vt 0.447131 0.329870
vt 0.412458 0.321836
vt 0.403031 0.323760
vt 0.424326 0.300088
vt 0.420169 0.299646
vt 0.468627 0.218711
vt 0.465210 0.217679
vt 0.466504 0.205123
vt 0.466967 0.201137
vt 0.451390 0.189994
vt 0.452772 0.183969
vt 0.552940 0.189255
vt 0.557249 0.186672
vt 0.578948 0.200133
vt 0.580647 0.196186
vt 0.606472 0.215677
vt 0.607114 0.212839
vt 0.627603 0.174065
vt 0.624929 0.172634
vt 0.622765 0.154589
vt 0.620056 0.153672
vt 0.606406 0.134212
vt 0.603631 0.135188
vt 0.622704 0.039313
vt 0.623955 0.050649
vt 0.640645 0.050344
vt 0.637920 0.053792
vt 0.647731 0.122622
vt 0.644644 0.124097
vt 0.652196 0.157519
vt 0.649099 0.156672
vt 0.655606 0.183863
vt 0.652769 0.182383
vt 0.656930 0.206152
vt 0.654169 0.205929
vt 0.604905 0.329320
vt 0.908514 0.202372
vt 0.912623 0.209149
vt 0.780458 0.231942
vt 0.824484 0.229861
vt 0.805545 0.215254
vt 0.777689 0.219329
vt 0.674803 0.313976
vt 0.678207 0.313800
vt 0.686631 0.268775
vt 0.682955 0.269618
vt 0.851525 0.234803
vt 0.883062 0.211693
vt 0.711825 0.265289
vt 0.737364 0.242504
vt 0.695023 0.241895
vt 0.693098 0.269444
vt 0.693841 0.205285
vt 0.694690 0.237471
vt 0.713199 0.205373
vt 0.711931 0.202248
vt 0.669324 0.336419
vt 0.671574 0.335268
vt 0.681173 0.120788
vt 0.686824 0.153827
vt 0.699883 0.146993
vt 0.706678 0.123749
vt 0.690247 0.180643
vt 0.701679 0.171091
vt 0.674416 0.053399
vt 0.681022 0.049680
vt 0.870062 0.252258
vt 0.908404 0.339322
vt 0.927833 0.336133
vt 0.885706 0.249060
vt 0.902900 0.211359
vt 0.901879 0.208624
vt 0.886057 0.212213
vt 0.888503 0.224657
vt 0.912421 0.356702
vt 0.938918 0.354404
vt 0.664019 0.362187
vt 0.669777 0.357325
vt 0.741827 0.239714
vt 0.740714 0.226267
vt 0.672832 0.352582
vt 0.698697 0.349346
vt 0.695974 0.334731
vt 0.677249 0.335853
vt 0.684218 0.315160
vt 0.694426 0.315562
vt 0.700454 0.316737
vt 0.701883 0.335632
vt 0.704632 0.336411
vt 0.703687 0.316962
vt 0.716937 0.268605
vt 0.720855 0.267881
vt 0.782164 0.239722
vt 0.781304 0.237103
vt 0.826154 0.237704
vt 0.823619 0.235451
vt 0.845751 0.242480
vt 0.848759 0.240584
vt 0.865245 0.255606
vt 0.862405 0.256501
vt 0.899492 0.343233
vt 0.903246 0.342200
vt 0.907473 0.366898
vt 0.910898 0.362208
vt 0.951505 0.360502
vt 0.943194 0.357564
vt 0.933415 0.334507
vt 0.937633 0.334596
vt 0.891732 0.248209
vt 0.895236 0.247569
vt 0.894670 0.231382
vt 0.894156 0.226688
vt 0.907963 0.210935
vt 0.905572 0.205280
vt 0.805186 0.209461
vt 0.801315 0.206553
vt 0.776963 0.214048
vt 0.776607 0.210228
vt 0.742757 0.219969
vt 0.742502 0.216707
vt 0.707195 0.169590
vt 0.709324 0.167618
vt 0.705771 0.147271
vt 0.707945 0.145517
vt 0.711796 0.122809
vt 0.714242 0.123004
vt 0.683121 0.033404
vt 0.683405 0.044769
vt 0.666831 0.047782
vt 0.670117 0.050676
vt 0.672490 0.120594
vt 0.675708 0.121467
vt 0.678287 0.155789
vt 0.681060 0.154501
vt 0.681974 0.183038
vt 0.684470 0.181270
vt 0.684782 0.206073
vt 0.687626 0.205825
vt 0.701743 0.353511
vt 0.866704 0.370642
vt 0.869235 0.418231
vt 0.911583 0.415030
vt 0.874051 0.349664
vt 0.842461 0.274047
vt 0.833277 0.266066
vt 0.821019 0.262617
vt 0.786572 0.264296
vt 0.758507 0.270323
vt 0.742176 0.283093
vt 0.730552 0.321213
vt 0.732001 0.334490
vt 0.741092 0.350675
vt 0.705660 0.355788
vt 0.749925 0.398626
vt 0.713838 0.404719
vt 0.709023 0.024259
vt 0.703291 0.007626
vt 0.677594 0.016493
vt 0.738676 0.119149
vt 0.733936 0.141774
vt 0.732930 0.159806
vt 0.738206 0.181374
vt 0.750794 0.189905
vt 0.776582 0.183973
vt 0.800651 0.180067
vt 0.885850 0.177273
vt 0.906531 0.175237
vt 0.916874 0.173267
vt 0.927746 0.171421
vt 0.931275 0.170979
vt 0.933587 0.195702
vt 0.931494 0.223527
vt 0.945295 0.213274
vt 0.921528 0.236898
vt 0.920895 0.245209
vt 0.960161 0.319499
vt 0.984466 0.333940
vt 0.453583 0.721138
vt 0.879983 0.721534
vt 0.879988 0.716755
vt 0.453587 0.716359
vt 0.453533 0.774572
vt 0.879934 0.774969
vt 0.879956 0.750641
vt 0.453556 0.750245
vt 0.879961 0.745862
vt 0.453560 0.745465
vt 0.904288 0.745885
vt 0.904284 0.750664
vt 0.429233 0.745443
vt 0.429229 0.750222
vt 0.511158 0.433350
vt 0.937558 0.433746
vt 0.937562 0.428966
vt 0.511162 0.428570
vt 0.511108 0.486784
vt 0.937508 0.487180
vt 0.937531 0.462853
vt 0.511130 0.462456
vt 0.937535 0.458073
vt 0.511135 0.457677
vt 0.961863 0.458096
vt 0.961858 0.462876
vt 0.486808 0.457655
vt 0.486803 0.462434
vt 0.539904 0.515480
vt 0.966304 0.515877
vt 0.966308 0.511098
vt 0.539908 0.510701
vt 0.539854 0.568914
vt 0.966254 0.569311
vt 0.966277 0.544984
vt 0.539876 0.544587
vt 0.966281 0.540204
vt 0.539881 0.539808
vt 0.990609 0.540227
vt 0.990604 0.545006
vt 0.515554 0.539785
vt 0.515549 0.544564
vt 0.451426 0.656098
vt 0.877826 0.656494
vt 0.877831 0.651715
vt 0.451430 0.651319
vt 0.451376 0.709532
vt 0.877777 0.709928
vt 0.877799 0.685601
vt 0.451399 0.685205
vt 0.877804 0.680822
vt 0.451403 0.680425
vt 0.902131 0.680844
vt 0.902127 0.685623
vt 0.427076 0.680403
vt 0.427072 0.685182
vt 0.059088 0.333097
vt 0.363489 0.631690
vt 0.366835 0.628278
vt 0.062435 0.329685
vt 0.021670 0.371242
vt 0.326071 0.669836
vt 0.343106 0.652469
vt 0.038706 0.353876
vt 0.346454 0.649057
vt 0.042053 0.350464
vt 0.363820 0.666093
vt 0.360474 0.669505
vt 0.024686 0.333428
vt 0.021339 0.336840
vt 0.448191 0.590768
vt 0.874591 0.591163
vt 0.874595 0.586384
vt 0.448195 0.585988
vt 0.448141 0.644201
vt 0.874541 0.644597
vt 0.874564 0.620270
vt 0.448163 0.619874
vt 0.874569 0.615491
vt 0.448168 0.615095
vt 0.898896 0.615513
vt 0.898891 0.620292
vt 0.423841 0.615072
vt 0.423836 0.619852
vt 0.902294 0.068484
vt 0.901122 0.093724
vt 0.902293 0.068484
vt 0.887720 0.067808
vt 0.879850 0.080090
vt 0.886549 0.093047
vt 0.901120 0.093725
vt 0.908994 0.081444
vt 0.902294 0.068484
vt 0.887721 0.067809
vt 0.879850 0.080092
vt 0.886552 0.093048
vt 0.901122 0.093724
vt 0.908994 0.081444
vt 0.902295 0.068484
vt 0.887721 0.067809
vt 0.886552 0.093049
vt 0.908994 0.081444
vt 0.902294 0.068484
vt 0.887720 0.067809
vt 0.231451 0.851152
vt 0.232976 0.879218
vt 0.244566 0.878015
vt 0.241348 0.853229
vt 0.234492 0.902326
vt 0.244567 0.901603
vt 0.236990 0.919773
vt 0.247570 0.918919
vt 0.228419 0.819016
vt 0.234183 0.821220
vt 0.235026 0.817448
vt 0.229508 0.814916
vt 0.236050 0.813684
vt 0.229842 0.810592
vt 0.222820 0.825513
vt 0.240944 0.930905
vt 0.273884 0.933651
vt 0.274474 0.924887
vt 0.248133 0.923263
vt 0.238354 0.700112
vt 0.274118 0.700921
vt 0.274419 0.682895
vt 0.238120 0.681918
vt 0.240176 0.722731
vt 0.273740 0.723429
vt 0.237245 0.757758
vt 0.273089 0.758513
vt 0.236807 0.775440
vt 0.272671 0.775646
vt 0.236524 0.784026
vt 0.272414 0.784102
vt 0.236178 0.793298
vt 0.272029 0.793907
vt 0.271843 0.798330
vt 0.236003 0.797786
vt 0.271672 0.802193
vt 0.235848 0.801735
vt 0.271504 0.805828
vt 0.235697 0.805558
vt 0.271420 0.808094
vt 0.271376 0.810291
vt 0.271314 0.814238
vt 0.271252 0.818288
vt 0.271198 0.822097
vt 0.271133 0.825666
vt 0.272902 0.832720
vt 0.274308 0.851848
vt 0.278932 0.877259
vt 0.278150 0.902934
vt 0.275326 0.918054
vt 0.217509 0.831897
vt 0.210475 0.847367
vt 0.202399 0.882187
vt 0.323242 0.935120
vt 0.323331 0.925247
vt 0.325796 0.684831
vt 0.325562 0.702877
vt 0.325285 0.725056
vt 0.324863 0.759661
vt 0.324628 0.776939
vt 0.324513 0.785279
vt 0.324384 0.794635
vt 0.324319 0.798971
vt 0.324262 0.802640
vt 0.324208 0.806121
vt 0.324179 0.808385
vt 0.324160 0.810593
vt 0.324133 0.814539
vt 0.324104 0.818522
vt 0.324077 0.822113
vt 0.324050 0.825550
vt 0.323979 0.834113
vt 0.323808 0.854257
vt 0.323633 0.878387
vt 0.323490 0.902499
vt 0.323383 0.919000
vt 0.274495 0.678388
vt 0.325855 0.680323
vt 0.241679 0.677368
vt 0.222546 0.935913
vt 0.239381 0.950334
vt 0.272244 0.955753
vt 0.323024 0.957130
vt 0.271144 0.974500
vt 0.322840 0.975731
vt 0.201558 0.930466
vt 0.238000 0.971947
vt 0.420681 0.853012
vt 0.410693 0.854877
vt 0.406010 0.880839
vt 0.418905 0.881040
vt 0.406505 0.902871
vt 0.416614 0.904163
vt 0.404038 0.918251
vt 0.413824 0.921550
vt 0.424468 0.821047
vt 0.423504 0.816944
vt 0.417909 0.819303
vt 0.418637 0.823083
vt 0.423304 0.812630
vt 0.417004 0.815532
vt 0.429888 0.827639
vt 0.409824 0.932600
vt 0.402860 0.924804
vt 0.376475 0.925809
vt 0.376862 0.934603
vt 0.417087 0.702381
vt 0.417803 0.684211
vt 0.381500 0.684170
vt 0.381329 0.702200
vt 0.414665 0.724912
vt 0.381137 0.724778
vt 0.416763 0.759897
vt 0.380944 0.759969
vt 0.416848 0.777502
vt 0.381006 0.777139
vt 0.416985 0.786059
vt 0.381092 0.785595
vt 0.417204 0.795281
vt 0.381265 0.795154
vt 0.381362 0.799665
vt 0.417329 0.799743
vt 0.381448 0.803366
vt 0.417448 0.803668
vt 0.381537 0.806928
vt 0.417566 0.807466
vt 0.381573 0.809219
vt 0.381571 0.811401
vt 0.381549 0.815218
vt 0.381521 0.819124
vt 0.381492 0.822681
vt 0.381475 0.826213
vt 0.379539 0.833237
vt 0.377674 0.852527
vt 0.372521 0.877954
vt 0.373002 0.903827
vt 0.375778 0.918939
vt 0.435059 0.834110
vt 0.441751 0.849657
vt 0.449287 0.884643
vt 0.381543 0.679663
vt 0.414365 0.679572
vt 0.428106 0.937902
vt 0.410984 0.952016
vt 0.378044 0.956762
vt 0.378786 0.975533
vt 0.449157 0.932803
vt 0.411957 0.973636
vt 0.843704 0.841769
vt 0.880015 0.841402
vt 0.879710 0.811170
vt 0.843398 0.811537
vt 0.879405 0.780937
vt 0.843093 0.781304
vt 0.844009 0.872002
vt 0.880321 0.871635
vt 0.910248 0.841097
vt 0.909942 0.810864
vt 0.813471 0.842075
vt 0.813166 0.811842
vt 0.931590 0.842881
vt 0.977326 0.842594
vt 0.977093 0.805430
vt 0.931357 0.805717
vt 0.977047 0.798083
vt 0.931311 0.798370
vt 0.931636 0.850227
vt 0.977372 0.849940
vt 0.984673 0.842548
vt 0.984440 0.805384
vt 0.924244 0.842927
vt 0.924011 0.805763
vt 0.641145 0.948616
vt 0.641405 0.950879
vt 0.666500 0.952555
vt 0.666460 0.950359
vt 0.636299 0.890205
vt 0.636122 0.905182
vt 0.663976 0.904973
vt 0.663666 0.890318
vt 0.636312 0.887823
vt 0.663711 0.888123
vt 0.921109 0.885580
vt 0.921001 0.880627
vt 0.911006 0.880874
vt 0.911132 0.885836
vt 0.791754 0.902940
vt 0.793458 0.901722
vt 0.792382 0.886625
vt 0.791289 0.888486
vt 0.523826 0.891720
vt 0.524261 0.906262
vt 0.526043 0.907312
vt 0.525024 0.893532
vt 0.665165 0.923486
vt 0.637859 0.922642
vt 0.639082 0.939118
vt 0.666620 0.941430
vt 0.793083 0.934572
vt 0.795223 0.935073
vt 0.796214 0.916620
vt 0.794014 0.916815
vt 0.921428 0.897055
vt 0.921266 0.890994
vt 0.911223 0.891621
vt 0.911319 0.898194
vt 0.523817 0.920550
vt 0.521662 0.920528
vt 0.523228 0.937316
vt 0.525294 0.936746
vt 0.639511 0.944055
vt 0.666704 0.946316
vt 0.791053 0.939274
vt 0.792351 0.940935
vt 0.921309 0.898653
vt 0.911429 0.899811
vt 0.525985 0.943025
vt 0.527435 0.941551
vt 0.780977 0.945755
vt 0.780505 0.943612
vt 0.920061 0.901188
vt 0.910922 0.902270
vt 0.537450 0.948200
vt 0.538078 0.946065
vt 0.961567 0.896692
vt 0.942855 0.898292
vt 0.940487 0.899849
vt 0.957633 0.898583
vt 0.962248 0.894882
vt 0.943172 0.896570
vt 0.961988 0.888923
vt 0.942697 0.890265
vt 0.961435 0.879037
vt 0.942064 0.880255
vt 0.942271 0.885149
vt 0.961721 0.883902
vt 0.577602 0.890003
vt 0.577428 0.887483
vt 0.577867 0.906204
vt 0.576981 0.937510
vt 0.577514 0.920328
vt 0.578207 0.942325
vt 0.584929 0.946611
vt 0.584958 0.949117
vt 0.896512 0.891689
vt 0.895819 0.897963
vt 0.895998 0.899612
vt 0.897411 0.901020
vt 0.703097 0.947246
vt 0.703248 0.944882
vt 0.707230 0.940562
vt 0.707703 0.935696
vt 0.705643 0.919139
vt 0.704045 0.905304
vt 0.702346 0.889354
vt 0.702365 0.887148
vt 0.897064 0.881534
vt 0.897130 0.886443
vt 0.888769 0.898070
vt 0.889691 0.891725
vt 0.879270 0.891536
vt 0.878710 0.898052
vt 0.888712 0.899944
vt 0.878954 0.899859
vt 0.890443 0.901458
vt 0.881217 0.901540
vt 0.722499 0.945693
vt 0.722308 0.948161
vt 0.747633 0.947636
vt 0.747414 0.945413
vt 0.728099 0.941896
vt 0.753792 0.941061
vt 0.728822 0.937023
vt 0.754746 0.936163
vt 0.752548 0.918435
vt 0.725924 0.919565
vt 0.720930 0.889131
vt 0.723038 0.905029
vt 0.750532 0.903319
vt 0.750612 0.888502
vt 0.720666 0.886901
vt 0.750690 0.886329
vt 0.890581 0.886385
vt 0.890591 0.881497
vt 0.879886 0.881151
vt 0.879769 0.886077
vt 0.864326 0.891296
vt 0.864260 0.897762
vt 0.865061 0.899531
vt 0.869175 0.901023
vt 0.864484 0.880669
vt 0.864325 0.885891
vt 0.925580 0.900069
vt 0.927323 0.898400
vt 0.927510 0.896921
vt 0.927260 0.891057
vt 0.926990 0.885529
vt 0.926874 0.880609
vt 0.620058 0.887688
vt 0.620080 0.890160
vt 0.619913 0.905462
vt 0.621264 0.920675
vt 0.621973 0.936125
vt 0.622603 0.941053
vt 0.625658 0.945819
vt 0.626065 0.948531
vt 0.964599 0.735122
vt 0.958446 0.737806
vt 0.960626 0.765040
vt 0.967155 0.767061
vt 0.929144 0.734685
vt 0.954737 0.734016
vt 0.960836 0.730659
vt 0.930822 0.731443
vt 0.931324 0.768429
vt 0.929211 0.766233
vt 0.926969 0.738218
vt 0.928694 0.735574
vt 0.957505 0.768603
vt 0.931912 0.769271
vt 0.934068 0.772004
vt 0.964082 0.771220
vt 0.966299 0.731402
vt 0.969465 0.770953
vt 0.962449 0.725851
vt 0.925282 0.726822
vt 0.926488 0.772605
vt 0.923232 0.731920
vt 0.929302 0.777050
vt 0.966469 0.776080
vt 0.961197 0.731787
vt 0.964363 0.771339
vt 0.957347 0.726237
vt 0.920180 0.727207
vt 0.921386 0.772990
vt 0.918130 0.732305
vt 0.924200 0.777436
vt 0.961367 0.776465
vt 0.956344 0.735745
vt 0.958900 0.767684
vt 0.952581 0.731283
vt 0.922567 0.732067
vt 0.923069 0.769052
vt 0.920439 0.736198
vt 0.925813 0.772628
vt 0.955827 0.771844
vt 0.503024 0.824618
vt 0.502466 0.830838
vt 0.507889 0.830963
vt 0.507959 0.824762
vt 0.503145 0.809430
vt 0.508037 0.809433
vt 0.503097 0.803816
vt 0.508013 0.803792
vt 0.502785 0.788374
vt 0.508062 0.788247
vt 0.609367 0.788895
vt 0.608903 0.805306
vt 0.612344 0.805419
vt 0.612820 0.789041
vt 0.499759 0.804715
vt 0.499138 0.788575
vt 0.495680 0.788794
vt 0.496332 0.804923
vt 0.499782 0.808633
vt 0.499675 0.825078
vt 0.499369 0.828681
vt 0.513122 0.828803
vt 0.513000 0.825288
vt 0.513146 0.808438
vt 0.513133 0.804764
vt 0.513589 0.788461
vt 0.598043 0.825474
vt 0.598018 0.831884
vt 0.604516 0.831654
vt 0.604021 0.825432
vt 0.598260 0.809992
vt 0.604127 0.810146
vt 0.598641 0.804291
vt 0.604407 0.804364
vt 0.598262 0.788855
vt 0.604519 0.788700
vt 0.608912 0.829317
vt 0.608575 0.825804
vt 0.608727 0.809268
vt 0.593602 0.789179
vt 0.594270 0.805259
vt 0.593906 0.808951
vt 0.593379 0.826142
vt 0.593391 0.829668
vt 0.531174 0.789285
vt 0.530621 0.805454
vt 0.554705 0.805337
vt 0.554792 0.789463
vt 0.531839 0.808593
vt 0.554657 0.808713
vt 0.532015 0.824473
vt 0.554605 0.824618
vt 0.530818 0.827604
vt 0.554595 0.828034
vt 0.578019 0.827738
vt 0.576831 0.824695
vt 0.576886 0.808988
vt 0.578306 0.805999
vt 0.578063 0.789825
vt 0.965138 0.734945
vt 0.959049 0.737627
vt 0.961171 0.764764
vt 0.967626 0.766770
vt 0.929543 0.734566
vt 0.955326 0.733856
vt 0.961362 0.730504
vt 0.931126 0.731337
vt 0.931532 0.768194
vt 0.929526 0.766006
vt 0.927344 0.738091
vt 0.928973 0.735457
vt 0.958020 0.768319
vt 0.932237 0.769029
vt 0.934285 0.771753
vt 0.964522 0.770920
vt 0.966906 0.731233
vt 0.969986 0.770643
vt 0.963045 0.725709
vt 0.925602 0.726740
vt 0.926694 0.772363
vt 0.923525 0.731823
vt 0.929514 0.776789
vt 0.966957 0.775757
vt 0.961909 0.731622
vt 0.964990 0.771032
vt 0.958049 0.726097
vt 0.920606 0.727128
vt 0.921697 0.772751
vt 0.918528 0.732212
vt 0.924518 0.777177
vt 0.961961 0.776146
vt 0.957054 0.735573
vt 0.959542 0.767398
vt 0.953278 0.731132
vt 0.923041 0.731965
vt 0.923448 0.768822
vt 0.920889 0.736085
vt 0.926201 0.772381
vt 0.956437 0.771548
vt 0.969944 0.957590
vt 0.979939 0.969856
vt 0.976659 0.966316
vt 0.966664 0.954050
vt 0.976209 0.985027
vt 0.972930 0.981486
vt 0.961564 0.991678
vt 0.958284 0.988138
vt 0.947031 0.984802
vt 0.943751 0.981262
vt 0.943554 0.969576
vt 0.940274 0.966036
vt 0.953751 0.957466
vt 0.950472 0.953926
vt 0.966219 0.953620
vt 0.976214 0.965886
vt 0.972484 0.981056
vt 0.957839 0.987708
vt 0.943306 0.980832
vt 0.939829 0.965606
vt 0.950027 0.953495
vt 0.053939 0.492505
vt 0.043904 0.599447
vt 0.599915 0.329062
vt 0.017529 0.921242
vt 0.036256 0.908744
vt 0.019180 0.901921
vt 0.979292 0.803113
vt 0.984023 0.804289
vt 0.982676 0.799604
vt 0.987407 0.800779
vt 0.986060 0.796094
vt 0.981329 0.794918
vt 0.977945 0.798428
vt 0.967433 0.800367
vt 0.972395 0.801600
vt 0.970982 0.796686
vt 0.975944 0.797919
vt 0.974531 0.793006
vt 0.969569 0.791772
vt 0.966020 0.795453
vt 0.391553 0.983927
vt 0.386461 0.983827
vt 0.388908 0.989164
vt 0.394653 0.987966
vt 0.393427 0.992909
vt 0.388798 0.995031
vt 0.384252 0.992736
vt 0.383212 0.987750
vt 0.382570 0.882922
vt 0.385641 0.884418
vt 0.381843 0.879570
vt 0.955829 0.518145
vt 0.954094 0.517761
vt 0.960007 0.519900
vt 0.958725 0.519397
vt 0.961861 0.521119
vt 0.964242 0.522764
vt 0.965113 0.523811
vt 0.964196 0.523927
vt 0.961782 0.523074
vt 0.958639 0.521525
vt 0.955764 0.519770
vt 0.954070 0.518367
vt 0.937782 0.548237
vt 0.939518 0.548621
vt 0.942648 0.552332
vt 0.942413 0.549873
vt 0.945549 0.551594
vt 0.947930 0.553240
vt 0.948801 0.554287
vt 0.947884 0.554402
vt 0.945471 0.553550
vt 0.942328 0.552000
vt 0.939452 0.550246
vt 0.937758 0.548843
vt 0.495349 0.645842
vt 0.497019 0.643003
vt 0.485523 0.632490
vt 0.462750 0.621808
vt 0.456161 0.630638
vt 0.467808 0.619380
vt 0.555551 0.682665
vt 0.552625 0.698779
vt 0.558975 0.689812
vt 0.501099 0.740690
vt 0.496049 0.744751
vt 0.496570 0.750894
vt 0.097560 0.657455
vt 0.095147 0.656307
vt 0.095461 0.660195
vt 0.093957 0.656488
vt 0.092165 0.658091
vt 0.100725 0.659475
vt 0.100120 0.658462
vt 0.090200 0.659620
vt 0.610333 0.112629
vt 0.617643 0.109418
vt 0.611494 0.109666
vt 0.610349 0.107143
vt 0.617818 0.106088
vt 0.608360 0.103613
vt 0.178896 0.223328
vt 0.177660 0.223812
vt 0.178853 0.225345
vt 0.091576 0.369274
vt 0.087133 0.366847
vt 0.090705 0.371811
vt 0.049920 0.367951
vt 0.056601 0.367738
vt 0.053643 0.361205
vt 0.946161 0.038840
vt 0.944407 0.031784
vt 0.940693 0.038546
vt 0.029437 0.151755
vt 0.030994 0.153153
vt 0.030679 0.151162
vt 0.229294 0.088561
vt 0.232111 0.089775
vt 0.230802 0.084245
vt 0.252619 0.058326
vt 0.247684 0.057600
vt 0.250785 0.063660
vt 0.932247 0.301306
vt 0.926564 0.300505
vt 0.926128 0.307302
vt 0.803976 0.739580
vt 0.801425 0.741636
vt 0.802026 0.742492
vt 0.577390 0.558430
vt 0.584141 0.553211
vt 0.579869 0.549486
vt 0.592538 0.568018
vt 0.599038 0.563075
vt 0.592569 0.559025
vt 0.388937 0.449656
vt 0.383027 0.447199
vt 0.383097 0.456870
vt 0.399213 0.453139
vt 0.399256 0.463208
vt 0.404559 0.455067
vt 0.495818 0.535370
vt 0.512457 0.538518
vt 0.497710 0.532838
vt 0.533055 0.553573
vt 0.532984 0.547982
vt 0.528269 0.563239
vt 0.435782 0.499288
vt 0.427607 0.499695
vt 0.422810 0.508827
vt 0.527901 0.712587
vt 0.534336 0.703795
vt 0.528884 0.706339
vt 0.441401 0.575468
vt 0.439733 0.584000
vt 0.446459 0.577822
vt 0.604261 0.698206
vt 0.613365 0.694029
vt 0.609220 0.690015
vt 0.426042 0.566707
vt 0.424612 0.574684
vt 0.432521 0.570576
vt 0.620800 0.701785
vt 0.616800 0.710012
vt 0.625473 0.706020
vt 0.735451 0.631172
vt 0.732950 0.633283
vt 0.733799 0.634840
vt 0.736814 0.627549
vt 0.735470 0.627016
vt 0.720367 0.626605
vt 0.722293 0.622756
vt 0.721071 0.622462
vt 0.720086 0.630973
vt 0.721122 0.630283
vt 0.954975 0.517290
vt 0.959150 0.519044
vt 0.953238 0.516905
vt 0.957871 0.518543
vt 0.961007 0.520264
vt 0.963387 0.521909
vt 0.964256 0.522955
vt 0.963338 0.523069
vt 0.960924 0.522216
vt 0.957781 0.520666
vt 0.954906 0.518912
vt 0.953213 0.517510
vt 0.936929 0.547383
vt 0.941794 0.551477
vt 0.938666 0.547767
vt 0.941561 0.549019
vt 0.944697 0.550741
vt 0.947078 0.552386
vt 0.947947 0.553432
vt 0.947029 0.553546
vt 0.944615 0.552693
vt 0.941472 0.551143
vt 0.938597 0.549389
vt 0.936904 0.547987
vt 0.926755 0.781555
vt 0.926556 0.785054
vt 0.927551 0.784731
vt 0.871670 0.627064
vt 0.873407 0.630504
vt 0.874186 0.628891
vt 0.871305 0.622871
vt 0.869973 0.623463
vt 0.886376 0.621697
vt 0.885521 0.617716
vt 0.884312 0.618079
vt 0.885863 0.625579
vt 0.886925 0.626228
vt 0.026448 0.991494
vt 0.042550 0.991856
vt 0.043131 0.959182
vt 0.026754 0.958511
vt 0.058506 0.992883
vt 0.059320 0.960070
vt 0.075877 0.993555
vt 0.078657 0.994037
vt 0.079419 0.962022
vt 0.076697 0.961507
vt 0.113392 0.993674
vt 0.132339 0.994267
vt 0.134712 0.960475
vt 0.115382 0.961158
vt 0.034393 0.931886
vt 0.017056 0.930680
vt 0.052054 0.934374
vt 0.080831 0.946246
vt 0.077856 0.945705
vt 0.143925 0.931161
vt 0.121909 0.938210
vt 0.054152 0.907674
vt 0.079973 0.911993
vt 0.077211 0.911418
vt 0.144944 0.903460
vt 0.119567 0.912702
vt 0.082966 0.961340
vt 0.082274 0.993476
vt 0.098488 0.993802
vt 0.099979 0.961365
vt 0.084583 0.944555
vt 0.106664 0.938968
vt 0.083733 0.910617
vt 0.103894 0.908647
vt 0.964534 0.738262
vt 0.970084 0.735851
vt 0.970000 0.731538
vt 0.963350 0.734276
vt 0.951957 0.747752
vt 0.953513 0.742411
vt 0.948854 0.741069
vt 0.947253 0.746557
vt 0.918225 0.729761
vt 0.922318 0.724540
vt 0.920031 0.723676
vt 0.916363 0.728361
vt 0.984582 0.737013
vt 0.981191 0.738884
vt 0.983242 0.744348
vt 0.987009 0.742601
vt 0.968323 0.726909
vt 0.961187 0.728900
vt 0.948654 0.733636
vt 0.950780 0.737758
vt 0.953756 0.739936
vt 0.944763 0.738598
vt 0.942212 0.743967
vt 0.933251 0.730965
vt 0.928743 0.736454
vt 0.927874 0.727740
vt 0.923461 0.733206
vt 0.975552 0.746620
vt 0.973381 0.740285
vt 0.966526 0.741334
vt 0.967427 0.748255
vt 0.939153 0.726025
vt 0.934268 0.721815
vt 0.928483 0.717123
vt 0.925524 0.715875
vt 0.978306 0.728612
vt 0.976666 0.732615
vt 0.976330 0.725854
vt 0.984636 0.766426
vt 0.980526 0.764380
vt 0.971451 0.782605
vt 0.975561 0.784651
vt 0.976416 0.762333
vt 0.967342 0.780558
vt 0.972307 0.760287
vt 0.963232 0.778512
vt 0.968197 0.758241
vt 0.959122 0.776466
vt 0.964087 0.756194
vt 0.955013 0.774419
vt 0.988745 0.768472
vt 0.979670 0.786697
vt 0.985243 0.766566
vt 0.981110 0.764478
vt 0.971849 0.782807
vt 0.975982 0.784895
vt 0.976977 0.762390
vt 0.967716 0.780719
vt 0.972844 0.760302
vt 0.963584 0.778630
vt 0.968711 0.758214
vt 0.959450 0.776542
vt 0.964578 0.756126
vt 0.955318 0.774454
vt 0.989376 0.768654
vt 0.980115 0.786983
vt 0.387381 0.936587
vt 0.392480 0.936682
vt 0.392683 0.912444
vt 0.387537 0.912489
vt 0.356495 0.936119
vt 0.361594 0.936039
vt 0.362225 0.911803
vt 0.357100 0.911850
vt 0.366720 0.935820
vt 0.367301 0.911458
vt 0.371902 0.935723
vt 0.372353 0.911247
vt 0.377103 0.935876
vt 0.377395 0.911497
vt 0.382263 0.936243
vt 0.382438 0.912044
vt 0.356030 0.983412
vt 0.361122 0.983458
vt 0.366206 0.983502
vt 0.371272 0.983556
vt 0.376326 0.983629
vt 0.381384 0.983723
vt 0.387025 0.887993
vt 0.382351 0.888957
vt 0.377674 0.889560
vt 0.372939 0.889594
vt 0.368244 0.888948
vt 0.363613 0.887749
vt 0.358918 0.886210
vt 0.391776 0.886847
vt 0.381636 0.885149
vt 0.377475 0.885629
vt 0.373272 0.885608
vt 0.369146 0.884919
vt 0.365128 0.884115
vt 0.388915 0.883001
vt 0.384030 0.876896
vt 0.388993 0.882643
vt 0.389667 0.879634
vt 0.387503 0.876921
vt 0.951109 0.518558
vt 0.947848 0.517837
vt 0.956550 0.520910
vt 0.962445 0.524146
vt 0.966920 0.527239
vt 0.968556 0.529206
vt 0.966833 0.529423
vt 0.962297 0.527821
vt 0.956390 0.524909
vt 0.950986 0.521611
vt 0.947802 0.518974
vt 0.946415 0.521088
vt 0.942021 0.520116
vt 0.953746 0.524258
vt 0.961688 0.528618
vt 0.967717 0.532784
vt 0.969921 0.535434
vt 0.967599 0.535727
vt 0.961489 0.533569
vt 0.953530 0.529645
vt 0.946250 0.525202
vt 0.941959 0.521650
vt 0.942314 0.525431
vt 0.937317 0.524326
vt 0.950650 0.529035
vt 0.959681 0.533993
vt 0.966538 0.538731
vt 0.969044 0.541745
vt 0.966404 0.542077
vt 0.959455 0.539623
vt 0.950405 0.535162
vt 0.942126 0.530109
vt 0.937247 0.526069
vt 0.939299 0.531063
vt 0.934302 0.529957
vt 0.947636 0.534667
vt 0.956667 0.539625
vt 0.963523 0.544363
vt 0.966029 0.547376
vt 0.963389 0.547709
vt 0.956441 0.545255
vt 0.947391 0.540793
vt 0.939112 0.535741
vt 0.934233 0.531701
vt 0.937736 0.537304
vt 0.933342 0.536332
vt 0.945067 0.540473
vt 0.953009 0.544833
vt 0.959038 0.549000
vt 0.961242 0.551650
vt 0.958920 0.551943
vt 0.952810 0.549784
vt 0.944851 0.545861
vt 0.937571 0.541418
vt 0.933280 0.537865
vt 0.937811 0.543402
vt 0.934550 0.542680
vt 0.943253 0.545754
vt 0.949147 0.548990
vt 0.953623 0.552083
vt 0.955258 0.554050
vt 0.953535 0.554267
vt 0.949000 0.552665
vt 0.943093 0.549753
vt 0.937689 0.546455
vt 0.934505 0.543819
vt 0.415971 0.560078
vt 0.411970 0.564475
vt 0.403930 0.554517
vt 0.408162 0.550515
vt 0.405985 0.569045
vt 0.398169 0.557153
vt 0.417376 0.580547
vt 0.432482 0.591998
vt 0.403643 0.542532
vt 0.399255 0.544512
vt 0.394236 0.546934
vt 0.397573 0.536058
vt 0.391604 0.538998
vt 0.404801 0.536426
vt 0.658902 0.733723
vt 0.659168 0.727151
vt 0.650075 0.727944
vt 0.649157 0.734031
vt 0.656297 0.720631
vt 0.649365 0.722201
vt 0.639226 0.726763
vt 0.637732 0.732833
vt 0.641177 0.721451
vt 0.626456 0.723548
vt 0.623917 0.729065
vt 0.630416 0.718353
vt 0.420824 0.553408
vt 0.429820 0.558773
vt 0.413152 0.546828
vt 0.408082 0.542463
vt 0.409717 0.538340
vt 0.648694 0.719017
vt 0.653145 0.716495
vt 0.433647 0.550685
vt 0.424964 0.546421
vt 0.416052 0.541372
vt 0.638967 0.706241
vt 0.633771 0.712704
vt 0.643788 0.716862
vt 0.647729 0.711961
vt 0.632080 0.699185
vt 0.613332 0.714964
vt 0.609117 0.722048
vt 0.436560 0.562553
vt 0.444914 0.565743
vt 0.448016 0.556755
vt 0.439904 0.553988
vt 0.626837 0.694190
vt 0.621520 0.687250
vt 0.599580 0.704872
vt 0.594791 0.712554
vt 0.616502 0.682542
vt 0.603803 0.664803
vt 0.595122 0.672032
vt 0.592587 0.646335
vt 0.587268 0.656806
vt 0.576584 0.655916
vt 0.577169 0.664941
vt 0.564623 0.654775
vt 0.561988 0.660387
vt 0.548688 0.651432
vt 0.547600 0.655976
vt 0.537093 0.644289
vt 0.535089 0.651079
vt 0.527840 0.640445
vt 0.523652 0.646849
vt 0.520251 0.634584
vt 0.514396 0.638982
vt 0.511784 0.625635
vt 0.506102 0.629932
vt 0.499881 0.616992
vt 0.496282 0.620206
vt 0.489911 0.603603
vt 0.485953 0.608410
vt 0.488482 0.592843
vt 0.477893 0.596740
vt 0.486247 0.582466
vt 0.468828 0.583348
vt 0.475486 0.563957
vt 0.471416 0.573593
vt 0.491695 0.576577
vt 0.496185 0.570435
vt 0.454530 0.558689
vt 0.451091 0.568146
vt 0.456705 0.593750
vt 0.448807 0.603889
vt 0.469476 0.603558
vt 0.480086 0.613500
vt 0.462565 0.609726
vt 0.473990 0.618218
vt 0.590589 0.683996
vt 0.575902 0.674190
vt 0.585263 0.693202
vt 0.573022 0.681245
vt 0.559953 0.666168
vt 0.544858 0.661761
vt 0.530249 0.658137
vt 0.557575 0.672473
vt 0.541347 0.667491
vt 0.526382 0.662902
vt 0.519524 0.652842
vt 0.515758 0.657457
vt 0.509278 0.644465
vt 0.505710 0.650129
vt 0.490383 0.625763
vt 0.500513 0.636996
vt 0.579789 0.701322
vt 0.569991 0.686859
vt 0.555762 0.677124
vt 0.539335 0.671244
vt 0.523562 0.665751
vt 0.513551 0.660254
vt 0.504002 0.653580
vt 0.396441 0.558661
vt 0.404166 0.571181
vt 0.415556 0.582919
vt 0.429504 0.595211
vt 0.392424 0.547839
vt 0.389895 0.540706
vt 0.648823 0.736054
vt 0.657813 0.735872
vt 0.636401 0.734836
vt 0.606562 0.724620
vt 0.622105 0.731329
vt 0.592730 0.715768
vt 0.445968 0.610712
vt 0.457965 0.613065
vt 0.469259 0.618033
vt 0.482431 0.633601
vt 0.576934 0.703656
vt 0.568376 0.690442
vt 0.555376 0.680482
vt 0.536947 0.672077
vt 0.513782 0.661884
vt 0.522323 0.666552
vt 0.503478 0.654852
vt 0.494082 0.646968
vt 0.394979 0.558720
vt 0.402933 0.571180
vt 0.414254 0.583194
vt 0.428163 0.596092
vt 0.389475 0.547215
vt 0.386586 0.540937
vt 0.649680 0.737643
vt 0.659034 0.738826
vt 0.636846 0.736182
vt 0.606184 0.726701
vt 0.622302 0.732725
vt 0.592180 0.717982
vt 0.444582 0.611739
vt 0.457006 0.614261
vt 0.480939 0.634712
vt 0.575979 0.705117
vt 0.567926 0.692988
vt 0.536938 0.673741
vt 0.512593 0.663329
vt 0.520932 0.667469
vt 0.502900 0.656479
vt 0.493719 0.648677
vt 0.393737 0.560567
vt 0.401670 0.573010
vt 0.412964 0.587086
vt 0.425279 0.600456
vt 0.388187 0.549604
vt 0.384214 0.542179
vt 0.650223 0.740145
vt 0.658117 0.741255
vt 0.638980 0.739318
vt 0.608808 0.730293
vt 0.624683 0.736526
vt 0.592981 0.720925
vt 0.442207 0.613525
vt 0.454800 0.616421
vt 0.470944 0.648495
vt 0.574838 0.708107
vt 0.567072 0.696361
vt 0.531326 0.690082
vt 0.503937 0.677980
vt 0.513780 0.682742
vt 0.493209 0.671044
vt 0.483481 0.662449
vt 0.510506 0.740377
vt 0.499924 0.758788
vt 0.507493 0.767255
vt 0.521806 0.742059
vt 0.588555 0.807861
vt 0.602309 0.809228
vt 0.611895 0.789806
vt 0.601963 0.780952
vt 0.566448 0.793873
vt 0.573655 0.798442
vt 0.585990 0.773896
vt 0.578471 0.770293
vt 0.587094 0.643973
vt 0.582807 0.654034
vt 0.573826 0.652918
vt 0.563638 0.651392
vt 0.549856 0.649391
vt 0.539705 0.642544
vt 0.534900 0.639936
vt 0.536251 0.638872
vt 0.531159 0.633789
vt 0.529339 0.635325
vt 0.525348 0.629372
vt 0.524109 0.631546
vt 0.517138 0.625318
vt 0.516668 0.627024
vt 0.512475 0.622927
vt 0.501946 0.614864
vt 0.493677 0.603344
vt 0.491917 0.594355
vt 0.490170 0.585319
vt 0.495846 0.579939
vt 0.500632 0.574685
vt 0.672139 0.225407
vt 0.679540 0.226247
vt 0.682170 0.216494
vt 0.675383 0.214680
vt 0.665433 0.222535
vt 0.667389 0.215338
vt 0.657421 0.218609
vt 0.660974 0.212415
vt 0.764132 0.218419
vt 0.773018 0.213053
vt 0.767016 0.208290
vt 0.759831 0.211362
vt 0.753066 0.219738
vt 0.749713 0.210546
vt 0.744312 0.222437
vt 0.741204 0.213364
vt 0.736467 0.224816
vt 0.734023 0.216194
vt 0.726862 0.227373
vt 0.725829 0.217178
vt 0.716761 0.229600
vt 0.717475 0.217664
vt 0.708374 0.217742
vt 0.706615 0.230791
vt 0.686225 0.227212
vt 0.692069 0.228397
vt 0.694806 0.216654
vt 0.688857 0.216629
vt 0.698855 0.229650
vt 0.700769 0.217439
vt 0.530778 0.782626
vt 0.547819 0.787708
vt 0.562275 0.762561
vt 0.547976 0.753518
vt 0.558886 0.790229
vt 0.571281 0.767519
vt 0.517733 0.775877
vt 0.535194 0.746873
vt 0.609370 0.806410
vt 0.613243 0.798585
vt 0.676323 0.213216
vt 0.682836 0.214718
vt 0.683645 0.211668
vt 0.677558 0.210448
vt 0.673325 0.208328
vt 0.672238 0.210460
vt 0.667921 0.210468
vt 0.663213 0.207559
vt 0.763356 0.204003
vt 0.757936 0.206441
vt 0.752873 0.207065
vt 0.740151 0.211459
vt 0.748203 0.208965
vt 0.746697 0.206348
vt 0.739446 0.208463
vt 0.733688 0.213964
vt 0.733103 0.210655
vt 0.725664 0.214839
vt 0.725199 0.211709
vt 0.717403 0.215160
vt 0.717116 0.212022
vt 0.689015 0.214601
vt 0.695340 0.214362
vt 0.696125 0.211307
vt 0.689616 0.211452
vt 0.701450 0.214935
vt 0.702049 0.211696
vt 0.679272 0.207318
vt 0.684850 0.208078
vt 0.687399 0.198610
vt 0.682541 0.198541
vt 0.677740 0.199236
vt 0.674153 0.206353
vt 0.666092 0.202375
vt 0.669702 0.205406
vt 0.673766 0.198149
vt 0.670120 0.196300
vt 0.755012 0.201179
vt 0.759790 0.199240
vt 0.755191 0.193689
vt 0.750989 0.194712
vt 0.744231 0.202862
vt 0.749956 0.201903
vt 0.746547 0.195379
vt 0.741220 0.195683
vt 0.738081 0.204537
vt 0.735981 0.196685
vt 0.732523 0.206540
vt 0.730527 0.197576
vt 0.724626 0.207594
vt 0.723924 0.198515
vt 0.716766 0.207496
vt 0.717552 0.198868
vt 0.709920 0.206801
vt 0.710853 0.198844
vt 0.703337 0.206917
vt 0.704317 0.198681
vt 0.690272 0.207340
vt 0.697361 0.206944
vt 0.698278 0.198916
vt 0.692246 0.199091
vt 0.679241 0.231411
vt 0.670064 0.238679
vt 0.683762 0.234721
vt 0.686122 0.242431
vt 0.695255 0.242819
vt 0.704079 0.247299
vt 0.717558 0.242940
vt 0.728920 0.237158
vt 0.737960 0.230696
vt 0.746709 0.230220
vt 0.756152 0.230387
vt 0.768402 0.226714
vt 0.780999 0.217171
vt 0.663146 0.232260
vt 0.653659 0.226218
vt 0.709104 0.211772
vt 0.708913 0.214905
vt 0.684726 0.180778
vt 0.689571 0.181403
vt 0.689926 0.178718
vt 0.685670 0.177960
vt 0.679506 0.178617
vt 0.680214 0.176954
vt 0.673462 0.177427
vt 0.673285 0.175909
vt 0.744934 0.178373
vt 0.751048 0.176339
vt 0.750933 0.174908
vt 0.744006 0.176951
vt 0.739266 0.181248
vt 0.738046 0.178603
vt 0.733824 0.182369
vt 0.733305 0.179558
vt 0.728988 0.182865
vt 0.728889 0.180131
vt 0.724056 0.183166
vt 0.724573 0.180635
vt 0.717813 0.183367
vt 0.718276 0.181067
vt 0.711345 0.183495
vt 0.711590 0.181276
vt 0.704961 0.183135
vt 0.704916 0.180762
vt 0.694205 0.182200
vt 0.699009 0.182731
vt 0.698832 0.179949
vt 0.694354 0.179166
vt 0.682938 0.196060
vt 0.687777 0.195867
vt 0.688127 0.193500
vt 0.682919 0.193610
vt 0.692336 0.196402
vt 0.692843 0.193997
vt 0.698145 0.196570
vt 0.698464 0.194217
vt 0.704499 0.196526
vt 0.704557 0.194325
vt 0.711032 0.196898
vt 0.711074 0.194588
vt 0.717726 0.196888
vt 0.717794 0.194552
vt 0.724243 0.196449
vt 0.724163 0.194189
vt 0.730427 0.195468
vt 0.730200 0.193404
vt 0.735418 0.194637
vt 0.735447 0.192634
vt 0.741018 0.193875
vt 0.741340 0.191893
vt 0.746347 0.193798
vt 0.745992 0.191953
vt 0.748967 0.187392
vt 0.753299 0.186192
vt 0.752060 0.180168
vt 0.746289 0.182129
vt 0.672879 0.188434
vt 0.676813 0.190350
vt 0.678921 0.183366
vt 0.673569 0.181754
vt 0.678893 0.194963
vt 0.678288 0.197262
vt 0.679671 0.192265
vt 0.683321 0.186520
vt 0.671730 0.211571
vt 0.668155 0.209237
vt 0.669248 0.207272
vt 0.663512 0.206263
vt 0.665108 0.204471
vt 0.757609 0.205200
vt 0.763079 0.202693
vt 0.761147 0.201128
vt 0.756108 0.203325
vt 0.752290 0.205896
vt 0.751052 0.203946
vt 0.740953 0.185486
vt 0.745335 0.189297
vt 0.749971 0.190719
vt 0.750738 0.192849
vt 0.755406 0.191800
vt 0.754187 0.189542
vt 0.670637 0.194468
vt 0.674511 0.196323
vt 0.675545 0.193756
vt 0.671851 0.192076
vt 0.042714 0.632722
vt 0.044820 0.626820
vt 0.041152 0.624969
vt 0.040105 0.631764
vt 0.046391 0.618401
vt 0.043347 0.615164
vt 0.048457 0.608685
vt 0.045260 0.607365
vt 0.050136 0.597331
vt 0.045959 0.597012
vt 0.049692 0.589009
vt 0.044151 0.589040
vt 0.048901 0.580758
vt 0.042432 0.582591
vt 0.048070 0.570970
vt 0.040425 0.571648
vt 0.047176 0.561276
vt 0.040588 0.560450
vt 0.046936 0.552989
vt 0.041437 0.553814
vt 0.045909 0.544600
vt 0.041842 0.545816
vt 0.041883 0.534657
vt 0.038221 0.536436
vt 0.036760 0.525731
vt 0.033837 0.529147
vt 0.033267 0.517687
vt 0.029896 0.520111
vt 0.029922 0.512088
vt 0.027606 0.513579
vt 0.043440 0.633797
vt 0.045703 0.627948
vt 0.040126 0.625824
vt 0.039125 0.632580
vt 0.046583 0.618448
vt 0.042975 0.615132
vt 0.048921 0.608687
vt 0.044924 0.606945
vt 0.050377 0.597379
vt 0.044940 0.598200
vt 0.050769 0.588145
vt 0.044014 0.589044
vt 0.050166 0.580382
vt 0.041515 0.582010
vt 0.048924 0.571084
vt 0.039462 0.571726
vt 0.048053 0.561504
vt 0.039776 0.561162
vt 0.048122 0.553693
vt 0.041293 0.553836
vt 0.046574 0.544816
vt 0.040532 0.544930
vt 0.042413 0.534491
vt 0.038012 0.536922
vt 0.037630 0.525766
vt 0.033600 0.529545
vt 0.033726 0.516606
vt 0.028881 0.519435
vt 0.030236 0.511101
vt 0.026790 0.512927
vt 0.039527 0.637515
vt 0.041533 0.638205
vt 0.038749 0.637731
vt 0.036685 0.633080
vt 0.037088 0.637973
vt 0.042410 0.638618
vt 0.027619 0.506733
vt 0.025796 0.507835
vt 0.028366 0.506295
vt 0.024291 0.513036
vt 0.025100 0.507807
vt 0.023408 0.507963
vt 0.105410 0.464449
vt 0.102642 0.462227
vt 0.101015 0.462358
vt 0.104756 0.466967
vt 0.102548 0.460387
vt 0.100249 0.459027
vt 0.083847 0.462016
vt 0.081960 0.464227
vt 0.082105 0.466676
vt 0.086061 0.461787
vt 0.106896 0.464019
vt 0.108833 0.466077
vt 0.025929 0.503266
vt 0.024646 0.504079
vt 0.026664 0.502983
vt 0.023916 0.504250
vt 0.022649 0.504310
vt 0.099318 0.462273
vt 0.099642 0.458969
vt 0.098898 0.458922
vt 0.097715 0.462219
vt 0.086595 0.461770
vt 0.086601 0.466540
vt 0.090636 0.465748
vt 0.087246 0.461751
vt 0.099518 0.467753
vt 0.094423 0.466732
vt 0.103464 0.474776
vt 0.106400 0.475570
vt 0.099153 0.474031
vt 0.094801 0.474164
vt 0.091431 0.474243
vt 0.088894 0.474338
vt 0.103478 0.479039
vt 0.101229 0.478482
vt 0.100214 0.480328
vt 0.102010 0.480348
vt 0.098063 0.480322
vt 0.098397 0.478409
vt 0.095522 0.478074
vt 0.095805 0.480121
vt 0.092992 0.478042
vt 0.093569 0.479905
vt 0.091269 0.478897
vt 0.091939 0.480749
vt 0.039149 0.641374
vt 0.040579 0.641870
vt 0.038421 0.641442
vt 0.037190 0.641664
vt 0.041226 0.642111
vt 0.096008 0.461727
vt 0.093040 0.463958
vt 0.096417 0.459898
vt 0.091094 0.463966
vt 0.089500 0.462011
vt 0.086371 0.475389
vt 0.089034 0.478879
vt 0.090234 0.480224
vt 0.099408 0.513119
vt 0.095254 0.513071
vt 0.094941 0.539804
vt 0.100511 0.538458
vt 0.092886 0.511948
vt 0.092631 0.539227
vt 0.089627 0.512028
vt 0.087698 0.539195
vt 0.105803 0.511468
vt 0.103535 0.512705
vt 0.106132 0.539225
vt 0.108364 0.538439
vt 0.086183 0.511512
vt 0.082370 0.538302
vt 0.091953 0.482949
vt 0.090247 0.482072
vt 0.088726 0.492961
vt 0.090978 0.493377
vt 0.101985 0.482019
vt 0.100258 0.482382
vt 0.101430 0.493210
vt 0.103802 0.492851
vt 0.098005 0.482458
vt 0.098587 0.494068
vt 0.095703 0.482399
vt 0.095672 0.493470
vt 0.093821 0.482168
vt 0.093270 0.493278
vt 0.105967 0.636289
vt 0.094268 0.634216
vt 0.090857 0.632790
vt 0.078562 0.636338
vt 0.122730 0.638891
vt 0.118319 0.638918
vt 0.064821 0.640835
vt 0.091803 0.568496
vt 0.084606 0.567423
vt 0.081509 0.590353
vt 0.091093 0.591295
vt 0.094615 0.565931
vt 0.094364 0.588121
vt 0.102124 0.564864
vt 0.103814 0.587225
vt 0.109605 0.565060
vt 0.113113 0.587191
vt 0.112700 0.567250
vt 0.116769 0.590018
vt 0.077030 0.566962
vt 0.071899 0.589762
vt 0.078610 0.612170
vt 0.090660 0.611928
vt 0.094485 0.611005
vt 0.105934 0.610459
vt 0.117416 0.611273
vt 0.121119 0.612109
vt 0.066307 0.612480
vt 0.645781 0.026988
vt 0.644228 0.025064
vt 0.626825 0.029692
vt 0.627343 0.031683
vt 0.681949 0.018081
vt 0.669385 0.021820
vt 0.669737 0.023098
vt 0.682004 0.019684
vt 0.653164 0.023437
vt 0.652943 0.025994
vt 0.606726 0.032605
vt 0.602049 0.034204
vt 0.602354 0.037281
vt 0.607123 0.036448
vt 0.562386 0.042851
vt 0.557772 0.043860
vt 0.558711 0.046654
vt 0.562877 0.045936
vt 0.718994 0.013914
vt 0.700630 0.014859
vt 0.700524 0.016092
vt 0.720001 0.014544
vt 0.688097 0.018636
vt 0.687858 0.016944
vt 0.577159 0.042074
vt 0.564803 0.043298
vt 0.564664 0.046845
vt 0.577751 0.045106
vt 0.731543 0.010782
vt 0.731893 0.012178
vt 0.608344 0.033557
vt 0.608422 0.036503
vt 0.590067 0.038555
vt 0.591144 0.041392
vt 0.650717 0.043938
vt 0.632753 0.047085
vt 0.670690 0.039170
vt 0.683167 0.036917
vt 0.656407 0.042743
vt 0.608068 0.055260
vt 0.612350 0.053602
vt 0.563378 0.068594
vt 0.567838 0.067480
vt 0.701726 0.033678
vt 0.719845 0.030110
vt 0.690052 0.035868
vt 0.569274 0.065874
vt 0.582995 0.061291
vt 0.733005 0.029552
vt 0.613166 0.052751
vt 0.597324 0.057837
vt 0.651263 0.052097
vt 0.633897 0.054796
vt 0.675032 0.042727
vt 0.687129 0.039998
vt 0.660282 0.049811
vt 0.608470 0.062277
vt 0.614329 0.061406
vt 0.562804 0.073110
vt 0.568583 0.071940
vt 0.704409 0.036428
vt 0.720458 0.032375
vt 0.691798 0.039029
vt 0.570938 0.071095
vt 0.582318 0.066777
vt 0.733070 0.031760
vt 0.615661 0.059958
vt 0.595346 0.064073
vt 0.700084 0.035105
vt 0.695211 0.035971
vt 0.696358 0.039484
vt 0.703256 0.038024
vt 0.698581 0.015019
vt 0.693132 0.016164
vt 0.698498 0.013258
vt 0.692087 0.014655
vt 0.693720 0.034941
vt 0.694108 0.039276
vt 0.691515 0.017717
vt 0.690790 0.016818
vt 0.655432 0.043745
vt 0.651982 0.045061
vt 0.653294 0.052539
vt 0.658526 0.051160
vt 0.651630 0.025499
vt 0.646729 0.025957
vt 0.651537 0.022752
vt 0.645182 0.023771
vt 0.601284 0.038161
vt 0.600644 0.035174
vt 0.606587 0.055520
vt 0.606862 0.062149
vt 0.732746 0.080629
vt 0.731409 0.084232
vt 0.732300 0.085265
vt 0.734100 0.080244
vt 0.716632 0.067946
vt 0.709052 0.086495
vt 0.716058 0.087847
vt 0.724181 0.070948
vt 0.712646 0.088353
vt 0.716226 0.090565
vt 0.745421 0.060872
vt 0.726174 0.063835
vt 0.725944 0.068298
vt 0.745170 0.064667
vt 0.721034 0.066930
vt 0.725198 0.087377
vt 0.729142 0.075699
vt 0.725170 0.089521
vt 0.729673 0.073789
vt 0.742154 0.072732
vt 0.738109 0.079514
vt 0.557311 0.048255
vt 0.555794 0.045131
vt 0.546398 0.047513
vt 0.547354 0.050559
vt 0.561167 0.067559
vt 0.550424 0.068621
vt 0.560328 0.072695
vt 0.550797 0.073503
vt 0.817453 0.010890
vt 0.836513 0.011297
vt 0.836574 0.009244
vt 0.818531 0.008665
vt 0.780794 0.009227
vt 0.778734 0.012282
vt 0.793323 0.012368
vt 0.793568 0.010911
vt 0.810279 0.011543
vt 0.809517 0.009084
vt 0.856845 0.007563
vt 0.857298 0.011363
vt 0.862147 0.011116
vt 0.861774 0.008085
vt 0.902359 0.007689
vt 0.902581 0.010811
vt 0.906800 0.010585
vt 0.907075 0.007653
vt 0.748103 0.009483
vt 0.748429 0.011728
vt 0.762359 0.012029
vt 0.761267 0.008643
vt 0.887776 0.010197
vt 0.887880 0.013293
vt 0.901033 0.012107
vt 0.900088 0.008652
vt 0.739017 0.010835
vt 0.739239 0.012371
vt 0.856063 0.011726
vt 0.855479 0.008855
vt 0.874411 0.009653
vt 0.873991 0.012638
vt 0.816420 0.028464
vt 0.834658 0.027500
vt 0.781067 0.028606
vt 0.795748 0.028383
vt 0.810642 0.028589
vt 0.856027 0.029285
vt 0.860577 0.029947
vt 0.902535 0.032895
vt 0.907133 0.032994
vt 0.749924 0.028982
vt 0.764302 0.029050
vt 0.886385 0.030239
vt 0.900785 0.031657
vt 0.740721 0.028746
vt 0.855048 0.028623
vt 0.871638 0.030061
vt 0.817739 0.036529
vt 0.835249 0.035276
vt 0.779885 0.033526
vt 0.792493 0.033013
vt 0.808541 0.036334
vt 0.855804 0.037357
vt 0.861716 0.036907
vt 0.902793 0.037409
vt 0.908686 0.037267
vt 0.748503 0.032131
vt 0.761207 0.033380
vt 0.888259 0.035441
vt 0.900316 0.037115
vt 0.740409 0.031073
vt 0.854188 0.036230
vt 0.874943 0.035715
vt 0.766309 0.030014
vt 0.762991 0.034653
vt 0.770154 0.035308
vt 0.771185 0.030064
vt 0.764244 0.010898
vt 0.769601 0.010647
vt 0.763426 0.007627
vt 0.770513 0.007518
vt 0.772409 0.028909
vt 0.772473 0.035151
vt 0.771340 0.011536
vt 0.772419 0.008275
vt 0.811820 0.029348
vt 0.810553 0.037253
vt 0.815866 0.037417
vt 0.815455 0.029852
vt 0.811450 0.010763
vt 0.816297 0.010107
vt 0.810938 0.008063
vt 0.817310 0.007626
vt 0.863380 0.011746
vt 0.863352 0.008737
vt 0.862080 0.029870
vt 0.863263 0.036424
vt 0.908511 0.011826
vt 0.918728 0.011866
vt 0.918972 0.008683
vt 0.909281 0.008446
vt 0.909053 0.031495
vt 0.919768 0.030156
vt 0.911001 0.036317
vt 0.920476 0.035000
vt 0.627029 0.109397
vt 0.626949 0.117234
vt 0.642221 0.117195
vt 0.642191 0.109212
vt 0.627918 0.105960
vt 0.640632 0.106078
vt 0.627428 0.098153
vt 0.640397 0.098186
vt 0.627767 0.120472
vt 0.640631 0.120269
vt 0.645569 0.117169
vt 0.645562 0.109241
vt 0.609202 0.118178
vt 0.610927 0.115871
vt 0.606944 0.112313
vt 0.617238 0.117031
vt 0.617248 0.120340
vt 0.617028 0.098540
vt 0.609844 0.099418
vt 0.483777 0.078203
vt 0.492398 0.090028
vt 0.506652 0.080742
vt 0.496935 0.071037
vt 0.342667 0.275869
vt 0.340244 0.289594
vt 0.355075 0.294494
vt 0.361141 0.277373
vt 0.381447 0.373421
vt 0.380696 0.391843
vt 0.400945 0.383521
vt 0.400209 0.368293
vt 0.394249 0.276270
vt 0.398992 0.285517
vt 0.407811 0.287462
vt 0.406933 0.276521
vt 0.455907 0.092108
vt 0.458441 0.085390
vt 0.446999 0.087418
vt 0.447781 0.093979
vt 0.455676 0.154306
vt 0.466841 0.140768
vt 0.452894 0.141574
vt 0.441820 0.158121
vt 0.381450 0.282081
vt 0.374818 0.299935
vt 0.476974 0.098268
vt 0.471051 0.083365
vt 0.360167 0.362884
vt 0.353179 0.347103
vt 0.339772 0.354765
vt 0.343192 0.369323
vt 0.387529 0.331138
vt 0.401612 0.334043
vt 0.403683 0.316347
vt 0.390819 0.308654
vt 0.479251 0.129248
vt 0.470188 0.127337
vt 0.436284 0.088048
vt 0.436559 0.094815
vt 0.453634 0.107991
vt 0.449891 0.101869
vt 0.436986 0.103136
vt 0.436970 0.109548
vt 0.436507 0.121204
vt 0.454490 0.118789
vt 0.399317 0.351175
vt 0.381097 0.351933
vt 0.494657 0.117695
vt 0.513209 0.106904
vt 0.507660 0.101941
vt 0.487052 0.114457
vt 0.394615 0.293047
vt 0.406194 0.299000
vt 0.331694 0.321519
vt 0.323989 0.328854
vt 0.332734 0.341645
vt 0.344083 0.333254
vt 0.522875 0.093494
vt 0.527490 0.099115
vt 0.370553 0.320048
vt 0.360771 0.380974
vt 0.338024 0.389088
vt 0.344722 0.409811
vt 0.364276 0.400929
vt 0.480525 0.149330
vt 0.465808 0.162132
vt 0.477393 0.176150
vt 0.491679 0.162283
vt 0.464698 0.104524
vt 0.461051 0.097660
vt 0.467412 0.113680
vt 0.481069 0.107252
vt 0.500103 0.098749
vt 0.515600 0.086383
vt 0.338379 0.303502
vt 0.351114 0.309585
vt 0.317111 0.400947
vt 0.322240 0.419226
vt 0.330691 0.371278
vt 0.323834 0.379604
vt 0.493401 0.137809
vt 0.504856 0.150482
vt 0.520502 0.116644
vt 0.505697 0.128239
vt 0.517136 0.140233
vt 0.532469 0.128389
vt 0.534739 0.107109
vt 0.545984 0.119206
vt 0.559265 0.110587
vt 0.547992 0.099647
vt 0.320598 0.349806
vt 0.312488 0.336854
vt 0.299248 0.347000
vt 0.308837 0.358559
vt 0.326664 0.361862
vt 0.316102 0.370235
vt 0.505746 0.178868
vt 0.518382 0.166887
vt 0.531293 0.156048
vt 0.546061 0.143979
vt 0.559550 0.133685
vt 0.572339 0.123900
vt 0.285742 0.360097
vt 0.296774 0.368720
vt 0.304846 0.378763
vt 0.366979 0.338296
vt 0.349492 0.323902
vt 0.336402 0.314140
vt 0.520278 0.091294
vt 0.505334 0.102947
vt 0.484337 0.114332
vt 0.468702 0.121471
vt 0.455086 0.128980
vt 0.431652 0.160243
vt 0.433940 0.142734
vt 0.413957 0.383985
vt 0.414559 0.364022
vt 0.414849 0.348908
vt 0.415658 0.333933
vt 0.416942 0.317472
vt 0.418296 0.301965
vt 0.420924 0.277556
vt 0.419646 0.288613
vt 0.311699 0.388285
vt 0.493037 0.191950
vt 0.298906 0.426869
vt 0.292333 0.407991
vt 0.298755 0.395203
vt 0.510559 0.208064
vt 0.521775 0.195316
vt 0.532633 0.183755
vt 0.561773 0.158642
vt 0.575028 0.149679
vt 0.588485 0.139498
vt 0.272959 0.377959
vt 0.287946 0.378021
vt 0.292728 0.387930
vt 0.544822 0.173537
vt 0.266456 0.432619
vt 0.275872 0.445759
vt 0.281784 0.436723
vt 0.274305 0.419903
vt 0.253877 0.413997
vt 0.266818 0.407305
vt 0.539731 0.208315
vt 0.530853 0.218197
vt 0.546728 0.226656
vt 0.554745 0.218031
vt 0.592835 0.186593
vt 0.604169 0.181491
vt 0.598520 0.163326
vt 0.585963 0.169091
vt 0.259251 0.462199
vt 0.271199 0.454864
vt 0.259160 0.438685
vt 0.248944 0.450928
vt 0.627638 0.208570
vt 0.616168 0.194768
vt 0.602038 0.202098
vt 0.610122 0.219202
vt 0.228009 0.418296
vt 0.237712 0.414255
vt 0.239051 0.399227
vt 0.224552 0.402507
vt 0.246934 0.433555
vt 0.239055 0.440669
vt 0.567977 0.252689
vt 0.581910 0.240121
vt 0.567330 0.228002
vt 0.558070 0.237252
vt 0.581726 0.227685
vt 0.571957 0.218716
vt 0.590021 0.222527
vt 0.597878 0.216365
vt 0.590929 0.205462
vt 0.581710 0.211839
vt 0.237215 0.477294
vt 0.229336 0.462599
vt 0.224246 0.449094
vt 0.583995 0.273834
vt 0.598220 0.262780
vt 0.627396 0.239878
vt 0.598992 0.234044
vt 0.613757 0.254075
vt 0.643018 0.227779
vt 0.212588 0.426573
vt 0.202397 0.413971
vt 0.205654 0.490977
vt 0.198753 0.474481
vt 0.647880 0.268804
vt 0.633001 0.282040
vt 0.663763 0.253744
vt 0.202186 0.449446
vt 0.197537 0.438545
vt 0.178796 0.442218
vt 0.185398 0.462448
vt 0.618041 0.291338
vt 0.207828 0.457203
vt 0.604271 0.299421
vt 0.186483 0.501624
vt 0.177299 0.488664
vt 0.167211 0.475172
vt 0.614349 0.317599
vt 0.628337 0.310083
vt 0.662905 0.286136
vt 0.644385 0.299747
vt 0.678706 0.273098
vt 0.159840 0.459303
vt 0.171227 0.510493
vt 0.158354 0.498339
vt 0.150176 0.485769
vt 0.618428 0.334447
vt 0.637190 0.324905
vt 0.674138 0.301045
vt 0.654153 0.313982
vt 0.696147 0.283717
vt 0.143218 0.470637
vt 0.143704 0.508157
vt 0.158215 0.518109
vt 0.135948 0.495297
vt 0.618551 0.350282
vt 0.645516 0.337353
vt 0.663443 0.326762
vt 0.683307 0.313965
vt 0.712846 0.291043
vt 0.128015 0.479148
vt 0.281010 0.398650
vt 0.561285 0.209147
vt 0.572433 0.201401
vt 0.560162 0.188326
vt 0.548194 0.198544
vt 0.435581 0.131375
vt 0.582319 0.192851
vt 0.573394 0.176957
vt 0.247317 0.394986
vt 0.256617 0.394220
vt 0.242306 0.423366
vt 0.250691 0.417386
vt 0.232220 0.429504
vt 0.218645 0.438410
vt 0.518375 0.071188
vt 0.511103 0.062703
vt 0.525424 0.077807
vt 0.534287 0.085752
vt 0.529859 0.082188
vt 0.538707 0.091761
vt 0.505526 0.052860
vt 0.489744 0.062180
vt 0.479596 0.069359
vt 0.469375 0.075597
vt 0.378486 0.265970
vt 0.362795 0.264891
vt 0.421742 0.269720
vt 0.406520 0.268629
vt 0.457263 0.078785
vt 0.445578 0.081156
vt 0.392593 0.266990
vt 0.436251 0.081324
vt 0.344943 0.263922
vt 0.826520 0.241049
vt 0.804062 0.242317
vt 0.804257 0.246753
vt 0.826611 0.245587
vt 0.851202 0.239651
vt 0.851763 0.244208
vt 0.873173 0.238110
vt 0.875269 0.242421
vt 0.779398 0.243091
vt 0.777561 0.247524
vt 0.805109 0.250090
vt 0.826341 0.248671
vt 0.852287 0.247572
vt 0.878728 0.246270
vt 0.774110 0.251242
vt 0.805268 0.254973
vt 0.826606 0.253729
vt 0.852730 0.252662
vt 0.878898 0.251736
vt 0.774446 0.256657
vt 0.804911 0.258321
vt 0.827137 0.256901
vt 0.852240 0.255851
vt 0.876058 0.255574
vt 0.777931 0.259862
vt 0.826068 0.236743
vt 0.804230 0.237787
vt 0.851091 0.234904
vt 0.874778 0.233275
vt 0.777141 0.238566
vt 0.133183 0.250006
vt 0.129872 0.252300
vt 0.132282 0.255653
vt 0.135744 0.253813
vt 0.134752 0.258342
vt 0.137727 0.256638
vt 0.140663 0.254306
vt 0.139221 0.251014
vt 0.136905 0.247818
vt 0.140035 0.245834
vt 0.142228 0.248896
vt 0.143767 0.252031
vt 0.126598 0.254158
vt 0.128461 0.258364
vt 0.130994 0.260945
vt 0.140547 0.260764
vt 0.139091 0.258604
vt 0.136155 0.261029
vt 0.138321 0.264371
vt 0.144954 0.259753
vt 0.142581 0.256553
vt 0.148788 0.257783
vt 0.146037 0.254616
vt 0.134269 0.244982
vt 0.138427 0.243021
vt 0.135708 0.240095
vt 0.132066 0.241714
vt 0.128436 0.243467
vt 0.130945 0.246879
vt 0.125469 0.246100
vt 0.127903 0.249317
vt 0.121783 0.249177
vt 0.124586 0.251784
vt 0.089043 0.421303
vt 0.088647 0.417906
vt 0.084933 0.419004
vt 0.085684 0.423549
vt 0.083353 0.416082
vt 0.087984 0.414733
vt 0.086934 0.411495
vt 0.082833 0.412714
vt 0.086491 0.407389
vt 0.082410 0.408785
vt 0.079190 0.403396
vt 0.081760 0.405658
vt 0.085486 0.404089
vt 0.083791 0.401227
vt 0.144563 0.265897
vt 0.142629 0.263588
vt 0.141150 0.265179
vt 0.142502 0.267855
vt 0.146759 0.264663
vt 0.144621 0.262747
vt 0.152201 0.263686
vt 0.148938 0.263671
vt 0.088654 0.430216
vt 0.091320 0.427572
vt 0.133033 0.263603
vt 0.135393 0.267359
vt 0.140036 0.273007
vt 0.140938 0.269707
vt 0.147823 0.267045
vt 0.146441 0.268371
vt 0.145026 0.269569
vt 0.144716 0.272051
vt 0.144543 0.275359
vt 0.153239 0.268522
vt 0.150649 0.268243
vt 0.093729 0.430093
vt 0.092696 0.432934
vt 0.100277 0.423819
vt 0.100292 0.427814
vt 0.103304 0.429910
vt 0.104824 0.425305
vt 0.096645 0.428955
vt 0.095219 0.424784
vt 0.097837 0.433316
vt 0.151014 0.273476
vt 0.148350 0.270930
vt 0.091074 0.410096
vt 0.089783 0.406115
vt 0.092112 0.413554
vt 0.093819 0.419646
vt 0.092832 0.415703
vt 0.098843 0.418205
vt 0.102989 0.417899
vt 0.097239 0.415237
vt 0.096300 0.412000
vt 0.094950 0.408858
vt 0.100703 0.413811
vt 0.100076 0.410637
vt 0.099108 0.407153
vt 0.097924 0.402704
vt 0.093309 0.404398
vt 0.087492 0.399292
vt 0.088660 0.402763
vt 0.091974 0.401571
vt 0.091610 0.397304
vt 0.096845 0.399884
vt 0.096242 0.396646
vt 0.119499 0.246511
vt 0.122943 0.243117
vt 0.120639 0.240060
vt 0.117615 0.243648
vt 0.126494 0.241006
vt 0.124262 0.237740
vt 0.129776 0.238768
vt 0.133824 0.236573
vt 0.131977 0.233627
vt 0.127702 0.235703
vt 0.077479 0.397481
vt 0.077852 0.400472
vt 0.082259 0.398270
vt 0.082026 0.395369
vt 0.086600 0.396341
vt 0.090712 0.395027
vt 0.089711 0.392352
vt 0.085757 0.393771
vt 0.095466 0.393805
vt 0.094501 0.390982
vt 0.121519 0.233772
vt 0.118255 0.236321
vt 0.125498 0.231276
vt 0.076632 0.392115
vt 0.080351 0.389818
vt 0.130682 0.228054
vt 0.083729 0.388017
vt 0.087285 0.386906
vt 0.093105 0.387071
vt 0.114898 0.240328
vt 0.115265 0.232169
vt 0.118259 0.229157
vt 0.123151 0.226754
vt 0.128987 0.224352
vt 0.074763 0.389100
vt 0.079080 0.385905
vt 0.082909 0.384033
vt 0.087419 0.382521
vt 0.093208 0.383273
vt 0.112607 0.236822
vt 0.139853 0.264912
vt 0.141505 0.262131
vt 0.141441 0.269177
vt 0.144771 0.261706
vt 0.148078 0.263944
vt 0.149737 0.268091
vt 0.147967 0.270227
vt 0.144688 0.271296
vt 0.102527 0.263433
vt 0.098589 0.264266
vt 0.099749 0.269113
vt 0.103663 0.268737
vt 0.101187 0.273040
vt 0.104533 0.272483
vt 0.108173 0.271191
vt 0.107990 0.267090
vt 0.106599 0.262651
vt 0.110233 0.261727
vt 0.111694 0.265980
vt 0.112675 0.269968
vt 0.094802 0.264495
vt 0.094926 0.270061
vt 0.096446 0.274135
vt 0.105742 0.277878
vt 0.105148 0.275076
vt 0.101518 0.276429
vt 0.102262 0.280708
vt 0.110349 0.278422
vt 0.109298 0.274321
vt 0.115006 0.277804
vt 0.113457 0.273618
vt 0.105435 0.258421
vt 0.109522 0.257821
vt 0.109232 0.253651
vt 0.104750 0.253971
vt 0.100427 0.254580
vt 0.101555 0.258991
vt 0.096665 0.255896
vt 0.097897 0.259907
vt 0.092114 0.257249
vt 0.093669 0.260932
vt 0.134051 0.382867
vt 0.131154 0.381087
vt 0.129460 0.385326
vt 0.133723 0.387170
vt 0.126050 0.384304
vt 0.128154 0.379549
vt 0.124651 0.378243
vt 0.122392 0.382801
vt 0.120019 0.376606
vt 0.118700 0.380389
vt 0.111861 0.378880
vt 0.115373 0.379140
vt 0.116324 0.374869
vt 0.112836 0.373959
vt 0.107638 0.284755
vt 0.106606 0.281572
vt 0.104322 0.282364
vt 0.104941 0.285898
vt 0.110317 0.284122
vt 0.108890 0.281651
vt 0.116061 0.284971
vt 0.112683 0.283820
vt 0.141010 0.389139
vt 0.140711 0.385050
vt 0.097421 0.277827
vt 0.097983 0.282686
vt 0.100535 0.290341
vt 0.102711 0.287196
vt 0.110243 0.287635
vt 0.108569 0.288448
vt 0.106896 0.289431
vt 0.105518 0.291110
vt 0.104226 0.294457
vt 0.115356 0.290324
vt 0.112753 0.289122
vt 0.144510 0.384822
vt 0.146119 0.387749
vt 0.143978 0.375683
vt 0.147270 0.378180
vt 0.151255 0.377225
vt 0.148611 0.372798
vt 0.145704 0.381663
vt 0.141243 0.380119
vt 0.150145 0.383750
vt 0.111277 0.294737
vt 0.109435 0.291186
vt 0.126363 0.374301
vt 0.121164 0.372583
vt 0.130034 0.375632
vt 0.135942 0.378117
vt 0.132349 0.376427
vt 0.138404 0.373185
vt 0.140919 0.369266
vt 0.134719 0.372201
vt 0.131287 0.371347
vt 0.127742 0.370421
vt 0.136027 0.368143
vt 0.132714 0.366588
vt 0.128524 0.365573
vt 0.123463 0.364073
vt 0.122181 0.368660
vt 0.113353 0.369922
vt 0.117310 0.371221
vt 0.118579 0.367408
vt 0.114928 0.365902
vt 0.120376 0.363020
vt 0.117500 0.361251
vt 0.090582 0.253082
vt 0.095447 0.251595
vt 0.094223 0.247267
vt 0.089682 0.248956
vt 0.099605 0.250954
vt 0.098535 0.245997
vt 0.103861 0.250154
vt 0.108676 0.249446
vt 0.107795 0.245892
vt 0.102808 0.246101
vt 0.105583 0.376536
vt 0.108452 0.378098
vt 0.109337 0.372896
vt 0.106248 0.372107
vt 0.110077 0.368778
vt 0.111753 0.364923
vt 0.108531 0.364086
vt 0.107114 0.367834
vt 0.114011 0.359992
vt 0.110250 0.359273
vt 0.097372 0.240369
vt 0.093032 0.242094
vt 0.101232 0.240530
vt 0.100725 0.376104
vt 0.099989 0.370589
vt 0.106802 0.240029
vt 0.100278 0.365922
vt 0.101945 0.362401
vt 0.106030 0.358445
vt 0.088152 0.244402
vt 0.091683 0.237202
vt 0.096386 0.235187
vt 0.100823 0.234973
vt 0.106106 0.235786
vt 0.097402 0.376090
vt 0.094655 0.369187
vt 0.096148 0.364220
vt 0.098615 0.360604
vt 0.103383 0.357082
vt 0.087124 0.240749
vt 0.103306 0.281736
vt 0.106180 0.279705
vt 0.103370 0.286848
vt 0.109433 0.280376
vt 0.111843 0.283749
vt 0.111985 0.288263
vt 0.109112 0.290493
vt 0.105993 0.290368
vt 0.072704 0.261697
vt 0.068943 0.261944
vt 0.069005 0.266479
vt 0.072889 0.266479
vt 0.069749 0.270282
vt 0.073105 0.270076
vt 0.076444 0.269241
vt 0.076298 0.265108
vt 0.075652 0.261059
vt 0.078410 0.261235
vt 0.079194 0.265135
vt 0.080211 0.269150
vt 0.065267 0.261895
vt 0.064149 0.267046
vt 0.064778 0.270882
vt 0.073157 0.275109
vt 0.073125 0.272392
vt 0.069484 0.273367
vt 0.069488 0.277442
vt 0.077026 0.276051
vt 0.076879 0.272332
vt 0.081424 0.276362
vt 0.080759 0.272624
vt 0.076038 0.257655
vt 0.079000 0.258087
vt 0.080148 0.255119
vt 0.076633 0.254453
vt 0.072723 0.254236
vt 0.072866 0.258103
vt 0.069420 0.253641
vt 0.069269 0.258085
vt 0.064764 0.254060
vt 0.065455 0.258307
vt 0.134096 0.342047
vt 0.131468 0.341915
vt 0.131679 0.346420
vt 0.135273 0.346066
vt 0.128661 0.347343
vt 0.128790 0.341980
vt 0.125772 0.342703
vt 0.125220 0.348243
vt 0.121499 0.343888
vt 0.121852 0.348279
vt 0.116643 0.348621
vt 0.119142 0.348187
vt 0.118397 0.343547
vt 0.115560 0.343872
vt 0.073895 0.281515
vt 0.073496 0.278703
vt 0.071398 0.279465
vt 0.070889 0.282551
vt 0.076290 0.281204
vt 0.075514 0.278805
vt 0.080878 0.282205
vt 0.078187 0.280908
vt 0.141198 0.344856
vt 0.139717 0.341234
vt 0.064959 0.274217
vt 0.065147 0.279003
vt 0.066526 0.286176
vt 0.068883 0.283520
vt 0.075665 0.284183
vt 0.074052 0.284785
vt 0.072017 0.285429
vt 0.071065 0.286860
vt 0.069310 0.289442
vt 0.079636 0.286708
vt 0.077296 0.285065
vt 0.142409 0.339614
vt 0.144843 0.342148
vt 0.139165 0.332203
vt 0.142815 0.333043
vt 0.145725 0.331204
vt 0.142335 0.328540
vt 0.142363 0.336440
vt 0.138316 0.336752
vt 0.146717 0.336943
vt 0.075218 0.290583
vt 0.074539 0.286951
vt 0.125450 0.338389
vt 0.120892 0.339429
vt 0.128647 0.337921
vt 0.133749 0.337245
vt 0.130466 0.337593
vt 0.133785 0.332125
vt 0.134903 0.326833
vt 0.130844 0.332550
vt 0.128005 0.333762
vt 0.125171 0.334934
vt 0.130103 0.328752
vt 0.126954 0.329178
vt 0.123427 0.330454
vt 0.118931 0.331383
vt 0.120255 0.336086
vt 0.114133 0.340375
vt 0.117580 0.340015
vt 0.116974 0.336377
vt 0.113156 0.336138
vt 0.116102 0.331168
vt 0.112686 0.330461
vt 0.064743 0.251281
vt 0.069027 0.251367
vt 0.069152 0.247424
vt 0.064856 0.247048
vt 0.072815 0.251119
vt 0.073310 0.247141
vt 0.076903 0.251048
vt 0.080928 0.251886
vt 0.081661 0.249143
vt 0.077331 0.247637
vt 0.111324 0.348623
vt 0.113950 0.348912
vt 0.112599 0.344149
vt 0.110185 0.344187
vt 0.111459 0.340662
vt 0.110883 0.336477
vt 0.108330 0.337635
vt 0.109087 0.340981
vt 0.110475 0.330615
vt 0.107264 0.332475
vt 0.073842 0.242719
vt 0.069298 0.243159
vt 0.078630 0.243643
vt 0.106812 0.348928
vt 0.105884 0.345323
vt 0.083328 0.245024
vt 0.104752 0.342487
vt 0.103602 0.339944
vt 0.103998 0.334903
vt 0.064107 0.242662
vt 0.068761 0.237871
vt 0.074330 0.236915
vt 0.078369 0.238157
vt 0.082523 0.240981
vt 0.105066 0.351355
vt 0.102521 0.347626
vt 0.101234 0.343916
vt 0.100548 0.340670
vt 0.101348 0.336071
vt 0.063189 0.239333
vt 0.070369 0.278535
vt 0.073274 0.276934
vt 0.069934 0.283099
vt 0.076120 0.277809
vt 0.077503 0.281069
vt 0.076927 0.284641
vt 0.074500 0.286360
vt 0.071310 0.286280
vt 0.037452 0.246988
vt 0.034786 0.244642
vt 0.032482 0.247818
vt 0.034568 0.250233
vt 0.030538 0.250751
vt 0.032564 0.252638
vt 0.034984 0.254286
vt 0.037523 0.252134
vt 0.039715 0.249113
vt 0.042059 0.251200
vt 0.039780 0.253909
vt 0.037674 0.256438
vt 0.032881 0.242403
vt 0.029658 0.245297
vt 0.028154 0.248634
vt 0.029490 0.256428
vt 0.031107 0.254439
vt 0.028480 0.252856
vt 0.025965 0.255661
vt 0.031431 0.259404
vt 0.033468 0.256595
vt 0.033821 0.261752
vt 0.035676 0.258659
vt 0.042098 0.246651
vt 0.044310 0.248995
vt 0.047156 0.246613
vt 0.044879 0.244368
vt 0.042062 0.242197
vt 0.039896 0.244564
vt 0.039539 0.240084
vt 0.037271 0.242444
vt 0.036534 0.237438
vt 0.034567 0.240060
vt 0.126259 0.320199
vt 0.123608 0.320943
vt 0.124655 0.324126
vt 0.128094 0.323230
vt 0.122372 0.325091
vt 0.121199 0.321895
vt 0.118517 0.322646
vt 0.119794 0.326272
vt 0.115327 0.324153
vt 0.116566 0.326846
vt 0.111662 0.329770
vt 0.114005 0.327926
vt 0.112454 0.324804
vt 0.109868 0.326419
vt 0.025940 0.261237
vt 0.027406 0.259092
vt 0.025778 0.258339
vt 0.024109 0.260384
vt 0.027531 0.262454
vt 0.028422 0.260450
vt 0.030086 0.266064
vt 0.029063 0.263362
vt 0.133314 0.320389
vt 0.130967 0.318107
vt 0.025982 0.251286
vt 0.022824 0.254163
vt 0.019585 0.259355
vt 0.022014 0.259339
vt 0.025757 0.264047
vt 0.024320 0.263436
vt 0.022976 0.262645
vt 0.021264 0.262852
vt 0.019022 0.263165
vt 0.026556 0.268227
vt 0.025909 0.266128
vt 0.132992 0.316084
vt 0.135474 0.316817
vt 0.128117 0.311362
vt 0.131500 0.310840
vt 0.133198 0.308025
vt 0.129604 0.307228
vt 0.132314 0.313768
vt 0.129015 0.315159
vt 0.135773 0.312481
vt 0.021969 0.267994
vt 0.022968 0.265268
vt 0.117318 0.319355
vt 0.113995 0.320922
vt 0.119988 0.318368
vt 0.124845 0.316687
vt 0.121602 0.317759
vt 0.123811 0.312819
vt 0.123293 0.308940
vt 0.121115 0.313542
vt 0.118630 0.314716
vt 0.116107 0.315878
vt 0.119637 0.310756
vt 0.116941 0.311309
vt 0.114510 0.313174
vt 0.111013 0.314898
vt 0.112671 0.318187
vt 0.108198 0.323561
vt 0.111262 0.322183
vt 0.110090 0.319554
vt 0.107204 0.320471
vt 0.108804 0.316151
vt 0.106198 0.316740
vt 0.039045 0.234960
vt 0.041830 0.237607
vt 0.044082 0.235270
vt 0.041472 0.233054
vt 0.044024 0.240166
vt 0.046506 0.237779
vt 0.046997 0.242085
vt 0.049789 0.244334
vt 0.051629 0.241900
vt 0.049214 0.239757
vt 0.106820 0.331486
vt 0.109156 0.330838
vt 0.107356 0.327888
vt 0.105270 0.328533
vt 0.105798 0.324560
vt 0.104806 0.321135
vt 0.102756 0.322086
vt 0.103991 0.325333
vt 0.103578 0.317538
vt 0.101456 0.318482
vt 0.049404 0.234792
vt 0.046770 0.232326
vt 0.052077 0.236849
vt 0.103126 0.332500
vt 0.101728 0.330029
vt 0.055094 0.239030
vt 0.100430 0.326928
vt 0.099770 0.323371
vt 0.099123 0.319891
vt 0.043669 0.230274
vt 0.049045 0.228857
vt 0.052251 0.231395
vt 0.054814 0.233864
vt 0.056864 0.237269
vt 0.101169 0.333549
vt 0.098239 0.331669
vt 0.097169 0.327944
vt 0.096643 0.324039
vt 0.096286 0.320090
vt 0.045337 0.227034
vt 0.025707 0.256876
vt 0.028477 0.257735
vt 0.022505 0.259725
vt 0.029672 0.259982
vt 0.028662 0.263125
vt 0.026105 0.265478
vt 0.023709 0.264639
vt 0.021790 0.262958
vt 0.115219 0.224551
vt 0.110718 0.227383
vt 0.095632 0.230416
vt 0.101536 0.229433
vt 0.105753 0.233327
vt 0.106476 0.232509
vt 0.104876 0.229035
vt 0.108074 0.232696
vt 0.107383 0.228483
vt 0.110188 0.233547
vt 0.089484 0.231869
vt 0.121588 0.221637
vt 0.127370 0.220533
vt 0.077776 0.382625
vt 0.072670 0.386532
vt 0.082617 0.379298
vt 0.087080 0.377883
vt 0.093842 0.380051
vt 0.107062 0.221405
vt 0.111621 0.223061
vt 0.110540 0.219106
vt 0.117614 0.220094
vt 0.114518 0.221462
vt 0.095089 0.226019
vt 0.098766 0.225722
vt 0.098780 0.222603
vt 0.095085 0.222854
vt 0.091274 0.224146
vt 0.091373 0.227308
vt 0.126139 0.215499
vt 0.120898 0.215723
vt 0.075232 0.378445
vt 0.069586 0.384049
vt 0.082298 0.373752
vt 0.088983 0.375046
vt 0.094169 0.378209
vt 0.094938 0.377291
vt 0.095518 0.376611
vt 0.093372 0.362209
vt 0.074488 0.367991
vt 0.078252 0.361835
vt 0.067836 0.373648
vt 0.063504 0.381896
vt 0.124712 0.206917
vt 0.117847 0.205205
vt 0.116075 0.211787
vt 0.112146 0.211749
vt 0.113549 0.217613
vt 0.117273 0.216632
vt 0.105013 0.206521
vt 0.109219 0.212795
vt 0.104345 0.225879
vt 0.106329 0.225295
vt 0.102430 0.222954
vt 0.097735 0.216273
vt 0.094673 0.217268
vt 0.091064 0.218265
vt 0.129714 0.191349
vt 0.135920 0.192486
vt 0.138236 0.187238
vt 0.131493 0.185237
vt 0.142317 0.182272
vt 0.135543 0.177892
vt 0.149065 0.177432
vt 0.143726 0.170411
vt 0.024603 0.361867
vt 0.026497 0.368946
vt 0.032342 0.367438
vt 0.033126 0.361582
vt 0.038679 0.368346
vt 0.040663 0.363430
vt 0.046242 0.371924
vt 0.051007 0.376324
vt 0.053344 0.380454
vt 0.055242 0.380656
vt 0.054755 0.374511
vt 0.132214 0.199253
vt 0.136006 0.200445
vt 0.143454 0.191442
vt 0.146313 0.187114
vt 0.140411 0.195517
vt 0.138775 0.201934
vt 0.044001 0.375986
vt 0.048294 0.379016
vt 0.051659 0.382244
vt 0.038284 0.373282
vt 0.033243 0.372068
vt 0.150836 0.183904
vt 0.029251 0.373704
vt 0.145489 0.199581
vt 0.142151 0.204974
vt 0.149173 0.194815
vt 0.045298 0.382866
vt 0.049048 0.385587
vt 0.041025 0.380386
vt 0.036423 0.377857
vt 0.149407 0.190554
vt 0.154757 0.192702
vt 0.152729 0.188796
vt 0.154932 0.186771
vt 0.158412 0.189553
vt 0.034247 0.375765
vt 0.031567 0.377734
vt 0.158621 0.204764
vt 0.161350 0.203098
vt 0.158758 0.200256
vt 0.155482 0.201102
vt 0.163187 0.194579
vt 0.158601 0.197229
vt 0.163908 0.201933
vt 0.168399 0.200128
vt 0.153618 0.203605
vt 0.155789 0.206980
vt 0.152358 0.209828
vt 0.149728 0.203734
vt 0.145571 0.208739
vt 0.150014 0.214304
vt 0.046863 0.389996
vt 0.042271 0.387473
vt 0.039127 0.393705
vt 0.044301 0.396533
vt 0.038067 0.385157
vt 0.034817 0.391213
vt 0.033652 0.382383
vt 0.030634 0.388257
vt 0.158722 0.210399
vt 0.161393 0.208959
vt 0.163231 0.206778
vt 0.166494 0.208090
vt 0.171368 0.205835
vt 0.157542 0.214524
vt 0.152579 0.219072
vt 0.030729 0.396481
vt 0.035607 0.399692
vt 0.026835 0.393962
vt 0.040591 0.401090
vt 0.158077 0.223082
vt 0.162319 0.219483
vt 0.036733 0.408422
vt 0.031917 0.405749
vt 0.165046 0.215391
vt 0.162490 0.211942
vt 0.026505 0.401387
vt 0.022702 0.398506
vt 0.170418 0.212832
vt 0.173805 0.210231
vt 0.166961 0.220112
vt 0.168271 0.222892
vt 0.170812 0.219915
vt 0.168560 0.218199
vt 0.164716 0.227369
vt 0.166803 0.224938
vt 0.173643 0.218672
vt 0.171142 0.216776
vt 0.175370 0.217224
vt 0.177595 0.215443
vt 0.018273 0.404361
vt 0.022332 0.406835
vt 0.030961 0.415687
vt 0.027436 0.411318
vt 0.019856 0.410798
vt 0.023411 0.414210
vt 0.025842 0.417115
vt 0.171136 0.227217
vt 0.169071 0.229485
vt 0.172727 0.222648
vt 0.171033 0.224494
vt 0.174499 0.221023
vt 0.176441 0.221203
vt 0.179239 0.220646
vt 0.017000 0.409677
vt 0.020531 0.416307
vt 0.023357 0.419315
vt 0.175753 0.225571
vt 0.174368 0.224712
vt 0.175712 0.227943
vt 0.016983 0.412241
vt 0.018317 0.413313
vt 0.119829 0.193819
vt 0.127493 0.201067
vt 0.110635 0.192911
vt 0.110545 0.204270
vt 0.103806 0.193905
vt 0.097869 0.195242
vt 0.099788 0.208652
vt 0.087461 0.199249
vt 0.087785 0.212398
vt 0.094152 0.209753
vt 0.093142 0.197224
vt 0.059980 0.373243
vt 0.058649 0.381739
vt 0.063345 0.368298
vt 0.064650 0.363464
vt 0.066801 0.358004
vt 0.056047 0.353742
vt 0.042466 0.356894
vt 0.045355 0.349262
vt 0.034724 0.353920
vt 0.024020 0.350558
vt 0.124112 0.173192
vt 0.133903 0.161318
vt 0.122098 0.183278
vt 0.111094 0.181748
vt 0.112233 0.168559
vt 0.102995 0.182800
vt 0.096502 0.185255
vt 0.091576 0.189033
vt 0.101468 0.171781
vt 0.093698 0.174975
vt 0.089987 0.179218
vt 0.087018 0.174216
vt 0.086683 0.179317
vt 0.086243 0.237681
vt 0.086127 0.233022
vt 0.085202 0.236713
vt 0.083875 0.233405
vt 0.084337 0.236943
vt 0.084185 0.230361
vt 0.086079 0.229959
vt 0.087593 0.226574
vt 0.082819 0.227313
vt 0.082457 0.213622
vt 0.086993 0.190601
vt 0.089370 0.184078
vt 0.086410 0.184465
vt 0.080779 0.233689
vt 0.083423 0.238104
vt 0.074962 0.232150
vt 0.067110 0.232825
vt 0.077289 0.201068
vt 0.077167 0.213594
vt 0.082373 0.200469
vt 0.079774 0.220141
vt 0.076689 0.220105
vt 0.079341 0.225988
vt 0.079740 0.230249
vt 0.067505 0.226463
vt 0.072591 0.226260
vt 0.073217 0.220030
vt 0.070521 0.215183
vt 0.071188 0.202671
vt 0.075453 0.230085
vt 0.071364 0.230463
vt 0.082266 0.191246
vt 0.077240 0.191441
vt 0.071302 0.192446
vt 0.082437 0.184569
vt 0.077881 0.183683
vt 0.071432 0.183843
vt 0.097264 0.358336
vt 0.090526 0.358175
vt 0.097051 0.355910
vt 0.102634 0.355029
vt 0.102313 0.354006
vt 0.102280 0.353319
vt 0.098161 0.352633
vt 0.102686 0.352489
vt 0.099218 0.349606
vt 0.097942 0.344806
vt 0.094703 0.344984
vt 0.095233 0.348767
vt 0.091445 0.350918
vt 0.082183 0.348958
vt 0.080573 0.355405
vt 0.091300 0.344413
vt 0.083738 0.342917
vt 0.072933 0.346309
vt 0.070697 0.352634
vt 0.097242 0.340243
vt 0.094862 0.341109
vt 0.092437 0.338658
vt 0.084989 0.337213
vt 0.074710 0.340745
vt 0.076200 0.335075
vt 0.099263 0.336823
vt 0.061143 0.237060
vt 0.062742 0.232929
vt 0.059639 0.236862
vt 0.062380 0.229122
vt 0.064287 0.229693
vt 0.062774 0.225214
vt 0.060639 0.232298
vt 0.059010 0.236132
vt 0.058339 0.230315
vt 0.058176 0.235596
vt 0.098534 0.336480
vt 0.095882 0.337366
vt 0.099327 0.335569
vt 0.096471 0.334886
vt 0.100533 0.334947
vt 0.098125 0.333741
vt 0.054715 0.227853
vt 0.056505 0.224555
vt 0.058299 0.225804
vt 0.059805 0.222583
vt 0.057537 0.221158
vt 0.063794 0.214509
vt 0.060388 0.218038
vt 0.058174 0.217174
vt 0.054499 0.220377
vt 0.054036 0.223267
vt 0.050947 0.224806
vt 0.055051 0.217144
vt 0.059974 0.348673
vt 0.049984 0.343711
vt 0.093431 0.333025
vt 0.085820 0.331745
vt 0.093155 0.327471
vt 0.093334 0.323493
vt 0.087253 0.325156
vt 0.077057 0.329573
vt 0.077588 0.323313
vt 0.063626 0.342959
vt 0.066091 0.337502
vt 0.054705 0.338605
vt 0.058153 0.333782
vt 0.067463 0.331716
vt 0.068059 0.326674
vt 0.059395 0.328966
vt 0.059665 0.324671
vt 0.035317 0.344941
vt 0.040798 0.338894
vt 0.046700 0.333107
vt 0.022757 0.339662
vt 0.031627 0.334049
vt 0.038181 0.329507
vt 0.048035 0.326557
vt 0.041846 0.324356
vt 0.067990 0.320921
vt 0.093038 0.319676
vt 0.046468 0.223484
vt 0.051363 0.220066
vt 0.046475 0.219757
vt 0.090576 0.323083
vt 0.090023 0.320357
vt 0.053173 0.213153
vt 0.047038 0.213209
vt 0.084870 0.319930
vt 0.077376 0.317042
vt 0.047960 0.203774
vt 0.054105 0.203476
vt 0.058973 0.211954
vt 0.059954 0.203341
vt 0.065406 0.203472
vt 0.065724 0.193680
vt 0.065443 0.185196
vt 0.060599 0.194561
vt 0.061134 0.187809
vt 0.055739 0.194313
vt 0.058299 0.186100
vt 0.049234 0.193649
vt 0.068936 0.313179
vt 0.051732 0.183922
vt 0.057466 0.318262
vt 0.059839 0.310225
vt 0.080262 0.176198
vt 0.072228 0.176234
vt 0.063969 0.178489
vt 0.051034 0.322118
vt 0.045304 0.319518
vt 0.050768 0.306468
vt 0.048530 0.314382
vt 0.055687 0.175437
vt 0.122703 0.155474
vt 0.083137 0.179916
vt 0.040990 0.305410
vt 0.040987 0.312848
vt 0.066339 0.168856
vt 0.059127 0.167020
vt 0.073807 0.168140
vt 0.080516 0.168726
vt 0.086797 0.167614
vt 0.092824 0.166319
vt 0.098675 0.163169
vt 0.114135 0.153639
vt 0.106696 0.160673
vt 0.025998 0.328681
vt 0.017945 0.332368
vt 0.032396 0.326135
vt 0.036609 0.322095
vt 0.040434 0.317478
vt 0.033969 0.305468
vt 0.033531 0.314342
vt 0.067875 0.162754
vt 0.060945 0.160722
vt 0.074269 0.161873
vt 0.080615 0.163462
vt 0.085909 0.162641
vt 0.090795 0.160778
vt 0.094987 0.157640
vt 0.108672 0.150724
vt 0.101974 0.155306
vt 0.023307 0.324121
vt 0.015153 0.326336
vt 0.032786 0.320771
vt 0.028973 0.323683
vt 0.036718 0.317340
vt 0.634301 0.979240
vt 0.625206 0.981296
vt 0.627798 0.975344
vt 0.635910 0.972729
vt 0.715363 0.977655
vt 0.711407 0.979619
vt 0.711051 0.975934
vt 0.715607 0.974095
vt 0.706899 0.981032
vt 0.705497 0.977805
vt 0.690376 0.985891
vt 0.695865 0.985408
vt 0.697482 0.989462
vt 0.690733 0.991185
vt 0.683858 0.991169
vt 0.685343 0.986207
vt 0.668796 0.986411
vt 0.660107 0.983097
vt 0.664250 0.976460
vt 0.672753 0.978401
vt 0.677591 0.988734
vt 0.681578 0.980627
vt 0.651280 0.980785
vt 0.654697 0.974144
vt 0.642702 0.978705
vt 0.645360 0.972455
vt 0.691064 0.978796
vt 0.699487 0.979724
vt 0.704273 0.985009
vt 0.626830 0.967317
vt 0.636239 0.964193
vt 0.711547 0.970993
vt 0.715933 0.970031
vt 0.706637 0.972769
vt 0.693584 0.966545
vt 0.702679 0.967882
vt 0.683066 0.966660
vt 0.673241 0.965611
vt 0.664819 0.965168
vt 0.645630 0.963112
vt 0.655337 0.963829
vt 0.625104 0.954574
vt 0.634077 0.953233
vt 0.722097 0.964142
vt 0.712668 0.963596
vt 0.714881 0.950946
vt 0.724027 0.951042
vt 0.704516 0.951258
vt 0.694404 0.950535
vt 0.684008 0.950607
vt 0.674140 0.950124
vt 0.663817 0.950249
vt 0.643562 0.952033
vt 0.653466 0.951783
vt 0.028801 0.319531
vt 0.621037 0.938732
vt 0.630136 0.937186
vt 0.715811 0.934524
vt 0.725753 0.935011
vt 0.705968 0.934243
vt 0.695163 0.933838
vt 0.684204 0.933630
vt 0.673426 0.933228
vt 0.662211 0.933470
vt 0.640176 0.936050
vt 0.651249 0.934722
vt 0.625763 0.917880
vt 0.616310 0.920419
vt 0.608538 0.901639
vt 0.619911 0.899441
vt 0.730421 0.917052
vt 0.718872 0.916712
vt 0.721610 0.897475
vt 0.733524 0.897325
vt 0.707074 0.916738
vt 0.709396 0.898623
vt 0.695801 0.917107
vt 0.696410 0.899628
vt 0.684013 0.917226
vt 0.683547 0.900349
vt 0.671909 0.916294
vt 0.670878 0.899535
vt 0.660178 0.915939
vt 0.658132 0.899349
vt 0.648040 0.916850
vt 0.636089 0.917244
vt 0.632551 0.898409
vt 0.644392 0.898275
vt 0.616774 0.882728
vt 0.605319 0.884094
vt 0.605578 0.873471
vt 0.615708 0.871780
vt 0.733457 0.879180
vt 0.723441 0.880313
vt 0.723887 0.868355
vt 0.733100 0.868338
vt 0.716449 0.867908
vt 0.711101 0.878195
vt 0.707081 0.865348
vt 0.714303 0.861255
vt 0.696697 0.882467
vt 0.695696 0.867734
vt 0.683242 0.884311
vt 0.682608 0.869949
vt 0.670509 0.884157
vt 0.669671 0.869956
vt 0.656452 0.883225
vt 0.656173 0.869280
vt 0.642204 0.879548
vt 0.629742 0.882266
vt 0.626528 0.871701
vt 0.635156 0.871898
vt 0.645486 0.866547
vt 0.076117 0.225770
vt 0.719524 0.978761
vt 0.712062 0.982824
vt 0.722231 0.972705
vt 0.054095 0.323771
vt 0.052437 0.331101
vt 0.052895 0.327117
vt 0.615855 0.864469
vt 0.606559 0.865891
vt 0.606979 0.856978
vt 0.616783 0.856681
vt 0.733175 0.860860
vt 0.722247 0.860182
vt 0.723006 0.852802
vt 0.733212 0.852424
vt 0.714196 0.853451
vt 0.705439 0.854667
vt 0.694529 0.855806
vt 0.681927 0.857722
vt 0.668471 0.857506
vt 0.655489 0.857385
vt 0.636264 0.864794
vt 0.637106 0.857055
vt 0.645830 0.857035
vt 0.626705 0.864045
vt 0.626775 0.856911
vt 0.608373 0.845862
vt 0.617412 0.847646
vt 0.723312 0.844404
vt 0.732186 0.842150
vt 0.715121 0.845385
vt 0.706844 0.845668
vt 0.694950 0.845680
vt 0.680540 0.847304
vt 0.666075 0.847128
vt 0.655534 0.846959
vt 0.637169 0.849644
vt 0.645757 0.847513
vt 0.627339 0.849947
vt 0.618568 0.839878
vt 0.611788 0.835777
vt 0.614661 0.829105
vt 0.620812 0.832427
vt 0.722088 0.836602
vt 0.716312 0.839148
vt 0.711452 0.836407
vt 0.720383 0.830134
vt 0.698110 0.840654
vt 0.681065 0.844205
vt 0.666462 0.844589
vt 0.655714 0.843833
vt 0.637673 0.844288
vt 0.646431 0.841822
vt 0.629220 0.842324
vt 0.631546 0.836630
vt 0.617328 0.816883
vt 0.624066 0.818720
vt 0.727627 0.826422
vt 0.715077 0.819938
vt 0.721323 0.815815
vt 0.707783 0.825171
vt 0.696297 0.831616
vt 0.680817 0.839055
vt 0.667858 0.839109
vt 0.658904 0.837450
vt 0.634603 0.824133
vt 0.650507 0.832992
vt 0.167314 0.224138
vt 0.164699 0.219907
vt 0.166461 0.216487
vt 0.170875 0.214505
vt 0.174552 0.217708
vt 0.170926 0.226440
vt 0.173686 0.223798
vt 0.175695 0.220986
vt 0.152916 0.198869
vt 0.279587 0.827929
vt 0.280374 0.841480
vt 0.307858 0.831828
vt 0.304936 0.805957
vt 0.307323 0.712888
vt 0.277900 0.705961
vt 0.278996 0.734479
vt 0.304170 0.746319
vt 0.278690 0.861688
vt 0.304241 0.853801
vt 0.304831 0.684818
vt 0.275258 0.677746
vt 0.303492 0.887175
vt 0.273267 0.891988
vt 0.270979 0.901837
vt 0.300025 0.900202
vt 0.325955 0.898408
vt 0.332659 0.878898
vt 0.341528 0.630361
vt 0.320524 0.639018
vt 0.323830 0.670941
vt 0.348959 0.657315
vt 0.297560 0.645546
vt 0.269110 0.647369
vt 0.310439 0.783120
vt 0.312386 0.767768
vt 0.289780 0.774297
vt 0.293239 0.789029
vt 0.267839 0.754092
vt 0.281729 0.759979
vt 0.942870 0.084977
vt 0.934071 0.069994
vt 0.927412 0.070674
vt 0.932558 0.085910
vt 0.948183 0.098565
vt 0.939542 0.100567
vt 0.240499 0.648867
vt 0.242391 0.673689
vt 0.248590 0.705491
vt 0.251764 0.732563
vt 0.248522 0.753938
vt 0.245732 0.848132
vt 0.243975 0.864353
vt 0.241424 0.891922
vt 0.240714 0.900648
vt 0.339678 0.771027
vt 0.335877 0.786325
vt 0.362447 0.789788
vt 0.366208 0.774117
vt 0.336277 0.803260
vt 0.359530 0.805438
vt 0.341512 0.830912
vt 0.355659 0.830712
vt 0.387575 0.682884
vt 0.358169 0.681974
vt 0.373845 0.687930
vt 0.389950 0.685688
vt 0.345711 0.854235
vt 0.358214 0.851803
vt 0.339447 0.689295
vt 0.363152 0.692749
vt 0.336489 0.698632
vt 0.360820 0.706553
vt 0.336775 0.721350
vt 0.364314 0.727835
vt 0.337663 0.749639
vt 0.366814 0.754358
vt 0.384527 0.776042
vt 0.381983 0.790320
vt 0.393523 0.790416
vt 0.394661 0.776997
vt 0.379739 0.805134
vt 0.392718 0.804442
vt 0.376582 0.822626
vt 0.390910 0.819105
vt 0.404500 0.690679
vt 0.394499 0.698722
vt 0.407591 0.704986
vt 0.415940 0.696129
vt 0.373467 0.841193
vt 0.387284 0.834776
vt 0.388151 0.705320
vt 0.401028 0.713248
vt 0.388104 0.718279
vt 0.400178 0.725240
vt 0.389633 0.738303
vt 0.399202 0.743739
vt 0.388200 0.759883
vt 0.397069 0.762423
vt 0.320733 0.849284
vt 0.324321 0.864211
vt 0.346664 0.866442
vt 0.316878 0.610014
vt 0.339336 0.604032
vt 0.339001 0.584796
vt 0.314771 0.587865
vt 0.291258 0.932518
vt 0.316767 0.932661
vt 0.320143 0.917282
vt 0.294904 0.917044
vt 0.267445 0.916468
vt 0.264534 0.931891
vt 0.238543 0.929428
vt 0.239598 0.914970
vt 0.266049 0.616043
vt 0.293078 0.613706
vt 0.289787 0.589625
vt 0.263827 0.590709
vt 0.309265 0.537991
vt 0.333181 0.540603
vt 0.332896 0.530643
vt 0.312927 0.528182
vt 0.282938 0.969537
vt 0.308002 0.979354
vt 0.313753 0.971983
vt 0.286519 0.964546
vt 0.262789 0.960218
vt 0.261134 0.967689
vt 0.237133 0.955677
vt 0.236784 0.964407
vt 0.263766 0.529719
vt 0.286865 0.531592
vt 0.289255 0.523320
vt 0.268637 0.518937
vt 0.371481 0.790219
vt 0.368012 0.805704
vt 0.364365 0.826339
vt 0.363060 0.847361
vt 0.395368 0.687271
vt 0.379921 0.690071
vt 0.373446 0.695954
vt 0.373474 0.710727
vt 0.377981 0.731648
vt 0.379053 0.756645
vt 0.375609 0.775098
vt 0.315873 0.963977
vt 0.289460 0.956861
vt 0.262601 0.953083
vt 0.237345 0.949355
vt 0.262967 0.545943
vt 0.287453 0.549530
vt 0.309267 0.551899
vt 0.332676 0.549892
vt 0.315501 0.949216
vt 0.289350 0.945852
vt 0.262437 0.941698
vt 0.237904 0.939179
vt 0.261740 0.564199
vt 0.286892 0.564893
vt 0.312249 0.567327
vt 0.336837 0.566040
vt 0.238370 0.617695
vt 0.405063 0.791158
vt 0.405482 0.778296
vt 0.405167 0.803913
vt 0.403736 0.817601
vt 0.420882 0.710819
vt 0.427892 0.700767
vt 0.400993 0.831035
vt 0.413822 0.719219
vt 0.410670 0.730864
vt 0.408395 0.747783
vt 0.406645 0.764396
vt 0.415621 0.779530
vt 0.416313 0.792588
vt 0.426453 0.794244
vt 0.423432 0.781921
vt 0.416170 0.804553
vt 0.426083 0.805903
vt 0.414861 0.817751
vt 0.425572 0.818620
vt 0.439086 0.704465
vt 0.432706 0.714885
vt 0.441449 0.717242
vt 0.447922 0.707064
vt 0.413459 0.830260
vt 0.422941 0.830774
vt 0.425218 0.724563
vt 0.433397 0.727279
vt 0.419823 0.736042
vt 0.426631 0.738285
vt 0.416829 0.750457
vt 0.422492 0.752640
vt 0.415050 0.765918
vt 0.421095 0.767908
vt 0.469347 0.789531
vt 0.465160 0.801746
vt 0.471198 0.803272
vt 0.476124 0.791810
vt 0.462473 0.814496
vt 0.468606 0.815729
vt 0.461609 0.828561
vt 0.468150 0.829502
vt 0.490471 0.717674
vt 0.488137 0.729541
vt 0.495942 0.732501
vt 0.499436 0.719630
vt 0.461913 0.841615
vt 0.469928 0.843426
vt 0.483004 0.741823
vt 0.492433 0.744644
vt 0.476815 0.753822
vt 0.487229 0.757820
vt 0.473872 0.766368
vt 0.483827 0.770569
vt 0.472010 0.778405
vt 0.480939 0.781692
vt 0.454791 0.798524
vt 0.452493 0.810852
vt 0.453650 0.811308
vt 0.456575 0.798329
vt 0.451428 0.824086
vt 0.452704 0.826102
vt 0.449760 0.837700
vt 0.452043 0.840413
vt 0.475919 0.713813
vt 0.474011 0.725566
vt 0.477816 0.726945
vt 0.479295 0.714953
vt 0.468038 0.736704
vt 0.472208 0.738011
vt 0.462205 0.748641
vt 0.465613 0.749592
vt 0.458525 0.761612
vt 0.462262 0.762545
vt 0.457801 0.775365
vt 0.462188 0.776051
vt 0.457321 0.787805
vt 0.460128 0.787478
vt 0.475992 0.805596
vt 0.481439 0.793829
vt 0.472325 0.817589
vt 0.471525 0.829317
vt 0.501307 0.734441
vt 0.504180 0.722187
vt 0.474022 0.840692
vt 0.497735 0.747798
vt 0.493506 0.761178
vt 0.489065 0.772731
vt 0.485250 0.782628
vt 0.257639 0.835051
vt 0.275798 0.814773
vt 0.261645 0.826317
vt 0.291012 0.803122
vt 0.955737 0.170218
vt 0.965320 0.170752
vt 0.963321 0.147910
vt 0.956482 0.146889
vt 0.954135 0.131052
vt 0.962127 0.131319
vt 0.956020 0.113626
vt 0.946234 0.115569
vt 0.925963 0.057088
vt 0.922264 0.058353
vt 0.945269 0.083250
vt 0.937234 0.069195
vt 0.951786 0.096756
vt 0.928656 0.057157
vt 0.966698 0.145527
vt 0.963759 0.127310
vt 0.958210 0.112495
vt 0.953630 0.075439
vt 0.963047 0.070164
vt 0.955809 0.055469
vt 0.945852 0.063423
vt 0.959155 0.091469
vt 0.969981 0.086406
vt 0.971089 0.142848
vt 0.981776 0.143013
vt 0.977774 0.124689
vt 0.968474 0.125450
vt 0.976281 0.104160
vt 0.965468 0.109260
vt 0.934012 0.049982
vt 0.274989 0.880882
vt 0.242230 0.882501
vt 0.302850 0.873665
vt 0.969021 0.170687
vt 0.975147 0.170802
vt 0.981463 0.171042
vt 0.236784 0.592015
vt 0.233516 0.544264
vt 0.234834 0.564225
vt 0.232398 0.528592
vt 0.231694 0.517125
vt 0.445592 0.786262
vt 0.445861 0.797289
vt 0.451723 0.798772
vt 0.453370 0.787655
vt 0.444924 0.773460
vt 0.453103 0.774778
vt 0.443336 0.758193
vt 0.454581 0.760867
vt 0.447554 0.744220
vt 0.458138 0.747372
vt 0.456446 0.732938
vt 0.463569 0.735098
vt 0.463846 0.722708
vt 0.469709 0.723903
vt 0.468186 0.711331
vt 0.471986 0.713070
vt 0.445401 0.821959
vt 0.442659 0.835102
vt 0.447028 0.834497
vt 0.448595 0.822775
vt 0.446131 0.809014
vt 0.450134 0.810605
vt 0.438611 0.784392
vt 0.439878 0.796166
vt 0.436054 0.770822
vt 0.436036 0.756102
vt 0.440518 0.742560
vt 0.449358 0.731504
vt 0.457238 0.721216
vt 0.462036 0.710900
vt 0.439866 0.820920
vt 0.437105 0.832623
vt 0.440647 0.808228
vt 0.429976 0.783437
vt 0.433018 0.794122
vt 0.426088 0.769775
vt 0.428007 0.754107
vt 0.432021 0.739607
vt 0.440442 0.728776
vt 0.450093 0.720052
vt 0.456615 0.709541
vt 0.434818 0.820037
vt 0.431279 0.833569
vt 0.435150 0.806184
vt 0.478859 0.806653
vt 0.484076 0.795462
vt 0.475194 0.818030
vt 0.474536 0.828846
vt 0.504216 0.735829
vt 0.506993 0.724542
vt 0.476843 0.838779
vt 0.500949 0.748879
vt 0.497107 0.762124
vt 0.492627 0.773985
vt 0.488216 0.784214
vt 0.904611 0.053342
vt 0.911279 0.071161
vt 0.920479 0.087835
vt 0.931511 0.102215
vt 0.938100 0.117125
vt 0.942949 0.132691
vt 0.945209 0.146983
vt 0.941886 0.168265
vt 0.332759 0.525385
vt 0.313402 0.523248
vt 0.281858 0.974346
vt 0.305621 0.983906
vt 0.261340 0.971603
vt 0.290065 0.518356
vt 0.269331 0.513878
vt 0.236433 0.970176
vt 0.231452 0.512507
vt 0.095038 0.113405
vt 0.097950 0.117007
vt 0.100898 0.114158
vt 0.098342 0.110804
vt 0.102747 0.117369
vt 0.100122 0.119820
vt 0.094088 0.119660
vt 0.096873 0.122028
vt 0.091682 0.116458
vt 0.088710 0.118963
vt 0.091037 0.122009
vt 0.093640 0.124400
vt 0.104832 0.111197
vt 0.101247 0.108154
vt 0.106524 0.114465
vt 0.103260 0.123800
vt 0.107518 0.122721
vt 0.104922 0.119553
vt 0.101619 0.121746
vt 0.100888 0.127839
vt 0.098466 0.124550
vt 0.097752 0.131007
vt 0.095469 0.127351
vt 0.089748 0.112991
vt 0.087208 0.109762
vt 0.084472 0.112906
vt 0.086493 0.116511
vt 0.090060 0.106693
vt 0.092672 0.110274
vt 0.093615 0.104600
vt 0.096012 0.107982
vt 0.097865 0.101969
vt 0.099513 0.105529
vt 0.267221 0.123205
vt 0.271040 0.122352
vt 0.268333 0.118745
vt 0.265075 0.120646
vt 0.267290 0.115654
vt 0.265331 0.112936
vt 0.261720 0.114978
vt 0.263273 0.117989
vt 0.262918 0.109870
vt 0.259192 0.111837
vt 0.261372 0.103801
vt 0.256773 0.105672
vt 0.257598 0.108850
vt 0.261172 0.107219
vt 0.107067 0.129342
vt 0.109644 0.127920
vt 0.107416 0.125747
vt 0.105388 0.126708
vt 0.105171 0.131129
vt 0.103946 0.128414
vt 0.102512 0.136221
vt 0.103514 0.132988
vt 0.270024 0.129056
vt 0.273673 0.128928
vt 0.108454 0.117277
vt 0.111395 0.120754
vt 0.111975 0.126952
vt 0.115534 0.127080
vt 0.107189 0.132924
vt 0.108923 0.131971
vt 0.110544 0.130948
vt 0.113101 0.131417
vt 0.116434 0.132269
vt 0.106976 0.138745
vt 0.107498 0.136097
vt 0.270140 0.132462
vt 0.272817 0.133650
vt 0.261259 0.132710
vt 0.259134 0.136800
vt 0.263375 0.138946
vt 0.264000 0.135447
vt 0.267332 0.133733
vt 0.265415 0.129906
vt 0.269505 0.137505
vt 0.112565 0.138080
vt 0.110858 0.134658
vt 0.256066 0.113211
vt 0.257972 0.116876
vt 0.259680 0.120002
vt 0.260726 0.122051
vt 0.262809 0.125404
vt 0.258340 0.127897
vt 0.255261 0.130494
vt 0.257401 0.124733
vt 0.254487 0.118670
vt 0.255787 0.121821
vt 0.253998 0.126087
vt 0.250400 0.120283
vt 0.252235 0.123390
vt 0.252493 0.114461
vt 0.248041 0.116319
vt 0.252920 0.106921
vt 0.248698 0.108345
vt 0.251410 0.111576
vt 0.254511 0.110115
vt 0.244956 0.110918
vt 0.246781 0.113628
vt 0.096020 0.098843
vt 0.093821 0.096038
vt 0.089218 0.097899
vt 0.091469 0.101146
vt 0.085697 0.100750
vt 0.088224 0.103981
vt 0.084977 0.106559
vt 0.082565 0.103558
vt 0.079126 0.107250
vt 0.081533 0.109959
vt 0.258435 0.098469
vt 0.253911 0.100388
vt 0.255761 0.102533
vt 0.260252 0.100825
vt 0.251515 0.104290
vt 0.250295 0.101893
vt 0.246574 0.103511
vt 0.247764 0.106113
vt 0.242197 0.105689
vt 0.243522 0.108376
vt 0.086272 0.094389
vt 0.082652 0.096838
vt 0.078850 0.099959
vt 0.255252 0.094253
vt 0.251172 0.095403
vt 0.073875 0.104303
vt 0.247703 0.096450
vt 0.244470 0.098043
vt 0.240457 0.102035
vt 0.091402 0.092309
vt 0.083045 0.090169
vt 0.079088 0.092114
vt 0.075130 0.096111
vt 0.070775 0.101209
vt 0.254607 0.090955
vt 0.249385 0.091803
vt 0.245538 0.093094
vt 0.241381 0.095053
vt 0.237822 0.099535
vt 0.088568 0.088997
vt 0.104304 0.125154
vt 0.107555 0.124393
vt 0.111286 0.127289
vt 0.104052 0.132212
vt 0.102883 0.128244
vt 0.107629 0.135147
vt 0.110287 0.134062
vt 0.112364 0.131158
vt 0.117698 0.085132
vt 0.122874 0.087834
vt 0.124219 0.084017
vt 0.119503 0.081582
vt 0.127842 0.086492
vt 0.126421 0.089720
vt 0.119955 0.091549
vt 0.124087 0.092995
vt 0.115798 0.088630
vt 0.114144 0.091655
vt 0.117928 0.094596
vt 0.121607 0.097142
vt 0.126229 0.079534
vt 0.120564 0.078017
vt 0.130091 0.081998
vt 0.131359 0.092283
vt 0.135111 0.089529
vt 0.131092 0.087668
vt 0.128799 0.090997
vt 0.130640 0.097037
vt 0.126858 0.094925
vt 0.128757 0.101523
vt 0.125008 0.098889
vt 0.111975 0.086490
vt 0.108163 0.085202
vt 0.106793 0.088902
vt 0.110558 0.090035
vt 0.109807 0.081044
vt 0.113686 0.083087
vt 0.112139 0.077440
vt 0.115370 0.079643
vt 0.114601 0.073375
vt 0.117474 0.075882
vt 0.215825 0.130211
vt 0.219457 0.132261
vt 0.220273 0.127729
vt 0.215886 0.126892
vt 0.221243 0.124317
vt 0.222342 0.120346
vt 0.217244 0.120061
vt 0.216274 0.123615
vt 0.222547 0.115940
vt 0.218667 0.115317
vt 0.224969 0.109459
vt 0.220243 0.108120
vt 0.219087 0.111421
vt 0.223272 0.112529
vt 0.137663 0.095965
vt 0.139520 0.093572
vt 0.136142 0.092008
vt 0.134751 0.094089
vt 0.136321 0.098481
vt 0.134223 0.096399
vt 0.135637 0.104475
vt 0.135400 0.100802
vt 0.213806 0.136828
vt 0.216970 0.139274
vt 0.133546 0.083885
vt 0.138193 0.085759
vt 0.141446 0.091689
vt 0.145166 0.090344
vt 0.139855 0.099339
vt 0.141112 0.097880
vt 0.142539 0.096470
vt 0.144596 0.095542
vt 0.148293 0.095138
vt 0.141177 0.105189
vt 0.140684 0.102263
vt 0.211534 0.139743
vt 0.212982 0.142642
vt 0.204500 0.134199
vt 0.199607 0.136235
vt 0.201650 0.140825
vt 0.204646 0.138201
vt 0.208343 0.138916
vt 0.209648 0.134488
vt 0.207496 0.143592
vt 0.146697 0.102286
vt 0.143626 0.099483
vt 0.214522 0.114158
vt 0.213064 0.119315
vt 0.212133 0.122950
vt 0.211490 0.125284
vt 0.210822 0.129129
vt 0.205523 0.128390
vt 0.200985 0.128181
vt 0.206806 0.124907
vt 0.209161 0.118162
vt 0.208036 0.121602
vt 0.202908 0.123617
vt 0.204823 0.115890
vt 0.203481 0.120012
vt 0.210729 0.112695
vt 0.206359 0.110813
vt 0.216552 0.106274
vt 0.212648 0.105394
vt 0.211748 0.109147
vt 0.215464 0.110341
vt 0.208028 0.104456
vt 0.207395 0.107686
vt 0.111350 0.070879
vt 0.107628 0.069258
vt 0.104788 0.073432
vt 0.108515 0.075337
vt 0.102194 0.077528
vt 0.106580 0.079464
vt 0.104802 0.083488
vt 0.101266 0.081782
vt 0.100148 0.086638
vt 0.103186 0.087869
vt 0.226241 0.103129
vt 0.222308 0.101405
vt 0.221105 0.104441
vt 0.225916 0.106271
vt 0.217459 0.102800
vt 0.218462 0.099804
vt 0.214993 0.098685
vt 0.213746 0.102186
vt 0.210484 0.097061
vt 0.209055 0.100778
vt 0.099917 0.071343
vt 0.096897 0.075227
vt 0.096159 0.079161
vt 0.228481 0.098823
vt 0.224701 0.095631
vt 0.094654 0.084818
vt 0.220966 0.093347
vt 0.217505 0.092398
vt 0.212293 0.092941
vt 0.103509 0.066913
vt 0.095161 0.068922
vt 0.091856 0.072928
vt 0.090641 0.077247
vt 0.090436 0.082994
vt 0.230332 0.096221
vt 0.226893 0.090776
vt 0.222241 0.089256
vt 0.218063 0.088828
vt 0.212790 0.089954
vt 0.099874 0.065335
vt 0.133025 0.093178
vt 0.135802 0.090837
vt 0.140903 0.092255
vt 0.135547 0.099926
vt 0.132828 0.096610
vt 0.140025 0.101266
vt 0.143016 0.098974
vt 0.143724 0.095818
vt 0.126638 0.059485
vt 0.131348 0.061257
vt 0.132509 0.057453
vt 0.128032 0.055694
vt 0.136206 0.059535
vt 0.134854 0.062626
vt 0.128837 0.064846
vt 0.133064 0.065869
vt 0.124672 0.062818
vt 0.123652 0.065988
vt 0.127704 0.068077
vt 0.131675 0.069909
vt 0.135016 0.053315
vt 0.129428 0.052206
vt 0.138709 0.055394
vt 0.140067 0.064733
vt 0.143703 0.062073
vt 0.139550 0.060562
vt 0.137277 0.063607
vt 0.139686 0.068971
vt 0.135994 0.067249
vt 0.138378 0.073333
vt 0.134959 0.071190
vt 0.121206 0.061511
vt 0.117781 0.060721
vt 0.116783 0.064267
vt 0.120142 0.064702
vt 0.119149 0.056751
vt 0.123014 0.058242
vt 0.119372 0.053241
vt 0.124041 0.054602
vt 0.121288 0.048737
vt 0.125558 0.050960
vt 0.182540 0.100744
vt 0.184615 0.103920
vt 0.187073 0.101902
vt 0.184072 0.098876
vt 0.189349 0.100525
vt 0.192122 0.098592
vt 0.188025 0.095368
vt 0.185653 0.097204
vt 0.194599 0.096294
vt 0.191986 0.093144
vt 0.199035 0.093996
vt 0.196050 0.089706
vt 0.194062 0.091107
vt 0.196877 0.094987
vt 0.146239 0.067990
vt 0.148374 0.065385
vt 0.145187 0.064749
vt 0.143643 0.066508
vt 0.145044 0.070261
vt 0.142982 0.068535
vt 0.144587 0.075645
vt 0.144085 0.072098
vt 0.178216 0.104101
vt 0.179832 0.107373
vt 0.142197 0.056783
vt 0.146910 0.058530
vt 0.149972 0.063788
vt 0.153508 0.062518
vt 0.148236 0.070862
vt 0.149394 0.069389
vt 0.150788 0.067546
vt 0.152599 0.067105
vt 0.155881 0.066601
vt 0.149813 0.075906
vt 0.148765 0.073127
vt 0.175207 0.104813
vt 0.175219 0.108040
vt 0.172373 0.097464
vt 0.167875 0.096667
vt 0.167157 0.100924
vt 0.170477 0.100489
vt 0.173039 0.102717
vt 0.175943 0.100346
vt 0.170335 0.105811
vt 0.154896 0.072877
vt 0.151602 0.070803
vt 0.188929 0.089930
vt 0.185121 0.092594
vt 0.182729 0.094466
vt 0.181677 0.095248
vt 0.179299 0.097371
vt 0.175822 0.093907
vt 0.171948 0.090882
vt 0.177779 0.092142
vt 0.182540 0.089862
vt 0.180257 0.090980
vt 0.175918 0.089072
vt 0.180932 0.085468
vt 0.177839 0.087061
vt 0.186607 0.087153
vt 0.184513 0.083157
vt 0.193767 0.086088
vt 0.191644 0.082575
vt 0.189190 0.085193
vt 0.191505 0.088055
vt 0.188224 0.078453
vt 0.186370 0.081156
vt 0.118381 0.047749
vt 0.114321 0.046286
vt 0.112914 0.050683
vt 0.116895 0.051994
vt 0.111459 0.054653
vt 0.115896 0.055708
vt 0.114173 0.059616
vt 0.110416 0.058812
vt 0.110414 0.063483
vt 0.113361 0.063733
vt 0.202107 0.090233
vt 0.199225 0.086717
vt 0.197697 0.088023
vt 0.200856 0.092320
vt 0.195446 0.084672
vt 0.197316 0.083610
vt 0.195506 0.080722
vt 0.193188 0.081502
vt 0.193306 0.076449
vt 0.189920 0.077062
vt 0.108610 0.049120
vt 0.106520 0.053505
vt 0.105802 0.058626
vt 0.205395 0.087309
vt 0.202999 0.084458
vt 0.105577 0.063541
vt 0.201346 0.081623
vt 0.200130 0.079159
vt 0.196953 0.075845
vt 0.110359 0.044184
vt 0.103689 0.046744
vt 0.100540 0.051909
vt 0.100400 0.056408
vt 0.101706 0.061425
vt 0.208183 0.087504
vt 0.207028 0.083447
vt 0.204930 0.080275
vt 0.202783 0.077892
vt 0.199495 0.074981
vt 0.107520 0.042380
vt 0.141916 0.065576
vt 0.144606 0.063358
vt 0.149251 0.064633
vt 0.144454 0.071407
vt 0.141759 0.068743
vt 0.148334 0.072509
vt 0.150891 0.070490
vt 0.151903 0.067153
vt 0.124344 0.021198
vt 0.128555 0.019630
vt 0.126975 0.016718
vt 0.123116 0.017764
vt 0.130463 0.015852
vt 0.131625 0.018483
vt 0.129343 0.023265
vt 0.132423 0.021482
vt 0.125521 0.024344
vt 0.126643 0.027536
vt 0.130248 0.026225
vt 0.133626 0.024980
vt 0.125523 0.013020
vt 0.121659 0.015069
vt 0.129178 0.012757
vt 0.136276 0.016584
vt 0.136597 0.012806
vt 0.133133 0.014480
vt 0.133869 0.017622
vt 0.138694 0.019456
vt 0.135250 0.020702
vt 0.140319 0.022612
vt 0.136604 0.023635
vt 0.122139 0.025626
vt 0.118994 0.027336
vt 0.120227 0.030698
vt 0.123547 0.028942
vt 0.117903 0.023707
vt 0.121106 0.022551
vt 0.116903 0.020538
vt 0.120066 0.019284
vt 0.115526 0.016657
vt 0.118807 0.015797
vt 0.172082 0.081885
vt 0.172876 0.085284
vt 0.176062 0.083447
vt 0.174454 0.080559
vt 0.178520 0.082418
vt 0.181248 0.081270
vt 0.179487 0.078045
vt 0.176940 0.079464
vt 0.183943 0.079011
vt 0.182768 0.076527
vt 0.189461 0.076884
vt 0.188141 0.073831
vt 0.185228 0.074831
vt 0.186547 0.077504
vt 0.141969 0.014344
vt 0.141654 0.012274
vt 0.139134 0.013379
vt 0.139430 0.015231
vt 0.142696 0.016257
vt 0.140477 0.016636
vt 0.145754 0.020002
vt 0.143336 0.018183
vt 0.167215 0.083615
vt 0.167139 0.086838
vt 0.132335 0.011468
vt 0.136009 0.009198
vt 0.141323 0.009970
vt 0.142279 0.007393
vt 0.144828 0.015059
vt 0.144627 0.013386
vt 0.144249 0.011773
vt 0.145152 0.010230
vt 0.146399 0.008242
vt 0.148929 0.017041
vt 0.147008 0.015788
vt 0.164346 0.083550
vt 0.163099 0.085741
vt 0.164544 0.076851
vt 0.160794 0.074924
vt 0.158837 0.078114
vt 0.161888 0.078838
vt 0.163247 0.081437
vt 0.166593 0.080174
vt 0.160018 0.082879
vt 0.150049 0.012524
vt 0.146984 0.012700
vt 0.181392 0.073609
vt 0.178010 0.075058
vt 0.175345 0.076354
vt 0.173619 0.077094
vt 0.170638 0.078519
vt 0.168594 0.074981
vt 0.166434 0.071807
vt 0.171166 0.073720
vt 0.176436 0.071884
vt 0.173834 0.072945
vt 0.170392 0.070700
vt 0.175621 0.068857
vt 0.172718 0.069331
vt 0.180346 0.070858
vt 0.179076 0.067403
vt 0.186998 0.071142
vt 0.185429 0.068453
vt 0.182914 0.069854
vt 0.184104 0.072390
vt 0.183517 0.065216
vt 0.181380 0.066647
vt 0.112169 0.018115
vt 0.109402 0.019685
vt 0.110674 0.023093
vt 0.113698 0.021825
vt 0.112180 0.026439
vt 0.115244 0.024886
vt 0.115979 0.028543
vt 0.113215 0.029792
vt 0.114618 0.032811
vt 0.117233 0.032118
vt 0.193669 0.075191
vt 0.192419 0.072321
vt 0.190740 0.073197
vt 0.191831 0.076051
vt 0.189183 0.070178
vt 0.190929 0.069407
vt 0.189539 0.066480
vt 0.187495 0.067246
vt 0.188003 0.063183
vt 0.185855 0.063945
vt 0.106894 0.024497
vt 0.108405 0.028148
vt 0.109551 0.031394
vt 0.196666 0.073396
vt 0.195768 0.070894
vt 0.111025 0.034962
vt 0.194391 0.068005
vt 0.192484 0.065346
vt 0.190595 0.062637
vt 0.105850 0.020715
vt 0.102661 0.025275
vt 0.104165 0.029400
vt 0.105792 0.032688
vt 0.108787 0.035739
vt 0.198595 0.072914
vt 0.199006 0.069730
vt 0.197055 0.066366
vt 0.194871 0.063648
vt 0.192418 0.060819
vt 0.102016 0.021156
vt 0.137791 0.015907
vt 0.137736 0.012895
vt 0.141477 0.010500
vt 0.143110 0.017662
vt 0.139717 0.017756
vt 0.146260 0.015778
vt 0.146078 0.013140
vt 0.145022 0.010653
vt 0.075421 0.087526
vt 0.079677 0.084062
vt 0.087179 0.070788
vt 0.084642 0.076156
vt 0.087780 0.081553
vt 0.083318 0.079153
vt 0.086414 0.081815
vt 0.085844 0.083228
vt 0.081930 0.081223
vt 0.086006 0.085575
vt 0.090427 0.065265
vt 0.070451 0.092732
vt 0.067505 0.098127
vt 0.248154 0.088626
vt 0.254496 0.087887
vt 0.242533 0.089587
vt 0.238521 0.091662
vt 0.235288 0.097813
vt 0.074822 0.078432
vt 0.071459 0.081097
vt 0.075031 0.083473
vt 0.070152 0.088337
vt 0.072507 0.085764
vt 0.082990 0.068770
vt 0.079873 0.067561
vt 0.078505 0.071122
vt 0.081620 0.072227
vt 0.082384 0.064348
vt 0.085416 0.065592
vt 0.062661 0.095299
vt 0.064610 0.090190
vt 0.247060 0.084023
vt 0.254854 0.084166
vt 0.238990 0.085515
vt 0.235532 0.090950
vt 0.233947 0.096779
vt 0.232949 0.096240
vt 0.232077 0.095868
vt 0.222745 0.085819
vt 0.240131 0.076382
vt 0.233214 0.075077
vt 0.248163 0.075751
vt 0.257172 0.078447
vt 0.054437 0.091494
vt 0.055341 0.084020
vt 0.062394 0.084014
vt 0.066786 0.086810
vt 0.069002 0.083489
vt 0.063659 0.080240
vt 0.060785 0.071346
vt 0.065625 0.077697
vt 0.080205 0.077497
vt 0.077783 0.074662
vt 0.078970 0.079116
vt 0.074595 0.065105
vt 0.072642 0.067694
vt 0.076763 0.062033
vt 0.039693 0.088766
vt 0.032504 0.086832
vt 0.030717 0.094107
vt 0.036294 0.095687
vt 0.023824 0.086071
vt 0.023834 0.094317
vt 0.015275 0.097684
vt 0.012218 0.089973
vt 0.263998 0.034873
vt 0.258250 0.041697
vt 0.262905 0.044054
vt 0.267752 0.040180
vt 0.255114 0.048568
vt 0.259881 0.049525
vt 0.258314 0.057994
vt 0.259641 0.064151
vt 0.255162 0.066431
vt 0.258990 0.071280
vt 0.260647 0.068900
vt 0.042403 0.101959
vt 0.044678 0.096955
vt 0.024799 0.101382
vt 0.030285 0.101710
vt 0.035014 0.102185
vt 0.041268 0.105977
vt 0.263498 0.058317
vt 0.263787 0.063517
vt 0.263559 0.068303
vt 0.264311 0.051930
vt 0.266368 0.047151
vt 0.018982 0.103220
vt 0.270082 0.044807
vt 0.034769 0.110180
vt 0.041299 0.111314
vt 0.028727 0.109914
vt 0.268408 0.068295
vt 0.269147 0.063711
vt 0.269568 0.058880
vt 0.269908 0.053765
vt 0.025371 0.107317
vt 0.021960 0.108746
vt 0.023310 0.112925
vt 0.018987 0.108962
vt 0.018457 0.113490
vt 0.269371 0.050532
vt 0.272312 0.049600
vt 0.029741 0.123524
vt 0.029149 0.118771
vt 0.026093 0.120643
vt 0.026476 0.124486
vt 0.018713 0.120382
vt 0.019180 0.127805
vt 0.023775 0.125705
vt 0.023972 0.118733
vt 0.033456 0.122737
vt 0.032441 0.118988
vt 0.038164 0.122211
vt 0.043259 0.123502
vt 0.042090 0.116433
vt 0.035268 0.116210
vt 0.273371 0.069280
vt 0.280238 0.071153
vt 0.281317 0.065496
vt 0.274568 0.064282
vt 0.281791 0.060705
vt 0.275088 0.059646
vt 0.281731 0.055726
vt 0.275233 0.054569
vt 0.033985 0.127302
vt 0.030957 0.128288
vt 0.027987 0.128407
vt 0.021485 0.133816
vt 0.026681 0.131604
vt 0.037962 0.129311
vt 0.044959 0.128782
vt 0.288027 0.066153
vt 0.288350 0.060440
vt 0.288533 0.055904
vt 0.286187 0.070894
vt 0.038214 0.136437
vt 0.043978 0.135773
vt 0.294375 0.071900
vt 0.295021 0.066598
vt 0.033215 0.135593
vt 0.032410 0.131204
vt 0.294619 0.059830
vt 0.294493 0.055168
vt 0.023325 0.138594
vt 0.027543 0.137895
vt 0.035416 0.140406
vt 0.032857 0.140268
vt 0.032572 0.143196
vt 0.036596 0.143371
vt 0.039172 0.143708
vt 0.042499 0.143842
vt 0.029981 0.141227
vt 0.029647 0.144470
vt 0.024433 0.145166
vt 0.027346 0.144757
vt 0.301315 0.059566
vt 0.301593 0.054970
vt 0.303393 0.071400
vt 0.301998 0.066173
vt 0.306534 0.064593
vt 0.305854 0.059850
vt 0.307415 0.068168
vt 0.037857 0.148611
vt 0.041027 0.148645
vt 0.033286 0.146588
vt 0.035870 0.146606
vt 0.030811 0.146783
vt 0.027165 0.150111
vt 0.029575 0.148391
vt 0.306548 0.056956
vt 0.310563 0.067439
vt 0.309802 0.063527
vt 0.033358 0.150958
vt 0.035185 0.152607
vt 0.033687 0.149297
vt 0.308590 0.058408
vt 0.308696 0.060081
vt 0.044245 0.082263
vt 0.047594 0.093110
vt 0.057025 0.076356
vt 0.046450 0.072678
vt 0.049089 0.065784
vt 0.064503 0.066900
vt 0.052138 0.060262
vt 0.059584 0.051446
vt 0.055637 0.056285
vt 0.067488 0.061794
vt 0.072241 0.056588
vt 0.258600 0.073970
vt 0.252362 0.069771
vt 0.247106 0.068979
vt 0.242985 0.066878
vt 0.237979 0.065046
vt 0.241300 0.054641
vt 0.251491 0.047114
vt 0.245099 0.044120
vt 0.254394 0.039588
vt 0.259493 0.029980
vt 0.023565 0.077673
vt 0.008921 0.082429
vt 0.033937 0.079782
vt 0.035550 0.068853
vt 0.021852 0.065315
vt 0.038611 0.061120
vt 0.042874 0.055399
vt 0.048209 0.051852
vt 0.028035 0.055954
vt 0.033692 0.049139
vt 0.039118 0.046892
vt 0.040355 0.043673
vt 0.035176 0.042222
vt 0.096954 0.063683
vt 0.092526 0.062216
vt 0.096279 0.062273
vt 0.093635 0.060014
vt 0.096825 0.061457
vt 0.090769 0.059405
vt 0.088497 0.056959
vt 0.086018 0.061508
vt 0.089736 0.061190
vt 0.075337 0.051799
vt 0.051310 0.047882
vt 0.045508 0.045179
vt 0.044110 0.047958
vt 0.095222 0.057108
vt 0.098510 0.061241
vt 0.096027 0.050927
vt 0.099749 0.043681
vt 0.064940 0.042159
vt 0.062543 0.046923
vt 0.077243 0.046611
vt 0.082678 0.051494
vt 0.083747 0.048502
vt 0.092498 0.054956
vt 0.088516 0.053151
vt 0.093509 0.041915
vt 0.081352 0.040835
vt 0.084991 0.045122
vt 0.091295 0.046695
vt 0.068711 0.036792
vt 0.093911 0.050729
vt 0.095842 0.046891
vt 0.053584 0.043496
vt 0.055531 0.038617
vt 0.058628 0.033151
vt 0.046988 0.041315
vt 0.047709 0.036478
vt 0.050168 0.030216
vt 0.217319 0.086296
vt 0.222157 0.081329
vt 0.215974 0.084682
vt 0.211821 0.088218
vt 0.211377 0.087339
vt 0.211039 0.086864
vt 0.213281 0.083515
vt 0.210461 0.086481
vt 0.210528 0.082351
vt 0.207726 0.078559
vt 0.212397 0.079043
vt 0.209934 0.076365
vt 0.216433 0.077665
vt 0.226989 0.072547
vt 0.221401 0.069789
vt 0.212009 0.073585
vt 0.216155 0.066952
vt 0.231665 0.063665
vt 0.225656 0.061104
vt 0.205000 0.075346
vt 0.207166 0.074094
vt 0.207208 0.070661
vt 0.211314 0.064284
vt 0.220584 0.058900
vt 0.215571 0.056258
vt 0.201537 0.074404
vt 0.106158 0.039716
vt 0.101693 0.039634
vt 0.106680 0.038129
vt 0.098259 0.037934
vt 0.094250 0.036988
vt 0.097959 0.039906
vt 0.101998 0.037435
vt 0.106577 0.037165
vt 0.101019 0.034558
vt 0.106494 0.036205
vt 0.201953 0.073678
vt 0.204042 0.072251
vt 0.200997 0.073365
vt 0.202144 0.070934
vt 0.199932 0.073720
vt 0.200401 0.071138
vt 0.099888 0.030149
vt 0.096063 0.030665
vt 0.092315 0.030507
vt 0.092998 0.033198
vt 0.096702 0.032835
vt 0.083271 0.034095
vt 0.087962 0.029692
vt 0.088121 0.032112
vt 0.095533 0.027976
vt 0.092475 0.027439
vt 0.097958 0.025658
vt 0.089037 0.026852
vt 0.235627 0.053506
vt 0.238717 0.043338
vt 0.202839 0.067529
vt 0.207028 0.061265
vt 0.199257 0.063498
vt 0.196444 0.061047
vt 0.201537 0.057989
vt 0.211188 0.053335
vt 0.206400 0.049733
vt 0.229355 0.052133
vt 0.223949 0.050383
vt 0.232216 0.042969
vt 0.226535 0.042180
vt 0.218932 0.047569
vt 0.214937 0.044737
vt 0.222281 0.039939
vt 0.219045 0.037337
vt 0.248938 0.034281
vt 0.241559 0.033904
vt 0.233646 0.033809
vt 0.254347 0.022130
vt 0.244614 0.024539
vt 0.236750 0.025789
vt 0.230394 0.024901
vt 0.227932 0.030449
vt 0.210810 0.040953
vt 0.193989 0.058278
vt 0.098121 0.020941
vt 0.094484 0.019485
vt 0.093093 0.024322
vt 0.197883 0.058867
vt 0.196325 0.056726
vt 0.085635 0.023404
vt 0.087849 0.017537
vt 0.199191 0.052960
vt 0.201876 0.045674
vt 0.078258 0.014767
vt 0.075744 0.020539
vt 0.082414 0.028453
vt 0.073469 0.026090
vt 0.071644 0.031483
vt 0.061850 0.028162
vt 0.053634 0.024826
vt 0.064582 0.023481
vt 0.057749 0.021542
vt 0.066119 0.018659
vt 0.057129 0.018133
vt 0.067856 0.012163
vt 0.204541 0.036830
vt 0.057470 0.011000
vt 0.215802 0.031565
vt 0.208340 0.027919
vt 0.042433 0.028259
vt 0.039489 0.036147
vt 0.047658 0.020910
vt 0.222775 0.029581
vt 0.224687 0.023967
vt 0.211847 0.018657
vt 0.218788 0.022672
vt 0.047831 0.011767
vt 0.006130 0.071655
vt 0.042171 0.040363
vt 0.222571 0.016543
vt 0.217954 0.011129
vt 0.038595 0.012199
vt 0.037450 0.019795
vt 0.033821 0.026897
vt 0.031789 0.033676
vt 0.028508 0.039772
vt 0.025151 0.045532
vt 0.019901 0.050623
vt 0.014993 0.057717
vt 0.005953 0.063043
vt 0.253267 0.013978
vt 0.244850 0.017164
vt 0.238275 0.019798
vt 0.232288 0.019925
vt 0.226405 0.019310
vt 0.228341 0.012294
vt 0.222425 0.005858
vt 0.031723 0.011887
vt 0.030683 0.019151
vt 0.027092 0.025166
vt 0.026060 0.032007
vt 0.023483 0.037368
vt 0.019930 0.041968
vt 0.015372 0.045538
vt 0.010984 0.051734
vt 0.004415 0.057114
vt 0.251132 0.008178
vt 0.243510 0.012289
vt 0.233883 0.016592
vt 0.238929 0.015929
vt 0.228572 0.016755
vt 0.496491 0.980589
vt 0.497344 0.973590
vt 0.488888 0.975658
vt 0.486908 0.981989
vt 0.582194 0.979479
vt 0.582249 0.975769
vt 0.577411 0.977030
vt 0.578024 0.981041
vt 0.571610 0.978428
vt 0.573215 0.981965
vt 0.555147 0.985000
vt 0.555568 0.990661
vt 0.562859 0.989409
vt 0.561034 0.984935
vt 0.548295 0.990038
vt 0.549687 0.984939
vt 0.533116 0.984370
vt 0.536719 0.976804
vt 0.527903 0.974998
vt 0.524368 0.981256
vt 0.541723 0.987096
vt 0.545649 0.979171
vt 0.517543 0.973292
vt 0.514851 0.980121
vt 0.507356 0.972534
vt 0.505322 0.979275
vt 0.555522 0.977772
vt 0.564952 0.979642
vt 0.570371 0.985977
vt 0.497824 0.964098
vt 0.488102 0.966681
vt 0.582090 0.971270
vt 0.577512 0.971786
vt 0.572370 0.973052
vt 0.567743 0.967598
vt 0.557526 0.965705
vt 0.546645 0.965498
vt 0.536778 0.964566
vt 0.527991 0.964209
vt 0.507561 0.962756
vt 0.517846 0.963140
vt 0.495959 0.951838
vt 0.486755 0.952756
vt 0.587867 0.964752
vt 0.588095 0.950165
vt 0.578978 0.950143
vt 0.578040 0.963877
vt 0.568960 0.950785
vt 0.558272 0.949894
vt 0.547194 0.949816
vt 0.537305 0.949291
vt 0.526669 0.949292
vt 0.505906 0.950640
vt 0.515958 0.950788
vt 0.235865 0.013015
vt 0.492446 0.935049
vt 0.483206 0.936530
vt 0.589330 0.933719
vt 0.579777 0.933807
vt 0.569735 0.933331
vt 0.558904 0.933103
vt 0.547561 0.932721
vt 0.536599 0.932184
vt 0.525129 0.932244
vt 0.514239 0.932997
vt 0.502861 0.934236
vt 0.489689 0.918153
vt 0.485366 0.900327
vt 0.475154 0.902744
vt 0.480494 0.920490
vt 0.593504 0.918247
vt 0.596839 0.900793
vt 0.584603 0.899430
vt 0.582167 0.917053
vt 0.572767 0.897370
vt 0.571350 0.916091
vt 0.560846 0.897560
vt 0.559754 0.915377
vt 0.548021 0.897872
vt 0.547924 0.915175
vt 0.534942 0.897449
vt 0.535598 0.914518
vt 0.521643 0.897542
vt 0.523517 0.914307
vt 0.510923 0.915501
vt 0.507642 0.896917
vt 0.496077 0.898800
vt 0.499631 0.916462
vt 0.480452 0.881154
vt 0.479153 0.868067
vt 0.468792 0.868368
vt 0.468754 0.880617
vt 0.595414 0.878540
vt 0.595465 0.866420
vt 0.587026 0.865708
vt 0.586570 0.879531
vt 0.580925 0.865733
vt 0.579838 0.859216
vt 0.572574 0.863354
vt 0.576192 0.876890
vt 0.561240 0.865752
vt 0.561786 0.880524
vt 0.547773 0.866534
vt 0.548223 0.881084
vt 0.534127 0.866905
vt 0.534955 0.881625
vt 0.519952 0.866463
vt 0.519961 0.881262
vt 0.505143 0.878144
vt 0.498086 0.870424
vt 0.489459 0.869537
vt 0.492448 0.881737
vt 0.508789 0.864170
vt 0.089480 0.049939
vt 0.586709 0.981030
vt 0.578886 0.984649
vt 0.588874 0.974445
vt 0.222055 0.032794
vt 0.228394 0.036427
vt 0.225201 0.034147
vt 0.480377 0.859477
vt 0.480960 0.852100
vt 0.470952 0.851611
vt 0.470060 0.859386
vt 0.595811 0.857820
vt 0.596207 0.850704
vt 0.587082 0.850708
vt 0.586334 0.857540
vt 0.579339 0.851336
vt 0.571117 0.852630
vt 0.560597 0.853702
vt 0.546945 0.854376
vt 0.533389 0.853717
vt 0.520533 0.853563
vt 0.510073 0.853585
vt 0.500670 0.853911
vt 0.499460 0.862606
vt 0.489964 0.860965
vt 0.490646 0.853036
vt 0.481567 0.842726
vt 0.472268 0.841662
vt 0.596917 0.841814
vt 0.587907 0.842662
vt 0.580539 0.843528
vt 0.572105 0.843501
vt 0.560996 0.843336
vt 0.545148 0.843374
vt 0.530735 0.842188
vt 0.520406 0.842152
vt 0.510764 0.842792
vt 0.501626 0.844969
vt 0.491890 0.844440
vt 0.483044 0.833554
vt 0.484368 0.827888
vt 0.477415 0.825457
vt 0.475920 0.830576
vt 0.588710 0.834918
vt 0.587488 0.830331
vt 0.577129 0.835490
vt 0.582921 0.837357
vt 0.562984 0.838095
vt 0.544334 0.840221
vt 0.530314 0.839371
vt 0.520197 0.838016
vt 0.511693 0.835860
vt 0.502804 0.838355
vt 0.494000 0.836455
vt 0.496219 0.831312
vt 0.483802 0.814781
vt 0.478586 0.814266
vt 0.594965 0.826936
vt 0.589529 0.817546
vt 0.583428 0.821281
vt 0.576129 0.825956
vt 0.564367 0.831158
vt 0.544859 0.834166
vt 0.532780 0.831640
vt 0.523727 0.828636
vt 0.515905 0.824376
vt 0.498045 0.817824
vt 0.036845 0.138544
vt 0.038208 0.143528
vt 0.033038 0.137453
vt 0.028286 0.144479
vt 0.028466 0.139420
vt 0.037417 0.147901
vt 0.033478 0.148130
vt 0.029938 0.147665
vt 0.029244 0.115480
vt 0.215627 0.826042
vt 0.191207 0.806050
vt 0.185862 0.826543
vt 0.212074 0.838721
vt 0.182038 0.715216
vt 0.190229 0.747954
vt 0.217070 0.733658
vt 0.214384 0.709481
vt 0.184522 0.846789
vt 0.209511 0.857929
vt 0.176304 0.686998
vt 0.210575 0.679617
vt 0.179658 0.878540
vt 0.181438 0.891848
vt 0.210426 0.897655
vt 0.209615 0.887685
vt 0.155674 0.886293
vt 0.151306 0.865748
vt 0.137526 0.642470
vt 0.132815 0.669266
vt 0.158604 0.682513
vt 0.159273 0.649429
vt 0.182887 0.653367
vt 0.211768 0.651089
vt 0.186613 0.784295
vt 0.207597 0.789685
vt 0.209377 0.775828
vt 0.184065 0.769163
vt 0.215762 0.762088
vt 0.229221 0.755429
vt 0.934521 0.253539
vt 0.924260 0.252302
vt 0.918413 0.267362
vt 0.925096 0.268288
vt 0.940332 0.240047
vt 0.931609 0.237845
vt 0.166538 0.769178
vt 0.151973 0.771114
vt 0.157593 0.787273
vt 0.172162 0.784408
vt 0.158441 0.803651
vt 0.171754 0.800585
vt 0.157268 0.828100
vt 0.161309 0.822784
vt 0.121745 0.684055
vt 0.123461 0.684694
vt 0.133604 0.691700
vt 0.136462 0.687868
vt 0.150135 0.845958
vt 0.151872 0.844719
vt 0.141925 0.698735
vt 0.150262 0.691948
vt 0.145251 0.709819
vt 0.158464 0.703200
vt 0.145875 0.727966
vt 0.161822 0.723338
vt 0.147806 0.752441
vt 0.165353 0.748812
vt 0.130739 0.775326
vt 0.118855 0.776154
vt 0.119763 0.789931
vt 0.133171 0.790184
vt 0.119550 0.804208
vt 0.133969 0.805584
vt 0.119634 0.818587
vt 0.134359 0.822557
vt 0.109148 0.691628
vt 0.097027 0.696625
vt 0.104184 0.706194
vt 0.116641 0.701387
vt 0.121117 0.833662
vt 0.134086 0.839645
vt 0.110169 0.714973
vt 0.121873 0.709044
vt 0.111261 0.725731
vt 0.122835 0.719937
vt 0.113058 0.743104
vt 0.122975 0.738106
vt 0.116063 0.761427
vt 0.126163 0.758948
vt 0.167770 0.839131
vt 0.161467 0.853336
vt 0.139275 0.855766
vt 0.159494 0.619928
vt 0.158928 0.597498
vt 0.134500 0.597309
vt 0.136455 0.616390
vt 0.185657 0.925029
vt 0.184292 0.909217
vt 0.159130 0.905859
vt 0.160342 0.921573
vt 0.212347 0.928207
vt 0.211726 0.912564
vt 0.210676 0.619672
vt 0.209822 0.594137
vt 0.183883 0.596443
vt 0.183533 0.620887
vt 0.156811 0.546275
vt 0.152139 0.536507
vt 0.132706 0.540644
vt 0.133576 0.550946
vt 0.190486 0.963798
vt 0.187366 0.958221
vt 0.159419 0.962141
vt 0.164404 0.970527
vt 0.212319 0.964655
vt 0.211289 0.957111
vt 0.201381 0.533190
vt 0.195145 0.522856
vt 0.175129 0.529338
vt 0.178630 0.537567
vt 0.146373 0.789542
vt 0.147651 0.805966
vt 0.147453 0.825779
vt 0.144206 0.844281
vt 0.118615 0.687611
vt 0.129624 0.694464
vt 0.133728 0.701634
vt 0.135524 0.713226
vt 0.134029 0.731786
vt 0.135973 0.755636
vt 0.141765 0.773417
vt 0.184522 0.949821
vt 0.157425 0.953326
vt 0.211786 0.949687
vt 0.204491 0.549318
vt 0.180667 0.555726
vt 0.159315 0.560483
vt 0.135535 0.561152
vt 0.185820 0.938587
vt 0.159525 0.938398
vt 0.213179 0.938284
vt 0.208094 0.567541
vt 0.183425 0.571058
vt 0.158467 0.576318
vt 0.133912 0.578119
vt 0.106983 0.777175
vt 0.107178 0.790225
vt 0.106344 0.803040
vt 0.106585 0.816630
vt 0.084619 0.700503
vt 0.090909 0.710825
vt 0.107943 0.829842
vt 0.097442 0.719496
vt 0.100747 0.730632
vt 0.103423 0.746833
vt 0.105641 0.763184
vt 0.096190 0.778112
vt 0.087939 0.780238
vt 0.084499 0.792532
vt 0.095183 0.791231
vt 0.084445 0.804252
vt 0.094790 0.803232
vt 0.084247 0.816953
vt 0.095222 0.816425
vt 0.073219 0.703606
vt 0.064297 0.705796
vt 0.070459 0.715988
vt 0.079153 0.714093
vt 0.085992 0.829102
vt 0.095570 0.828822
vt 0.078118 0.726099
vt 0.086190 0.723890
vt 0.084712 0.737084
vt 0.091530 0.735229
vt 0.088982 0.751219
vt 0.094751 0.749250
vt 0.090494 0.766317
vt 0.096792 0.764517
vt 0.039417 0.786705
vt 0.031918 0.789204
vt 0.036434 0.800482
vt 0.043406 0.798596
vt 0.039907 0.811874
vt 0.046236 0.810382
vt 0.041557 0.825020
vt 0.048179 0.823845
vt 0.024075 0.713888
vt 0.015658 0.715363
vt 0.018045 0.728159
vt 0.025655 0.725868
vt 0.040575 0.839264
vt 0.048115 0.837211
vt 0.020163 0.739663
vt 0.029496 0.737906
vt 0.023913 0.752580
vt 0.034469 0.749828
vt 0.026027 0.765734
vt 0.036766 0.762484
vt 0.027712 0.778075
vt 0.037725 0.775009
vt 0.054745 0.795689
vt 0.052327 0.795521
vt 0.055395 0.807461
vt 0.056885 0.807660
vt 0.057245 0.821806
vt 0.058129 0.820933
vt 0.057711 0.836573
vt 0.059405 0.834553
vt 0.037197 0.711442
vt 0.034829 0.712306
vt 0.035816 0.724335
vt 0.038875 0.723315
vt 0.040063 0.735072
vt 0.043933 0.733928
vt 0.045746 0.746338
vt 0.048897 0.745598
vt 0.048604 0.759183
vt 0.052305 0.758353
vt 0.048282 0.772906
vt 0.052636 0.772146
vt 0.049021 0.784990
vt 0.052523 0.784891
vt 0.026114 0.790917
vt 0.031406 0.802775
vt 0.036025 0.814020
vt 0.037960 0.825228
vt 0.010711 0.717218
vt 0.012511 0.729398
vt 0.036320 0.836932
vt 0.014620 0.742197
vt 0.017260 0.755292
vt 0.020212 0.767533
vt 0.022987 0.778742
vt 0.236532 0.834394
vt 0.234353 0.825546
vt 0.221654 0.813997
vt 0.208490 0.802530
vt 0.950198 0.192519
vt 0.957526 0.194664
vt 0.945052 0.207299
vt 0.937970 0.222826
vt 0.948801 0.225467
vt 0.954972 0.210171
vt 0.916295 0.280738
vt 0.912533 0.279424
vt 0.928195 0.269213
vt 0.936825 0.255341
vt 0.944065 0.241909
vt 0.918983 0.280751
vt 0.957335 0.213212
vt 0.965497 0.196888
vt 0.950775 0.227020
vt 0.944752 0.263461
vt 0.936505 0.275533
vt 0.945751 0.284539
vt 0.953871 0.269163
vt 0.951168 0.247783
vt 0.961645 0.253696
vt 0.972851 0.197715
vt 0.965098 0.215591
vt 0.974510 0.217533
vt 0.978435 0.198190
vt 0.959639 0.231053
vt 0.969805 0.237207
vt 0.922946 0.288169
vt 0.209682 0.876737
vt 0.182285 0.865645
vt 0.064756 0.783494
vt 0.056948 0.784595
vt 0.058378 0.795792
vt 0.064193 0.794607
vt 0.065684 0.770775
vt 0.057260 0.771704
vt 0.067724 0.755759
vt 0.056253 0.757855
vt 0.063772 0.741872
vt 0.053159 0.744543
vt 0.055134 0.730640
vt 0.047997 0.732662
vt 0.048368 0.720609
vt 0.042519 0.721608
vt 0.044409 0.709407
vt 0.040467 0.710845
vt 0.064064 0.819581
vt 0.060813 0.820097
vt 0.061848 0.831791
vt 0.066300 0.832623
vt 0.063677 0.806627
vt 0.059723 0.807880
vt 0.072099 0.782049
vt 0.070472 0.793776
vt 0.074996 0.768648
vt 0.075207 0.754115
vt 0.070846 0.740658
vt 0.062228 0.729541
vt 0.054746 0.719302
vt 0.050226 0.709110
vt 0.069648 0.818635
vt 0.071631 0.830410
vt 0.069346 0.805970
vt 0.081069 0.781480
vt 0.077699 0.792153
vt 0.085286 0.767962
vt 0.083358 0.752443
vt 0.079324 0.738116
vt 0.071130 0.727224
vt 0.061868 0.718422
vt 0.055651 0.707977
vt 0.074843 0.818096
vt 0.077438 0.831673
vt 0.075151 0.804254
vt 0.023183 0.792303
vt 0.028366 0.803819
vt 0.032978 0.814778
vt 0.034904 0.825173
vt 0.007681 0.719114
vt 0.009395 0.730318
vt 0.033322 0.835379
vt 0.011263 0.742986
vt 0.013467 0.756071
vt 0.016429 0.768600
vt 0.019747 0.780067
vt 0.894598 0.283527
vt 0.902263 0.266051
vt 0.912251 0.249903
vt 0.923566 0.236013
vt 0.929740 0.221202
vt 0.933940 0.204990
vt 0.938960 0.189939
vt 0.151186 0.531638
vt 0.132331 0.535409
vt 0.166225 0.975328
vt 0.190960 0.968702
vt 0.211608 0.968547
vt 0.193936 0.517896
vt 0.173821 0.524483
vt 0.728586 0.615599
vt 0.734368 0.617000
vt 0.735792 0.615997
vt 0.729263 0.614193
vt 0.722556 0.615623
vt 0.722938 0.616972
vt 0.717315 0.620023
vt 0.718487 0.620716
vt 0.715616 0.626249
vt 0.717028 0.625981
vt 0.721146 0.638175
vt 0.719409 0.641792
vt 0.725759 0.645892
vt 0.726126 0.641153
vt 0.717617 0.633086
vt 0.715640 0.634863
vt 0.732844 0.645629
vt 0.731805 0.641192
vt 0.739283 0.641441
vt 0.736959 0.638173
vt 0.743168 0.634780
vt 0.740450 0.632923
vt 0.743368 0.627389
vt 0.740768 0.627187
vt 0.740688 0.620420
vt 0.738867 0.621472
vt 0.725588 0.648868
vt 0.717865 0.644898
vt 0.712337 0.637618
vt 0.711917 0.626869
vt 0.715199 0.618453
vt 0.721922 0.613507
vt 0.730263 0.610984
vt 0.738961 0.612233
vt 0.745815 0.618322
vt 0.749691 0.627385
vt 0.748039 0.637950
vt 0.741410 0.645418
vt 0.733918 0.649030
vt 0.778192 0.696176
vt 0.780213 0.703408
vt 0.793643 0.704179
vt 0.792785 0.697738
vt 0.767295 0.695226
vt 0.767752 0.701505
vt 0.758402 0.694574
vt 0.758360 0.701228
vt 0.750291 0.695273
vt 0.749383 0.702649
vt 0.739205 0.697362
vt 0.738419 0.704395
vt 0.727489 0.699424
vt 0.726563 0.706210
vt 0.714764 0.701896
vt 0.714524 0.706974
vt 0.703353 0.704388
vt 0.704458 0.710229
vt 0.693958 0.708484
vt 0.697719 0.713007
vt 0.696222 0.713356
vt 0.691659 0.713172
vt 0.809823 0.743258
vt 0.809734 0.735315
vt 0.805448 0.738532
vt 0.804016 0.744364
vt 0.815303 0.732083
vt 0.816609 0.740445
vt 0.823329 0.737231
vt 0.821822 0.729090
vt 0.829798 0.734508
vt 0.829170 0.726235
vt 0.836604 0.732660
vt 0.838204 0.724519
vt 0.843052 0.732203
vt 0.844658 0.724187
vt 0.849692 0.732760
vt 0.851340 0.724748
vt 0.856937 0.735023
vt 0.860419 0.728015
vt 0.864894 0.736354
vt 0.866969 0.729975
vt 0.727551 0.694740
vt 0.714730 0.697533
vt 0.702355 0.701393
vt 0.691945 0.706842
vt 0.687948 0.712126
vt 0.798858 0.742448
vt 0.800640 0.744259
vt 0.809506 0.746969
vt 0.802977 0.746506
vt 0.816729 0.744690
vt 0.823403 0.741592
vt 0.863007 0.740839
vt 0.855311 0.738682
vt 0.848407 0.736715
vt 0.841854 0.736517
vt 0.835814 0.737299
vt 0.829616 0.738974
vt 0.854111 0.741727
vt 0.861612 0.744581
vt 0.847253 0.740288
vt 0.840560 0.740074
vt 0.835164 0.740679
vt 0.829094 0.742274
vt 0.823169 0.745025
vt 0.817009 0.748732
vt 0.809075 0.752023
vt 0.800274 0.751445
vt 0.688285 0.705418
vt 0.683523 0.711702
vt 0.701000 0.698875
vt 0.714104 0.693998
vt 0.727486 0.690390
vt 0.739314 0.692475
vt 0.749635 0.690415
vt 0.739655 0.687613
vt 0.791776 0.693232
vt 0.777503 0.689862
vt 0.766601 0.689215
vt 0.757881 0.689384
vt 0.758227 0.683530
vt 0.749828 0.685291
vt 0.767317 0.682636
vt 0.777586 0.686849
vt 0.789834 0.691243
vt 0.808756 0.756790
vt 0.796190 0.758191
vt 0.860594 0.748511
vt 0.853700 0.746238
vt 0.846904 0.745267
vt 0.840096 0.744369
vt 0.834469 0.745133
vt 0.828656 0.746758
vt 0.823141 0.749197
vt 0.817223 0.752389
vt 0.698654 0.696717
vt 0.684371 0.702998
vt 0.675419 0.710804
vt 0.790825 0.747067
vt 0.792165 0.755087
vt 0.796978 0.747705
vt 0.795911 0.743598
vt 0.789404 0.759176
vt 0.787644 0.749143
vt 0.795798 0.762851
vt 0.808287 0.764365
vt 0.817492 0.758250
vt 0.822384 0.753821
vt 0.826410 0.754199
vt 0.832258 0.754241
vt 0.838297 0.753543
vt 0.844718 0.753431
vt 0.851232 0.754674
vt 0.857832 0.756488
vt 0.849189 0.761741
vt 0.855668 0.763709
vt 0.830156 0.762232
vt 0.836982 0.760430
vt 0.843158 0.760496
vt 0.832090 0.765617
vt 0.835654 0.766308
vt 0.840807 0.768121
vt 0.846573 0.770044
vt 0.852915 0.772018
vt 0.825607 0.769446
vt 0.830079 0.769060
vt 0.811739 0.778823
vt 0.802552 0.792070
vt 0.816555 0.798906
vt 0.824681 0.780435
vt 0.832204 0.772838
vt 0.838408 0.775789
vt 0.845472 0.777135
vt 0.851403 0.778357
vt 0.832703 0.804241
vt 0.835609 0.785467
vt 0.822875 0.761703
vt 0.817359 0.769033
vt 0.801453 0.774580
vt 0.791478 0.769004
vt 0.783943 0.759417
vt 0.860500 0.774733
vt 0.863268 0.766596
vt 0.858328 0.781117
vt 0.865694 0.759449
vt 0.868608 0.750856
vt 0.869880 0.747096
vt 0.791187 0.784047
vt 0.781142 0.774449
vt 0.773686 0.761669
vt 0.782198 0.747405
vt 0.670344 0.710154
vt 0.680035 0.700909
vt 0.664364 0.704513
vt 0.675262 0.694446
vt 0.652630 0.694572
vt 0.665763 0.681988
vt 0.694275 0.693191
vt 0.689882 0.685376
vt 0.679974 0.672205
vt 0.845665 0.786289
vt 0.850790 0.783410
vt 0.856616 0.786152
vt 0.843364 0.795981
vt 0.851800 0.800290
vt 0.854631 0.791981
vt 0.939764 0.924836
vt 0.927120 0.924147
vt 0.925611 0.938613
vt 0.938965 0.938901
vt 0.924921 0.953330
vt 0.938166 0.953198
vt 0.925378 0.965014
vt 0.937448 0.966209
vt 0.925977 0.972219
vt 0.937020 0.974028
vt 0.940572 0.910880
vt 0.928714 0.910318
vt 0.941419 0.897746
vt 0.930482 0.897223
vt 0.796440 0.625239
vt 0.803268 0.623604
vt 0.802916 0.616343
vt 0.796257 0.617168
vt 0.917181 0.911445
vt 0.919028 0.896844
vt 0.915784 0.925263
vt 0.914232 0.939409
vt 0.913896 0.953299
vt 0.916032 0.964008
vt 0.918633 0.969668
vt 0.924197 0.977564
vt 0.914667 0.972282
vt 0.936708 0.979717
vt 0.919671 0.984470
vt 0.936111 0.990617
vt 0.906558 0.975382
vt 0.805195 0.697900
vt 0.805003 0.693056
vt 0.804888 0.690428
vt 0.918507 0.985222
vt 0.936030 0.992117
vt 0.904245 0.975845
vt 0.907944 0.964624
vt 0.899792 0.965339
vt 0.894650 0.965846
vt 0.904829 0.954056
vt 0.897074 0.954907
vt 0.904484 0.941067
vt 0.896699 0.943236
vt 0.890972 0.957009
vt 0.890635 0.945741
vt 0.764667 0.675382
vt 0.757458 0.676646
vt 0.761226 0.667210
vt 0.755876 0.669670
vt 0.748659 0.672774
vt 0.749518 0.679119
vt 0.739793 0.681898
vt 0.728225 0.685586
vt 0.713528 0.690495
vt 0.739777 0.675644
vt 0.728709 0.678883
vt 0.712382 0.684200
vt 0.710549 0.674406
vt 0.728455 0.671855
vt 0.739659 0.668939
vt 0.748353 0.665218
vt 0.755498 0.660707
vt 0.761417 0.658587
vt 0.890274 0.933919
vt 0.896850 0.930584
vt 0.897256 0.917762
vt 0.890292 0.921405
vt 0.905317 0.927598
vt 0.906148 0.914635
vt 0.763672 0.648615
vt 0.756424 0.651826
vt 0.747831 0.657869
vt 0.756140 0.640055
vt 0.746513 0.650023
vt 0.744248 0.646638
vt 0.751087 0.638531
vt 0.738782 0.662346
vt 0.736413 0.655881
vt 0.735417 0.651222
vt 0.728946 0.665317
vt 0.725687 0.658653
vt 0.725364 0.652498
vt 0.718140 0.664599
vt 0.713073 0.655890
vt 0.715577 0.647871
vt 0.757098 0.624868
vt 0.752924 0.626278
vt 0.753141 0.613191
vt 0.749724 0.615321
vt 0.744996 0.605001
vt 0.742536 0.608448
vt 0.733358 0.602600
vt 0.732391 0.606364
vt 0.719459 0.606341
vt 0.721133 0.610220
vt 0.708973 0.614157
vt 0.712503 0.616609
vt 0.703942 0.625308
vt 0.709039 0.625830
vt 0.704485 0.641076
vt 0.709768 0.637979
vt 0.764113 0.636502
vt 0.762703 0.623194
vt 0.897407 0.905033
vt 0.890576 0.908745
vt 0.768862 0.620624
vt 0.770484 0.634219
vt 0.906976 0.900451
vt 0.777810 0.617150
vt 0.778399 0.631044
vt 0.790091 0.613271
vt 0.788191 0.629187
vt 0.788872 0.602333
vt 0.802658 0.608832
vt 0.802446 0.600479
vt 0.775639 0.606209
vt 0.764901 0.607939
vt 0.758232 0.611446
vt 0.750169 0.601112
vt 0.735587 0.597106
vt 0.717198 0.602296
vt 0.702558 0.612853
vt 0.695296 0.627449
vt 0.695862 0.645683
vt 0.699566 0.664799
vt 0.675560 0.653538
vt 0.674905 0.626933
vt 0.692811 0.608349
vt 0.656881 0.665404
vt 0.647890 0.644911
vt 0.640721 0.679810
vt 0.628798 0.661321
vt 0.761175 0.763003
vt 0.771875 0.746377
vt 0.758803 0.742455
vt 0.742704 0.737105
vt 0.745697 0.764161
vt 0.659438 0.609499
vt 0.680907 0.597000
vt 0.636969 0.624807
vt 0.616549 0.642534
vt 0.712780 0.596650
vt 0.704471 0.586588
vt 0.685935 0.514900
vt 0.698357 0.500983
vt 0.687148 0.479909
vt 0.668768 0.492400
vt 0.677214 0.456322
vt 0.656130 0.463226
vt 0.670131 0.427515
vt 0.649260 0.432096
vt 0.668040 0.404077
vt 0.649881 0.404555
vt 0.723972 0.731591
vt 0.727917 0.764449
vt 0.768901 0.779758
vt 0.779899 0.793374
vt 0.791584 0.805306
vt 0.805393 0.819038
vt 0.823594 0.826713
vt 0.840676 0.832894
vt 0.847164 0.813889
vt 0.753325 0.784147
vt 0.764419 0.802168
vt 0.777392 0.820342
vt 0.794443 0.845110
vt 0.816422 0.850606
vt 0.832546 0.856640
vt 0.737014 0.788225
vt 0.667629 0.390315
vt 0.654633 0.385708
vt 0.746121 0.809940
vt 0.680159 0.381858
vt 0.665234 0.370744
vt 0.759935 0.832455
vt 0.700112 0.369308
vt 0.680475 0.355556
vt 0.774743 0.857417
vt 0.730968 0.355127
vt 0.704731 0.342907
vt 0.871137 0.743373
vt 0.872541 0.739206
vt 0.874774 0.732552
vt 0.805390 0.703259
vt 0.758905 0.593165
vt 0.772819 0.598316
vt 0.785998 0.593815
vt 0.802207 0.591955
vt 0.735850 0.589769
vt 0.731222 0.577714
vt 0.755463 0.572575
vt 0.780173 0.584817
vt 0.801907 0.582407
vt 0.730671 0.557070
vt 0.737204 0.542896
vt 0.715039 0.522763
vt 0.705966 0.536335
vt 0.758083 0.554925
vt 0.778269 0.572212
vt 0.779458 0.558195
vt 0.781061 0.543680
vt 0.761175 0.539041
vt 0.743073 0.527051
vt 0.725215 0.508466
vt 0.712801 0.488280
vt 0.704834 0.468288
vt 0.697898 0.445903
vt 0.691558 0.419832
vt 0.686748 0.396987
vt 0.783344 0.530407
vt 0.766283 0.523803
vt 0.750080 0.511738
vt 0.735982 0.494566
vt 0.727519 0.475631
vt 0.722826 0.456491
vt 0.718664 0.434671
vt 0.713846 0.409106
vt 0.708919 0.387078
vt 0.800153 0.531963
vt 0.799664 0.518433
vt 0.786228 0.516656
vt 0.772963 0.509206
vt 0.759328 0.498997
vt 0.750044 0.483968
vt 0.799215 0.506271
vt 0.789500 0.506495
vt 0.781994 0.495249
vt 0.768948 0.491230
vt 0.765588 0.478347
vt 0.744582 0.465992
vt 0.762802 0.460434
vt 0.741943 0.447020
vt 0.761117 0.440291
vt 0.739223 0.424869
vt 0.759190 0.418218
vt 0.736375 0.400197
vt 0.758337 0.395506
vt 0.760180 0.373254
vt 0.734253 0.376888
vt 0.767303 0.351046
vt 0.781920 0.362917
vt 0.793782 0.362388
vt 0.793074 0.344775
vt 0.778075 0.394228
vt 0.794992 0.393672
vt 0.794356 0.376509
vt 0.779155 0.377033
vt 0.778607 0.414991
vt 0.795726 0.413405
vt 0.779751 0.437157
vt 0.796556 0.435142
vt 0.780623 0.457735
vt 0.797363 0.456526
vt 0.781769 0.477135
vt 0.798736 0.493144
vt 0.798098 0.476066
vt 0.728253 0.617350
vt 0.733046 0.618714
vt 0.723679 0.618400
vt 0.720133 0.621157
vt 0.718785 0.625378
vt 0.726910 0.638976
vt 0.721793 0.635971
vt 0.718761 0.631549
vt 0.731131 0.638901
vt 0.735258 0.636743
vt 0.738013 0.631964
vt 0.738111 0.627278
vt 0.736553 0.622584
vt 0.728165 0.618825
vt 0.732312 0.620424
vt 0.724005 0.619681
vt 0.726387 0.636385
vt 0.722806 0.634424
vt 0.730369 0.636505
vt 0.735459 0.623367
vt 0.800600 0.544417
vt 0.801091 0.558298
vt 0.801539 0.571263
vt 0.813947 0.872135
vt 0.825920 0.875919
vt 0.785203 0.873587
vt 0.799553 0.869885
vt 0.743363 0.340114
vt 0.722823 0.334244
vt 0.768931 0.337422
vt 0.792661 0.334419
vt 0.810951 0.889249
vt 0.805520 0.901786
vt 0.815519 0.906121
vt 0.820315 0.892204
vt 0.786987 0.883552
vt 0.784218 0.888446
vt 0.794559 0.895682
vt 0.799876 0.886109
vt 0.743920 0.326389
vt 0.735885 0.330022
vt 0.753413 0.333786
vt 0.758280 0.329034
vt 0.774791 0.334117
vt 0.777979 0.329724
vt 0.792559 0.331920
vt 0.792428 0.328715
vt 0.792171 0.322384
vt 0.792038 0.319171
vt 0.777662 0.318465
vt 0.778740 0.322961
vt 0.758804 0.317965
vt 0.759974 0.323724
vt 0.743233 0.317545
vt 0.745923 0.322243
vt 0.779612 0.890681
vt 0.775395 0.893939
vt 0.784743 0.906558
vt 0.789402 0.901455
vt 0.796301 0.917554
vt 0.801363 0.910385
vt 0.809306 0.924141
vt 0.812455 0.915010
vt 0.791553 0.307346
vt 0.791144 0.297345
vt 0.773466 0.296634
vt 0.776711 0.304936
vt 0.753308 0.289205
vt 0.751138 0.300683
vt 0.739129 0.284166
vt 0.713152 0.284575
vt 0.723045 0.295535
vt 0.738406 0.292206
vt 0.751447 0.905772
vt 0.738773 0.911089
vt 0.750035 0.927287
vt 0.756729 0.919102
vt 0.769002 0.923553
vt 0.760219 0.939660
vt 0.768332 0.951488
vt 0.783536 0.941557
vt 0.776989 0.966821
vt 0.790064 0.979978
vt 0.794991 0.965675
vt 0.784679 0.957956
vt 0.791831 0.314094
vt 0.777024 0.312353
vt 0.756922 0.310257
vt 0.738606 0.312441
vt 0.770534 0.897493
vt 0.778995 0.913347
vt 0.791315 0.926842
vt 0.805370 0.935531
vt 0.731446 0.305955
vt 0.763469 0.902059
vt 0.800986 0.948259
vt 0.385466 0.077008
vt 0.370218 0.069264
vt 0.362479 0.078416
vt 0.378174 0.087280
vt 0.497924 0.292609
vt 0.479154 0.290659
vt 0.480961 0.306399
vt 0.498642 0.305597
vt 0.442463 0.381132
vt 0.426712 0.371613
vt 0.427710 0.389423
vt 0.440559 0.397471
vt 0.447187 0.281937
vt 0.434779 0.279509
vt 0.431527 0.289838
vt 0.440578 0.290017
vt 0.416430 0.091796
vt 0.425031 0.093681
vt 0.425404 0.087223
vt 0.413431 0.085043
vt 0.413086 0.152939
vt 0.421612 0.154733
vt 0.417255 0.142133
vt 0.407530 0.140032
vt 0.458503 0.290252
vt 0.459976 0.308623
vt 0.395096 0.097076
vt 0.400792 0.084776
vt 0.463495 0.373130
vt 0.476973 0.380931
vt 0.482435 0.367262
vt 0.472581 0.359118
vt 0.428944 0.336692
vt 0.443391 0.336711
vt 0.444152 0.313825
vt 0.429991 0.317375
vt 0.402579 0.126574
vt 0.393988 0.126266
vt 0.419387 0.106608
vt 0.423011 0.101489
vt 0.418009 0.117815
vt 0.445313 0.360291
vt 0.428134 0.354454
vt 0.377457 0.114311
vt 0.385215 0.114267
vt 0.362695 0.099238
vt 0.358643 0.102272
vt 0.443343 0.298250
vt 0.430824 0.301412
vt 0.498486 0.337089
vt 0.484204 0.347869
vt 0.491963 0.356023
vt 0.502767 0.344677
vt 0.345256 0.091099
vt 0.341199 0.093833
vt 0.460299 0.329229
vt 0.460777 0.390178
vt 0.479565 0.400174
vt 0.456200 0.407888
vt 0.472733 0.420303
vt 0.387046 0.146927
vt 0.376317 0.157513
vt 0.390646 0.174117
vt 0.403626 0.162482
vt 0.411326 0.096928
vt 0.408054 0.103130
vt 0.392344 0.105592
vt 0.405497 0.112215
vt 0.372674 0.095663
vt 0.355266 0.086192
vt 0.480724 0.321982
vt 0.497790 0.318196
vt 0.493190 0.433246
vt 0.498423 0.415409
vt 0.492801 0.392641
vt 0.486186 0.382710
vt 0.376388 0.131065
vt 0.364439 0.143281
vt 0.350113 0.109318
vt 0.337955 0.121579
vt 0.353110 0.132581
vt 0.366104 0.121522
vt 0.335559 0.101558
vt 0.323862 0.112731
vt 0.309390 0.105068
vt 0.319513 0.094584
vt 0.500751 0.365239
vt 0.511034 0.375455
vt 0.521717 0.365601
vt 0.510794 0.354062
vt 0.492684 0.375592
vt 0.501504 0.384438
vt 0.350623 0.159787
vt 0.362133 0.172372
vt 0.338553 0.148792
vt 0.324035 0.137306
vt 0.310159 0.127494
vt 0.296992 0.118739
vt 0.521816 0.387489
vt 0.534074 0.380279
vt 0.512409 0.394538
vt 0.462064 0.348698
vt 0.480642 0.337355
vt 0.497089 0.329089
vt 0.348922 0.090223
vt 0.368675 0.102000
vt 0.390530 0.113211
vt 0.404270 0.120656
vt 0.417013 0.129009
vt 0.504316 0.403183
vt 0.373813 0.186587
vt 0.515083 0.443763
vt 0.523053 0.426888
vt 0.518077 0.413251
vt 0.346009 0.188057
vt 0.356538 0.201158
vt 0.336341 0.177067
vt 0.295376 0.144158
vt 0.308664 0.152632
vt 0.281501 0.134492
vt 0.529697 0.399038
vt 0.545292 0.399561
vt 0.524603 0.407230
vt 0.324665 0.166765
vt 0.546269 0.454144
vt 0.540917 0.442023
vt 0.530458 0.456057
vt 0.535420 0.465732
vt 0.560648 0.437329
vt 0.550085 0.430100
vt 0.328527 0.201008
vt 0.314089 0.211091
vt 0.322083 0.219436
vt 0.337118 0.210766
vt 0.276845 0.179921
vt 0.284056 0.162862
vt 0.271547 0.157515
vt 0.265582 0.174880
vt 0.550552 0.484534
vt 0.562018 0.474595
vt 0.553347 0.461002
vt 0.539477 0.475530
vt 0.241553 0.201628
vt 0.259026 0.212335
vt 0.267361 0.195365
vt 0.253179 0.187990
vt 0.586437 0.444937
vt 0.591504 0.429653
vt 0.577154 0.425042
vt 0.577210 0.439975
vt 0.572950 0.465716
vt 0.565975 0.457713
vt 0.300859 0.246271
vt 0.310951 0.230712
vt 0.301627 0.221442
vt 0.286905 0.233569
vt 0.287204 0.221032
vt 0.297049 0.212073
vt 0.279081 0.215718
vt 0.287541 0.205008
vt 0.278492 0.198639
vt 0.271340 0.209539
vt 0.570684 0.502278
vt 0.580149 0.488577
vt 0.586707 0.475794
vt 0.270482 0.256028
vt 0.284533 0.267260
vt 0.241473 0.232811
vt 0.255041 0.247083
vt 0.269940 0.227221
vt 0.225908 0.220561
vt 0.600826 0.454807
vt 0.612319 0.443375
vt 0.600481 0.519446
vt 0.609209 0.503866
vt 0.220273 0.261573
vt 0.234927 0.274316
vt 0.204562 0.246278
vt 0.608611 0.478626
vt 0.623872 0.493392
vt 0.632630 0.473970
vt 0.614435 0.468309
vt 0.250371 0.283805
vt 0.602131 0.485694
vt 0.263733 0.292557
vt 0.617885 0.531678
vt 0.628923 0.520371
vt 0.640541 0.508012
vt 0.240185 0.302538
vt 0.253882 0.310407
vt 0.205531 0.278818
vt 0.224528 0.292102
vt 0.189397 0.266137
vt 0.649831 0.493045
vt 0.631722 0.542263
vt 0.646195 0.532045
vt 0.656115 0.520923
vt 0.232017 0.317005
vt 0.250043 0.327383
vt 0.194982 0.294524
vt 0.216677 0.306398
vt 0.172178 0.277751
vt 0.664980 0.506614
vt 0.658804 0.540730
vt 0.643606 0.551446
vt 0.668019 0.532065
vt 0.223515 0.329134
vt 0.250021 0.343146
vt 0.211170 0.318612
vt 0.186862 0.307916
vt 0.158609 0.286142
vt 0.677707 0.515286
vt 0.535650 0.418554
vt 0.307770 0.202378
vt 0.320677 0.191630
vt 0.309339 0.181590
vt 0.296932 0.194554
vt 0.287335 0.185928
vt 0.296804 0.170349
vt 0.569250 0.419698
vt 0.559781 0.417258
vt 0.571796 0.448418
vt 0.563434 0.441521
vt 0.593488 0.465872
vt 0.581042 0.455564
vt 0.355715 0.060758
vt 0.349464 0.070074
vt 0.342399 0.076590
vt 0.336618 0.080521
vt 0.332259 0.083337
vt 0.327506 0.087561
vt 0.378055 0.060667
vt 0.361542 0.050752
vt 0.401554 0.074876
vt 0.389932 0.068310
vt 0.480172 0.277396
vt 0.464707 0.275169
vt 0.436826 0.271870
vt 0.426776 0.080984
vt 0.414568 0.078449
vt 0.450742 0.273205
vt 0.498157 0.280472
vt 0.620201 0.577421
vt 0.621869 0.571752
vt 0.609648 0.569100
vt 0.607520 0.574743
vt 0.606124 0.582246
vt 0.620460 0.583839
vt 0.590492 0.577238
vt 0.573348 0.568598
vt 0.631157 0.572167
vt 0.631384 0.577044
vt 0.631500 0.582696
vt 0.639881 0.581431
vt 0.639797 0.574681
vt 0.636141 0.568314
vt 0.343061 0.428717
vt 0.347040 0.437765
vt 0.352210 0.434261
vt 0.348958 0.425598
vt 0.356182 0.425371
vt 0.357777 0.432397
vt 0.353125 0.447693
vt 0.358027 0.443667
vt 0.362040 0.439558
vt 0.362597 0.458691
vt 0.366534 0.453947
vt 0.369566 0.448047
vt 0.604404 0.555994
vt 0.597839 0.551690
vt 0.613415 0.561637
vt 0.622900 0.565540
vt 0.629178 0.568118
vt 0.632150 0.564746
vt 0.360986 0.431619
vt 0.361348 0.426445
vt 0.603940 0.544675
vt 0.609885 0.548786
vt 0.617799 0.554664
vt 0.626488 0.560406
vt 0.376961 0.434938
vt 0.367873 0.429418
vt 0.365106 0.435164
vt 0.373288 0.442512
vt 0.393369 0.440854
vt 0.386467 0.438188
vt 0.375479 0.469168
vt 0.380088 0.462205
vt 0.591077 0.545670
vt 0.586168 0.541135
vt 0.597569 0.538731
vt 0.592801 0.533825
vt 0.402061 0.442830
vt 0.408374 0.445833
vt 0.395272 0.470358
vt 0.390438 0.478070
vt 0.426390 0.460287
vt 0.429140 0.450912
vt 0.443132 0.460282
vt 0.450448 0.452065
vt 0.449320 0.468819
vt 0.440781 0.473047
vt 0.452489 0.483623
vt 0.456381 0.478380
vt 0.467213 0.491033
vt 0.463507 0.494184
vt 0.478957 0.498230
vt 0.473838 0.503131
vt 0.483052 0.511326
vt 0.486763 0.504704
vt 0.495294 0.509055
vt 0.494071 0.516193
vt 0.507116 0.512686
vt 0.505641 0.519661
vt 0.518653 0.523986
vt 0.520069 0.519547
vt 0.536617 0.522562
vt 0.533885 0.528205
vt 0.547004 0.519278
vt 0.548197 0.530332
vt 0.564502 0.532164
vt 0.557260 0.516382
vt 0.578285 0.518811
vt 0.562539 0.504848
vt 0.559458 0.509921
vt 0.571831 0.525939
vt 0.561294 0.546671
vt 0.555527 0.558556
vt 0.546687 0.539479
vt 0.532370 0.534947
vt 0.544215 0.548396
vt 0.531079 0.542208
vt 0.417950 0.469452
vt 0.433331 0.478181
vt 0.412176 0.478194
vt 0.428495 0.483779
vt 0.448190 0.488207
vt 0.459669 0.499143
vt 0.469979 0.510336
vt 0.443739 0.493006
vt 0.456444 0.504422
vt 0.467794 0.515372
vt 0.479855 0.517186
vt 0.477281 0.522123
vt 0.491323 0.522947
vt 0.487647 0.527986
vt 0.501652 0.527358
vt 0.516363 0.531301
vt 0.407405 0.486603
vt 0.425017 0.488846
vt 0.440476 0.496737
vt 0.454018 0.507647
vt 0.466577 0.518498
vt 0.475558 0.524940
vt 0.485296 0.530615
vt 0.605016 0.584875
vt 0.619889 0.586095
vt 0.589144 0.579952
vt 0.571709 0.572690
vt 0.631514 0.584750
vt 0.639122 0.583760
vt 0.341572 0.430655
vt 0.345335 0.438955
vt 0.351873 0.449789
vt 0.361320 0.461346
vt 0.374256 0.472637
vt 0.388434 0.481357
vt 0.550568 0.564050
vt 0.543240 0.553977
vt 0.533507 0.546160
vt 0.513183 0.541475
vt 0.406631 0.490133
vt 0.422625 0.491751
vt 0.437866 0.498412
vt 0.454531 0.509790
vt 0.466316 0.519691
vt 0.473907 0.525260
vt 0.484325 0.531692
vt 0.495563 0.536952
vt 0.605585 0.585986
vt 0.620506 0.587443
vt 0.589496 0.581260
vt 0.571405 0.574464
vt 0.633431 0.587129
vt 0.640432 0.586858
vt 0.338336 0.430831
vt 0.343508 0.438868
vt 0.350448 0.449971
vt 0.359960 0.461777
vt 0.372527 0.473897
vt 0.386666 0.482842
vt 0.550066 0.565944
vt 0.542490 0.555432
vt 0.512882 0.543156
vt 0.405723 0.491674
vt 0.420525 0.493276
vt 0.453005 0.510823
vt 0.466222 0.521522
vt 0.473399 0.527071
vt 0.483141 0.532885
vt 0.494211 0.537864
vt 0.604502 0.587973
vt 0.619405 0.589414
vt 0.586548 0.584190
vt 0.568906 0.578831
vt 0.631863 0.589390
vt 0.640398 0.589572
vt 0.336516 0.432733
vt 0.340983 0.439466
vt 0.346650 0.449391
vt 0.355446 0.461262
vt 0.368095 0.473076
vt 0.383622 0.483433
vt 0.549694 0.568769
vt 0.541473 0.558449
vt 0.505386 0.557705
vt 0.403492 0.494122
vt 0.417817 0.495633
vt 0.441033 0.522980
vt 0.455946 0.534742
vt 0.464483 0.541107
vt 0.475252 0.547413
vt 0.487185 0.552187
vt 0.532209 0.720701
vt 0.539131 0.729447
vt 0.553493 0.705087
vt 0.542648 0.702797
vt 0.626595 0.753824
vt 0.612087 0.776987
vt 0.624441 0.781107
vt 0.635004 0.764226
vt 0.604447 0.742458
vt 0.591268 0.763051
vt 0.598023 0.767102
vt 0.611317 0.745988
vt 0.447213 0.462682
vt 0.454553 0.455279
vt 0.452803 0.469792
vt 0.459651 0.477847
vt 0.468298 0.489202
vt 0.479291 0.495224
vt 0.483930 0.498253
vt 0.490690 0.501061
vt 0.491158 0.498719
vt 0.483977 0.496495
vt 0.496397 0.504161
vt 0.497835 0.502029
vt 0.503767 0.508898
vt 0.505143 0.507746
vt 0.521250 0.517131
vt 0.509321 0.510972
vt 0.535405 0.519545
vt 0.544433 0.517465
vt 0.555215 0.508809
vt 0.553370 0.515014
vt 0.557567 0.502709
vt 0.878485 0.155266
vt 0.874629 0.144703
vt 0.868167 0.146971
vt 0.871521 0.156503
vt 0.884791 0.151963
vt 0.882505 0.144827
vt 0.892564 0.147601
vt 0.888755 0.141530
vt 0.787288 0.155700
vt 0.791023 0.148361
vt 0.783681 0.145813
vt 0.778034 0.151011
vt 0.798383 0.156264
vt 0.800981 0.146850
vt 0.807370 0.158342
vt 0.809667 0.149081
vt 0.815432 0.160143
vt 0.817075 0.151354
vt 0.825280 0.161938
vt 0.825322 0.151662
vt 0.835492 0.163204
vt 0.833642 0.151367
vt 0.842587 0.150551
vt 0.845631 0.163280
vt 0.865174 0.157976
vt 0.861683 0.147641
vt 0.855831 0.148155
vt 0.859742 0.159473
vt 0.850073 0.149496
vt 0.853237 0.161277
vt 0.577801 0.717333
vt 0.561647 0.745858
vt 0.576377 0.753407
vt 0.590320 0.729334
vt 0.597804 0.737597
vt 0.585203 0.758428
vt 0.565766 0.709564
vt 0.549748 0.738419
vt 0.632345 0.777968
vt 0.636641 0.771094
vt 0.873632 0.143238
vt 0.867354 0.145212
vt 0.877477 0.140233
vt 0.878044 0.141311
vt 0.886240 0.136792
vt 0.881746 0.139972
vt 0.792556 0.143314
vt 0.787018 0.141258
vt 0.797603 0.143585
vt 0.810542 0.147098
vt 0.802361 0.145164
vt 0.817189 0.149112
vt 0.825244 0.149346
vt 0.833483 0.148881
vt 0.861311 0.145574
vt 0.855107 0.145868
vt 0.849151 0.146994
vt 0.870397 0.137700
vt 0.866611 0.129440
vt 0.861799 0.130039
vt 0.864987 0.138999
vt 0.871318 0.129579
vt 0.875324 0.136314
vt 0.883027 0.131828
vt 0.878641 0.126097
vt 0.875098 0.128152
vt 0.879648 0.135063
vt 0.795075 0.137863
vt 0.798638 0.131129
vt 0.794422 0.130360
vt 0.790217 0.136226
vt 0.805843 0.138821
vt 0.808307 0.131476
vt 0.803087 0.131540
vt 0.800135 0.138256
vt 0.811921 0.140075
vt 0.813433 0.132161
vt 0.817615 0.141662
vt 0.818862 0.132699
vt 0.825576 0.142117
vt 0.825506 0.133106
vt 0.833406 0.141329
vt 0.831869 0.132874
vt 0.839999 0.139792
vt 0.838532 0.132138
vt 0.846487 0.139348
vt 0.844889 0.131401
vt 0.859537 0.138705
vt 0.856888 0.130876
vt 0.850846 0.131121
vt 0.852423 0.138843
vt 0.872330 0.161754
vt 0.881215 0.168495
vt 0.868423 0.165075
vt 0.867286 0.171892
vt 0.858360 0.173543
vt 0.850105 0.178997
vt 0.836150 0.176434
vt 0.824131 0.171942
vt 0.814487 0.166150
vt 0.805598 0.166224
vt 0.796191 0.167010
vt 0.783720 0.164021
vt 0.770378 0.155607
vt 0.887498 0.161657
vt 0.896544 0.155056
vt 0.841808 0.147699
vt 0.864883 0.117793
vt 0.863308 0.114078
vt 0.858435 0.115131
vt 0.859212 0.118158
vt 0.869007 0.114047
vt 0.868140 0.111339
vt 0.874242 0.112152
vt 0.874193 0.109723
vt 0.802604 0.118128
vt 0.803432 0.115821
vt 0.796940 0.114293
vt 0.796731 0.116576
vt 0.807997 0.121196
vt 0.809238 0.118317
vt 0.814262 0.121796
vt 0.814775 0.119104
vt 0.818921 0.122211
vt 0.819166 0.119307
vt 0.824231 0.122321
vt 0.823967 0.119419
vt 0.830606 0.122169
vt 0.830290 0.119235
vt 0.837341 0.121787
vt 0.836945 0.118858
vt 0.843756 0.121047
vt 0.843419 0.118009
vt 0.854907 0.119212
vt 0.854186 0.116031
vt 0.849479 0.117072
vt 0.849826 0.120235
vt 0.866135 0.127307
vt 0.861214 0.127591
vt 0.856632 0.128282
vt 0.850851 0.128908
vt 0.844588 0.129346
vt 0.838249 0.130284
vt 0.831554 0.130878
vt 0.825007 0.131077
vt 0.818765 0.130564
vt 0.813838 0.130024
vt 0.808411 0.129595
vt 0.803236 0.129877
vt 0.800299 0.123727
vt 0.795909 0.122851
vt 0.875486 0.118698
vt 0.871719 0.120974
vt 0.870740 0.127848
vt 0.869027 0.123193
vt 0.881442 0.138762
vt 0.885864 0.135522
vt 0.792792 0.142054
vt 0.787207 0.139933
vt 0.798094 0.142382
vt 0.803980 0.125344
vt 0.798847 0.129299
vt 0.794162 0.128529
vt 0.878081 0.124358
vt 0.874309 0.126507
vt 0.535238 0.632427
vt 0.525953 0.625673
vt 0.490417 0.494439
vt 0.500898 0.499864
vt 0.685332 0.174982
vt 0.690090 0.175573
vt 0.689864 0.164702
vt 0.685216 0.164388
vt 0.679657 0.174256
vt 0.679518 0.164165
vt 0.673295 0.173691
vt 0.672903 0.164243
vt 0.743919 0.174818
vt 0.750086 0.173009
vt 0.751046 0.163763
vt 0.744486 0.164708
vt 0.738216 0.176349
vt 0.738511 0.165579
vt 0.733369 0.177223
vt 0.733545 0.166031
vt 0.728609 0.177623
vt 0.728794 0.166118
vt 0.724054 0.178059
vt 0.724149 0.166235
vt 0.717992 0.178460
vt 0.717961 0.166318
vt 0.711780 0.178444
vt 0.711404 0.166403
vt 0.705609 0.177878
vt 0.705280 0.165877
vt 0.694941 0.176288
vt 0.699705 0.177019
vt 0.699277 0.165362
vt 0.694582 0.164983
vt 0.857462 0.110553
vt 0.861682 0.109330
vt 0.861791 0.106601
vt 0.857073 0.107619
vt 0.867144 0.107877
vt 0.867374 0.105447
vt 0.873941 0.106393
vt 0.873545 0.104389
vt 0.797426 0.111121
vt 0.804412 0.112654
vt 0.804243 0.110428
vt 0.797950 0.109198
vt 0.810383 0.113934
vt 0.810022 0.111512
vt 0.815041 0.114633
vt 0.814879 0.112117
vt 0.819373 0.114973
vt 0.819572 0.112359
vt 0.823658 0.115231
vt 0.824073 0.112647
vt 0.829834 0.115330
vt 0.829942 0.112719
vt 0.836341 0.114985
vt 0.835956 0.112361
vt 0.842847 0.113943
vt 0.841968 0.111324
vt 0.848798 0.112617
vt 0.853135 0.111468
vt 0.852353 0.108820
vt 0.847704 0.109992
vt 0.683629 0.142541
vt 0.688705 0.142477
vt 0.687893 0.126174
vt 0.682706 0.126340
vt 0.677389 0.143060
vt 0.676375 0.127078
vt 0.670224 0.144018
vt 0.669014 0.128268
vt 0.746328 0.144716
vt 0.753677 0.143450
vt 0.755819 0.127588
vt 0.748156 0.128992
vt 0.739750 0.145885
vt 0.741177 0.130246
vt 0.734439 0.146642
vt 0.735475 0.131064
vt 0.729521 0.146863
vt 0.730179 0.131246
vt 0.724809 0.146645
vt 0.725155 0.130929
vt 0.718481 0.146092
vt 0.718502 0.130228
vt 0.711844 0.145311
vt 0.711700 0.129247
vt 0.705208 0.144285
vt 0.704814 0.128105
vt 0.693777 0.142648
vt 0.698827 0.143321
vt 0.698284 0.127045
vt 0.693097 0.126319
vt 0.856538 0.076902
vt 0.861423 0.076219
vt 0.861622 0.056510
vt 0.856407 0.057164
vt 0.867443 0.075870
vt 0.868064 0.056222
vt 0.874454 0.075929
vt 0.875584 0.056376
vt 0.792203 0.081446
vt 0.799478 0.081657
vt 0.796052 0.062451
vt 0.788246 0.062299
vt 0.806048 0.082063
vt 0.803099 0.062813
vt 0.811395 0.082446
vt 0.808806 0.063172
vt 0.816287 0.082579
vt 0.814061 0.063277
vt 0.821056 0.082484
vt 0.819079 0.063118
vt 0.827411 0.082082
vt 0.825740 0.062645
vt 0.833977 0.081312
vt 0.832555 0.061730
vt 0.840546 0.080159
vt 0.839451 0.060489
vt 0.846750 0.078841
vt 0.851637 0.077674
vt 0.851185 0.057990
vt 0.845986 0.059108
vt 0.856550 0.095347
vt 0.861157 0.094498
vt 0.851913 0.096295
vt 0.847310 0.097423
vt 0.841484 0.098705
vt 0.835382 0.099795
vt 0.829126 0.100320
vt 0.823061 0.100537
vt 0.818438 0.100513
vt 0.813763 0.100300
vt 0.808737 0.099782
vt 0.802667 0.099092
vt 0.795981 0.098534
vt 0.866774 0.093820
vt 0.873239 0.093477
vt 0.860709 0.125228
vt 0.865934 0.124895
vt 0.855986 0.126096
vt 0.850406 0.126739
vt 0.844368 0.127257
vt 0.837971 0.128031
vt 0.831274 0.128620
vt 0.824917 0.128839
vt 0.818898 0.128485
vt 0.813771 0.128026
vt 0.808021 0.127646
vt 0.803473 0.128028
vt 0.799507 0.127143
vt 0.795254 0.126255
vt 0.873168 0.124144
vt 0.876742 0.122142
vt 0.869995 0.125708
vt 0.734548 0.186492
vt 0.729824 0.187272
vt 0.724423 0.187713
vt 0.717984 0.188045
vt 0.711217 0.188216
vt 0.704715 0.188006
vt 0.698555 0.187609
vt 0.693357 0.187035
vt 0.688964 0.186358
vt 0.866364 0.142278
vt 0.872230 0.140587
vt 0.860500 0.142553
vt 0.854071 0.142968
vt 0.848240 0.143901
vt 0.841300 0.144656
vt 0.833462 0.145745
vt 0.825415 0.146187
vt 0.817459 0.145777
vt 0.810960 0.144064
vt 0.803659 0.142455
vt 0.799177 0.140347
vt 0.794135 0.140068
vt 0.789007 0.138222
vt 0.880227 0.136883
vt 0.884153 0.133843
vt 0.876253 0.138195
vt 0.684516 0.182831
vt 0.689410 0.183361
vt 0.693740 0.183855
vt 0.698574 0.184464
vt 0.704734 0.184918
vt 0.711341 0.185305
vt 0.718060 0.185109
vt 0.724463 0.184866
vt 0.729331 0.184469
vt 0.733831 0.183863
vt 0.739522 0.182710
vt 0.745303 0.179972
vt 0.751726 0.177983
vt 0.673406 0.179326
vt 0.679554 0.180630
vt 0.858098 0.113141
vt 0.862915 0.111998
vt 0.853561 0.114394
vt 0.848819 0.115307
vt 0.842950 0.116222
vt 0.836690 0.117052
vt 0.830342 0.117511
vt 0.824257 0.117703
vt 0.819431 0.117677
vt 0.814696 0.117456
vt 0.809363 0.116688
vt 0.803637 0.114158
vt 0.797449 0.112576
vt 0.868001 0.109455
vt 0.873932 0.107880
vt 0.861727 0.105391
vt 0.867314 0.104285
vt 0.873514 0.103298
vt 0.797753 0.108131
vt 0.804085 0.109295
vt 0.809893 0.110339
vt 0.814768 0.110935
vt 0.819458 0.111174
vt 0.823972 0.111436
vt 0.829861 0.111479
vt 0.835899 0.111105
vt 0.841920 0.110062
vt 0.847664 0.108735
vt 0.852309 0.107568
vt 0.857020 0.106391
vt 0.045040 0.892839
vt 0.042203 0.892361
vt 0.039978 0.893837
vt 0.043360 0.893650
vt 0.016268 0.896249
vt 0.018190 0.892827
vt 0.011571 0.894692
vt 0.013814 0.895209
vt 0.017969 0.878051
vt 0.017326 0.865273
vt 0.008479 0.867723
vt 0.010279 0.880268
vt 0.055976 0.865637
vt 0.047335 0.863507
vt 0.045925 0.876304
vt 0.053330 0.878319
vt 0.017773 0.886330
vt 0.009985 0.888369
vt 0.045744 0.886044
vt 0.052996 0.888941
vt 0.023854 0.895986
vt 0.025068 0.892114
vt 0.025819 0.885582
vt 0.026072 0.877163
vt 0.026600 0.864198
vt 0.038760 0.863841
vt 0.036895 0.876931
vt 0.035915 0.885594
vt 0.034488 0.892655
vt 0.033604 0.896855
vt 0.728358 0.619958
vt 0.731717 0.621352
vt 0.724978 0.620644
vt 0.726635 0.634585
vt 0.723340 0.633094
vt 0.730048 0.634569
vt 0.734251 0.623694
vt 0.727270 0.622038
vt 0.729886 0.622738
vt 0.724664 0.622797
vt 0.722718 0.624609
vt 0.726112 0.632498
vt 0.724157 0.631207
vt 0.722565 0.629463
vt 0.728563 0.632704
vt 0.730934 0.631797
vt 0.731970 0.624565
vt 0.732996 0.627143
vt 0.721826 0.627153
vt 0.732757 0.629842
vt 0.946993 0.516981
vt 0.950256 0.517704
vt 0.955699 0.520057
vt 0.961592 0.523293
vt 0.966066 0.526385
vt 0.967700 0.528350
vt 0.965974 0.528565
vt 0.961437 0.526962
vt 0.955530 0.524049
vt 0.950127 0.520752
vt 0.946945 0.518117
vt 0.941167 0.519261
vt 0.945564 0.520236
vt 0.952896 0.523406
vt 0.960837 0.527766
vt 0.966864 0.531931
vt 0.969065 0.534579
vt 0.966740 0.534868
vt 0.960628 0.532709
vt 0.952669 0.528784
vt 0.945390 0.524342
vt 0.941102 0.520792
vt 0.936463 0.523471
vt 0.941463 0.524580
vt 0.949802 0.528185
vt 0.958832 0.533142
vt 0.965686 0.537879
vt 0.968188 0.540889
vt 0.965544 0.541219
vt 0.958593 0.538763
vt 0.949543 0.534301
vt 0.941266 0.529249
vt 0.936390 0.525212
vt 0.933450 0.529103
vt 0.938450 0.530211
vt 0.946788 0.533817
vt 0.955818 0.538774
vt 0.962672 0.543510
vt 0.965174 0.546521
vt 0.962530 0.546851
vt 0.955580 0.544395
vt 0.946529 0.539932
vt 0.938252 0.534881
vt 0.933376 0.530844
vt 0.932489 0.535478
vt 0.936886 0.536452
vt 0.944219 0.539622
vt 0.952159 0.543982
vt 0.958187 0.548147
vt 0.960387 0.550795
vt 0.958062 0.551085
vt 0.951950 0.548925
vt 0.943991 0.545001
vt 0.936712 0.540559
vt 0.932424 0.537008
vt 0.933697 0.541826
vt 0.936961 0.542549
vt 0.942403 0.544903
vt 0.948297 0.548139
vt 0.952771 0.551230
vt 0.954404 0.553195
vt 0.952679 0.553410
vt 0.948142 0.551807
vt 0.942234 0.548894
vt 0.936832 0.545597
vt 0.933649 0.542962
vt 0.877603 0.611134
vt 0.876842 0.609752
vt 0.870441 0.611896
vt 0.871929 0.612835
vt 0.883290 0.612249
vt 0.883597 0.610863
vt 0.887916 0.615745
vt 0.889054 0.614983
vt 0.889674 0.620909
vt 0.891113 0.621102
vt 0.886301 0.633391
vt 0.881481 0.636617
vt 0.882121 0.641360
vt 0.888237 0.636914
vt 0.889549 0.628075
vt 0.891622 0.629751
vt 0.875044 0.641480
vt 0.875837 0.636952
vt 0.868410 0.637640
vt 0.870548 0.634225
vt 0.866819 0.629127
vt 0.864198 0.631142
vt 0.866205 0.623381
vt 0.863598 0.623713
vt 0.867735 0.617553
vt 0.865844 0.616583
vt 0.882458 0.644336
vt 0.889954 0.639940
vt 0.895073 0.632336
vt 0.894858 0.621530
vt 0.891089 0.613291
vt 0.884111 0.608695
vt 0.875642 0.606576
vt 0.867029 0.608261
vt 0.860579 0.614712
vt 0.857258 0.624004
vt 0.859504 0.634597
vt 0.866498 0.641763
vt 0.874159 0.644959
vt 0.832351 0.694576
vt 0.817691 0.696985
vt 0.817256 0.703462
vt 0.830732 0.701900
vt 0.843293 0.692981
vt 0.843153 0.699277
vt 0.852557 0.698505
vt 0.852212 0.691882
vt 0.860369 0.692140
vt 0.861601 0.699442
vt 0.872619 0.700575
vt 0.871513 0.693603
vt 0.884514 0.701730
vt 0.883271 0.695008
vt 0.896063 0.696777
vt 0.896547 0.701831
vt 0.907557 0.698650
vt 0.906736 0.704535
vt 0.913594 0.706955
vt 0.917127 0.702244
vt 0.915104 0.707227
vt 0.919649 0.706808
vt 0.919845 0.780932
vt 0.923840 0.785358
vt 0.926114 0.779899
vt 0.924760 0.774722
vt 0.922412 0.768693
vt 0.919110 0.762341
vt 0.912876 0.767906
vt 0.916229 0.774535
vt 0.909392 0.761817
vt 0.914989 0.755681
vt 0.905081 0.756281
vt 0.908609 0.749013
vt 0.900178 0.751868
vt 0.903957 0.744548
vt 0.894623 0.748209
vt 0.898232 0.740838
vt 0.887490 0.745579
vt 0.888958 0.737975
vt 0.880337 0.741678
vt 0.882549 0.735352
vt 0.895885 0.692418
vt 0.882984 0.690333
vt 0.908409 0.695606
vt 0.919056 0.700499
vt 0.923301 0.705570
vt 0.926582 0.787298
vt 0.929096 0.786935
vt 0.917856 0.784056
vt 0.923349 0.787675
vt 0.910143 0.771308
vt 0.913533 0.777826
vt 0.879121 0.746393
vt 0.886549 0.749452
vt 0.893225 0.752129
vt 0.898529 0.756022
vt 0.902885 0.760383
vt 0.906802 0.765456
vt 0.877957 0.750211
vt 0.885647 0.752589
vt 0.891963 0.755664
vt 0.897401 0.759625
vt 0.901338 0.763429
vt 0.905200 0.768380
vt 0.908227 0.774164
vt 0.910842 0.780854
vt 0.915122 0.788310
vt 0.922477 0.793218
vt 0.927696 0.704916
vt 0.922636 0.698884
vt 0.909634 0.693020
vt 0.896334 0.688851
vt 0.882836 0.685980
vt 0.871180 0.688730
vt 0.860820 0.687269
vt 0.870612 0.683892
vt 0.832695 0.688267
vt 0.818414 0.692435
vt 0.843682 0.686930
vt 0.852529 0.686712
vt 0.860423 0.682179
vt 0.852011 0.680962
vt 0.842615 0.680379
vt 0.832445 0.685290
vt 0.820257 0.690341
vt 0.912465 0.792273
vt 0.921592 0.801040
vt 0.876379 0.753943
vt 0.883228 0.756396
vt 0.889210 0.759811
vt 0.895158 0.763294
vt 0.899173 0.767354
vt 0.902807 0.772186
vt 0.905696 0.777477
vt 0.908439 0.783615
vt 0.926422 0.696261
vt 0.911866 0.690738
vt 0.935738 0.703598
vt 0.932648 0.795489
vt 0.930734 0.789640
vt 0.927379 0.792254
vt 0.926683 0.801033
vt 0.926372 0.805953
vt 0.933901 0.799073
vt 0.919053 0.804966
vt 0.908212 0.798546
vt 0.904645 0.788083
vt 0.903470 0.781594
vt 0.900044 0.779431
vt 0.895376 0.775886
vt 0.891002 0.771632
vt 0.880052 0.764575
vt 0.885974 0.767599
vt 0.873720 0.761948
vt 0.871039 0.768985
vt 0.877370 0.771414
vt 0.892167 0.783482
vt 0.887849 0.777875
vt 0.882907 0.774135
vt 0.885317 0.783331
vt 0.888566 0.784970
vt 0.874384 0.779581
vt 0.880126 0.781602
vt 0.868156 0.777246
vt 0.891371 0.791966
vt 0.888059 0.788921
vt 0.896641 0.807863
vt 0.885396 0.801217
vt 0.880552 0.820792
vt 0.895829 0.823954
vt 0.884069 0.790605
vt 0.877350 0.789132
vt 0.870933 0.785861
vt 0.865490 0.783186
vt 0.873664 0.798497
vt 0.864503 0.815120
vt 0.898265 0.787520
vt 0.898165 0.796686
vt 0.907394 0.810793
vt 0.918715 0.812470
vt 0.930553 0.809472
vt 0.909744 0.824552
vt 0.923576 0.823088
vt 0.937304 0.817511
vt 0.939279 0.801012
vt 0.940771 0.702688
vt 0.930645 0.693945
vt 0.946462 0.696738
vt 0.935082 0.687232
vt 0.957671 0.686180
vt 0.943926 0.674272
vt 0.916054 0.686980
vt 0.920039 0.678931
vt 0.929242 0.665229
vt 0.865198 0.792979
vt 0.862896 0.787558
vt 0.861107 0.802054
vt 0.952271 0.940142
vt 0.952405 0.925612
vt 0.951321 0.954825
vt 0.949578 0.966377
vt 0.948192 0.973467
vt 0.952446 0.911684
vt 0.952271 0.898725
vt 0.810145 0.624022
vt 0.809579 0.616218
vt 0.963757 0.914173
vt 0.963624 0.899557
vt 0.963551 0.928020
vt 0.963498 0.942220
vt 0.962287 0.956035
vt 0.958982 0.966426
vt 0.955775 0.971755
vt 0.949380 0.978975
vt 0.959434 0.974793
vt 0.953127 0.986339
vt 0.967161 0.978773
vt 0.954202 0.987215
vt 0.969412 0.979490
vt 0.966959 0.967940
vt 0.974994 0.969556
vt 0.980054 0.970627
vt 0.978846 0.959506
vt 0.971223 0.957802
vt 0.973012 0.944958
vt 0.980515 0.947973
vt 0.984684 0.962261
vt 0.986268 0.951123
vt 0.846138 0.673424
vt 0.852722 0.674050
vt 0.853516 0.666902
vt 0.847750 0.665006
vt 0.860913 0.669555
vt 0.860480 0.675988
vt 0.870197 0.678183
vt 0.881861 0.681218
vt 0.896732 0.685318
vt 0.869868 0.671917
vt 0.881027 0.674538
vt 0.897552 0.678963
vt 0.898866 0.669068
vt 0.880893 0.667493
vt 0.869579 0.665205
vt 0.860681 0.662004
vt 0.853220 0.658002
vt 0.847230 0.656222
vt 0.987946 0.939445
vt 0.981779 0.935417
vt 0.982823 0.922662
vt 0.989336 0.927041
vt 0.973695 0.931516
vt 0.974346 0.918577
vt 0.851895 0.649136
vt 0.844616 0.646332
vt 0.860754 0.654652
vt 0.851554 0.637147
vt 0.861657 0.646704
vt 0.863736 0.643157
vt 0.856501 0.635343
vt 0.870053 0.658572
vt 0.872045 0.651971
vt 0.872782 0.647244
vt 0.880031 0.660984
vt 0.882906 0.654138
vt 0.882885 0.647961
vt 0.890766 0.659671
vt 0.895346 0.650681
vt 0.892403 0.642792
vt 0.853956 0.623023
vt 0.849700 0.621735
vt 0.856581 0.611793
vt 0.853115 0.609746
vt 0.860511 0.601272
vt 0.863216 0.604619
vt 0.872017 0.598313
vt 0.873225 0.602041
vt 0.886148 0.601356
vt 0.884707 0.605343
vt 0.893684 0.611292
vt 0.897078 0.608641
vt 0.897679 0.620338
vt 0.902750 0.619542
vt 0.903106 0.635376
vt 0.897659 0.632559
vt 0.843352 0.633791
vt 0.843957 0.620257
vt 0.990474 0.914447
vt 0.984108 0.910017
vt 0.837583 0.617864
vt 0.836767 0.631556
vt 0.975144 0.904431
vt 0.828310 0.614711
vt 0.828513 0.628329
vt 0.815553 0.611757
vt 0.818510 0.626427
vt 0.816326 0.601562
vt 0.829783 0.603988
vt 0.840747 0.605143
vt 0.847807 0.608249
vt 0.855091 0.597577
vt 0.869290 0.592908
vt 0.888163 0.597172
vt 0.903421 0.606991
vt 0.911515 0.621226
vt 0.911970 0.639524
vt 0.909305 0.658864
vt 0.932660 0.646310
vt 0.931863 0.619631
vt 0.912909 0.601961
vt 0.951933 0.657208
vt 0.959823 0.636225
vt 0.968805 0.670781
vt 0.979750 0.651649
vt 0.946399 0.826201
vt 0.960844 0.811346
vt 0.948088 0.806489
vt 0.976870 0.816911
vt 0.957951 0.836563
vt 0.946354 0.601378
vt 0.924158 0.589973
vt 0.969652 0.615552
vt 0.990993 0.632222
vt 0.892241 0.591281
vt 0.899947 0.580774
vt 0.912807 0.506451
vt 0.928267 0.482687
vt 0.909013 0.471588
vt 0.899400 0.493477
vt 0.938695 0.452589
vt 0.917158 0.447282
vt 0.943200 0.420968
vt 0.922045 0.417973
vt 0.940486 0.393501
vt 0.922347 0.394405
vt 0.995090 0.823942
vt 0.971862 0.847638
vt 0.930026 0.834767
vt 0.912976 0.838832
vt 0.896415 0.841130
vt 0.877075 0.843542
vt 0.857972 0.838467
vt 0.939670 0.847758
vt 0.919840 0.855258
vt 0.898425 0.861714
vt 0.869708 0.870839
vt 0.848962 0.861707
vt 0.950083 0.860957
vt 0.934304 0.375038
vt 0.921698 0.380625
vt 0.929547 0.872617
vt 0.922583 0.360893
vt 0.908701 0.373055
vt 0.904732 0.881981
vt 0.906226 0.346833
vt 0.887744 0.362079
vt 0.877685 0.892679
vt 0.881042 0.336070
vt 0.855848 0.350290
vt 0.845749 0.590097
vt 0.832104 0.596003
vt 0.818630 0.592726
vt 0.868697 0.585524
vt 0.872562 0.573224
vt 0.847749 0.569302
vt 0.823805 0.583155
vt 0.871296 0.551919
vt 0.894408 0.529359
vt 0.884370 0.516477
vt 0.863746 0.538242
vt 0.843809 0.551813
vt 0.822682 0.556612
vt 0.824859 0.570499
vt 0.820045 0.542247
vt 0.839555 0.536164
vt 0.856731 0.522850
vt 0.873172 0.502960
vt 0.884057 0.481875
vt 0.890513 0.461316
vt 0.895751 0.438442
vt 0.900099 0.411929
vt 0.903151 0.388742
vt 0.833346 0.521325
vt 0.816817 0.529166
vt 0.848619 0.508080
vt 0.861410 0.489887
vt 0.868440 0.470353
vt 0.871689 0.450898
vt 0.874197 0.428808
vt 0.877063 0.402915
vt 0.880402 0.380496
vt 0.812926 0.515656
vt 0.838455 0.496052
vt 0.825611 0.507253
vt 0.846600 0.480363
vt 0.808988 0.505731
vt 0.828288 0.489020
vt 0.815574 0.494013
vt 0.830679 0.475919
vt 0.850707 0.462017
vt 0.832121 0.457843
vt 0.851916 0.442893
vt 0.832286 0.437629
vt 0.852953 0.420591
vt 0.832535 0.415477
vt 0.853986 0.395838
vt 0.831686 0.392814
vt 0.854326 0.372274
vt 0.828171 0.370618
vt 0.819288 0.348990
vt 0.805654 0.361919
vt 0.811877 0.393120
vt 0.809566 0.375656
vt 0.812922 0.413746
vt 0.813465 0.435908
vt 0.814147 0.456487
vt 0.814467 0.475907
vt 0.873457 0.614533
vt 0.878114 0.612989
vt 0.882642 0.613838
vt 0.886286 0.616286
vt 0.887869 0.620392
vt 0.885373 0.631342
vt 0.880337 0.634481
vt 0.888275 0.626718
vt 0.876151 0.634547
vt 0.872070 0.632561
vt 0.869210 0.628029
vt 0.868902 0.623338
vt 0.870189 0.618524
vt 0.874251 0.616120
vt 0.878325 0.614438
vt 0.882489 0.615152
vt 0.884226 0.629941
vt 0.880563 0.631937
vt 0.876649 0.632092
vt 0.871188 0.619120
vt 0.837694 0.880267
vt 0.850437 0.887317
vt 0.859468 0.899068
vt 0.842279 0.336252
vt 0.862297 0.328800
vt 0.816562 0.335546
vt 0.829520 0.895619
vt 0.826072 0.908850
vt 0.851915 0.905865
vt 0.840186 0.899944
vt 0.838471 0.910779
vt 0.851074 0.911447
vt 0.840606 0.322552
vt 0.826503 0.326340
vt 0.831744 0.330708
vt 0.848921 0.325577
vt 0.810453 0.332712
vt 0.806917 0.328583
vt 0.805606 0.321899
vt 0.806311 0.317333
vt 0.824378 0.321171
vt 0.825065 0.315330
vt 0.840550 0.313625
vt 0.838263 0.318548
vt 0.853321 0.916055
vt 0.838971 0.918510
vt 0.839486 0.925396
vt 0.854629 0.921223
vt 0.824043 0.918185
vt 0.823604 0.926947
vt 0.806136 0.303781
vt 0.808658 0.295265
vt 0.831214 0.297541
vt 0.828034 0.286350
vt 0.841629 0.280284
vt 0.843087 0.288156
vt 0.858615 0.290241
vt 0.867480 0.278525
vt 0.865985 0.945065
vt 0.853629 0.952326
vt 0.853884 0.962900
vt 0.872673 0.956992
vt 0.841310 0.948389
vt 0.818843 0.953703
vt 0.824713 0.970885
vt 0.838334 0.966496
vt 0.808466 0.977659
vt 0.807865 0.965939
vt 0.806442 0.311192
vt 0.826293 0.307501
vt 0.844719 0.308167
vt 0.839796 0.934260
vt 0.856242 0.926999
vt 0.821790 0.937324
vt 0.851242 0.301203
vt 0.858902 0.934860
vt 0.878191 0.615557
vt 0.874847 0.616996
vt 0.881559 0.616176
vt 0.880267 0.630140
vt 0.883650 0.628734
vt 0.876987 0.630122
vt 0.872396 0.619416
vt 0.876494 0.618054
vt 0.879269 0.617347
vt 0.881961 0.618014
vt 0.883984 0.619784
vt 0.883070 0.626694
vt 0.881037 0.627920
vt 0.884429 0.624761
vt 0.878438 0.628073
vt 0.876152 0.627340
vt 0.873748 0.622765
vt 0.874544 0.620096
vt 0.884943 0.622227
vt 0.874317 0.625508
vt 0.362120 0.882689
vt 0.361783 0.882532
vt 0.553569 0.165810
vt 0.276580 0.388592
vt 0.725631 0.834117
vt 0.730291 0.832731
vt 0.592430 0.832714
vt 0.596999 0.831403
vt 0.540706 0.409464
vn 0.2092 0.0860 0.9741
vn 0.2096 0.0871 0.9739
vn 0.2113 0.0869 0.9735
vn 0.2108 0.0863 0.9737
vn 0.2169 0.0936 0.9717
vn 0.2109 0.0843 0.9739
vn 0.2260 0.1008 0.9689
vn 0.2156 0.0885 0.9725
vn 0.2351 0.1130 0.9654
vn 0.2249 0.0967 0.9696
vn 0.2662 0.1290 0.9553
vn 0.2345 0.0949 0.9675
vn 0.3264 0.1305 0.9362
vn 0.2553 0.0920 0.9625
vn 0.3697 0.0888 0.9249
vn 0.3125 0.0961 0.9450
vn 0.3822 0.0404 0.9232
vn 0.3685 0.0567 0.9279
vn 0.0257 0.7186 0.6950
vn -0.1674 0.5024 0.8483
vn 0.0088 0.1875 0.9822
vn -0.1639 -0.0388 0.9857
vn -0.0068 -0.2805 0.9598
vn 0.1654 -0.1176 0.9792
vn 0.2129 0.4364 0.8742
vn 0.0215 0.8274 0.5612
vn -0.1825 0.6012 0.7780
vn 0.0078 0.2830 0.9591
vn -0.1629 0.0408 0.9858
vn -0.0041 -0.1858 0.9826
vn 0.1655 -0.0189 0.9860
vn 0.2210 0.5509 0.8048
vn -0.0046 0.8442 -0.5360
vn -0.2764 0.9232 -0.2671
vn -0.0392 0.8704 0.4907
vn -0.2662 0.5607 0.7841
vn -0.0397 0.3219 0.9460
vn 0.1405 0.5197 0.8427
vn 0.2226 0.9744 0.0320
vn 0.3204 0.6135 0.7218
vn 0.1903 0.3098 0.9316
vn 0.3102 0.1080 0.9445
vn 0.0879 -0.2152 0.9726
vn 0.3418 -0.6057 0.7185
vn 0.4173 -0.4429 0.7935
vn 0.5524 0.6424 0.5311
vn -0.0191 0.3897 0.9208
vn -0.0106 0.3502 0.9366
vn -0.2596 0.4115 0.8737
vn -0.6227 0.4442 -0.6441
vn -0.0384 -0.3333 -0.9421
vn -0.0413 -0.2808 -0.9589
vn -0.1496 0.1545 -0.9766
vn -0.6674 0.0821 -0.7402
vn -0.1693 0.1682 -0.9711
vn -0.2113 -0.1520 -0.9655
vn -0.4703 -0.1469 -0.8702
vn -0.0322 0.0404 -0.9987
vn -0.1219 0.1566 -0.9801
vn -0.1096 0.1877 -0.9761
vn -0.1131 0.3855 -0.9157
vn -0.5720 -0.6048 -0.5541
vn 0.1002 0.6100 0.7861
vn -0.1000 0.6100 0.7860
vn -0.0000 0.1643 0.9864
vn -0.1989 0.1610 0.9667
vn -0.0836 -0.2387 0.9675
vn 0.0835 -0.2387 0.9675
vn 0.1989 0.1610 0.9667
vn 0.0192 0.6744 0.7382
vn 0.0318 -0.9933 0.1115
vn 0.1053 0.8975 0.4282
vn 0.0227 -0.6830 0.7301
vn 0.1614 0.5616 -0.8115
vn 0.1631 0.7392 -0.6534
vn 0.2208 -0.9747 -0.0344
vn 0.0098 0.9918 0.1276
vn 0.1543 -0.8711 -0.4662
vn 0.0987 -0.1121 -0.9888
vn 0.0222 0.3087 0.9509
vn 0.1238 -0.5519 -0.8247
vn 0.1153 0.0060 0.9933
vn 0.0165 -0.0145 -0.9998
vn 0.1587 0.0440 0.9864
vn -0.0191 0.6744 0.7382
vn -0.1052 0.8975 0.4282
vn -0.0318 -0.9932 0.1116
vn -0.0226 -0.6830 0.7301
vn -0.1632 0.7392 -0.6534
vn -0.1615 0.5615 -0.8116
vn -0.2209 -0.9747 -0.0345
vn -0.1544 -0.8712 -0.4661
vn -0.0097 0.9918 0.1276
vn -0.0986 -0.1121 -0.9888
vn -0.1238 -0.5519 -0.8247
vn -0.0222 0.3087 0.9509
vn -0.1152 0.0060 0.9933
vn -0.1587 0.0440 0.9863
vn -0.0165 -0.0145 -0.9998
vn 0.0994 0.5973 0.7958
vn -0.0993 0.5974 0.7958
vn -0.0000 0.1536 0.9881
vn -0.1985 0.1505 0.9685
vn -0.0838 -0.2496 0.9647
vn 0.0838 -0.2496 0.9647
vn 0.1984 0.1505 0.9685
vn 0.0968 0.5530 0.8275
vn -0.0968 0.5530 0.8275
vn -0.0000 0.1165 0.9932
vn -0.1970 0.1142 0.9737
vn -0.0850 -0.2884 0.9537
vn 0.0849 -0.2884 0.9537
vn 0.1970 0.1142 0.9737
vn 0.1033 0.6625 -0.7419
vn -0.1032 0.6625 -0.7419
vn -0.0000 0.9998 0.0221
vn -0.3002 0.9538 0.0135
vn -0.1019 0.6408 0.7609
vn 0.1019 0.6408 0.7609
vn 0.3002 0.9538 0.0135
vn 0.1033 0.6625 -0.7420
vn 0.1155 0.8464 -0.5198
vn -0.1155 0.8464 -0.5198
vn -0.0000 0.9219 0.3875
vn -0.2876 0.8829 0.3712
vn -0.0917 0.4541 0.8862
vn 0.0917 0.4542 0.8862
vn 0.2876 0.8829 0.3712
vn 0.1001 0.6101 0.7860
vn -0.1001 0.6100 0.7860
vn -0.0835 -0.2387 0.9675
vn 0.0836 -0.2387 0.9675
vn 0.0993 0.5973 0.7958
vn -0.1984 0.1505 0.9685
vn 0.0837 -0.2496 0.9647
vn 0.0969 0.5530 0.8275
vn -0.1970 0.1143 0.9737
vn -0.0850 -0.2885 0.9537
vn 0.0850 -0.2884 0.9537
vn 0.1033 0.6624 -0.7420
vn -0.3002 0.9538 0.0136
vn -0.1155 0.8465 -0.5198
vn -0.0916 0.4541 0.8862
vn 0.0917 0.4541 0.8862
vn 0.2876 0.8829 0.3711
vn 0.0191 0.6744 0.7382
vn 0.1052 0.8975 0.4282
vn 0.0226 -0.6830 0.7301
vn 0.1632 0.7392 -0.6534
vn 0.2209 -0.9747 -0.0345
vn 0.0986 -0.1121 -0.9888
vn -0.0318 -0.9933 0.1115
vn -0.1543 -0.8712 -0.4661
vn -0.0098 0.9918 0.1276
vn -0.0987 -0.1122 -0.9888
vn -0.0222 0.3086 0.9509
vn -0.1153 0.0060 0.9933
vn -0.1587 0.0440 0.9864
vn -0.1056 0.2824 0.9535
vn -0.6994 0.0701 0.7113
vn -0.0187 0.2757 0.9611
vn -0.0421 0.8501 -0.5249
vn -0.0261 0.1621 0.9864
vn 0.0010 0.7785 0.6276
vn -0.0944 -0.3207 -0.9425
vn -0.9666 -0.2197 0.1320
vn -0.1757 -0.2257 -0.9582
vn 0.1067 0.2836 0.9530
vn 0.0191 0.2749 0.9613
vn 0.6997 0.0701 0.7110
vn 0.0388 0.8557 -0.5160
vn -0.0062 0.7869 0.6171
vn 0.0245 0.1720 0.9848
vn 0.0946 -0.3207 -0.9424
vn 0.1757 -0.2256 -0.9582
vn 0.9666 -0.2197 0.1320
vn 0.0095 0.1429 -0.9897
vn 0.0041 0.7951 -0.6065
vn 1.0000 -0.0000 -0.0000
vn 0.0158 -0.4539 -0.8909
vn 0.0205 -0.9996 0.0203
vn 0.0085 -0.4378 0.8990
vn 0.0014 0.1519 0.9884
vn -0.0009 0.8004 0.5994
vn -0.0038 0.7955 -0.6059
vn -0.0098 0.1433 -0.9896
vn -1.0000 -0.0000 -0.0000
vn -0.0164 -0.4538 -0.8910
vn -0.0210 -0.9996 0.0210
vn -0.0082 -0.4373 0.8993
vn -0.0008 0.1521 0.9884
vn 0.0016 0.8003 0.5996
vn 0.0330 0.9803 0.1945
vn -0.3440 0.7783 0.5253
vn -0.3268 -0.2670 0.9066
vn -0.0174 -0.5874 0.8091
vn 0.3030 -0.4101 0.8603
vn 0.4505 0.6929 0.5630
vn 0.0287 0.9001 -0.4348
vn -0.4601 0.8276 -0.3216
vn -0.5842 -0.6918 0.4244
vn -0.0287 -0.9000 0.4349
vn 0.4599 -0.8276 0.3217
vn 0.5842 0.6918 -0.4244
vn 0.0254 0.9993 -0.0288
vn -0.3726 0.8494 0.3737
vn -0.3128 -0.1945 0.9297
vn -0.0116 -0.4791 0.8777
vn 0.2961 -0.3007 0.9066
vn 0.4606 0.7888 0.4071
vn 0.0201 0.8029 -0.5958
vn -0.4560 0.7464 -0.4847
vn -0.5415 -0.6365 0.5492
vn -0.0200 -0.8029 0.5957
vn 0.4559 -0.7463 0.4849
vn 0.5416 0.6366 -0.5490
vn 0.0143 0.5237 -0.8518
vn -0.3440 0.5710 -0.7454
vn -0.4066 0.2094 0.8893
vn -0.0340 0.0423 0.9985
vn 0.2281 0.2473 0.9417
vn 0.4063 0.8231 -0.3967
vn 0.0261 0.2276 -0.9734
vn -0.3062 0.1144 -0.9451
vn -0.4952 -0.3392 0.7998
vn -0.0261 -0.2276 0.9734
vn 0.3063 -0.1145 0.9450
vn 0.4951 0.3393 -0.7998
vn 0.8787 0.2974 0.3734
vn -0.1443 0.4555 0.8784
vn 0.1380 -0.1495 0.9791
vn 0.2206 -0.1761 0.9593
vn 0.0588 -0.9980 0.0251
vn -0.8313 0.4633 -0.3072
vn 0.2345 0.8674 -0.4389
vn 0.1526 0.4803 0.8637
vn 0.4879 -0.3754 0.7881
vn -0.5773 0.8135 -0.0704
vn -0.1573 -0.4435 -0.8824
vn -0.9796 -0.0650 -0.1902
vn -0.5349 -0.3801 0.7546
vn 0.4171 0.1458 0.8971
vn 0.3765 0.7818 -0.4971
vn -0.1856 0.3421 0.9211
vn -0.0380 0.0407 -0.9984
vn -0.0075 -0.0232 -0.9997
vn 0.0799 0.0298 -0.9964
vn -0.3085 0.0718 -0.9485
vn 0.0281 0.0130 0.9995
vn 0.0478 0.0213 0.9986
vn 0.2931 -0.1436 0.9452
vn 0.2174 0.0063 0.9761
vn -0.0446 -0.1013 0.9938
vn -0.8227 -0.1286 0.5537
vn -0.2839 -0.5511 0.7846
vn -0.7187 -0.6275 -0.2995
vn -0.0128 0.0579 -0.9982
vn -0.0066 0.1590 -0.9873
vn 0.0046 0.1841 -0.9829
vn 0.0008 0.0914 -0.9958
vn 0.0456 0.1184 -0.9919
vn 0.0267 0.2114 -0.9770
vn 0.3910 0.2416 0.8881
vn 0.5297 0.0659 0.8456
vn -0.0055 0.0078 1.0000
vn 0.0043 0.0042 1.0000
vn 0.0199 -0.0252 0.9995
vn 0.0060 -0.0141 0.9999
vn -0.0206 -0.0643 0.9977
vn -0.7998 -0.5740 -0.1759
vn 0.0081 0.8624 -0.5062
vn 0.0041 0.6778 0.7353
vn 0.0085 0.6454 0.7638
vn 0.0177 0.7971 -0.6036
vn 0.4556 0.5472 0.7022
vn 0.0563 0.7448 -0.6649
vn 0.0520 0.5842 0.8100
vn 0.4835 0.3625 0.7968
vn -0.0017 -0.8903 -0.4554
vn -0.0038 -0.2883 0.9575
vn -0.0015 -0.2861 0.9582
vn 0.0170 -0.4677 -0.8837
vn -0.9327 0.0957 0.3477
vn -0.0895 -0.8178 -0.5686
vn -0.0211 -0.5972 0.8018
vn -0.5869 0.0171 -0.8095
vn 0.0109 0.3221 0.9466
vn 0.0217 0.3265 0.9449
vn 0.1030 0.7651 0.6356
vn 0.0155 0.2450 0.9694
vn 0.3950 0.6058 0.6906
vn 0.8084 0.2640 0.5261
vn 0.5495 -0.0003 0.8355
vn 0.0410 0.1805 0.9827
vn -0.0212 -0.2389 -0.9708
vn -0.0196 -0.2863 -0.9579
vn -0.0080 -0.2048 -0.9788
vn -0.0034 -0.1631 -0.9866
vn -0.9974 0.0302 -0.0649
vn -0.0177 -0.2629 -0.9647
vn -0.0297 -0.2355 -0.9714
vn -0.9483 -0.0711 0.3094
vn 0.9086 -0.0811 -0.4097
vn 0.9892 -0.0008 -0.1462
vn -0.0110 -0.0017 -0.9999
vn 0.0683 -0.1581 -0.9851
vn 0.0462 -0.2770 0.9598
vn 0.1102 -0.4222 -0.8998
vn 0.0335 -0.0417 0.9986
vn 0.0753 -0.0459 0.9961
vn -0.9498 -0.2983 -0.0946
vn -0.0229 -0.0282 -0.9993
vn -0.0082 -0.0063 -0.9999
vn 0.0164 0.6542 0.7562
vn 0.0255 0.6296 -0.7765
vn -0.0453 0.2489 0.9675
vn -0.0307 0.2089 0.9775
vn 0.2545 -0.4334 0.8645
vn 0.2997 0.6683 0.6809
vn -0.0944 -0.1775 0.9796
vn 0.1697 -0.2598 0.9506
vn 0.4187 -0.2662 -0.8682
vn 0.8409 0.5282 -0.1176
vn -0.0190 0.0442 -0.9988
vn -0.0503 0.0363 -0.9981
vn 0.0861 -0.8517 -0.5169
vn 0.3222 -0.8915 -0.3183
vn -0.2835 -0.1048 0.9532
vn 0.0879 -0.5472 -0.8323
vn -0.4829 -0.8150 0.3202
vn -0.5993 -0.1029 -0.7939
vn -0.7140 -0.6967 0.0691
vn 0.0125 -0.0660 -0.9977
vn 0.3847 -0.2106 -0.8987
vn 0.3213 0.4418 0.8376
vn -0.0135 0.0433 -0.9990
vn 0.6075 -0.3979 -0.6875
vn 0.0207 0.0674 -0.9975
vn -0.0972 0.1148 -0.9886
vn 0.0519 0.5842 0.8100
vn 0.0563 0.7448 -0.6650
vn 0.2300 0.6768 0.6993
vn 0.0409 0.1806 0.9827
vn -0.5920 0.6724 0.4442
vn -0.5320 -0.3920 0.7505
vn -0.1071 0.3190 0.9417
vn -0.2777 0.4356 0.8562
vn -0.0151 0.2747 0.9614
vn -0.0431 -0.2387 -0.9701
vn -0.0200 -0.2611 -0.9651
vn -0.0483 0.2469 0.9678
vn -0.0228 0.6979 -0.7159
vn -0.0768 -0.6891 0.7206
vn -0.1107 -0.8229 -0.5572
vn -0.0052 0.8711 0.4911
vn -0.0441 -0.0659 0.9968
vn -0.0301 -0.0973 0.9948
vn -0.0697 0.0600 -0.9958
vn 0.5100 -0.1298 -0.8503
vn 0.5057 0.0292 -0.8622
vn 0.3169 -0.0677 0.9460
vn 0.1454 -0.0671 0.9871
vn 0.0007 0.0423 -0.9991
vn 0.0012 -0.1081 -0.9941
vn -0.2114 -0.1930 0.9581
vn -0.3634 -0.4050 0.8390
vn -0.1625 -0.7904 -0.5907
vn 0.0312 0.7592 0.6502
vn 0.0576 0.8215 -0.5672
vn -0.2259 -0.8792 0.4195
vn -0.0463 -0.2053 -0.9776
vn -0.0474 0.2471 0.9678
vn -0.0198 0.2290 0.9732
vn -0.0750 -0.1773 -0.9813
vn -0.0273 -0.0607 0.9978
vn -0.0300 -0.0973 0.9948
vn -0.1107 -0.8229 -0.5573
vn -0.0769 -0.6891 0.7206
vn -0.0201 -0.2613 -0.9651
vn 0.0266 0.2113 -0.9770
vn -0.2295 0.1341 -0.9640
vn -0.1659 0.0221 -0.9859
vn 0.7639 -0.2483 -0.5956
vn 0.3544 -0.4800 -0.8025
vn 0.2668 -0.6752 -0.6877
vn 0.1075 -0.2862 -0.9521
vn 0.0277 -0.0202 0.9994
vn 0.0144 -0.0095 0.9999
vn 0.8900 -0.4559 0.0049
vn 0.0800 -0.0238 -0.9965
vn 0.2092 -0.0071 -0.9778
vn 0.9069 -0.2088 0.3660
vn 0.8199 -0.5617 -0.1105
vn 0.2428 -0.1214 -0.9625
vn 0.0926 -0.0554 0.9942
vn 0.5575 -0.7729 0.3030
vn 0.3479 -0.8753 0.3357
vn 0.6106 -0.2695 0.7447
vn -0.4840 -0.0734 0.8720
vn 0.9704 -0.1096 -0.2153
vn 0.6029 0.3751 -0.7042
vn 0.7008 0.1781 0.6908
vn 0.7368 -0.1459 0.6601
vn 0.4373 -0.4762 -0.7629
vn 0.2413 -0.1224 -0.9627
vn -0.1623 -0.3049 -0.9384
vn 0.4813 -0.1720 -0.8595
vn 0.3795 0.1453 0.9137
vn 0.2243 -0.0065 -0.9745
vn 0.0343 -0.0207 -0.9992
vn 0.2348 -0.1045 -0.9664
vn -0.0206 0.0285 -0.9994
vn 0.0076 -0.3006 -0.9537
vn 0.0007 -0.2337 -0.9723
vn -0.0304 -0.9544 -0.2971
vn -0.0203 -0.3590 0.9331
vn -0.0104 0.0093 0.9999
vn -0.0043 0.0132 0.9999
vn 0.0068 -0.0137 0.9999
vn 0.0350 -0.0602 0.9976
vn 0.0369 -0.2716 0.9617
vn 0.5995 0.2426 0.7627
vn 0.1101 0.7361 0.6679
vn 0.1808 -0.3776 0.9082
vn 0.8037 -0.5939 -0.0364
vn 0.5381 -0.0393 -0.8419
vn 0.2949 0.0615 -0.9535
vn 0.1625 0.1407 -0.9766
vn 0.1107 0.0732 -0.9912
vn -0.0124 -0.7165 -0.6975
vn -0.6176 -0.7137 0.3306
vn -0.0469 0.0870 -0.9951
vn -0.0135 0.0545 -0.9984
vn -0.0108 0.1212 -0.9926
vn 0.0061 0.8415 -0.5403
vn 0.0230 0.7388 0.6735
vn 0.0054 0.3338 0.9426
vn -0.0075 0.3259 0.9454
vn -0.5140 -0.8522 -0.0979
vn -0.6540 -0.7556 0.0369
vn -0.8090 -0.3433 0.4772
vn -0.9157 0.0508 -0.3986
vn -0.6439 0.6536 -0.3977
vn -0.2130 0.8564 -0.4703
vn 0.1721 -0.0699 0.9826
vn 0.4654 0.1256 0.8761
vn 0.5008 -0.1122 0.8583
vn 0.5371 -0.1928 0.8212
vn 0.7242 -0.3691 -0.5824
vn 0.2628 -0.1310 -0.9559
vn 0.1470 -0.0995 -0.9841
vn -0.1099 0.0883 -0.9900
vn -0.0398 0.1204 -0.9919
vn 0.0875 0.0744 -0.9934
vn 0.2908 0.1290 -0.9481
vn 0.4222 0.8625 -0.2791
vn -0.4382 -0.3836 0.8129
vn -0.2084 -0.9753 0.0733
vn -0.0513 -0.4637 -0.8845
vn -0.2440 -0.3842 -0.8904
vn -0.4485 -0.2443 -0.8597
vn 0.0094 0.0990 -0.9950
vn -0.2066 0.9784 0.0013
vn -0.5035 0.8383 0.2090
vn -0.3939 -0.6613 -0.6384
vn 0.1284 0.8234 0.5527
vn -0.4548 -0.6810 0.5739
vn -0.6979 0.6555 0.2884
vn -0.5162 0.5896 0.6213
vn -0.8150 0.4890 -0.3108
vn 0.9855 0.1508 -0.0776
vn 0.6789 -0.2931 -0.6732
vn 0.7310 -0.0218 -0.6820
vn 0.9910 0.0760 -0.1106
vn 0.1148 0.7707 0.6267
vn -0.0639 0.1606 0.9849
vn -0.0917 -0.2750 -0.9571
vn -0.0468 -0.3019 -0.9522
vn -0.0714 -0.4276 -0.9011
vn -0.0349 -0.3538 -0.9347
vn -0.0054 -0.5848 -0.8112
vn 0.0168 -0.4015 -0.9157
vn -0.0276 -0.7943 -0.6069
vn -0.0805 0.8068 0.5853
vn -0.0847 0.4588 0.8845
vn -0.0046 -0.4613 -0.8872
vn -0.0729 0.4570 0.8865
vn -0.0708 0.8036 0.5909
vn -0.9788 0.1701 -0.1142
vn -0.9914 0.0860 -0.0990
vn 0.0037 -0.7643 -0.6448
vn -0.0031 -0.4551 -0.8904
vn 0.0053 -0.7680 -0.6405
vn 0.0035 -0.4599 -0.8879
vn -0.0639 0.3976 0.9153
vn 0.0034 -0.4599 -0.8880
vn 0.0053 -0.7679 -0.6405
vn -0.0883 0.8052 0.5864
vn 0.1492 0.8826 0.4458
vn -0.3908 -0.7107 -0.5849
vn -0.5279 -0.1764 -0.8308
vn 0.0408 0.8780 0.4769
vn -0.4014 -0.1524 0.9032
vn 0.0662 0.7404 0.6689
vn 0.5986 0.3451 0.7229
vn -0.4674 0.4180 0.7790
vn 0.9826 -0.0407 -0.1812
vn 0.0455 -0.9128 0.4058
vn 0.5594 -0.4386 -0.7033
vn 0.9184 -0.3309 -0.2169
vn 0.3821 0.5404 0.7496
vn 0.0814 0.1944 0.9775
vn -0.5712 -0.7898 -0.2235
vn -0.1179 -0.5408 -0.8328
vn -0.2367 -0.8963 -0.3750
vn 0.2353 -0.4858 -0.8418
vn 0.4963 -0.2476 -0.8321
vn -0.0266 -0.5278 -0.8489
vn -0.1097 -0.3668 -0.9238
vn -0.0192 0.3494 0.9368
vn -0.0369 0.6016 0.7980
vn -0.1655 -0.5411 -0.8245
vn -0.0566 0.6183 0.7839
vn -0.0222 0.3516 0.9359
vn -0.8580 0.2762 -0.4330
vn -0.8794 0.1228 -0.4599
vn -0.0108 -0.3460 -0.9382
vn 0.0127 -0.5788 -0.8154
vn -0.0181 -0.3621 -0.9320
vn -0.0066 -0.5833 -0.8122
vn -0.1015 0.6580 0.7461
vn -0.1127 0.4107 0.9048
vn -0.8555 -0.5175 -0.0149
vn -0.3994 0.4263 0.8116
vn -0.0176 0.7996 0.6003
vn 0.0904 0.8308 0.5492
vn 0.8624 0.4777 0.1675
vn 0.7342 0.5001 0.4593
vn 0.2561 -0.9465 0.1962
vn 0.3055 -0.8431 -0.4425
vn -0.1140 -0.5900 -0.7993
vn 0.7755 -0.0911 -0.6248
vn -0.1058 -0.3313 -0.9376
vn -0.6705 0.6485 -0.3603
vn -0.0383 -0.3332 -0.9421
vn -0.1026 0.3279 0.9391
vn -0.1160 -0.3464 -0.9309
vn -0.6628 0.7373 -0.1311
vn -0.6227 0.4443 -0.6441
vn -0.0759 0.3163 0.9456
vn 0.5859 0.8080 0.0616
vn -0.0197 -0.3231 -0.9462
vn 0.0002 -0.3652 -0.9309
vn 0.0283 -0.5912 -0.8060
vn 0.0596 -0.7187 -0.6928
vn 0.0536 -0.4399 -0.8965
vn 0.0221 -0.2670 -0.9634
vn -0.0007 -0.2069 -0.9784
vn -0.0652 -0.8768 -0.4764
vn -0.0536 -0.5629 0.8248
vn -0.0134 -0.0073 0.9999
vn -0.0089 0.0140 0.9999
vn 0.0232 -0.0646 0.9976
vn 0.3180 -0.1196 0.9405
vn 0.2746 -0.1215 0.9539
vn -0.2048 0.2768 0.9389
vn -0.7265 -0.3724 -0.5775
vn -0.2944 0.5069 -0.8101
vn -0.1567 -0.2656 0.9512
vn -0.3936 0.8855 0.2471
vn -0.5205 0.7506 -0.4069
vn 0.2403 0.1324 0.9616
vn 0.2206 -0.9212 0.3206
vn 0.4823 -0.7286 0.4864
vn 0.1562 -0.8758 -0.4567
vn 0.4733 -0.5880 -0.6559
vn 0.0692 -0.4393 -0.8957
vn 0.2645 -0.0529 -0.9629
vn 0.1736 0.1501 -0.9733
vn 0.2644 -0.0528 -0.9630
vn 0.0691 -0.4394 -0.8956
vn 0.0294 -0.1805 -0.9831
vn 0.0592 0.2443 -0.9679
vn -0.0247 0.0605 -0.9979
vn -0.0360 0.2866 -0.9574
vn -0.0359 0.1182 -0.9923
vn 0.1904 -0.1318 -0.9728
vn 0.2600 0.0002 -0.9656
vn -0.3300 0.6761 -0.6588
vn 0.1373 -0.1438 -0.9800
vn -0.1424 -0.0591 -0.9880
vn -0.0554 0.1241 -0.9907
vn -0.0094 0.1000 -0.9949
vn 0.0234 0.7895 -0.6134
vn 0.0536 0.7824 0.6205
vn 0.0133 0.2960 0.9551
vn -0.0091 0.2737 0.9618
vn -0.0374 0.4884 0.8718
vn -0.6782 0.3116 -0.6656
vn -0.9698 0.0682 0.2340
vn -0.9556 -0.0391 0.2920
vn -0.5160 -0.0305 0.8560
vn -0.3726 0.2897 0.8816
vn 0.4830 -0.8653 0.1338
vn -0.5793 0.7386 0.3447
vn 0.2751 0.9324 -0.2344
vn 0.5809 0.8050 0.1205
vn 0.0102 -0.0357 -0.9993
vn -0.2345 0.3405 -0.9105
vn -0.0587 0.0664 -0.9961
vn -0.0058 -0.0109 -0.9999
vn -0.0187 0.0335 -0.9993
vn -0.3023 0.0818 -0.9497
vn -0.0186 0.0334 -0.9993
vn -0.0127 0.0578 -0.9982
vn -0.0111 0.0480 0.9988
vn -0.3024 0.0819 -0.9497
vn 0.0379 0.0382 -0.9986
vn 0.0069 0.0072 -1.0000
vn 0.0008 0.0913 -0.9958
vn 0.2403 0.3220 -0.9157
vn -0.0104 0.0642 -0.9979
vn -0.0214 0.0365 -0.9991
vn -0.0144 0.2257 -0.9741
vn -0.0021 0.2377 -0.9713
vn -0.0536 -0.0719 0.9960
vn -0.0610 -0.3161 0.9468
vn 0.0062 -0.0530 0.9986
vn 0.0037 -0.2244 0.9745
vn 0.0008 0.0734 -0.9973
vn 0.0055 0.2563 -0.9666
vn 0.0522 -0.0454 0.9976
vn 0.0437 -0.2101 0.9767
vn 0.0012 0.8062 -0.5917
vn 0.0101 0.8609 -0.5086
vn -0.0863 -0.8618 0.4998
vn -0.0027 -0.8730 0.4877
vn -0.0863 -0.8619 0.4998
vn -0.0042 0.9106 -0.4132
vn 0.0420 -0.8974 0.4392
vn 0.0057 0.9609 0.2767
vn 0.0358 0.9035 0.4271
vn -0.1381 -0.8690 -0.4751
vn -0.0192 -0.8430 -0.5376
vn -0.1380 -0.8691 -0.4751
vn 0.0305 0.8501 0.5258
vn 0.0130 -0.8241 -0.5663
vn -0.0027 0.4564 0.8898
vn 0.0354 0.4183 0.9076
vn -0.0861 -0.4062 -0.9097
vn -0.0212 -0.3820 -0.9239
vn -0.0862 -0.4062 -0.9097
vn 0.0501 0.3907 0.9191
vn -0.0071 -0.3573 -0.9340
vn 0.1291 0.8503 0.5102
vn -0.1008 0.7858 0.6102
vn -0.2458 -0.6326 -0.7345
vn -0.7675 0.6397 -0.0421
vn -0.1935 -0.4879 -0.8512
vn -0.4298 0.6987 0.5719
vn -0.3061 -0.3033 -0.9024
vn 0.2752 -0.5946 -0.7555
vn 0.8987 0.4372 -0.0350
vn -0.9951 -0.0973 -0.0198
vn 0.1994 0.7560 0.6235
vn -0.3467 0.9081 0.2348
vn -0.1429 -0.9436 -0.2986
vn -0.7605 0.4588 0.4595
vn 0.5849 0.3207 0.7450
vn -0.7564 -0.3364 0.5610
vn 0.8194 -0.2965 -0.4906
vn -0.9449 0.3088 0.1091
vn 0.3583 -0.3741 -0.8554
vn 0.1423 0.0010 0.9898
vn -0.7391 0.0290 -0.6730
vn 0.0135 -0.3143 0.9492
vn -0.0179 -0.4181 0.9082
vn 0.9849 0.0530 -0.1648
vn -0.0745 0.9953 0.0626
vn 0.3075 -0.9457 0.1050
vn -0.3044 0.6364 -0.7088
vn 0.9306 0.3479 -0.1138
vn 0.2039 0.9778 -0.0487
vn 0.2651 -0.6346 0.7259
vn 0.0135 -0.8730 -0.4875
vn -0.1876 -0.5931 -0.7830
vn -0.1877 -0.5931 -0.7830
vn -0.1000 -0.3345 -0.9371
vn -0.1457 -0.2295 -0.9623
vn -0.1201 -0.2303 -0.9657
vn 0.5511 -0.4725 -0.6878
vn 0.0356 0.5925 -0.8048
vn -0.3159 0.8111 -0.4922
vn -0.3579 0.5029 -0.7868
vn 0.3867 0.8135 0.4343
vn -0.8570 -0.1001 -0.5055
vn 0.7637 0.5351 0.3611
vn -0.9562 0.2483 0.1548
vn 0.5339 -0.1655 -0.8292
vn -0.3825 0.9239 0.0044
vn 0.2680 0.8369 0.4772
vn -0.7684 0.0643 0.6367
vn -0.0096 -0.6030 -0.7977
vn 0.0247 -0.4625 -0.8863
vn 0.1791 -0.4989 -0.8480
vn 0.3866 -0.3153 -0.8667
vn 0.9140 -0.0178 -0.4053
vn -0.7108 0.3905 0.5851
vn -0.6802 -0.6898 -0.2482
vn -0.4741 -0.0455 0.8793
vn 0.1155 0.6744 0.7293
vn -0.1155 0.6744 0.7293
vn -0.2345 0.1596 0.9589
vn -0.0947 -0.2948 0.9509
vn 0.0946 -0.2948 0.9509
vn 0.2345 0.1597 0.9589
vn 0.0479 -0.9938 0.1003
vn 0.0462 0.9015 0.4302
vn 0.6609 0.6479 -0.3788
vn 0.6602 -0.5749 0.4834
vn 0.5608 -0.8174 0.1318
vn 0.8705 0.4884 -0.0602
vn 0.0279 0.2171 -0.9758
vn 0.0316 0.1091 -0.9935
vn 0.1099 -0.1045 0.9884
vn 0.1209 -0.2203 0.9679
vn 0.6996 -0.7141 -0.0253
vn 0.9351 0.2642 0.2363
vn 0.6146 0.2800 -0.7374
vn 0.6068 -0.0836 0.7905
vn 0.9131 0.0025 0.4077
vn 0.9281 0.2119 -0.3063
vn 0.4627 0.0312 0.8860
vn 0.6556 -0.0851 -0.7503
vn 0.8760 -0.2682 -0.4008
vn 0.8657 0.0224 0.5001
vn 0.0260 0.4418 -0.8967
vn 0.1241 -0.3518 0.9278
vn 0.6483 -0.0035 0.7613
vn 0.4372 -0.0289 -0.8989
vn 0.7400 0.1954 -0.6436
vn 0.4932 -0.0473 0.8686
vn 0.5148 -0.0014 0.8573
vn 0.5167 -0.0283 -0.8557
vn 0.6796 -0.0346 0.7328
vn 0.4923 -0.2015 -0.8468
vn 0.6641 0.1601 0.7303
vn 0.7056 -0.0888 -0.7030
vn 0.5967 0.0112 -0.8024
vn 0.6617 0.2444 0.7088
vn 0.4247 0.8107 -0.4030
vn 0.9062 0.2598 -0.3338
vn 0.9378 -0.3060 -0.1637
vn 0.4425 -0.6809 -0.5836
vn 0.3908 0.7923 0.4686
vn 0.3621 0.7007 -0.6147
vn 0.0155 -0.8508 -0.5252
vn 0.4713 0.7965 0.3788
vn 0.8938 0.3361 -0.2970
vn 0.9252 -0.3787 -0.0223
vn 0.3464 0.7311 0.5878
vn 0.6945 0.0983 0.7127
vn 0.6902 0.2834 -0.6658
vn 0.3788 0.8059 -0.4550
vn 0.4958 -0.1928 0.8468
vn 0.5132 0.1543 -0.8443
vn 0.1111 0.1786 -0.9776
vn 0.0325 -0.1859 0.9820
vn 0.0572 0.1579 0.9858
vn 0.2215 0.0333 -0.9746
vn 0.1355 0.3516 -0.9263
vn 0.0277 -0.3626 0.9315
vn 0.0391 -0.8644 0.5013
vn 0.1509 0.8534 -0.4990
vn 0.0310 -0.9869 0.1582
vn 0.1729 0.9776 -0.1204
vn 0.0382 -0.7168 -0.6962
vn 0.1040 0.7413 0.6631
vn 0.1436 0.2118 0.9667
vn 0.0301 -0.2111 -0.9770
vn 0.0329 -0.0868 -0.9957
vn 0.1228 0.1533 0.9805
vn 0.0183 -0.8988 -0.4380
vn 0.3626 0.8603 0.3583
vn 0.4425 0.8134 -0.3777
vn 0.0157 -0.8397 0.5428
vn 0.1714 -0.2078 -0.9630
vn 0.0300 0.2792 0.9598
vn 0.1178 -0.1244 -0.9852
vn 0.0370 0.1609 0.9863
vn 0.0432 -0.6622 0.7480
vn 0.1403 0.6082 -0.7813
vn 0.4202 0.8126 -0.4038
vn 0.2870 -0.7273 -0.6234
vn 0.1899 -0.9693 0.1563
vn 0.0272 0.9938 -0.1080
vn 0.2194 -0.7468 0.6279
vn 0.0453 0.7460 -0.6644
vn 0.1527 -0.9865 -0.0583
vn 0.0782 0.9964 0.0326
vn 0.0928 -0.0329 -0.9951
vn 0.0223 0.0260 0.9994
vn 0.0798 0.2896 -0.9538
vn 0.0277 -0.3108 0.9501
vn 0.1752 -0.0316 -0.9840
vn 0.0167 0.0379 0.9991
vn 0.0099 0.2639 0.9645
vn 0.2845 -0.2220 -0.9326
vn 0.0211 0.0756 -0.9969
vn 0.2327 -0.0458 0.9715
vn 0.0321 0.0026 -0.9995
vn 0.1171 -0.0046 0.9931
vn 0.0253 0.0450 -0.9987
vn 0.1322 -0.0540 0.9898
vn 0.0236 -0.0030 -0.9997
vn 0.1181 -0.0017 0.9930
vn 0.0228 -0.0402 -0.9989
vn 0.1076 0.0350 0.9936
vn 0.2120 0.8802 -0.4247
vn -0.0462 0.9016 0.4301
vn -0.0479 -0.9938 0.1002
vn -0.6609 0.6479 -0.3788
vn -0.8705 0.4884 -0.0602
vn -0.5608 -0.8174 0.1318
vn -0.6602 -0.5749 0.4834
vn -0.0279 0.2170 -0.9758
vn -0.1209 -0.2203 0.9679
vn -0.1099 -0.1045 0.9884
vn -0.0316 0.1091 -0.9935
vn -0.9351 0.2642 0.2362
vn -0.6996 -0.7141 -0.0253
vn -0.6147 0.2800 -0.7374
vn -0.9281 0.2119 -0.3062
vn -0.9131 0.0025 0.4077
vn -0.6068 -0.0836 0.7905
vn -0.4626 0.0312 0.8860
vn -0.8657 0.0223 0.5001
vn -0.8760 -0.2682 -0.4008
vn -0.6557 -0.0851 -0.7502
vn -0.0260 0.4418 -0.8967
vn -0.1241 -0.3519 0.9278
vn -0.6483 -0.0035 0.7613
vn -0.4932 -0.0474 0.8686
vn -0.7400 0.1955 -0.6436
vn -0.4372 -0.0289 -0.8989
vn -0.5148 -0.0015 0.8573
vn -0.5167 -0.0283 -0.8557
vn -0.6796 -0.0346 0.7328
vn -0.4923 -0.2015 -0.8468
vn -0.6641 0.1601 0.7303
vn -0.6617 0.2444 0.7088
vn -0.5967 0.0112 -0.8024
vn -0.7056 -0.0888 -0.7030
vn -0.4247 0.8107 -0.4030
vn -0.4425 -0.6808 -0.5836
vn -0.9378 -0.3060 -0.1637
vn -0.9062 0.2598 -0.3337
vn -0.3907 0.7923 0.4686
vn -0.3621 0.7007 -0.6148
vn -0.0156 -0.8508 -0.5253
vn -0.4713 0.7965 0.3788
vn -0.8938 0.3361 -0.2970
vn -0.9252 -0.3787 -0.0224
vn -0.3463 0.7311 0.5879
vn -0.3788 0.8059 -0.4550
vn -0.6903 0.2834 -0.6658
vn -0.6945 0.0983 0.7127
vn -0.4958 -0.1927 0.8468
vn -0.5132 0.1542 -0.8443
vn -0.1111 0.1786 -0.9776
vn -0.2214 0.0332 -0.9746
vn -0.0572 0.1579 0.9858
vn -0.0326 -0.1858 0.9820
vn -0.1355 0.3516 -0.9263
vn -0.0277 -0.3626 0.9315
vn -0.0391 -0.8643 0.5014
vn -0.1509 0.8533 -0.4991
vn -0.0309 -0.9869 0.1581
vn -0.1729 0.9775 -0.1204
vn -0.0382 -0.7168 -0.6963
vn -0.1040 0.7413 0.6630
vn -0.1436 0.2118 0.9667
vn -0.0301 -0.2110 -0.9770
vn -0.0329 -0.0868 -0.9957
vn -0.1228 0.1534 0.9805
vn -0.0183 -0.8988 -0.4380
vn -0.3626 0.8603 0.3583
vn -0.0156 -0.8397 0.5428
vn -0.4425 0.8134 -0.3777
vn -0.1714 -0.2078 -0.9630
vn -0.0301 0.2792 0.9598
vn -0.1178 -0.1245 -0.9852
vn -0.0370 0.1608 0.9863
vn -0.0431 -0.6622 0.7481
vn -0.1403 0.6081 -0.7813
vn -0.4202 0.8126 -0.4039
vn -0.2870 -0.7273 -0.6235
vn -0.1899 -0.9693 0.1563
vn -0.0272 0.9938 -0.1080
vn -0.2194 -0.7467 0.6279
vn -0.0453 0.7460 -0.6644
vn -0.1528 -0.9865 -0.0582
vn -0.0782 0.9964 0.0326
vn -0.0927 -0.0329 -0.9952
vn -0.0223 0.0259 0.9994
vn -0.0799 0.2896 -0.9538
vn -0.0278 -0.3108 0.9501
vn -0.1753 -0.0317 -0.9840
vn -0.0166 0.0379 0.9991
vn -0.0099 0.2639 0.9645
vn -0.2845 -0.2219 -0.9326
vn -0.0211 0.0755 -0.9969
vn -0.2327 -0.0458 0.9715
vn -0.0321 0.0027 -0.9995
vn -0.1170 -0.0046 0.9931
vn -0.0253 0.0449 -0.9987
vn -0.1321 -0.0540 0.9898
vn -0.0237 -0.0031 -0.9997
vn -0.1180 -0.0017 0.9930
vn -0.0228 -0.0403 -0.9989
vn -0.1077 0.0350 0.9936
vn -0.2120 0.8802 -0.4246
vn 0.0183 -0.8988 -0.4381
vn -0.0157 -0.8397 0.5428
vn 0.0310 -0.9869 0.1581
vn 0.0227 -0.6830 0.7300
vn 0.0326 -0.1860 0.9820
vn 0.0572 0.1580 0.9858
vn 0.0304 -0.9071 0.4198
vn -0.0303 -0.9071 0.4199
vn 0.0156 -0.8508 -0.5253
vn 0.0099 0.2638 0.9645
vn -0.0211 0.0756 -0.9969
vn 0.0166 0.0378 0.9991
vn 0.0278 -0.3109 0.9500
vn 0.0223 0.0259 0.9994
vn 0.0223 0.3087 0.9509
vn 0.0463 0.9016 0.4301
vn 0.1053 0.8976 0.4281
vn 0.0191 0.6743 0.7382
vn -0.0319 -0.9933 0.1115
vn 0.0479 -0.9938 0.1002
vn 0.0318 -0.9933 0.1114
vn 0.0432 -0.6622 0.7481
vn 0.0370 0.1608 0.9863
vn 0.0301 0.2793 0.9597
vn -0.0000 -0.9549 0.2968
vn 0.0039 -0.9549 0.2968
vn 0.0039 0.9549 0.2969
vn -0.0039 0.9549 0.2969
vn -0.0040 0.9549 0.2968
vn 0.0040 0.9549 0.2968
vn 0.0040 0.9549 -0.2969
vn -0.0040 0.9549 -0.2969
vn 0.0040 -0.9549 -0.2969
vn -0.0040 -0.9549 -0.2969
vn 0.0040 -0.9549 0.2968
vn -0.0040 -0.9549 0.2968
vn -0.0000 -0.3155 -0.9489
vn 0.0028 -0.3155 -0.9489
vn 0.0027 0.0610 0.9981
vn -0.0025 0.0610 0.9981
vn -0.0026 0.0611 0.9981
vn 0.0026 0.0610 0.9981
vn 0.0027 0.3156 0.9489
vn -0.0028 0.3156 0.9489
vn 0.0025 -0.0610 -0.9981
vn -0.0025 -0.0610 -0.9981
vn -0.0028 -0.3156 -0.9489
vn -0.0026 0.0610 0.9981
vn -0.0000 -0.9876 -0.1568
vn 0.0041 -0.9876 -0.1568
vn 0.0036 0.7657 0.6432
vn -0.0036 0.7657 0.6432
vn 0.0040 0.9876 0.1568
vn -0.0041 0.9876 0.1568
vn 0.0035 -0.7657 -0.6431
vn -0.0035 -0.7657 -0.6432
vn 0.0040 -0.9876 -0.1569
vn 0.0036 0.7658 0.6431
vn -0.0041 -0.9876 -0.1569
vn -0.0035 0.7658 0.6431
vn -0.0000 -0.2499 -0.9683
vn 0.0027 -0.2499 -0.9683
vn 0.0027 -0.0001 1.0000
vn -0.0027 -0.0001 1.0000
vn -0.0026 -0.0001 1.0000
vn 0.0026 -0.0001 1.0000
vn 0.0027 0.2499 0.9683
vn -0.0027 0.2499 0.9683
vn 0.0026 0.0001 -1.0000
vn -0.0025 0.0001 -1.0000
vn 0.0026 -0.0002 1.0000
vn -0.0027 -0.2499 -0.9683
vn -0.0026 -0.0002 1.0000
vn -0.0000 -0.2819 -0.9595
vn 0.0028 -0.2819 -0.9594
vn 0.0027 0.0299 0.9995
vn -0.0025 0.0299 0.9995
vn -0.0026 0.0299 0.9995
vn 0.0026 0.0299 0.9995
vn 0.0027 0.2819 0.9594
vn -0.0027 0.2819 0.9594
vn 0.0026 -0.0299 -0.9996
vn -0.0025 -0.0299 -0.9996
vn 0.0027 -0.2820 -0.9594
vn 0.0026 0.0299 0.9996
vn -0.0028 -0.2819 -0.9594
vn -0.0026 0.0299 0.9996
vn 0.1146 0.6617 0.7410
vn -0.1147 0.6617 0.7410
vn -0.2339 0.1493 0.9607
vn -0.0951 -0.3059 0.9473
vn 0.0950 -0.3059 0.9473
vn 0.2339 0.1493 0.9607
vn 0.1116 0.6169 0.7791
vn -0.1116 0.6169 0.7791
vn -0.2323 0.1133 0.9660
vn -0.0967 -0.3457 0.9333
vn 0.0966 -0.3458 0.9333
vn 0.2324 0.1133 0.9660
vn 0.1103 0.5967 -0.7949
vn -0.1103 0.5967 -0.7949
vn -0.3503 0.9364 0.0206
vn -0.1089 0.5752 0.8107
vn 0.1090 0.5752 0.8107
vn 0.3503 0.9364 0.0207
vn -0.1090 0.5752 0.8107
vn 0.1089 0.5752 0.8107
vn 0.1236 0.7854 -0.6065
vn -0.1236 0.7854 -0.6065
vn -0.3360 0.8682 0.3651
vn -0.0988 0.3931 0.9142
vn 0.0988 0.3931 0.9142
vn 0.3361 0.8682 0.3651
vn 0.0951 -0.3060 0.9473
vn 0.2339 0.1494 0.9607
vn -0.0966 -0.3458 0.9333
vn 0.0967 -0.3458 0.9333
vn 0.2323 0.1133 0.9660
vn 0.1103 0.5966 -0.7949
vn -0.1103 0.5966 -0.7949
vn -0.3361 0.8682 0.3650
vn 0.3360 0.8683 0.3650
vn 0.0462 0.9016 0.4301
vn 0.6602 -0.5749 0.4833
vn 0.6068 -0.0836 0.7904
vn 0.4626 0.0312 0.8860
vn 0.8760 -0.2683 -0.4008
vn 0.8657 0.0223 0.5001
vn 0.6483 -0.0035 0.7614
vn 0.7400 0.1955 -0.6436
vn 0.6796 -0.0346 0.7327
vn 0.4922 -0.2015 -0.8468
vn 0.9061 0.2598 -0.3338
vn 0.3907 0.7923 0.4686
vn 0.3620 0.7007 -0.6148
vn 0.0157 -0.8508 -0.5252
vn 0.3463 0.7311 0.5879
vn 0.3788 0.8059 -0.4549
vn 0.4958 -0.1927 0.8468
vn 0.5132 0.1542 -0.8443
vn 0.0326 -0.1859 0.9820
vn 0.2214 0.0333 -0.9746
vn 0.1508 0.8534 -0.4990
vn 0.1041 0.7413 0.6631
vn 0.0184 -0.8988 -0.4380
vn 0.0158 -0.8397 0.5428
vn 0.0301 0.2792 0.9598
vn 0.1177 -0.1244 -0.9852
vn 0.0433 -0.6622 0.7480
vn 0.2870 -0.7273 -0.6235
vn 0.0781 0.9964 0.0326
vn 0.0927 -0.0329 -0.9952
vn 0.0278 -0.3108 0.9501
vn 0.1753 -0.0316 -0.9840
vn 0.0166 0.0379 0.9991
vn 0.0210 0.0756 -0.9969
vn 0.0322 0.0026 -0.9995
vn 0.1170 -0.0046 0.9931
vn 0.1321 -0.0540 0.9898
vn 0.1180 -0.0017 0.9930
vn -0.0478 -0.9938 0.1002
vn -0.5607 -0.8174 0.1318
vn -0.6602 -0.5749 0.4833
vn -0.1100 -0.1045 0.9884
vn -0.9131 0.0024 0.4077
vn -0.8760 -0.2683 -0.4008
vn -0.6483 -0.0035 0.7614
vn -0.4425 -0.6809 -0.5836
vn -0.9378 -0.3060 -0.1638
vn -0.3463 0.7311 0.5878
vn -0.6902 0.2834 -0.6658
vn -0.6945 0.0982 0.7127
vn -0.4958 -0.1928 0.8468
vn -0.1112 0.1786 -0.9776
vn -0.2215 0.0332 -0.9746
vn -0.0325 -0.1858 0.9820
vn -0.1508 0.8533 -0.4991
vn -0.1730 0.9775 -0.1204
vn -0.0301 0.2791 0.9598
vn -0.1177 -0.1245 -0.9852
vn -0.0432 -0.6622 0.7481
vn -0.2870 -0.7273 -0.6234
vn -0.2193 -0.7467 0.6279
vn -0.0927 -0.0329 -0.9951
vn -0.0798 0.2896 -0.9538
vn -0.0322 0.0027 -0.9995
vn -0.1170 -0.0045 0.9931
vn -0.0236 -0.0031 -0.9997
vn -0.1181 -0.0017 0.9930
vn -0.2120 0.8802 -0.4247
vn 0.0300 -0.2111 -0.9770
vn 0.0384 -0.7168 -0.6962
vn 0.0104 0.2638 0.9645
vn -0.8327 0.0967 0.5453
vn -0.8596 0.2439 0.4490
vn -0.0695 0.4648 0.8827
vn -0.0428 0.3583 0.9326
vn -0.8528 0.2653 0.4499
vn -0.0855 0.3329 0.9391
vn -0.7489 0.0335 0.6618
vn -0.0692 0.1983 0.9777
vn -0.0425 0.3527 -0.9348
vn -0.0717 -0.1646 0.9838
vn -0.0478 -0.3917 0.9189
vn -0.0471 0.2372 -0.9703
vn -0.0307 -0.2077 0.9777
vn -0.0376 0.3739 -0.9267
vn -0.0588 0.3165 -0.9468
vn -0.0975 -0.5612 0.8219
vn 0.0005 -0.5607 0.8280
vn -0.0021 0.0336 0.9994
vn -0.0363 0.0204 0.9991
vn -0.1756 -0.2259 -0.9582
vn 0.0012 -0.2493 -0.9684
vn 0.0014 -0.2670 -0.9637
vn -0.0944 -0.3208 -0.9424
vn -0.1602 -0.1756 -0.9713
vn 0.0005 -0.1811 -0.9835
vn -0.1370 -0.0898 -0.9865
vn -0.0000 -0.0831 -0.9965
vn -0.1254 0.1158 -0.9853
vn -0.0009 0.1057 -0.9944
vn -0.0589 0.3166 -0.9467
vn -0.0020 0.3104 -0.9506
vn -0.0426 0.3528 -0.9347
vn -0.0017 0.3688 -0.9295
vn -0.0008 0.2507 -0.9681
vn -0.0471 0.2373 -0.9703
vn 0.0047 0.3719 -0.9283
vn -0.0376 0.3740 -0.9267
vn 0.0046 0.8574 -0.5147
vn 0.0075 0.7623 0.6472
vn 0.0045 0.1486 0.9889
vn 0.0018 -0.2187 0.9758
vn 0.0005 -0.3973 0.9177
vn 0.0028 -0.1596 0.9872
vn 0.0083 0.2994 0.9541
vn 0.0018 0.3268 0.9451
vn -0.0091 0.4209 0.9070
vn -0.0165 0.4812 0.8765
vn -0.0142 0.2631 0.9647
vn -0.0082 0.1601 0.9871
vn -0.1602 -0.1755 -0.9714
vn -0.0002 -0.5704 0.8214
vn -0.0000 0.0644 0.9979
vn -0.0001 -0.2670 -0.9637
vn -0.0001 -0.2494 -0.9684
vn -0.0001 -0.1813 -0.9834
vn -0.0000 -0.0852 -0.9964
vn -0.0001 0.0994 -0.9950
vn -0.0000 0.3081 -0.9514
vn 0.0001 0.3803 -0.9249
vn 0.0001 0.2600 -0.9656
vn 0.0017 0.3693 -0.9293
vn 0.0013 0.8634 -0.5045
vn 0.0018 0.7529 0.6582
vn 0.0007 0.1413 0.9900
vn 0.0001 -0.2261 0.9741
vn -0.0001 -0.4030 0.9152
vn -0.0000 -0.1569 0.9876
vn -0.0002 0.2766 0.9610
vn -0.0002 0.3615 0.9324
vn -0.0001 0.4563 0.8898
vn 0.0001 0.4831 0.8756
vn -0.0000 0.2413 0.9705
vn -0.0000 0.1219 0.9925
vn 0.0027 -0.9622 -0.2723
vn -0.0003 -0.9533 -0.3021
vn -0.0767 -0.9576 -0.2777
vn -0.0917 -0.8666 0.4906
vn 0.0024 -0.8990 0.4379
vn -0.0003 -0.9012 0.4333
vn 0.0026 -0.9622 -0.2724
vn -0.0767 -0.9576 -0.2778
vn 0.8356 0.1070 0.5389
vn 0.0451 0.3750 0.9259
vn 0.0676 0.4623 0.8841
vn 0.8614 0.2452 0.4448
vn 0.0860 0.3024 0.9493
vn 0.8605 0.2486 0.4447
vn 0.0716 0.1928 0.9786
vn 0.7487 0.0335 0.6621
vn 0.0427 0.3533 -0.9345
vn 0.0476 0.2347 -0.9709
vn 0.0497 -0.3952 0.9172
vn 0.0736 -0.1645 0.9836
vn 0.0378 0.3782 -0.9250
vn 0.0309 -0.2045 0.9784
vn 0.0594 0.3195 -0.9457
vn 0.0991 -0.5529 0.8273
vn 0.0378 0.0648 0.9972
vn 0.0028 0.0510 0.9987
vn -0.0005 -0.5615 0.8275
vn 0.1757 -0.2257 -0.9582
vn -0.0013 -0.2670 -0.9637
vn -0.0011 -0.2491 -0.9685
vn 0.1601 -0.1754 -0.9714
vn -0.0005 -0.1810 -0.9835
vn 0.1371 -0.0905 -0.9864
vn -0.0000 -0.0837 -0.9965
vn 0.1257 0.1155 -0.9853
vn 0.0008 0.1051 -0.9945
vn 0.0018 0.3128 -0.9498
vn 0.0406 0.3534 -0.9346
vn 0.0016 0.3703 -0.9289
vn 0.0008 0.2495 -0.9684
vn -0.0005 0.3722 -0.9281
vn 0.0379 0.3782 -0.9249
vn -0.0045 0.8602 -0.5099
vn 0.0387 0.8557 -0.5160
vn -0.0073 0.7700 0.6380
vn -0.0044 0.1555 0.9878
vn -0.0018 -0.2184 0.9759
vn -0.0005 -0.4009 0.9161
vn -0.0027 -0.1599 0.9871
vn -0.0079 0.2983 0.9544
vn -0.0016 0.3281 0.9447
vn 0.0069 0.4286 0.9035
vn 0.0126 0.4810 0.8766
vn 0.0124 0.2479 0.9687
vn 0.0100 0.1576 0.9875
vn 0.1371 -0.0904 -0.9864
vn -0.0025 -0.9619 -0.2733
vn 0.0776 -0.9576 -0.2776
vn 0.0926 -0.8664 0.4907
vn -0.0022 -0.8993 0.4374
vn 0.0777 -0.9575 -0.2776
vn 0.0776 -0.9575 -0.2776
vn -0.1383 -0.0669 0.9881
vn 0.1383 -0.0668 0.9881
vn 0.2134 0.9632 0.1632
vn -0.2133 0.9633 0.1631
vn 0.2396 0.5987 -0.7643
vn -0.2396 0.5987 -0.7643
vn -0.2396 -0.5987 0.7643
vn 0.2396 -0.5987 0.7643
vn 0.2396 -0.5988 0.7642
vn -0.2396 -0.5988 0.7643
vn -0.0391 0.2689 0.9624
vn 0.0392 0.2689 0.9624
vn 0.0449 0.5500 0.8340
vn -0.0449 0.5500 0.8340
vn 0.2412 0.6497 -0.7209
vn -0.2412 0.6497 -0.7209
vn -0.2412 -0.6497 0.7209
vn 0.2412 -0.6497 0.7209
vn 0.2413 -0.6497 0.7209
vn 0.2413 0.6496 -0.7209
vn -0.2413 -0.6497 0.7209
vn -0.2413 0.6497 -0.7209
vn 0.0090 0.0886 0.9960
vn -0.0365 -0.5796 -0.8141
vn 0.0403 -0.7135 -0.6995
vn -0.0241 0.0377 0.9990
vn 0.0094 0.9908 0.1352
vn 0.0148 0.5028 0.8642
vn -0.0029 0.5346 0.8451
vn 0.0114 0.9908 0.1348
vn -0.0001 -0.7996 -0.6006
vn -0.0092 -0.8234 -0.5674
vn -0.0032 -0.5116 -0.8592
vn -0.0003 -0.5461 -0.8377
vn 0.0023 0.6283 0.7779
vn 0.0320 -0.6181 -0.7855
vn 0.0204 -0.8724 -0.4883
vn 0.0096 0.9906 0.1364
vn -0.0123 -0.8535 -0.5210
vn -0.0147 -0.6364 -0.7712
vn -0.0251 0.6813 0.7316
vn -0.0201 0.9997 0.0109
vn -0.0213 0.3038 0.9525
vn 0.0242 0.2631 0.9645
vn 0.0316 0.3813 0.9239
vn -0.0336 0.3985 0.9165
vn 0.0024 0.4422 0.8969
vn 0.0355 -0.4472 -0.8937
vn 0.0278 -0.3654 -0.9304
vn 0.0046 0.3798 0.9251
vn -0.0226 -0.3891 -0.9209
vn -0.0123 -0.2844 -0.9586
vn 0.0132 -0.3145 -0.9492
vn 0.0212 -0.3831 -0.9235
vn -0.0395 0.3967 0.9171
vn 0.0012 -0.3976 -0.9175
vn 0.0069 -0.4788 -0.8779
vn -0.0468 0.4468 0.8934
vn 0.0400 0.3695 0.9284
vn -0.0377 0.3740 0.9267
vn 0.0082 0.3139 0.9494
vn 0.0389 -0.5309 -0.8465
vn -0.0387 -0.3523 -0.9351
vn 0.0241 -0.3768 -0.9260
vn 0.0147 -0.4810 -0.8766
vn -0.0523 0.2374 0.9700
vn 0.0172 -0.8087 -0.5879
vn 0.0097 0.1786 0.9839
vn -0.0366 -0.5796 -0.8140
vn 0.0402 -0.7135 -0.6995
vn 0.0256 -0.6047 -0.7960
vn -0.0359 0.0052 0.9993
vn 0.0148 -0.4810 -0.8766
vn 0.0121 -0.4236 -0.9058
vn -0.0224 -0.8743 -0.4849
vn 0.0257 -0.6048 -0.7960
vn 0.0031 -0.4918 -0.8707
vn 0.0013 -0.3977 -0.9175
vn 0.0004 -0.4073 -0.9133
vn -0.0123 -0.8534 -0.5210
vn 0.0006 -0.8347 -0.5508
vn 0.0001 -0.6213 -0.7835
vn -0.0055 1.0000 -0.0003
vn 0.0005 -0.8346 -0.5509
vn -0.0052 0.6698 0.7425
vn -0.0076 0.4493 0.8933
vn -0.0048 0.3994 0.9168
vn -0.0110 0.2878 0.9576
vn 0.0189 0.0555 0.9983
vn 0.0124 -0.3701 -0.9289
vn 0.0181 -0.4414 -0.8971
vn 0.0277 -0.4522 -0.8915
vn 0.0666 -0.7971 -0.6001
vn -0.0453 0.1495 0.9877
vn -0.0338 0.3571 0.9335
vn -0.0332 0.4435 0.8957
vn -0.0259 0.3638 0.9311
vn -0.0083 0.5985 0.8011
vn 0.0090 0.9966 0.0815
vn -0.0099 -0.8521 -0.5233
vn -0.0014 -0.5834 -0.8122
vn -0.0165 -0.4852 -0.8743
vn -0.0095 -0.3907 -0.9205
vn 0.0055 -0.3690 -0.9294
vn 0.0060 -0.4534 -0.8913
vn -0.0225 -0.5950 -0.8034
vn 0.0001 -0.5202 -0.8541
vn -0.0222 -0.9373 -0.3478
vn -0.0154 -0.9490 -0.3148
vn -0.0011 0.0255 0.9997
vn -0.0221 -0.9373 -0.3478
vn -0.0153 -0.9490 -0.3148
vn 0.0173 0.0590 0.9981
vn 0.0221 0.3961 0.9180
vn 0.0073 0.4147 0.9100
vn 0.0247 0.4637 0.8856
vn 0.0039 0.4481 0.8940
vn 0.0039 0.3902 0.9207
vn 0.0193 0.4190 0.9078
vn 0.0023 0.9981 0.0610
vn 0.0098 0.6726 0.7400
vn -0.0003 0.6478 0.7618
vn -0.0054 0.9927 0.1208
vn 0.0038 -0.8646 -0.5024
vn 0.0069 -0.8676 -0.4971
vn -0.0005 -0.6247 -0.7808
vn 0.0070 -0.8677 -0.4971
vn 0.0069 -0.6184 -0.7859
vn 0.0278 -0.3655 -0.9304
vn 0.0356 -0.4473 -0.8937
vn 0.0390 -0.5310 -0.8464
vn 0.0171 -0.8087 -0.5879
vn 0.0321 -0.6181 -0.7855
vn -0.0722 -0.8490 -0.5234
vn -0.0403 -0.4764 -0.8783
vn -0.0308 -0.5017 -0.8645
vn -0.0201 -0.3904 -0.9204
vn -0.0044 -0.5885 -0.8085
vn 0.0043 -0.8045 -0.5939
vn 0.0043 -0.8045 -0.5940
vn -0.0018 1.0000 0.0068
vn 0.0123 0.6372 0.7706
vn 0.0318 0.3679 0.9293
vn 0.0465 0.4492 0.8922
vn 0.0492 0.3682 0.9284
vn 0.0487 0.0431 0.9979
vn -0.0723 -0.8490 -0.5235
vn 0.3861 0.7416 0.5486
vn 0.2831 -0.6509 -0.7044
vn 0.3178 -0.8675 -0.3826
vn 0.3622 0.6730 0.6449
vn -0.0066 0.3368 -0.9415
vn 0.0196 0.2606 -0.9653
vn 0.3478 0.7743 0.5287
vn 0.3165 0.7745 0.5476
vn 0.2686 0.7096 0.6514
vn -0.2902 0.6862 0.6670
vn -0.3149 0.8373 0.4470
vn 0.2758 0.7714 0.5735
vn 0.0057 -0.3340 0.9426
vn -0.0175 -0.2670 0.9635
vn 0.2976 0.6820 0.6681
vn 0.3217 0.6622 0.6768
vn -0.1299 0.7027 0.6996
vn -0.1435 0.8651 0.4807
vn 0.0327 -0.0971 0.9947
vn 0.0678 -0.1948 0.9785
vn 0.5359 -0.5867 -0.6071
vn 0.2688 0.7096 0.6514
vn 0.2758 0.7715 0.5734
vn 0.5882 -0.7534 -0.2941
vn 0.0860 0.4131 -0.9066
vn 0.0542 0.5159 -0.8550
vn -0.5374 0.5428 0.6454
vn -0.1300 0.7026 0.6996
vn -0.1436 0.8650 0.4807
vn -0.5948 0.7740 0.2172
vn 0.0678 -0.1949 0.9785
vn 0.0327 -0.0972 0.9947
vn -0.0924 -0.4094 0.9077
vn -0.0521 -0.5116 0.8576
vn 0.1384 -0.7241 -0.6756
vn 0.1453 -0.8443 -0.5158
vn -0.0340 0.1112 -0.9932
vn -0.0693 0.1902 -0.9793
vn -0.2628 -0.7028 -0.6611
vn -0.2812 -0.7760 -0.5646
vn -0.2925 -0.6738 -0.6786
vn -0.3221 -0.6769 -0.6619
vn -0.3778 -0.7369 -0.5606
vn 0.1383 -0.7242 -0.6756
vn 0.1452 -0.8443 -0.5158
vn -0.3681 -0.6756 -0.6388
vn -0.0693 0.1901 -0.9793
vn -0.0339 0.1113 -0.9932
vn -0.3418 -0.7672 -0.5427
vn -0.3164 -0.7877 -0.5286
vn -0.2627 -0.7029 -0.6610
vn -0.2812 -0.7760 -0.5645
vn -0.0067 0.3368 -0.9416
vn 0.0056 -0.3340 0.9425
vn 0.0541 0.5160 -0.8549
vn 0.3179 -0.8675 -0.3826
vn 0.0195 0.2605 -0.9653
vn 0.3166 0.7746 0.5476
vn -0.0520 -0.5117 0.8576
vn -0.2902 0.6863 0.6669
vn -0.2194 0.4688 0.8557
vn 0.1310 -0.9784 -0.1596
vn 0.2767 -0.9591 -0.0603
vn -0.1106 0.5354 0.8373
vn -0.2931 0.9553 0.0377
vn -0.1443 0.9768 0.1584
vn 0.1004 -0.5365 -0.8379
vn 0.2080 -0.4807 -0.8518
vn 0.1415 -0.9530 -0.2678
vn 0.1137 -0.5917 -0.7981
vn 0.6831 0.6385 -0.3545
vn 0.5520 0.1884 0.8123
vn -0.1416 -0.6132 -0.7771
vn -0.1721 -0.9351 -0.3098
vn -0.7520 -0.1485 0.6422
vn -0.7671 0.2233 -0.6014
vn -0.7520 -0.1484 0.6422
vn -0.1723 -0.9351 -0.3097
vn 0.2616 -0.9385 -0.2253
vn -0.1540 0.5971 0.7873
vn -0.1897 0.9406 0.2816
vn 0.2085 -0.5633 -0.7995
vn 0.2615 -0.9385 -0.2254
vn 0.0862 0.5357 0.8400
vn -0.2368 -0.9685 -0.0767
vn -0.1132 -0.9811 -0.1569
vn 0.1775 0.4917 0.8525
vn 0.1127 0.9812 0.1568
vn 0.2361 0.9686 0.0774
vn -0.1780 -0.4912 -0.8527
vn -0.0866 -0.5357 -0.8400
vn -0.1132 -0.9811 -0.1570
vn 0.5520 0.1883 0.8123
vn 0.6830 0.6386 -0.3545
vn -0.3005 -0.9220 -0.2440
vn -0.2429 -0.5701 -0.7849
vn 0.2114 0.9455 0.2475
vn 0.1693 0.5779 0.7983
vn -0.3006 -0.9221 -0.2437
vn 0.1337 -0.9455 -0.2969
vn 0.1089 -0.6077 -0.7866
vn -0.0000 -0.6175 -0.7866
vn -0.0000 -0.9504 -0.3109
vn -0.1317 0.9228 0.3622
vn -0.0000 0.9248 0.3803
vn -0.1112 0.6442 0.7567
vn -0.0000 0.6570 0.7539
vn -0.0000 -0.9505 -0.3108
vn -0.1481 -0.9450 -0.2917
vn 0.1223 0.6432 0.7559
vn 0.1449 0.9212 0.3611
vn -0.1204 -0.6045 -0.7875
vn -0.1481 -0.9449 -0.2919
vn 0.3956 0.7385 0.5461
vn 0.2762 -0.6539 -0.7044
vn 0.3097 -0.8688 -0.3864
vn 0.3711 0.6691 0.6439
vn -0.0065 0.3370 -0.9415
vn 0.0196 0.2598 -0.9655
vn 0.3566 0.7720 0.5262
vn 0.3248 0.7725 0.5457
vn 0.2758 0.7073 0.6509
vn -0.2829 0.6889 0.6673
vn -0.3067 0.8387 0.4500
vn 0.2830 0.7698 0.5721
vn 0.0053 -0.3342 0.9425
vn -0.0175 -0.2664 0.9637
vn 0.3050 0.6791 0.6677
vn 0.3296 0.6587 0.6764
vn -0.1252 0.7036 0.6995
vn -0.1379 0.8653 0.4818
vn 0.0336 -0.0984 0.9946
vn 0.0684 -0.1973 0.9779
vn 0.5232 -0.5949 -0.6103
vn 0.5742 -0.7602 -0.3038
vn 0.0866 0.4098 -0.9081
vn 0.0553 0.5139 -0.8561
vn -0.5249 0.5518 0.6481
vn -0.1251 0.7036 0.6995
vn -0.1380 0.8653 0.4818
vn -0.5810 0.7812 0.2285
vn 0.0683 -0.1973 0.9780
vn 0.0337 -0.0983 0.9946
vn -0.0930 -0.4058 0.9092
vn -0.0531 -0.5098 0.8587
vn 0.1333 -0.7251 -0.6756
vn 0.1398 -0.8446 -0.5168
vn -0.0351 0.1125 -0.9930
vn -0.0699 0.1930 -0.9787
vn -0.2697 -0.7005 -0.6607
vn -0.2885 -0.7743 -0.5632
vn -0.2997 -0.6708 -0.6783
vn -0.3301 -0.6736 -0.6613
vn -0.3873 -0.7336 -0.5584
vn 0.1332 -0.7250 -0.6757
vn 0.1398 -0.8447 -0.5167
vn -0.3771 -0.6717 -0.6377
vn -0.0699 0.1928 -0.9788
vn -0.0350 0.1126 -0.9930
vn -0.3507 -0.7647 -0.5405
vn -0.3246 -0.7858 -0.5264
vn -0.2697 -0.7006 -0.6606
vn -0.2886 -0.7744 -0.5630
vn 0.0195 0.2598 -0.9655
vn -0.0065 0.3371 -0.9415
vn -0.0175 -0.2663 0.9637
vn 0.0054 -0.3343 0.9425
vn 0.0554 0.5138 -0.8561
vn 0.3098 -0.8688 -0.3864
vn -0.2997 -0.6708 -0.6784
vn 0.0196 0.2599 -0.9654
vn -0.3068 0.8386 0.4501
vn -0.0533 -0.5097 0.8587
vn -0.2830 0.6890 0.6673
vn 0.2756 0.7073 0.6509
vn -0.0001 0.7863 -0.6178
vn 0.0001 0.1352 -0.9908
vn -0.0023 0.1366 -0.9906
vn 0.0034 0.7885 -0.6150
vn 0.0002 -0.4565 -0.8897
vn -0.0059 -0.4565 -0.8897
vn 0.0003 -1.0000 0.0080
vn -0.0068 -0.9999 0.0117
vn -0.0000 -0.4473 0.8944
vn -0.0002 -0.4452 0.8954
vn -0.0002 0.1464 0.9892
vn 0.0042 0.1472 0.9891
vn -0.0003 0.8023 0.5969
vn 0.0074 0.8013 0.5983
vn -0.0034 0.7890 -0.6144
vn 0.0023 0.1369 -0.9906
vn -0.0001 0.7864 -0.6178
vn 0.0060 -0.4565 -0.8897
vn 0.0003 -0.4565 -0.8897
vn 0.0068 -0.9999 0.0124
vn 0.0001 -0.4448 0.8956
vn -0.0042 0.1473 0.9891
vn -0.0074 0.8011 0.5985
vn -0.0038 0.7956 -0.6059
vn 0.0017 0.8003 0.5996
vn -0.0082 -0.4372 0.8993
vn -0.0098 0.1432 -0.9897
vn 0.0095 0.1428 -0.9897
vn 0.0022 0.1369 -0.9906
vn 0.0084 -0.4377 0.8991
vn -0.0008 0.8005 0.5994
vn 0.1556 0.1816 0.9710
vn 0.3003 -0.3538 0.8858
vn -0.4216 -0.4747 0.7726
vn -0.1875 -0.1536 -0.9702
vn -0.0443 -0.0660 0.9968
vn 0.0303 -0.9071 0.4199
vn 0.0190 -0.6504 -0.7594
vn 0.0387 -0.6138 -0.7885
vn 0.0196 -0.5420 -0.8402
vn 0.1244 -0.1119 -0.9859
vn -0.1380 -0.3675 -0.9197
vn -0.1174 0.7810 -0.6134
vn -0.7759 -0.5407 0.3249
vn -0.1456 0.2136 0.9660
vn 0.1270 0.4802 0.8679
vn 0.6020 0.6656 -0.4410
vn 0.1244 -0.1120 -0.9859
vn -0.1313 0.9865 0.0981
vn 0.1124 0.6462 0.7549
vn 0.1888 0.2558 -0.9481
vn -0.2939 0.4513 -0.8426
vn -0.1773 -0.3240 -0.9293
vn 0.0161 -0.8151 -0.5791
vn 0.2988 -0.8887 0.3477
vn 0.2932 0.0093 0.9560
vn 0.0741 -0.1856 0.9798
vn -0.0792 0.0081 0.9968
vn -0.0232 -0.6176 0.7862
vn -0.0633 0.9713 -0.2294
vn 0.0169 0.9991 -0.0396
vn 0.0503 0.7786 -0.6256
vn -0.1021 0.8470 -0.5217
vn -0.0632 0.9713 -0.2295
vn 0.0503 0.7786 -0.6255
vn -0.0849 0.6532 -0.7524
vn -0.0346 0.4987 -0.8661
vn 0.0281 0.4288 -0.9030
vn 0.0986 0.4506 -0.8873
vn 0.1735 0.5761 -0.7988
vn 0.2250 0.7866 -0.5750
vn 0.1994 0.9477 -0.2491
vn 0.1123 0.9929 -0.0396
vn -0.0625 -0.4277 0.9017
vn -0.1363 -0.4997 0.8554
vn -0.0503 -0.7786 0.6255
vn -0.2056 -0.6763 0.7073
vn -0.2235 -0.8834 0.4119
vn -0.1594 -0.9800 0.1192
vn -0.0639 -0.9979 0.0139
vn 0.0262 -0.9932 0.1136
vn 0.0899 -0.9234 0.3731
vn 0.0897 -0.9234 0.3731
vn 0.0996 -0.7514 0.6523
vn -0.0504 -0.7786 0.6255
vn 0.0622 -0.5664 0.8218
vn 0.0623 -0.5664 0.8217
vn 0.0043 -0.4526 0.8917
vn 0.1227 -0.5234 -0.8432
vn 0.1612 -0.2617 -0.9516
vn 0.3666 -0.4888 -0.7917
vn 0.1047 -0.5529 0.8267
vn 0.1472 -0.7999 0.5818
vn 0.5433 -0.1571 -0.8247
vn -0.3737 0.3112 0.8738
vn -0.0492 -0.5997 0.7987
vn -0.0072 -0.4557 0.8901
vn 0.1105 -0.6567 0.7460
vn 0.0772 -0.2696 0.9599
vn 0.0379 -0.5798 0.8139
vn 0.1102 -0.0724 0.9913
vn 0.0014 -0.1371 0.9906
vn 0.0284 -0.9316 0.3623
vn -0.1689 -0.1807 -0.9689
vn -0.0989 -0.0841 -0.9915
vn -0.0401 -0.1485 -0.9881
vn 0.2386 -0.1748 0.9552
vn -0.0438 -0.1463 -0.9883
vn -0.0945 0.0519 0.9942
vn 0.0627 0.3198 0.9454
vn -0.1186 0.7645 0.6336
vn -0.1186 0.7005 -0.7037
vn -0.0613 0.2854 -0.9564
vn -0.1324 -0.0515 -0.9899
vn -0.1471 -0.6383 -0.7556
vn 0.0096 -0.5820 -0.8131
vn -0.1007 -0.9949 0.0058
vn 0.0221 -0.3280 -0.9444
vn -0.1995 -0.6918 -0.6940
vn -0.0249 -0.9968 0.0755
vn -0.3476 -0.7824 -0.5168
vn -0.2138 -0.7561 -0.6185
vn -0.3892 -0.7143 -0.5817
vn -0.1270 0.2410 -0.9622
vn 0.0179 -0.4290 -0.9031
vn -0.1162 0.2834 -0.9519
vn 0.1411 -0.3502 -0.9260
vn 0.0744 -0.8114 -0.5797
vn 0.0074 -0.2480 -0.9687
vn -0.0327 -0.4054 -0.9136
vn -0.0240 -0.9853 0.1689
vn 0.1656 -0.8074 -0.5662
vn 0.4063 -0.8149 -0.4133
vn 0.3998 -0.7975 -0.4518
vn 0.2414 -0.9281 -0.2836
vn 0.1362 0.2131 -0.9675
vn 0.1262 0.2593 -0.9575
vn 0.0232 -0.4639 -0.8856
vn 0.0045 0.0549 0.9985
vn 0.0659 -0.1312 0.9892
vn -0.1071 0.3325 0.9370
vn -0.3214 0.0565 -0.9453
vn -0.2774 0.8718 -0.4037
vn -0.3069 0.6708 -0.6751
vn -0.3883 0.1294 -0.9124
vn -0.1527 0.8272 -0.5407
vn -0.2274 0.8613 -0.4544
vn 0.0487 0.9700 0.2384
vn 0.0666 0.9960 -0.0593
vn 0.2018 0.8000 0.5650
vn 0.0378 0.9178 0.3951
vn 0.2651 0.6918 0.6716
vn 0.1031 0.8114 0.5754
vn -0.0781 -0.6218 -0.7793
vn -0.2982 -0.5035 -0.8109
vn -0.1219 -0.3517 -0.9282
vn -0.1493 -0.5802 0.8007
vn -0.3868 -0.1776 -0.9049
vn -0.1784 -0.8016 0.5706
vn 0.2868 0.2874 0.9139
vn -0.0257 -0.4308 0.9021
vn 0.0150 -0.5359 0.8441
vn -0.1550 -0.6024 0.7830
vn -0.0797 -0.5065 0.8585
vn -0.1243 -0.1991 0.9721
vn 0.3370 0.9415 0.0027
vn 0.4909 0.0795 -0.8676
vn 0.4597 0.8224 -0.3350
vn -0.2959 0.6857 0.6651
vn -0.0371 0.8461 0.5317
vn -0.1077 0.7210 0.6845
vn 0.2030 0.9320 -0.3001
vn 0.5774 0.1871 -0.7947
vn 0.2814 0.9514 -0.1254
vn -0.0427 0.9271 0.3724
vn -0.2134 0.7932 0.5703
vn -0.0500 0.9958 0.0769
vn -0.1406 0.3304 0.9333
vn -0.3112 0.7249 0.6146
vn -0.0535 0.0795 0.9954
vn -0.0322 0.3724 0.9275
vn -0.3968 0.3577 0.8453
vn -0.2907 0.4303 0.8546
vn -0.0933 0.1146 0.9890
vn -0.5643 0.7429 0.3601
vn -0.6763 0.2023 0.7083
vn 0.0529 0.6747 0.7362
vn 0.0631 0.9713 -0.2294
vn -0.0504 0.7785 -0.6256
vn -0.0170 0.9991 -0.0396
vn 0.1021 0.8471 -0.5215
vn -0.0503 0.7786 -0.6255
vn 0.0632 0.9713 -0.2294
vn 0.0849 0.6533 -0.7523
vn 0.0347 0.4988 -0.8660
vn 0.0848 0.6533 -0.7523
vn -0.0280 0.4288 -0.9030
vn -0.0985 0.4506 -0.8873
vn -0.1734 0.5759 -0.7989
vn -0.2236 0.7900 -0.5708
vn -0.1995 0.9477 -0.2493
vn -0.1124 0.9929 -0.0398
vn 0.0624 -0.4276 0.9018
vn 0.0504 -0.7785 0.6256
vn 0.1362 -0.4996 0.8555
vn 0.2056 -0.6761 0.7075
vn 0.2235 -0.8832 0.4122
vn 0.1596 -0.9800 0.1193
vn 0.0641 -0.9978 0.0140
vn -0.0262 -0.9932 0.1136
vn -0.0897 -0.9235 0.3729
vn -0.0896 -0.9235 0.3730
vn 0.0504 -0.7786 0.6255
vn -0.0996 -0.7515 0.6521
vn -0.0621 -0.5665 0.8217
vn -0.0044 -0.4527 0.8917
vn -0.0046 0.0549 0.9985
vn 0.1070 0.3326 0.9370
vn -0.0659 -0.1313 0.9892
vn 0.1465 0.3626 0.9204
vn 0.0523 0.0865 0.9949
vn 0.3048 0.7289 0.6130
vn 0.3630 0.4254 0.8290
vn 0.0582 0.3909 0.9186
vn 0.2854 0.4378 0.8525
vn 0.4981 0.6923 0.5221
vn 0.0963 0.1506 0.9839
vn -0.0489 0.6821 0.7296
vn 0.6591 0.1755 0.7313
vn 0.0391 -0.9919 0.1210
vn 0.0987 -0.9916 0.0836
vn 0.1100 -0.9939 -0.0123
vn 0.0460 -0.9966 -0.0679
vn 0.2166 -0.9751 0.0465
vn 0.2439 -0.9674 0.0689
vn 0.3037 -0.9522 0.0328
vn 0.3957 0.8225 -0.4087
vn 0.3914 0.8489 -0.3553
vn 0.3316 -0.9364 0.1149
vn -0.1137 0.9913 -0.0657
vn -0.0715 0.9949 -0.0712
vn -0.0807 0.9948 0.0617
vn -0.1195 0.9927 0.0133
vn 0.0682 -0.8495 -0.5232
vn 0.0360 -0.8544 -0.5183
vn 0.1359 -0.7686 -0.6252
vn 0.2277 0.9720 -0.0587
vn 0.2501 -0.8031 -0.5407
vn -0.0721 0.9730 0.2194
vn -0.0810 0.9615 0.2627
vn 0.0789 -0.5920 -0.8021
vn 0.2765 0.9325 0.2321
vn 0.1081 -0.5673 -0.8164
vn -0.0659 0.9708 0.2307
vn -0.0516 0.9347 0.3518
vn -0.2585 0.9593 -0.1133
vn -0.2194 0.9713 -0.0918
vn -0.2296 0.9719 -0.0514
vn -0.2476 0.9677 -0.0462
vn -0.1848 0.8122 0.5534
vn -0.1462 0.8316 0.5358
vn -0.1079 0.6205 0.7767
vn -0.0951 0.6929 0.7147
vn -0.3533 0.2518 -0.9010
vn -0.6266 0.7052 -0.3318
vn -0.1115 0.7015 -0.7039
vn -0.0904 0.6090 -0.7880
vn -0.3083 -0.4026 -0.8619
vn -0.3285 -0.4779 -0.8147
vn 0.0614 -0.2773 -0.9588
vn 0.0475 -0.2502 -0.9670
vn 0.5975 0.2370 0.7660
vn 0.5594 0.4030 0.7243
vn -0.0278 0.3476 0.9372
vn -0.0370 0.3503 0.9359
vn -0.0278 0.3475 0.9373
vn -0.3071 0.2324 0.9229
vn -0.3530 0.2545 0.9003
vn -0.0370 0.3502 0.9359
vn 0.3287 0.7291 -0.6003
vn 0.2245 0.8508 -0.4751
vn 0.2391 0.7609 -0.6033
vn -0.0367 0.3201 -0.9467
vn -0.1830 0.1875 -0.9651
vn 0.8627 0.4195 0.2823
vn 0.9300 0.1204 0.3472
vn 0.6598 0.4000 0.6361
vn 0.6284 0.1878 0.7549
vn 0.9644 0.2433 0.1032
vn 0.9632 -0.0055 0.2687
vn -0.7731 -0.0931 0.6274
vn -0.7333 -0.1056 0.6716
vn -0.7136 -0.5596 -0.4215
vn -0.6820 -0.5314 -0.5025
vn 0.3288 0.7291 -0.6003
vn 0.3528 0.9255 -0.1376
vn -0.0961 0.8482 0.5209
vn -0.0962 0.8481 0.5210
vn -0.4051 0.6681 0.6241
vn 0.1348 -0.1617 -0.9776
vn -0.1329 -0.4239 -0.8959
vn 0.1243 -0.1119 -0.9859
vn -0.6853 -0.6139 0.3916
vn -0.7759 -0.5407 0.3248
vn -0.1381 -0.3674 -0.9197
vn -0.1349 0.1616 0.9776
vn 0.1329 0.4239 0.8959
vn 0.1269 0.4803 0.8679
vn 0.1329 0.4238 0.8959
vn 0.6853 0.6140 -0.3916
vn 0.6019 0.6657 -0.4411
vn 0.1270 0.4803 0.8679
vn 0.6853 0.6139 -0.3917
vn 0.6020 0.6656 -0.4411
vn 0.1349 -0.1617 -0.9776
vn -0.1328 -0.4239 -0.8959
vn -0.1381 -0.3675 -0.9197
vn 0.1243 -0.1120 -0.9859
vn -0.1329 -0.4238 -0.8960
vn 0.6854 0.6139 -0.3916
vn 0.1271 0.4803 0.8679
vn 0.6020 0.6657 -0.4411
vn 0.0870 0.5938 0.7999
vn -0.1556 0.9599 0.2331
vn -0.1644 0.9449 0.2831
vn 0.0868 0.5620 0.8226
vn -0.1557 0.9599 0.2332
vn -0.3393 0.4843 -0.8064
vn -0.3450 0.4604 -0.8179
vn -0.1861 -0.3231 -0.9279
vn -0.1742 -0.3312 -0.9273
vn 0.0187 -0.8015 -0.5977
vn 0.0243 -0.7845 -0.6196
vn 0.3031 -0.8865 0.3495
vn 0.3072 -0.9137 0.2662
vn 0.2671 0.0077 0.9636
vn 0.2802 -0.0324 0.9594
vn -0.1314 0.9865 0.0981
vn -0.1773 -0.3239 -0.9293
vn 0.2933 0.0094 0.9560
vn 0.0823 0.5860 0.8061
vn 0.2450 0.0035 0.9695
vn 0.2614 -0.8603 0.4376
vn -0.0063 -0.8511 -0.5250
vn -0.2188 -0.3414 -0.9141
vn -0.3648 0.5301 -0.7654
vn -0.1532 0.9510 0.2685
vn -0.1531 0.9510 0.2686
vn 0.0741 -0.1855 0.9798
vn -0.0231 -0.6175 0.7862
vn -0.1566 -0.8737 0.4606
vn -0.4504 -0.8845 0.1214
vn -0.6675 -0.1617 0.7268
vn -0.2382 0.0552 0.9697
vn -0.1566 -0.8736 0.4607
vn -0.3436 -0.0821 0.9355
vn -0.6675 -0.1616 0.7268
vn -0.4504 -0.8845 0.1213
vn 0.0169 0.9991 -0.0395
vn -0.1460 0.9811 0.1270
vn -0.0115 0.9173 0.3979
vn -0.2279 0.8793 -0.4183
vn -0.1746 0.5492 -0.8173
vn -0.0788 0.3170 -0.9452
vn 0.0282 0.4289 -0.9029
vn 0.0149 0.2208 -0.9752
vn 0.1181 0.2337 -0.9651
vn 0.2550 0.3943 -0.8829
vn 0.3982 0.7675 -0.5023
vn 0.3064 0.9389 0.1570
vn 0.1306 0.8981 0.4200
vn -0.0116 0.9174 0.3979
vn -0.2162 0.8318 0.5113
vn -0.0349 0.6926 0.7204
vn -0.4160 0.8802 -0.2285
vn -0.2845 0.3959 -0.8731
vn -0.1203 0.1191 -0.9856
vn 0.0019 0.0160 -0.9999
vn 0.1311 0.0048 -0.9914
vn 0.0018 0.0160 -0.9999
vn 0.3434 0.1290 -0.9303
vn 0.7031 0.6443 -0.3007
vn 0.3627 0.7009 0.6141
vn 0.1227 0.6478 0.7519
vn -0.0350 0.6926 0.7204
vn -0.2480 0.5541 0.7946
vn -0.0494 0.4447 0.8943
vn -0.6759 0.7211 0.1521
vn -0.4247 0.1455 -0.8936
vn -0.1594 -0.1009 -0.9820
vn -0.0113 -0.1897 -0.9818
vn 0.1372 -0.2340 -0.9625
vn -0.0114 -0.1897 -0.9818
vn 0.4178 -0.2398 -0.8763
vn 0.9674 0.1053 0.2302
vn 0.3316 0.3327 0.8828
vn 0.1028 0.3847 0.9173
vn -0.2441 0.2447 0.9384
vn -0.0578 0.2154 0.9748
vn -0.7528 0.1715 0.6355
vn -0.5745 -0.2828 -0.7681
vn -0.1961 -0.3604 -0.9120
vn -0.0256 -0.4117 -0.9110
vn 0.1345 -0.4892 -0.8617
vn -0.0257 -0.4116 -0.9110
vn 0.4248 -0.6509 -0.6292
vn 0.6604 -0.4585 0.5947
vn 0.2642 0.0148 0.9644
vn 0.0804 0.1537 0.9848
vn -0.0577 0.2155 0.9748
vn -0.2185 -0.0401 0.9750
vn -0.0623 0.0006 0.9981
vn -0.5328 -0.3269 0.7806
vn -0.5695 -0.7550 -0.3252
vn -0.2222 -0.6599 -0.7178
vn -0.0415 -0.6594 -0.7507
vn 0.1175 -0.7497 -0.6512
vn -0.0417 -0.6594 -0.7507
vn 0.3327 -0.9139 -0.2325
vn 0.3818 -0.6478 0.6592
vn 0.1941 -0.2251 0.9548
vn 0.0570 -0.0540 0.9969
vn -0.1807 -0.2896 0.9399
vn -0.0640 -0.2131 0.9749
vn -0.3373 -0.5614 0.7557
vn -0.3856 -0.9109 0.1472
vn -0.2137 -0.9169 -0.3371
vn -0.0571 -0.8979 -0.4365
vn 0.0793 -0.9507 -0.2997
vn -0.0571 -0.8979 -0.4364
vn 0.2021 -0.9712 0.1265
vn 0.2140 -0.7181 0.6623
vn 0.1268 -0.4133 0.9017
vn 0.0319 -0.2546 0.9665
vn 0.0571 -0.0540 0.9969
vn 0.0319 -0.2547 0.9665
vn 0.0265 -0.9932 0.1137
vn 0.2119 0.8588 -0.4664
vn 0.6011 0.4336 -0.6713
vn 0.6681 0.6079 -0.4291
vn 0.2134 0.7660 -0.6064
vn 0.7913 -0.2898 -0.5384
vn 0.9507 -0.1373 0.2780
vn 0.5609 -0.3351 -0.7570
vn 0.4232 -0.3282 -0.8445
vn 0.2607 0.9572 -0.1254
vn 0.5012 0.6837 0.5304
vn 0.4548 0.0561 0.8888
vn 0.0853 0.4748 0.8759
vn 0.0960 0.0980 0.9905
vn 0.0383 0.9316 0.3615
vn 0.0852 0.4748 0.8760
vn -0.0957 0.4002 0.9114
vn -0.0729 0.0628 0.9954
vn 0.0384 0.9316 0.3615
vn -0.1276 0.8693 0.4776
vn -0.2262 0.3885 0.8932
vn -0.1778 0.0562 0.9825
vn -0.2241 0.9236 0.3110
vn -0.2810 0.3898 0.8770
vn -0.2626 0.0800 0.9616
vn -0.2060 0.8895 0.4078
vn 0.0872 0.9206 -0.3807
vn 0.0916 0.9771 -0.1923
vn 0.0560 0.7570 -0.6510
vn 0.0857 0.8543 -0.5127
vn -0.0099 0.9392 -0.3432
vn -0.1034 0.9775 -0.1840
vn 0.0187 0.9962 -0.0845
vn -0.0013 0.9716 -0.2365
vn -0.0338 0.8365 -0.5469
vn -0.0014 0.9716 -0.2364
vn -0.0773 0.9950 -0.0631
vn -0.1159 0.9300 -0.3488
vn -0.0338 0.8364 -0.5470
vn -0.3542 0.4239 0.8335
vn -0.3751 0.0294 0.9265
vn 0.1461 0.9636 0.2241
vn 0.1777 0.8796 0.4412
vn 0.0669 0.8192 0.5695
vn 0.0590 0.9308 0.3607
vn 0.0590 0.9308 0.3608
vn 0.0670 0.8192 0.5695
vn -0.5112 0.4306 0.7438
vn -0.5794 -0.0513 0.8134
vn 0.0447 0.8146 0.5783
vn 0.0465 0.7799 0.6241
vn -0.1503 0.6652 0.7314
vn 0.0040 0.9408 0.3390
vn -0.1826 0.7060 0.6842
vn -0.4370 0.5742 0.6923
vn -0.4203 0.3668 0.8299
vn -0.4233 0.7245 0.5440
vn -0.4049 0.2831 0.8694
vn -0.4891 0.7643 0.4204
vn -0.5795 0.3520 0.7350
vn -0.6010 0.6174 -0.5076
vn -0.7601 0.4107 -0.5036
vn -0.2129 0.1858 -0.9593
vn -0.1990 0.1145 -0.9733
vn 0.0117 0.0879 -0.9961
vn 0.0216 0.0509 -0.9985
vn 0.1851 0.1928 -0.9636
vn 0.1850 0.0833 -0.9792
vn 0.2643 0.5402 -0.7990
vn 0.3333 0.1227 -0.9348
vn 0.3033 0.5646 -0.7677
vn 0.5214 0.2073 -0.8278
vn 0.3255 0.5723 -0.7527
vn 0.5358 0.3724 -0.7578
vn 0.4030 0.8269 -0.3922
vn 0.4921 0.7916 -0.3622
vn 0.0465 0.7799 0.6242
vn 0.2076 0.8853 0.4160
vn 0.1836 0.9719 0.1476
vn 0.0041 0.9408 0.3391
vn 0.2036 0.9123 0.3553
vn 0.4691 0.0833 -0.8792
vn 0.3785 -0.3245 -0.8668
vn 0.5409 -0.0287 -0.8406
vn 0.5649 -0.1969 -0.8013
vn 0.4380 -0.3732 -0.8179
vn 0.5018 -0.5682 -0.6522
vn -0.3896 0.5481 0.7401
vn -0.4696 0.3573 0.8074
vn -0.6700 0.3372 0.6614
vn -0.5701 0.1022 0.8152
vn -0.4062 0.2613 0.8756
vn -0.5910 0.3050 0.7468
vn -0.8459 0.1708 -0.5053
vn -0.3936 0.0416 0.9183
vn -0.5700 -0.0666 0.8190
vn -0.8146 -0.4484 -0.3678
vn -0.2009 -0.0601 -0.9778
vn -0.1865 -0.3231 -0.9278
vn 0.0152 -0.0602 -0.9981
vn -0.0068 -0.2533 -0.9674
vn 0.3746 -0.1470 -0.9155
vn 0.1871 -0.0628 -0.9803
vn -0.8083 -0.1648 0.5653
vn -0.6499 -0.2097 0.7305
vn -0.3553 -0.2685 0.8953
vn -0.4164 -0.3903 0.8211
vn -0.6383 -0.7289 -0.2474
vn -0.1751 -0.5129 -0.8404
vn -0.0270 -0.4452 -0.8950
vn 0.9992 -0.0399 -0.0090
vn 0.7408 -0.2965 -0.6027
vn 0.5092 -0.3711 -0.7765
vn 0.3991 -0.3723 -0.8379
vn 0.5891 0.5328 0.6075
vn 0.0755 0.4703 0.8793
vn -0.0999 0.1745 0.9796
vn -0.1922 0.0910 0.9771
vn -0.4168 0.0701 0.9063
vn -0.2841 0.0963 0.9539
vn -0.6006 0.0065 0.7995
vn 0.3725 -0.3378 -0.8644
vn 0.3982 -0.3693 -0.8397
vn 0.5196 -0.3274 -0.7892
vn 0.4207 -0.3233 -0.8476
vn -0.8210 0.0667 0.5670
vn -0.6981 0.0699 0.7126
vn -0.4044 0.1755 0.8976
vn -0.6603 0.3826 0.6462
vn -0.1835 0.1185 -0.9759
vn -0.6359 0.3714 -0.6765
vn -0.0164 -0.0975 -0.9951
vn 0.2127 -0.2638 -0.9408
vn 0.7215 0.5838 -0.3723
vn 0.6905 0.1317 -0.7113
vn 0.5270 -0.0294 -0.8494
vn 0.4220 -0.1169 -0.8990
vn 0.3867 0.8382 0.3846
vn 0.0780 0.6284 0.7740
vn -0.1237 0.5403 0.8323
vn 0.0781 0.6284 0.7740
vn -0.2317 0.4350 0.8701
vn -0.3980 0.5254 0.7520
vn -0.2934 0.4109 0.8632
vn -0.5324 0.6169 0.5797
vn 0.3975 -0.1494 -0.9054
vn 0.5768 -0.1773 -0.7974
vn 0.3998 -0.1480 -0.9046
vn -0.6096 0.5878 0.5318
vn -0.4421 0.4995 0.7450
vn -0.6293 0.2970 0.7181
vn -0.1875 -0.0324 -0.9817
vn -0.7967 0.0948 -0.5969
vn -0.0218 -0.0618 -0.9979
vn 0.1654 -0.1075 -0.9803
vn 0.0739 -0.7731 0.6300
vn 0.0467 -0.8869 0.4596
vn 0.0254 -0.9556 0.2937
vn -0.0013 -0.9898 0.1428
vn 0.0773 -0.2696 0.9599
vn 0.0269 -0.7114 0.7023
vn -0.0223 -0.9181 0.3957
vn 0.0043 -0.8427 0.5383
vn -0.0491 -0.9677 0.2473
vn -0.0395 -0.9875 -0.1527
vn -0.0565 -0.9301 -0.3630
vn 0.1379 -0.9902 -0.0201
vn -0.0886 -0.9959 -0.0200
vn -0.1289 -0.9395 -0.3174
vn -0.1866 -0.8090 0.5574
vn -0.2048 -0.5505 -0.8093
vn -0.2368 -0.9419 0.2382
vn -0.0308 -0.4541 -0.8904
vn 0.1049 -0.9136 -0.3929
vn 0.0740 -0.7732 0.6299
vn 0.0270 -0.7113 0.7023
vn -0.1866 -0.8091 0.5573
vn -0.2367 -0.9419 0.2382
vn -0.0073 -0.4557 0.8901
vn -0.0493 -0.5997 0.7987
vn 0.1048 -0.5529 0.8266
vn -0.1049 0.9761 -0.1903
vn -0.1987 0.8963 -0.3965
vn -0.3266 0.9304 0.1663
vn -0.3415 0.8957 0.2847
vn -0.3101 0.9507 0.0064
vn -0.3737 0.9189 -0.1263
vn -0.3209 0.9341 -0.1567
vn 0.2991 0.0951 0.9495
vn 0.1176 0.5594 0.8205
vn -0.1741 0.4728 -0.8638
vn 0.0702 0.6458 0.7603
vn 0.0104 0.3604 -0.9327
vn -0.0279 0.2359 0.9714
vn 0.2008 0.5119 -0.8352
vn 0.2481 0.4703 -0.8469
vn 0.3113 0.5539 -0.7722
vn 0.2780 0.6279 -0.7269
vn 0.2877 0.6113 -0.7372
vn 0.1579 0.6441 -0.7485
vn 0.1515 0.7799 -0.6073
vn -0.1049 0.9761 -0.1904
vn -0.1837 0.6983 0.6918
vn -0.0007 0.7970 0.6040
vn 0.0263 0.5654 0.8244
vn -0.1120 0.4858 0.8669
vn -0.3356 0.4473 0.8291
vn -0.2260 0.3342 0.9150
vn -0.4001 0.3302 0.8549
vn -0.4068 0.1451 0.9019
vn -0.6663 0.5485 0.5052
vn -0.4069 0.1451 0.9019
vn -0.9447 0.2766 0.1762
vn -0.6025 0.5705 -0.5581
vn -0.6151 0.2746 -0.7391
vn -0.2340 0.3238 -0.9167
vn -0.2576 0.1621 -0.9526
vn 0.0110 0.1668 -0.9859
vn -0.0063 0.0603 -0.9982
vn 0.1776 0.1040 -0.9786
vn 0.1459 -0.0208 -0.9891
vn 0.3555 0.1431 -0.9236
vn 0.3337 -0.0250 -0.9424
vn 0.6674 0.1446 -0.7305
vn 0.5239 0.3211 -0.7889
vn 0.1898 0.8781 0.4392
vn 0.4670 0.8823 -0.0586
vn 0.5005 0.6691 0.5494
vn 0.2055 0.6051 0.7692
vn 0.5948 0.6344 -0.4937
vn 0.8201 0.5698 -0.0530
vn -0.0013 -0.9897 0.1428
vn -0.0564 -0.9301 -0.3630
vn -0.0223 -0.9181 0.3956
vn 0.0254 -0.9555 0.2937
vn -0.2049 -0.5506 -0.8093
vn -0.0549 0.2868 0.9564
vn 0.0326 0.3293 0.9437
vn 0.0206 0.4415 0.8970
vn -0.0559 0.4319 0.9002
vn -0.0969 0.4046 0.9094
vn -0.1073 0.3688 0.9233
vn -0.1530 0.1021 0.9829
vn -0.4243 -0.1157 0.8981
vn -0.4243 -0.1158 0.8981
vn -0.9267 -0.3488 -0.1398
vn -0.6871 -0.3013 -0.6611
vn -0.2297 0.0180 -0.9731
vn -0.4839 -0.0048 -0.8751
vn -0.4127 0.2171 -0.8846
vn -0.2277 0.1306 -0.9649
vn -0.0307 -0.0442 -0.9986
vn -0.0277 0.0826 -0.9962
vn 0.1073 -0.0565 -0.9926
vn 0.0960 0.0514 -0.9941
vn 0.2920 -0.1168 -0.9492
vn 0.2513 0.0239 -0.9676
vn 0.1810 0.3833 0.9057
vn 0.4223 0.4067 0.8101
vn 0.4240 0.4734 0.7721
vn 0.1772 0.4476 0.8765
vn 0.8259 0.2307 0.5144
vn 0.8034 0.4971 0.3278
vn -0.0557 0.2907 0.9552
vn 0.0336 0.2909 0.9562
vn 0.0507 0.1461 0.9880
vn -0.0253 0.1650 0.9860
vn -0.0962 0.2236 0.9699
vn -0.1135 0.3241 0.9392
vn -0.4563 0.5345 0.7114
vn -0.1888 0.3635 0.9122
vn -0.1927 0.2798 0.9405
vn -0.5153 0.4019 0.7569
vn -0.8196 0.4950 -0.2883
vn -0.5153 0.4018 0.7570
vn -0.9334 0.2603 -0.2470
vn -0.4395 0.0845 -0.8943
vn -0.6322 0.2342 -0.7385
vn -0.6521 -0.0291 -0.7576
vn -0.4361 -0.1523 -0.8869
vn -0.2170 0.0079 -0.9761
vn -0.2181 -0.1699 -0.9610
vn -0.0369 -0.0303 -0.9989
vn -0.0328 -0.1526 -0.9877
vn 0.0869 -0.0421 -0.9953
vn 0.0862 -0.1245 -0.9885
vn 0.2244 -0.0587 -0.9727
vn 0.2075 -0.1182 -0.9711
vn 0.6039 0.0913 -0.7918
vn 0.6031 -0.0953 -0.7920
vn 0.8202 0.4016 0.4073
vn 0.8466 0.1751 0.5025
vn 0.1790 0.3198 0.9304
vn 0.4342 0.3783 0.8175
vn 0.4454 0.1748 0.8781
vn 0.1912 0.1727 0.9662
vn -0.1987 0.8963 -0.3964
vn 0.1579 0.6441 -0.7484
vn 0.2780 0.6280 -0.7269
vn 0.3113 0.5538 -0.7722
vn 0.0210 0.3728 -0.9277
vn -0.2209 0.4784 -0.8499
vn -0.3102 0.9507 0.0064
vn -0.3416 0.8957 0.2847
vn -0.3266 0.9304 0.1662
vn -0.3416 0.8957 0.2846
vn 0.6743 0.1949 -0.7122
vn 0.7391 -0.0670 -0.6703
vn -0.0911 0.1768 0.9800
vn 0.0365 0.1497 0.9881
vn 0.0495 0.3494 0.9357
vn -0.0865 0.3249 0.9418
vn -0.2230 0.0724 0.9721
vn -0.2413 0.3568 0.9025
vn -0.3870 -0.0971 0.9169
vn -0.4839 0.3708 0.7927
vn -0.5640 -0.4628 0.6839
vn -0.3871 -0.0970 0.9169
vn -0.4839 0.3707 0.7927
vn -0.8887 -0.1377 0.4373
vn -0.5979 -0.7790 -0.1891
vn -0.6091 -0.5751 -0.5462
vn -0.2543 -0.6932 -0.6744
vn -0.2247 -0.4440 -0.8674
vn -0.0215 -0.5482 -0.8360
vn -0.0361 -0.3251 -0.9450
vn 0.1287 -0.4570 -0.8801
vn 0.0976 -0.2388 -0.9661
vn 0.2621 -0.3799 -0.8871
vn 0.2179 -0.1510 -0.9642
vn 0.5166 -0.2570 -0.8167
vn 0.4324 -0.0023 -0.9017
vn 0.9845 -0.1700 0.0441
vn 0.8541 0.3747 -0.3607
vn 0.2256 0.1363 0.9646
vn 0.5497 0.0539 0.8336
vn 0.6025 0.4831 0.6353
vn 0.2312 0.4170 0.8790
vn -0.0605 0.2009 0.9778
vn 0.0429 0.1793 0.9829
vn 0.0218 0.3261 0.9451
vn -0.0769 0.3308 0.9406
vn 0.1986 0.1199 0.9727
vn 0.2160 0.4070 0.8875
vn 0.4559 0.1995 0.8674
vn 0.4815 0.5841 0.6535
vn 0.8672 0.4452 0.2230
vn 0.6886 0.7110 -0.1423
vn 0.4489 0.1446 -0.8818
vn 0.3406 0.3425 -0.8756
vn 0.1779 -0.0401 -0.9832
vn 0.1674 0.0847 -0.9822
vn 0.0745 -0.1676 -0.9830
vn 0.0794 -0.0084 -0.9968
vn -0.0407 -0.2552 -0.9660
vn -0.0381 -0.0863 -0.9955
vn -0.2172 -0.2758 -0.9363
vn -0.2650 -0.0994 -0.9591
vn -0.4629 -0.1802 -0.8679
vn -0.5266 0.0052 -0.8501
vn -0.6742 -0.1953 -0.7123
vn -0.6306 0.4932 -0.5993
vn -0.9365 0.0937 0.3379
vn -0.4818 0.2556 0.8382
vn -0.4511 0.0773 0.8891
vn -0.8049 -0.2484 0.5390
vn -0.2364 0.2548 0.9377
vn -0.2348 0.1462 0.9610
vn -0.4510 0.0773 0.8891
vn -0.1756 0.4998 0.8482
vn -0.0769 0.0866 0.9933
vn -0.1227 0.2215 0.9674
vn -0.0895 0.1624 0.9827
vn -0.0973 0.1182 0.9882
vn -0.1644 0.2597 0.9516
vn -0.1706 0.4907 0.8545
vn -0.4342 0.3827 0.8155
vn -0.4478 0.6388 0.6256
vn -0.9275 0.2093 -0.3098
vn -0.4343 0.3826 0.8155
vn -0.7186 0.6042 -0.3444
vn -0.6071 0.2742 -0.7458
vn -0.5570 0.2514 -0.7916
vn -0.6767 -0.5505 -0.4889
vn -0.8564 -0.2147 -0.4696
vn -0.7032 0.7081 -0.0637
vn -0.9475 0.3057 -0.0935
vn -0.4998 0.3251 0.8028
vn -0.4523 0.6492 0.6115
vn -0.2155 0.2016 0.9555
vn -0.2401 0.5188 0.8205
vn 0.2115 -0.4313 0.8771
vn 0.1965 -0.5566 0.8072
vn 0.0883 -0.3126 0.9458
vn 0.0699 -0.0429 0.9966
vn 0.2229 -0.5085 0.8317
vn 0.2997 -0.3507 0.8872
vn 0.5726 -0.1009 0.8136
vn 0.5074 -0.0151 0.8616
vn 0.5652 0.4224 0.7087
vn 0.4561 0.4349 0.7764
vn 0.3041 0.9478 0.0959
vn 0.2716 0.9428 0.1932
vn 0.0863 0.9882 -0.1263
vn 0.0941 0.9572 -0.2738
vn 0.0054 0.9732 -0.2297
vn 0.0057 0.9111 -0.4122
vn -0.0753 0.9770 -0.1993
vn -0.0813 0.9564 -0.2805
vn -0.2865 0.9483 0.1366
vn -0.2551 0.9529 0.1639
vn -0.5393 0.4675 0.7005
vn -0.4797 0.4758 0.7373
vn -0.5965 -0.0498 0.8010
vn -0.5419 -0.0272 0.8400
vn -0.2803 -0.4972 0.8211
vn -0.2716 -0.2991 0.9148
vn -0.2186 -0.5314 0.8184
vn -0.0904 -0.2762 0.9569
vn -0.1721 -0.2389 0.9557
vn -0.0755 0.0391 0.9964
vn -0.0240 -0.1544 -0.9877
vn 0.0975 -0.4164 -0.9039
vn -0.1544 0.3767 0.9134
vn -0.4660 0.8276 -0.3130
vn 0.0957 -0.0297 -0.9950
vn -0.1792 0.1684 0.9693
vn -0.1881 0.2156 0.9582
vn -0.0584 0.1791 0.9821
vn -0.6628 -0.7067 -0.2475
vn -0.0326 0.1766 0.9837
vn -0.2292 -0.9470 0.2249
vn -0.0820 -0.0517 0.9953
vn -0.0858 -0.9048 0.4171
vn -0.0220 -0.3550 -0.9346
vn -0.0127 -0.9813 0.1921
vn 0.0007 -0.3439 -0.9390
vn 0.0625 -0.9980 0.0092
vn 0.0234 -0.3573 -0.9337
vn 0.1813 -0.9565 0.2284
vn 0.0752 -0.0586 0.9954
vn 0.5735 -0.6593 0.4862
vn 0.0302 0.1739 0.9843
vn 0.3177 0.4116 0.8542
vn 0.0697 0.1929 0.9787
vn -0.0711 -0.1213 -0.9901
vn 0.3406 0.3669 0.8657
vn -0.0753 -0.4007 -0.9131
vn 0.1315 0.4060 0.9044
vn 0.0037 -0.1763 -0.9843
vn 0.3319 0.5649 -0.7555
vn 0.0514 0.0133 0.9986
vn 0.2353 -0.3799 0.8946
vn -0.2684 0.3489 -0.8979
vn -0.0247 -0.1541 -0.9877
vn -0.0632 -0.0365 -0.9973
vn -0.0630 -0.0366 -0.9973
vn -0.1325 -0.1562 0.9788
vn -0.0131 0.0819 0.9966
vn 0.0083 -0.0889 -0.9960
vn 0.0031 -0.1765 -0.9843
vn 0.1496 0.1652 -0.9749
vn 0.0079 -0.0890 -0.9960
vn 0.5244 -0.2056 0.8263
vn 0.1071 0.1694 0.9797
vn 0.1687 0.3196 0.9324
vn 0.6260 -0.2941 0.7222
vn -0.1437 0.4448 -0.8840
vn -0.0243 0.4783 -0.8779
vn -0.1433 0.4452 -0.8839
vn 0.0135 0.0581 -0.9982
vn 0.0912 -0.0140 -0.9957
vn -0.0233 0.4790 -0.8775
vn 0.0116 0.0584 -0.9982
vn 0.0862 -0.0110 -0.9962
vn -0.2509 0.0301 0.9676
vn -0.0326 0.2535 0.9668
vn -0.0977 -0.0092 -0.9952
vn 0.0610 0.3449 -0.9367
vn -0.0973 -0.0091 -0.9952
vn 0.0637 0.2679 0.9613
vn -0.0427 0.4282 -0.9027
vn -0.0557 0.4674 -0.8823
vn -0.0313 0.3087 0.9507
vn -0.0434 0.4289 -0.9023
vn -0.0599 0.0646 -0.9961
vn -0.3058 -0.0271 -0.9517
vn -0.0564 0.4666 -0.8827
vn 0.0825 -0.0390 0.9958
vn -0.2174 -0.0548 0.9745
vn 0.8071 -0.5360 0.2478
vn 0.0801 0.0200 -0.9966
vn 0.1635 0.1246 0.9787
vn -0.2882 0.3763 0.8805
vn -0.4375 -0.1163 -0.8917
vn -0.0907 -0.0569 -0.9943
vn 0.2793 0.5210 -0.8065
vn 0.8862 -0.0880 0.4549
vn -0.6775 0.6304 0.3788
vn -0.5661 0.2648 -0.7807
vn -0.9345 0.1729 0.3111
vn 0.1883 0.8682 0.4590
vn 0.4021 0.8128 0.4216
vn 0.1667 0.1502 -0.9745
vn -0.4844 -0.0316 -0.8743
vn 0.6940 0.0389 -0.7190
vn -0.7816 0.0909 0.6171
vn 0.9117 -0.2177 -0.3485
vn 0.1051 0.1687 0.9801
vn 0.5233 -0.2065 0.8267
vn 0.0122 0.0580 -0.9982
vn 0.0108 0.0582 -0.9982
vn -0.0310 0.2532 0.9669
vn -0.2503 0.0296 0.9677
vn 0.0606 0.3450 -0.9366
vn -0.0976 -0.0092 -0.9952
vn 0.0605 0.3447 -0.9368
vn 0.1352 0.0246 -0.9905
vn 0.5382 0.6204 -0.5705
vn -0.8249 0.2101 -0.5247
vn 0.1159 0.0183 0.9931
vn -0.0804 0.0277 0.9964
vn -0.0433 0.0472 0.9979
vn 0.1159 0.0314 0.9928
vn -0.3369 0.0243 -0.9412
vn -0.2674 0.0093 -0.9635
vn -0.1058 -0.0081 -0.9944
vn -0.1050 -0.0236 -0.9942
vn 0.0436 -0.0058 -0.9990
vn 0.6206 0.0828 0.7797
vn 0.4662 0.0503 0.8832
vn -0.0020 -0.0017 -1.0000
vn 0.0132 -0.0056 -0.9999
vn -0.0071 -0.0016 -1.0000
vn 0.6679 -0.6103 -0.4260
vn 0.9341 -0.2819 -0.2191
vn -0.7748 -0.2608 -0.5760
vn -0.2385 -0.3029 -0.9227
vn -0.3461 -0.1508 -0.9260
vn -0.9404 -0.1055 0.3233
vn 0.0890 -0.6115 -0.7862
vn 0.6442 -0.5001 -0.5787
vn -0.9743 -0.1944 0.1134
vn 0.6086 -0.7244 0.3238
vn 0.4554 -0.1242 -0.8816
vn 0.0167 -0.6347 0.7726
vn 0.8156 -0.3531 -0.4584
vn -0.6408 -0.4995 -0.5830
vn 0.1050 -0.0067 0.9944
vn -0.0206 -0.0272 0.9994
vn -0.2147 -0.0578 -0.9750
vn -0.1055 -0.0470 -0.9933
vn -0.0138 -0.0452 -0.9989
vn 0.2890 -0.0419 0.9564
vn -0.0235 -0.0446 -0.9987
vn -0.2381 -0.3046 -0.9222
vn -0.1058 -0.0228 -0.9941
vn -0.1072 0.0038 -0.9942
vn -0.2150 0.0008 -0.9766
vn -0.0266 -0.1240 0.9919
vn 0.0203 0.0601 0.9980
vn 0.1983 0.4737 0.8581
vn 0.1102 0.0536 0.9925
vn 0.3957 -0.2011 0.8961
vn 0.3259 0.0757 0.9424
vn -0.0277 -0.0007 -0.9996
vn -0.0256 0.0046 -0.9997
vn -0.0196 -0.0005 -0.9998
vn -0.0219 0.0048 -0.9997
vn -0.1081 -0.0007 -0.9941
vn -0.2037 0.0031 -0.9790
vn 0.0026 0.0579 0.9983
vn 0.1083 0.0510 0.9928
vn 0.2855 0.0706 0.9558
vn -0.0275 0.0062 -0.9996
vn -0.0329 0.0058 -0.9994
vn 0.9149 -0.3983 -0.0656
vn 0.1051 -0.9893 0.1007
vn 0.0997 -0.9857 0.1356
vn 0.6456 -0.3754 -0.6651
vn 0.0996 -0.8765 0.4710
vn 0.1245 -0.8750 0.4679
vn 0.1803 -0.0619 0.9817
vn 0.1095 -0.0539 0.9925
vn 0.1183 -0.8095 0.5751
vn 0.2451 -0.0536 0.9680
vn 0.1050 -0.9940 0.0320
vn -0.0125 -0.9765 -0.2150
vn 0.0614 -0.2169 -0.9743
vn 0.1571 -0.2197 -0.9628
vn 0.1634 -0.9861 0.0292
vn -0.2096 -0.9675 -0.1412
vn -0.0374 -0.1577 -0.9868
vn 0.0542 -0.1547 -0.9865
vn 0.0690 -0.7195 0.6911
vn 0.0135 -0.6389 0.7692
vn 0.0533 0.0035 0.9986
vn 0.0290 -0.0065 0.9996
vn 0.1553 -0.2878 0.9450
vn 0.0931 -0.8750 0.4752
vn 0.0470 -0.9885 -0.1435
vn 0.1068 -0.9906 -0.0856
vn 0.0992 -0.1882 -0.9771
vn 0.0501 -0.1680 -0.9845
vn 0.0003 -0.9036 0.4284
vn -0.0276 -0.0302 0.9992
vn 0.1361 -0.9796 0.1478
vn 0.4673 -0.2956 -0.8332
vn 0.0500 -0.9857 -0.1610
vn 0.0873 -0.1897 -0.9780
vn 0.6374 0.6034 -0.4791
vn 0.5829 0.4135 -0.6995
vn 0.1865 0.2451 0.9514
vn 0.0924 0.1674 0.9815
vn 0.2076 0.2290 0.9510
vn 0.0564 0.1743 -0.9831
vn 0.1515 0.1300 -0.9799
vn -0.0386 0.0967 -0.9946
vn 0.0594 0.0742 -0.9955
vn 0.0397 0.0986 0.9943
vn 0.0339 0.1032 0.9941
vn 0.0928 0.6446 0.7589
vn 0.0920 0.1159 -0.9890
vn 0.0444 0.0848 -0.9954
vn -0.0293 0.0987 0.9947
vn 0.4378 0.2929 -0.8500
vn 0.0816 0.1048 -0.9911
vn 0.0019 0.9128 -0.4084
vn -0.0034 0.9710 -0.2392
vn -0.0345 0.9957 0.0857
vn -0.0366 0.9879 0.1505
vn -0.0358 0.9890 0.1438
vn -0.0619 0.9092 -0.4118
vn 0.0337 0.9994 -0.0058
vn -0.1939 0.8356 -0.5140
vn 0.1493 0.9796 -0.1345
vn -0.0498 0.9670 0.2499
vn -0.0232 0.9836 0.1789
vn -0.0317 0.9987 0.0410
vn 0.0760 0.9808 -0.1795
vn -0.0053 0.9556 -0.2946
vn -0.0195 0.9489 0.3148
vn 0.0230 0.9920 -0.1239
vn -0.0140 0.9567 -0.2909
vn 0.0434 0.1720 0.9841
vn 0.1169 0.1502 0.9817
vn 0.0255 0.9750 -0.2209
vn -0.1467 0.8301 0.5380
vn 0.0496 -0.0312 0.9983
vn 0.1176 -0.0366 0.9924
vn -0.0090 -0.8284 0.5601
vn 0.1818 -0.8783 0.4422
vn 0.1469 0.1104 0.9830
vn 0.1309 0.7633 -0.6327
vn 0.1335 -0.0302 0.9906
vn 0.3199 -0.8622 0.3927
vn 0.5727 0.6755 0.4645
vn 0.5602 0.6879 -0.4615
vn -0.0024 0.8085 -0.5885
vn -0.0417 0.9736 0.2244
vn 0.7267 -0.2904 0.6226
vn 0.8472 -0.4773 -0.2334
vn 0.0665 -0.8456 0.5297
vn 0.1079 -0.9887 -0.1046
vn 0.0530 -0.2042 -0.9775
vn -0.0083 -0.9696 -0.2448
vn 0.0361 0.0550 -0.9978
vn -0.0358 0.9324 -0.3598
vn 0.0500 -0.0236 0.9985
vn 0.0497 -0.1909 0.9804
vn 0.0444 0.0226 -0.9988
vn 0.0555 0.1837 -0.9814
vn 0.1468 0.1105 0.9830
vn 0.1336 -0.0303 0.9906
vn 0.0424 -0.0699 0.9967
vn 0.0388 0.0660 0.9971
vn 0.1552 -0.2880 0.9450
vn -0.0438 -0.0949 -0.9945
vn 0.1552 -0.2878 0.9450
vn 0.0929 0.6446 0.7589
vn -0.0467 0.1119 -0.9926
vn 0.0637 -0.1390 0.9882
vn 0.0584 0.0372 0.9976
vn -0.0000 -0.0525 -0.9986
vn -0.0021 0.1411 -0.9900
vn 0.0001 -0.0524 -0.9986
vn 0.0445 0.0226 -0.9988
vn -0.0761 -0.1659 -0.9832
vn -0.0813 -0.9895 -0.1195
vn -0.0000 -0.9946 -0.1043
vn -0.0000 -0.1739 -0.9848
vn -0.0792 0.0433 -0.9959
vn -0.0000 0.0692 -0.9976
vn -0.0774 0.9189 -0.3868
vn -0.0000 0.9499 -0.3125
vn -0.9149 -0.3982 -0.0656
vn -0.6456 -0.3753 -0.6651
vn -0.0996 -0.9858 0.1355
vn -0.1052 -0.9893 0.1007
vn -0.0889 -0.9039 0.4184
vn -0.1104 -0.0864 0.9901
vn -0.1919 -0.0753 0.9785
vn -0.1194 -0.8870 0.4461
vn -0.2451 -0.0537 0.9680
vn -0.1183 -0.8096 0.5750
vn -0.1050 -0.9940 0.0321
vn -0.1571 -0.2196 -0.9628
vn -0.0614 -0.2169 -0.9743
vn 0.0124 -0.9765 -0.2150
vn -0.1634 -0.9861 0.0292
vn -0.0543 -0.1547 -0.9865
vn 0.0374 -0.1577 -0.9868
vn 0.2096 -0.9676 -0.1411
vn -0.0541 -0.9287 0.3669
vn -0.0499 -0.0512 0.9974
vn 0.0241 -0.0179 0.9995
vn 0.0164 -0.8976 0.4405
vn -0.0470 -0.9885 -0.1435
vn -0.0501 -0.1680 -0.9845
vn -0.0992 -0.1883 -0.9771
vn -0.1068 -0.9906 -0.0857
vn -0.0340 -0.9326 0.3594
vn -0.0503 -0.0251 0.9984
vn -0.4673 -0.2956 -0.8332
vn -0.1361 -0.9796 0.1478
vn -0.0500 -0.9857 -0.1610
vn -0.0873 -0.1897 -0.9780
vn -0.6374 0.6034 -0.4793
vn -0.5829 0.4134 -0.6995
vn -0.1001 0.1785 0.9788
vn -0.1934 0.2455 0.9499
vn -0.2076 0.2291 0.9510
vn -0.1514 0.1300 -0.9799
vn -0.0564 0.1743 -0.9831
vn -0.0594 0.0742 -0.9955
vn 0.0386 0.0967 -0.9946
vn -0.0365 0.1668 0.9853
vn 0.0411 0.1079 0.9933
vn -0.0444 0.0848 -0.9954
vn -0.0920 0.1159 -0.9890
vn -0.0514 0.1063 0.9930
vn -0.4378 0.2929 -0.8500
vn -0.0815 0.1049 -0.9911
vn -0.0019 0.9128 -0.4084
vn 0.0034 0.9710 -0.2391
vn 0.0451 0.9969 0.0651
vn 0.0377 0.9983 0.0439
vn 0.0358 0.9890 0.1438
vn -0.0337 0.9994 -0.0058
vn 0.0619 0.9092 -0.4118
vn -0.1492 0.9796 -0.1346
vn 0.1939 0.8356 -0.5140
vn 0.0158 0.9872 0.1586
vn 0.0859 0.9487 0.3042
vn 0.0052 0.9556 -0.2946
vn -0.0759 0.9808 -0.1794
vn -0.0070 0.9677 0.2521
vn -0.0230 0.9920 -0.1239
vn 0.0139 0.9567 -0.2909
vn -0.0366 0.2267 0.9733
vn 0.1553 0.8707 0.4667
vn -0.0339 0.9718 -0.2332
vn -0.1192 0.2181 0.9686
vn -0.0481 -0.1035 0.9935
vn -0.1245 -0.1049 0.9867
vn 0.0511 -0.8989 0.4351
vn -0.1899 -0.9722 0.1367
vn -0.1910 0.2859 0.9390
vn -0.0559 0.9419 -0.3313
vn -0.1979 -0.1396 0.9702
vn -0.1653 -0.9580 0.2342
vn -0.5728 0.6754 0.4645
vn 0.0417 0.9736 0.2244
vn 0.0025 0.8084 -0.5886
vn -0.5603 0.6878 -0.4615
vn -0.7267 -0.2904 0.6226
vn -0.8471 -0.4773 -0.2335
vn -0.0665 -0.8456 0.5296
vn -0.1079 -0.9886 -0.1046
vn -0.0531 -0.2041 -0.9775
vn 0.0083 -0.9696 -0.2446
vn -0.0361 0.0551 -0.9978
vn 0.0358 0.9324 -0.3597
vn 0.0761 -0.1658 -0.9832
vn 0.0814 -0.9895 -0.1195
vn 0.0792 0.0433 -0.9959
vn -0.0000 0.0691 -0.9976
vn 0.0774 0.9189 -0.3868
vn 0.1199 0.2917 0.9490
vn 0.1159 -0.1896 0.9750
vn 0.2141 -0.1773 0.9606
vn 0.2209 0.2771 0.9351
vn -0.1102 0.2597 -0.9594
vn -0.0754 0.2639 -0.9616
vn -0.1150 -0.3651 -0.9238
vn -0.0788 -0.3699 -0.9257
vn -0.1150 -0.3652 -0.9238
vn -0.0788 -0.3700 -0.9257
vn -0.0787 -0.3700 -0.9257
vn -0.0677 -0.3750 -0.9245
vn -0.0331 -0.2103 0.9771
vn -0.1323 -0.0516 -0.9899
vn 0.0576 -0.1943 0.9793
vn -0.0609 -0.3724 -0.9261
vn -0.0608 -0.3723 -0.9261
vn -0.0677 -0.3751 -0.9245
vn 0.1758 0.0571 0.9828
vn 0.1881 0.0107 0.9821
vn 0.5008 0.2275 0.8352
vn 0.5577 0.1923 0.8074
vn 0.6250 0.3566 -0.6945
vn 0.6129 0.4601 -0.6424
vn 0.2090 0.1096 -0.9718
vn 0.1878 0.1356 -0.9728
vn -0.0598 -0.9461 0.3183
vn -0.1541 -0.5750 0.8035
vn 0.0181 -0.7646 0.6442
vn -0.0414 -0.9702 0.2388
vn 0.0444 0.0567 -0.9974
vn 0.0310 0.0950 -0.9950
vn 0.0076 0.0822 -0.9966
vn 0.0047 0.0754 -0.9971
vn 0.0528 0.1867 0.9810
vn 0.0611 0.1139 0.9916
vn 0.0295 0.1183 0.9925
vn 0.0305 0.1999 0.9793
vn -0.1541 -0.5751 0.8035
vn -0.3396 0.1418 0.9298
vn 0.0277 -0.3491 0.9367
vn 0.0870 0.0822 -0.9928
vn 0.0983 -0.0261 -0.9948
vn 0.1039 -0.0304 0.9941
vn 0.0884 0.0614 0.9942
vn 0.0253 -0.9941 -0.1054
vn 0.1438 -0.8500 -0.5068
vn 0.1451 -0.8019 -0.5796
vn 0.0004 -0.9821 -0.1881
vn 0.0328 -0.4371 -0.8988
vn -0.0206 -0.4824 -0.8757
vn -0.0172 -0.2408 -0.9704
vn 0.0398 -0.1458 -0.9885
vn -0.3743 0.9240 0.0778
vn -0.1484 0.3557 0.9227
vn -0.0009 0.1316 0.9913
vn 0.0029 0.2181 0.9759
vn 0.0605 -0.0499 0.9969
vn 0.0501 -0.0617 0.9968
vn 0.0083 -0.0518 0.9986
vn 0.0145 -0.0016 0.9999
vn 0.0167 0.0446 0.9989
vn 0.0777 0.0025 0.9970
vn -0.0402 -0.8935 -0.4473
vn 0.0175 -0.9149 -0.4034
vn -0.1334 0.8384 -0.5284
vn 0.0060 0.7474 -0.6643
vn -0.0144 0.7169 -0.6971
vn -0.1522 0.5583 -0.8156
vn 0.0372 0.0310 -0.9988
vn -0.0065 -0.0644 -0.9979
vn 0.4095 0.2843 -0.8669
vn 0.3450 0.2183 -0.9128
vn 0.3207 -0.3410 -0.8837
vn 0.2946 -0.4125 -0.8620
vn 0.1975 0.7735 -0.6023
vn 0.1636 0.6140 -0.7721
vn 0.1044 -0.2678 -0.9578
vn -0.0935 -0.9352 0.3415
vn -0.1237 -0.8811 0.4565
vn -0.2133 -0.5396 0.8145
vn -0.2227 -0.5518 0.8037
vn -0.3505 0.0999 0.9312
vn -0.2229 -0.5517 0.8037
vn -0.2133 -0.5396 0.8144
vn -0.2895 -0.0005 0.9572
vn 0.0823 -0.0612 0.9947
vn 0.0764 0.0421 0.9962
vn 0.0953 -0.1117 0.9892
vn 0.1154 -0.1841 0.9761
vn 0.1796 -0.1445 0.9731
vn 0.4943 0.0567 0.8674
vn 0.8262 0.2423 -0.5085
vn 0.2493 -0.1057 -0.9626
vn -0.1344 -0.7682 0.6259
vn -0.2052 -0.5021 0.8401
vn 0.0349 -0.9766 -0.2123
vn 0.0250 -0.9982 0.0543
vn -0.3179 0.8611 0.3969
vn -0.2740 0.7019 0.6575
vn 0.0424 0.8262 -0.5618
vn -0.1064 0.9621 -0.2512
vn -0.0928 0.9937 -0.0620
vn 0.0900 0.8628 -0.4974
vn 0.2090 0.5713 -0.7937
vn 0.2917 0.5650 -0.7718
vn 0.4494 0.1357 -0.8830
vn 0.3613 0.1748 -0.9159
vn 0.3774 -0.3086 -0.8731
vn 0.3614 0.1748 -0.9159
vn 0.4665 -0.3545 -0.8104
vn 0.2387 -0.7636 -0.5999
vn 0.3111 -0.8313 -0.4606
vn -0.2719 -0.0523 0.9609
vn -0.2821 0.5987 0.7497
vn -0.0873 0.9962 -0.0042
vn 0.1306 0.8696 -0.4761
vn 0.3713 0.4962 -0.7848
vn 0.4750 0.0971 -0.8746
vn 0.4750 0.0970 -0.8746
vn 0.4668 -0.3652 -0.8054
vn 0.3036 -0.8547 -0.4212
vn 0.1108 -0.6486 -0.7530
vn 0.2527 -0.3171 -0.9141
vn 0.7579 0.1482 -0.6353
vn 0.5234 0.1910 0.8304
vn 0.1666 -0.3050 0.9377
vn 0.1493 -0.3931 0.9073
vn 0.1489 -0.3112 0.9386
vn 0.1317 -0.2225 0.9660
vn 0.0155 -0.8321 0.5545
vn 0.0130 -0.4858 0.8740
vn 0.0072 -0.9982 0.0602
vn -0.0090 -0.7951 -0.6063
vn -0.0123 -0.4496 -0.8932
vn -0.0087 -0.2631 -0.9647
vn -0.0060 -0.1041 -0.9945
vn -0.0044 0.0809 -0.9967
vn -0.0072 0.0839 -0.9964
vn 0.0362 -0.9849 0.1693
vn -0.1982 -0.4933 0.8470
vn -0.0804 -0.7466 0.6604
vn 0.0593 -0.9743 0.2173
vn -0.1983 -0.4933 0.8470
vn -0.2954 -0.0891 0.9512
vn -0.3054 0.5462 0.7800
vn 0.1941 0.8540 -0.4826
vn 0.4160 0.3869 -0.8230
vn 0.5331 -0.1450 -0.8336
vn 0.4541 -0.4355 -0.7772
vn 0.3257 -0.8795 -0.3469
vn -0.0721 0.9920 0.1034
vn -0.2176 -0.8439 0.4903
vn -0.4091 -0.4890 0.7704
vn -0.2098 -0.4771 0.8534
vn -0.0529 -0.6794 0.7319
vn 0.2594 -0.7583 -0.5980
vn 0.3783 -0.9127 0.1546
vn -0.3389 -0.0694 0.9383
vn -0.3669 0.0326 0.9297
vn 0.4199 0.4318 -0.7983
vn 0.3980 -0.0530 -0.9158
vn 0.5565 -0.2239 -0.8001
vn 0.4035 0.3630 -0.8399
vn -0.4801 0.0171 0.8770
vn -0.5992 -0.1439 0.7876
vn -0.5619 -0.1912 -0.8048
vn -0.9409 -0.2587 -0.2188
vn 0.5050 0.1147 -0.8554
vn 0.3582 0.0787 -0.9303
vn 0.6224 0.4680 -0.6273
vn 0.7488 0.5467 0.3748
vn 0.1872 -0.0894 -0.9782
vn 0.1423 0.0140 -0.9897
vn 0.3582 0.0788 -0.9303
vn 0.5050 0.1147 -0.8555
vn -0.2580 0.0225 -0.9659
vn -0.3524 -0.2348 -0.9059
vn -0.1257 0.1581 0.9794
vn -0.2629 0.0957 0.9601
vn -0.5991 -0.1438 0.7876
vn -0.0324 0.2298 0.9727
vn -0.1006 0.4137 0.9049
vn 0.1192 0.3226 0.9390
vn 0.3913 0.4811 0.7845
vn 0.4074 0.8591 0.3097
vn 0.0892 0.6560 0.7494
vn -0.4298 -0.0569 0.9011
vn -0.7918 -0.5914 0.1529
vn -0.3520 -0.5018 -0.7901
vn -0.4297 -0.0569 0.9012
vn -0.1351 0.2032 0.9698
vn 0.8387 0.4290 0.3355
vn 0.1260 0.2937 0.9476
vn 0.1346 0.3551 0.9251
vn 0.5712 -0.0903 -0.8158
vn 0.2127 -0.2260 -0.9506
vn -0.4702 -0.0751 0.8794
vn -0.6633 -0.7194 -0.2059
vn 0.9470 0.3213 -0.0063
vn 0.1439 0.3912 0.9090
vn 0.4308 -0.2664 -0.8622
vn 0.0110 -0.5042 -0.8635
vn 0.2345 -0.3757 -0.8966
vn -0.0147 -0.4704 -0.8823
vn -0.1645 0.2209 0.9613
vn -0.3367 -0.6817 -0.6495
vn -0.4700 -0.0750 0.8795
vn -0.5562 0.0154 0.8309
vn -0.6505 -0.5405 -0.5337
vn -0.0375 -0.3434 -0.9384
vn -0.5560 0.0154 0.8310
vn -0.2158 0.2755 0.9368
vn 0.7868 0.3287 -0.5223
vn 0.1523 0.5156 0.8432
vn 0.3149 -0.1603 -0.9355
vn 0.3150 -0.1602 -0.9355
vn -0.6672 0.1702 0.7252
vn -0.5705 -0.2549 -0.7808
vn -0.0493 -0.2142 -0.9755
vn -0.2824 0.4125 0.8661
vn 0.6264 0.4017 -0.6681
vn 0.1656 0.7405 0.6513
vn 0.2661 -0.0593 -0.9621
vn 0.2662 -0.0593 -0.9621
vn -0.4844 -0.1121 -0.8676
vn -0.8211 0.2832 0.4956
vn -0.0685 -0.1684 -0.9833
vn -0.8208 0.2832 0.4960
vn -0.2983 0.5130 0.8049
vn 0.1558 0.8210 0.5492
vn 0.5719 0.4371 -0.6942
vn 0.2103 -0.0639 -0.9756
vn 0.2105 -0.0640 -0.9755
vn 0.3525 -0.9356 -0.0195
vn -0.2142 0.6152 0.7588
vn 0.0181 0.9318 0.3624
vn -0.0366 0.9925 0.1166
vn -0.2985 0.6040 0.7390
vn 0.0117 -0.1993 0.9799
vn 0.2656 0.9253 -0.2708
vn 0.2113 0.8670 -0.4514
vn 0.3980 -0.0531 -0.9158
vn -0.0426 -0.0002 -0.9991
vn -0.0306 -0.0068 -0.9995
vn -0.0199 -0.1714 -0.9850
vn -0.0092 -0.3249 -0.9457
vn 0.6250 0.3565 -0.6945
vn 0.8262 0.2424 -0.5085
vn 0.4095 0.2844 -0.8668
vn 0.3437 0.2253 -0.9116
vn 0.6363 0.1638 -0.7539
vn 0.5694 0.0887 0.8173
vn 0.1903 0.0286 0.9813
vn 0.0774 0.0495 0.9958
vn 0.0964 0.0323 -0.9948
vn 0.1996 0.0525 -0.9785
vn -0.0000 -0.0488 -0.9988
vn 0.0024 -0.0311 -0.9995
vn 0.0629 0.0445 0.9970
vn 0.0300 0.0349 0.9989
vn 0.0507 0.0194 -0.9985
vn -0.0001 0.0315 0.9995
vn 0.6363 0.1639 -0.7539
vn 0.2904 0.9217 -0.2570
vn 0.2966 -0.9545 -0.0300
vn 0.0326 0.0484 0.9983
vn 0.0326 0.0494 0.9982
vn -0.2964 0.9546 0.0313
vn 0.0228 0.0494 0.9985
vn -0.2906 -0.9217 0.2569
vn 0.0229 0.0483 0.9986
vn -0.2172 0.7442 0.6316
vn -0.2026 -0.6291 0.7505
vn 0.2702 -0.7389 0.6173
vn 0.2877 0.8407 0.4587
vn 0.2876 0.8407 0.4587
vn -0.2701 0.7388 -0.6174
vn -0.2876 -0.8407 -0.4588
vn 0.2172 -0.7442 -0.6316
vn 0.2026 0.6290 -0.7506
vn 0.2027 0.6290 -0.7506
vn -0.0227 -0.0499 -0.9985
vn -0.0228 -0.0480 -0.9986
vn -0.0328 -0.0480 -0.9983
vn -0.0328 -0.0497 -0.9982
vn -0.0327 -0.0498 -0.9982
vn -0.0327 -0.0497 -0.9982
vn 0.3036 -0.0695 0.9502
vn 0.0113 -0.0270 0.9996
vn 0.0049 -0.0045 1.0000
vn 0.2872 0.0797 0.9546
vn 0.0030 -0.0956 0.9954
vn 0.2705 -0.1602 0.9493
vn 0.9662 -0.2557 0.0326
vn 0.9488 0.3018 -0.0937
vn 0.9560 0.0400 -0.2906
vn 0.2257 0.0960 -0.9695
vn 0.2329 0.0788 -0.9693
vn 0.2713 -0.0409 -0.9616
vn -0.2017 0.0514 0.9781
vn -0.2152 0.0069 0.9765
vn -0.1890 -0.1264 0.9738
vn 0.2651 -0.0844 0.9605
vn 0.2578 -0.3039 0.9172
vn -0.0057 -0.0971 0.9953
vn -0.0119 0.0008 0.9999
vn 0.9827 0.0780 -0.1681
vn 0.9115 -0.4096 -0.0376
vn 0.2733 0.0829 -0.9583
vn 0.2766 0.0822 -0.9575
vn 0.7407 -0.6103 -0.2808
vn 0.1987 -0.0423 -0.9792
vn 0.2367 -0.1177 -0.9644
vn 0.8336 -0.4089 -0.3714
vn 0.2491 -0.1545 0.9561
vn 0.2626 -0.3631 0.8940
vn -0.0041 -0.1037 0.9946
vn 0.0053 -0.1652 0.9862
vn -0.2049 -0.1259 0.9707
vn -0.2208 -0.0897 0.9712
vn 0.0111 0.1151 -0.9933
vn -0.0016 0.2018 -0.9794
vn 0.2765 0.0821 -0.9575
vn 0.2733 0.0830 -0.9583
vn -0.0088 -0.0000 -1.0000
vn 0.0013 -0.0096 -1.0000
vn 0.2328 0.0788 -0.9693
vn -0.0106 0.0678 -0.9976
vn 0.2256 0.0961 -0.9695
vn 0.2366 -0.1177 -0.9644
vn 0.1986 -0.0423 -0.9792
vn -0.0046 0.0836 -0.9965
vn 0.0091 -0.0146 -0.9999
vn 0.2499 0.1686 0.9535
vn 0.2289 -0.1484 0.9621
vn 0.1706 -0.1106 0.9791
vn 0.1071 0.0694 0.9918
vn 0.5000 0.0665 0.8635
vn 0.2986 -0.1552 0.9417
vn 0.2314 -0.0851 -0.9691
vn 0.7006 -0.0734 -0.7097
vn 0.0153 -0.0448 -0.9989
vn -0.2029 0.0137 0.9791
vn -0.2171 0.0595 0.9743
vn -0.2491 -0.1280 0.9600
vn -0.0519 -0.0628 0.9967
vn 0.6753 -0.3223 0.6633
vn 0.2791 -0.2510 0.9269
vn 0.1026 -0.1809 0.9781
vn -0.0529 -0.6269 0.7773
vn -0.2469 -0.7897 0.5616
vn 0.1223 -0.5215 -0.8444
vn 0.2819 -0.7651 -0.5789
vn -0.0114 -0.3213 -0.9469
vn -0.9888 -0.1420 0.0459
vn -0.5372 -0.7791 -0.3230
vn -0.2492 -0.1280 0.9599
vn -0.2072 -0.5052 -0.8378
vn -0.2269 -0.0363 -0.9733
vn -0.0675 -0.9322 -0.3557
vn -0.0676 -0.9321 -0.3557
vn 0.0495 -0.9857 0.1613
vn -0.2379 -0.0798 -0.9680
vn -0.2432 0.0848 -0.9663
vn -0.2377 -0.0788 -0.9681
vn -0.2386 0.1865 -0.9530
vn -0.2627 0.2821 -0.9227
vn -0.9105 0.3630 0.1982
vn -0.8744 0.4787 0.0791
vn -0.9111 -0.4089 0.0517
vn -0.9879 -0.0968 0.1215
vn -0.2030 0.0138 0.9791
vn -0.1891 -0.1264 0.9738
vn -0.2153 0.0070 0.9765
vn -0.2018 0.0513 0.9781
vn -0.8660 0.3096 0.3928
vn -0.2275 -0.0104 -0.9737
vn -0.2403 0.1506 -0.9589
vn -0.9692 0.1363 0.2050
vn -0.8473 -0.3043 0.4352
vn -0.2209 -0.0897 0.9712
vn -0.2050 -0.1258 0.9706
vn -0.2081 0.0073 0.9781
vn -0.0124 0.1099 0.9939
vn -0.0075 0.1344 0.9909
vn -0.2289 0.0162 0.9733
vn 0.2338 0.2354 0.9434
vn 0.2513 0.3397 0.9063
vn 0.7946 0.4608 -0.3954
vn 0.2271 0.0543 -0.9723
vn 0.2326 -0.0024 -0.9726
vn 0.7200 0.5013 -0.4799
vn 0.2325 -0.0023 -0.9726
vn 0.2271 0.0544 -0.9724
vn 0.0290 -0.0856 -0.9959
vn 0.0236 -0.2187 -0.9755
vn -0.2156 -0.2448 -0.9453
vn -0.8769 -0.3749 0.3006
vn -0.7180 -0.4251 0.5512
vn -0.2307 -0.4364 -0.8697
vn -0.2082 0.0073 0.9781
vn -0.2290 0.0162 0.9733
vn 0.3361 0.2502 0.9080
vn 0.0169 0.0383 0.9991
vn 0.7487 0.3233 -0.5787
vn 0.2073 -0.0797 -0.9750
vn 0.0145 -0.2200 -0.9754
vn 0.2074 -0.0796 -0.9750
vn -0.2415 -0.4265 -0.8716
vn -0.6512 -0.5448 0.5283
vn -0.2295 -0.0989 0.9683
vn -0.2294 -0.0989 0.9683
vn 0.0431 -0.0144 0.9990
vn 0.4499 0.1294 0.8837
vn 0.7928 0.2185 -0.5689
vn 0.2221 -0.0531 -0.9736
vn 0.2220 -0.0531 -0.9736
vn -0.0086 -0.1793 -0.9838
vn -0.3197 -0.3875 -0.8647
vn -0.5007 -0.3457 0.7936
vn -0.1953 -0.1137 0.9741
vn -0.1952 -0.1137 0.9741
vn 0.1310 -0.1102 0.9852
vn 0.2572 -0.0553 0.9648
vn 0.0608 -0.0438 0.9972
vn 0.5368 -0.0759 0.8403
vn 0.7935 -0.1311 0.5943
vn 0.5271 -0.4327 0.7314
vn 0.2634 -0.6517 0.7113
vn 0.0835 -0.2401 0.9671
vn 0.2141 -0.2765 0.9368
vn -0.0367 -0.1860 0.9819
vn -0.0445 -0.1595 0.9862
vn 0.2045 -0.1814 0.9619
vn -0.0563 -0.2685 0.9616
vn 0.1979 -0.4230 0.8843
vn 0.7710 -0.5979 0.2192
vn 0.8583 -0.2162 0.4654
vn 0.8235 -0.3350 0.4578
vn 0.3399 0.1757 -0.9239
vn 0.3490 0.1511 -0.9249
vn 0.3267 -0.0029 -0.9451
vn -0.2719 -0.0167 0.9622
vn -0.2916 -0.0431 0.9556
vn -0.2785 -0.1983 0.9397
vn 0.1914 -0.4221 0.8861
vn 0.1869 -0.6065 0.7728
vn -0.0673 -0.2969 0.9525
vn -0.0685 -0.1866 0.9801
vn 0.8587 -0.4678 0.2092
vn 0.6976 -0.7156 0.0365
vn 0.3614 0.1159 -0.9252
vn 0.3914 0.0629 -0.9181
vn 0.7085 -0.7015 0.0774
vn 0.2923 -0.0410 -0.9555
vn 0.2832 -0.0815 -0.9556
vn 0.8404 -0.5403 0.0425
vn 0.2014 -0.2927 0.9348
vn 0.2117 -0.4958 0.8422
vn -0.0496 -0.2180 0.9747
vn -0.0369 -0.3077 0.9508
vn -0.2963 -0.2198 0.9295
vn -0.3102 -0.1673 0.9358
vn 0.0721 0.2973 -0.9521
vn 0.0653 0.3425 -0.9373
vn 0.3913 0.0629 -0.9181
vn 0.3613 0.1159 -0.9252
vn 0.3266 -0.0028 -0.9452
vn 0.0480 0.1698 -0.9843
vn 0.0501 0.2576 -0.9649
vn 0.3489 0.1512 -0.9249
vn 0.0560 0.3022 -0.9516
vn 0.3399 0.1758 -0.9239
vn 0.2831 -0.0816 -0.9556
vn 0.2922 -0.0410 -0.9555
vn 0.0369 0.1214 -0.9919
vn 0.0436 0.0024 -0.9990
vn 0.1715 -0.1748 0.9695
vn 0.1492 -0.3964 0.9059
vn 0.1040 -0.3554 0.9289
vn 0.0646 -0.1952 0.9786
vn 0.3852 -0.3223 0.8647
vn 0.2248 -0.4285 0.8751
vn 0.2804 -0.0281 -0.9595
vn 0.7628 -0.3841 -0.5202
vn 0.2803 -0.0281 -0.9595
vn 0.0604 0.1476 -0.9872
vn -0.2622 -0.0543 0.9635
vn -0.2710 0.0135 0.9625
vn -0.3440 -0.1743 0.9226
vn -0.1102 -0.2131 0.9708
vn 0.4627 -0.7198 0.5175
vn 0.1871 -0.5253 0.8301
vn 0.0347 -0.4234 0.9053
vn -0.1593 -0.8717 0.4634
vn -0.4053 -0.9141 -0.0134
vn 0.1163 -0.3420 -0.9325
vn 0.2188 -0.6492 -0.7285
vn 0.0177 -0.0929 -0.9955
vn 0.1163 -0.3421 -0.9325
vn -0.8480 0.3997 -0.3481
vn -0.4622 -0.3163 -0.8285
vn -0.3442 -0.1743 0.9226
vn -0.1476 -0.1572 -0.9765
vn -0.1483 0.2665 -0.9524
vn -0.0798 -0.6341 -0.7691
vn -0.0799 -0.6341 -0.7691
vn -0.0038 -0.9195 -0.3931
vn -0.1704 0.3584 -0.9179
vn -0.1631 0.4427 -0.8817
vn -0.1777 0.2026 -0.9630
vn -0.1505 0.4594 -0.8754
vn -0.1878 0.5015 -0.8445
vn -0.6988 0.7100 0.0867
vn -0.2711 0.0135 0.9625
vn -0.6835 0.7063 0.1844
vn -0.9535 0.1220 -0.2757
vn -0.8366 0.5216 -0.1676
vn -0.2623 -0.0543 0.9635
vn -0.2786 -0.1983 0.9397
vn -0.2917 -0.0431 0.9555
vn -0.2720 -0.0166 0.9622
vn -0.7288 0.6821 0.0591
vn -0.1788 -0.0321 -0.9834
vn -0.1803 0.1699 -0.9688
vn -0.9582 0.1742 -0.2271
vn -0.9160 -0.3304 -0.2273
vn -0.3103 -0.1673 0.9358
vn -0.2964 -0.2197 0.9294
vn -0.2860 -0.0656 0.9560
vn -0.0440 0.0007 0.9990
vn -0.0448 0.0432 0.9981
vn -0.2911 -0.0025 0.9567
vn 0.1857 0.0378 0.9819
vn 0.1637 0.0564 0.9849
vn 0.9334 0.2032 0.2957
vn 0.3103 0.0967 -0.9457
vn 0.3151 0.0456 -0.9480
vn 0.9107 0.1525 0.3839
vn 0.3150 0.0456 -0.9480
vn 0.3102 0.0967 -0.9457
vn 0.0465 0.0598 -0.9971
vn 0.0464 0.0197 -0.9987
vn -0.1754 0.0348 -0.9839
vn -0.9645 -0.1622 -0.2084
vn -0.9207 -0.1312 -0.3676
vn -0.1545 -0.0114 -0.9879
vn -0.2860 -0.0655 0.9560
vn -0.2912 -0.0025 0.9567
vn 0.1523 -0.0392 0.9876
vn -0.0495 -0.0236 0.9985
vn 0.8841 -0.0805 0.4603
vn 0.3308 -0.0433 -0.9427
vn 0.0569 -0.0630 -0.9964
vn 0.3309 -0.0432 -0.9427
vn -0.1312 -0.1493 -0.9800
vn -0.8159 -0.3748 -0.4403
vn -0.2983 -0.0701 0.9519
vn -0.2982 -0.0702 0.9519
vn -0.0473 -0.0579 0.9972
vn 0.1543 -0.0578 0.9863
vn 0.8840 -0.1109 0.4541
vn 0.3380 -0.0075 -0.9411
vn 0.3380 -0.0074 -0.9411
vn 0.0514 -0.0526 -0.9973
vn -0.1373 -0.1778 -0.9744
vn -0.8223 -0.5223 -0.2260
vn -0.2513 -0.1195 0.9605
vn -0.2512 -0.1195 0.9605
vn 0.0827 -0.3987 0.9133
vn 0.1798 -0.4241 0.8876
vn 0.0234 -0.2769 0.9606
vn 0.3653 -0.4873 0.7932
vn 0.5703 -0.5478 0.6120
vn 0.4618 -0.7685 0.4429
vn 0.1588 -0.9630 0.2175
vn 0.0058 -0.4485 0.8938
vn 0.0923 -0.4101 0.9073
vn -0.1013 -0.3771 0.9206
vn -0.1195 -0.3578 0.9261
vn 0.0943 -0.4091 0.9076
vn -0.1356 -0.4941 0.8587
vn 0.1165 -0.6298 0.7680
vn 0.6020 -0.7361 0.3095
vn 0.5095 -0.4459 0.7359
vn 0.4472 -0.4010 0.7995
vn 0.4747 0.3690 -0.7991
vn 0.5338 0.4122 -0.7384
vn 0.4899 0.2242 -0.8425
vn -0.3857 -0.1420 0.9116
vn -0.4157 -0.1584 0.8956
vn -0.3998 -0.3908 0.8291
vn 0.1224 -0.6823 0.7208
vn 0.1278 -0.8028 0.5823
vn -0.1388 -0.5233 0.8408
vn -0.1235 -0.4666 0.8758
vn 0.6808 -0.6324 0.3696
vn 0.6160 -0.7832 0.0843
vn 0.5677 0.3408 -0.7494
vn 0.6022 0.2927 -0.7428
vn 0.5920 -0.7086 0.3839
vn 0.3467 0.0204 -0.9378
vn 0.3367 -0.0226 -0.9414
vn 0.7751 -0.5186 0.3610
vn 0.1787 -0.4525 0.8737
vn 0.1350 -0.5890 0.7968
vn -0.0622 -0.3973 0.9156
vn -0.0867 -0.5235 0.8476
vn -0.4225 -0.4400 0.7924
vn -0.4427 -0.4295 0.7871
vn 0.1702 0.6016 -0.7804
vn 0.1707 0.6503 -0.7403
vn 0.6021 0.2926 -0.7428
vn 0.4899 0.2241 -0.8425
vn 0.1617 0.4794 -0.8626
vn 0.1870 0.5785 -0.7940
vn 0.5337 0.4123 -0.7384
vn 0.1933 0.4936 -0.8479
vn 0.4746 0.3690 -0.7991
vn 0.3366 -0.0227 -0.9414
vn 0.1337 0.1568 -0.9785
vn 0.1144 0.0417 -0.9926
vn 0.1151 -0.5486 0.8281
vn 0.1177 -0.7827 0.6112
vn 0.0873 -0.7409 0.6660
vn 0.0559 -0.5749 0.8163
vn 0.2680 -0.6482 0.7127
vn 0.1671 -0.8101 0.5619
vn 0.3961 0.1518 -0.9056
vn 0.8107 -0.4526 -0.3713
vn 0.1448 0.3892 -0.9097
vn -0.3265 -0.2018 0.9234
vn -0.3611 -0.2724 0.8918
vn -0.6007 -0.5234 0.6044
vn -0.1964 -0.6119 0.7662
vn 0.3449 -0.9076 0.2392
vn 0.1326 -0.8505 0.5091
vn 0.0227 -0.7905 0.6120
vn -0.1753 -0.9078 -0.3811
vn -0.2717 -0.5691 -0.7761
vn 0.1609 -0.1189 -0.9798
vn 0.2103 -0.3623 -0.9080
vn 0.0884 0.1002 -0.9910
vn -0.6395 0.5113 -0.5741
vn -0.2554 -0.0115 -0.9668
vn -0.0668 0.0823 -0.9944
vn -0.0907 0.5275 -0.8447
vn -0.0122 -0.2852 -0.9584
vn -0.0122 -0.2851 -0.9584
vn 0.0242 -0.5342 -0.8450
vn -0.0497 0.6340 -0.7717
vn -0.0199 0.6496 -0.7600
vn -0.0759 0.4572 -0.8861
vn -0.0910 0.7479 -0.6576
vn -0.1103 0.7258 -0.6790
vn -0.6391 0.7660 0.0697
vn -0.3612 -0.2724 0.8918
vn -0.6213 0.7223 0.3038
vn -0.7640 0.3540 -0.5395
vn -0.6506 0.6849 -0.3282
vn -0.3266 -0.2018 0.9234
vn -0.3999 -0.3908 0.8291
vn -0.4158 -0.1584 0.8955
vn -0.3858 -0.1420 0.9116
vn -0.6085 0.7913 0.0594
vn -0.1234 0.0652 -0.9902
vn -0.0744 0.2507 -0.9652
vn -0.8017 0.2101 -0.5596
vn -0.7788 -0.1837 -0.5997
vn -0.4225 -0.4401 0.7923
vn -0.3563 -0.0327 0.9338
vn -0.0626 -0.0679 0.9957
vn -0.0742 0.0005 0.9972
vn -0.3988 0.0605 0.9150
vn 0.1695 -0.0478 0.9844
vn 0.1644 -0.0182 0.9862
vn 0.7762 0.1495 0.6125
vn 0.3857 0.1509 -0.9102
vn 0.3817 0.0418 -0.9234
vn 0.8713 0.0381 0.4892
vn 0.3816 0.0419 -0.9234
vn 0.3856 0.1509 -0.9102
vn 0.1084 0.0628 -0.9921
vn 0.0834 0.0330 -0.9960
vn -0.1575 0.0865 -0.9837
vn -0.9058 0.1739 -0.3863
vn -0.8786 0.1283 -0.4600
vn -0.1700 0.0414 -0.9846
vn -0.3564 -0.0327 0.9338
vn -0.3989 0.0605 0.9150
vn 0.1417 -0.1259 0.9819
vn -0.1021 -0.0373 0.9941
vn 0.8438 -0.4587 0.2787
vn 0.3213 -0.0389 -0.9462
vn 0.0679 0.0880 -0.9938
vn -0.1213 0.0844 -0.9890
vn -0.6596 -0.1310 -0.7401
vn -0.4626 -0.0446 0.8854
vn -0.4625 -0.0446 0.8855
vn -0.1333 -0.0405 0.9902
vn 0.0860 -0.0803 0.9931
vn 0.6497 -0.2423 0.7205
vn 0.4395 -0.0690 -0.8956
vn 0.4394 -0.0690 -0.8956
vn 0.0838 0.1039 -0.9911
vn -0.0414 0.0590 -0.9974
vn -0.3977 -0.3384 -0.8528
vn -0.3991 -0.1558 0.9036
vn -0.3990 -0.1559 0.9036
vn 0.0009 -0.7018 0.7124
vn 0.1269 -0.7418 0.6586
vn -0.0643 -0.6182 0.7834
vn 0.2596 -0.7886 0.5574
vn 0.2943 -0.7645 0.5736
vn 0.3063 -0.8296 0.4669
vn 0.0949 -0.9523 -0.2899
vn -0.0750 -0.8129 0.5776
vn 0.0473 -0.5903 0.8058
vn -0.1796 -0.4805 0.8584
vn -0.1729 -0.5124 0.8412
vn 0.0571 -0.5992 0.7985
vn -0.2164 -0.7759 0.5926
vn 0.0613 -0.8807 0.4698
vn 0.4100 -0.8671 0.2830
vn 0.3898 -0.6238 0.6774
vn 0.3748 -0.6405 0.6703
vn 0.8276 0.2118 -0.5199
vn 0.9108 0.1468 -0.3860
vn 0.7821 -0.0329 -0.6223
vn -0.5879 -0.1033 0.8024
vn -0.6778 -0.1922 0.7096
vn -0.6256 -0.5562 0.5470
vn 0.0591 -0.9620 0.2667
vn 0.0517 -0.9974 0.0496
vn -0.2424 -0.9037 0.3529
vn -0.2515 -0.8128 0.5255
vn 0.4310 -0.8795 0.2016
vn 0.3812 -0.9212 -0.0785
vn 0.9728 -0.0116 -0.2313
vn 0.9693 -0.1383 -0.2031
vn 0.4028 -0.8397 0.3642
vn 0.5502 -0.0554 -0.8332
vn 0.5377 -0.1030 -0.8368
vn 0.4504 -0.7288 0.5158
vn 0.0670 -0.5970 0.7994
vn 0.0558 -0.7568 0.6512
vn -0.1872 -0.5092 0.8400
vn -0.2024 -0.6383 0.7427
vn -0.7079 -0.2896 0.6443
vn -0.7701 -0.2433 0.5898
vn 0.2995 0.9239 -0.2381
vn 0.2554 0.9668 -0.0081
vn 0.9728 -0.0115 -0.2313
vn 0.2137 0.6676 -0.7132
vn 0.1900 0.6002 -0.7769
vn 0.9108 0.1468 -0.3859
vn 0.2179 0.5823 -0.7833
vn 0.8276 0.2117 -0.5198
vn 0.5376 -0.1031 -0.8369
vn 0.5502 -0.0555 -0.8332
vn 0.1676 0.4354 -0.8845
vn 0.1507 0.3495 -0.9247
vn 0.0458 -0.8297 0.5563
vn 0.0239 -0.9800 0.1975
vn -0.0218 -0.9471 0.3202
vn -0.0589 -0.8488 0.5254
vn 0.1754 -0.9012 0.3962
vn 0.0695 -0.9635 0.2584
vn 0.6524 0.0390 -0.7568
vn 0.6142 -0.7754 -0.1468
vn 0.2597 0.7142 -0.6500
vn -0.6000 -0.4128 0.6852
vn -0.6802 -0.2650 0.6834
vn -0.9721 -0.2298 -0.0481
vn -0.3304 -0.8143 0.4772
vn 0.2097 -0.9543 -0.2131
vn 0.0584 -0.9610 -0.2703
vn -0.1012 -0.9948 0.0074
vn -0.1780 -0.5551 -0.8125
vn -0.2618 -0.1030 -0.9596
vn 0.1989 0.0050 -0.9800
vn 0.2232 -0.3362 -0.9150
vn 0.1262 0.3762 -0.9179
vn -0.4082 0.8064 -0.4278
vn -0.2172 0.3725 -0.9023
vn -0.2619 -0.1031 -0.9596
vn -0.9721 -0.2297 -0.0481
vn -0.0551 0.4100 -0.9104
vn -0.0415 0.8642 -0.5015
vn -0.0254 -0.0058 -0.9997
vn -0.0254 -0.0057 -0.9997
vn -0.0023 -0.3266 -0.9452
vn -0.0487 0.6069 -0.7933
vn -0.0281 0.6224 -0.7822
vn -0.0589 0.7468 -0.6624
vn -0.0290 0.9960 -0.0845
vn -0.0464 0.9969 0.0637
vn -0.3882 0.9052 0.1733
vn -0.6802 -0.2651 0.6834
vn -0.3865 0.8115 0.4383
vn -0.4544 0.7177 -0.5277
vn -0.4204 0.6197 -0.6628
vn -0.6000 -0.4129 0.6852
vn -0.6779 -0.1922 0.7096
vn -0.5879 -0.1033 0.8023
vn -0.4036 0.7219 -0.5621
vn -0.0294 0.5078 -0.8609
vn -0.0193 0.5690 -0.8221
vn -0.3820 0.6331 -0.6733
vn -0.3813 0.5288 -0.7583
vn -0.7700 -0.2434 0.5898
vn -0.7079 -0.2895 0.6443
vn -0.5217 -0.0536 0.8515
vn -0.1357 -0.2478 0.9593
vn -0.1159 -0.1883 0.9753
vn -0.4510 -0.0532 0.8910
vn 0.0720 -0.3158 0.9461
vn 0.0775 -0.2396 0.9678
vn 0.4121 -0.3376 0.8463
vn 0.6512 0.1657 -0.7406
vn 0.7061 0.1363 -0.6949
vn 0.4587 -0.2417 0.8551
vn 0.7061 0.1364 -0.6948
vn 0.1411 0.3008 -0.9432
vn 0.1238 0.1573 -0.9798
vn -0.0428 0.3894 -0.9201
vn -0.4295 0.5350 -0.7275
vn -0.4357 0.2688 -0.8590
vn -0.0601 0.1628 -0.9848
vn -0.5217 -0.0536 0.8514
vn -0.4511 -0.0531 0.8909
vn 0.0782 -0.1744 0.9816
vn -0.1167 -0.1553 0.9810
vn 0.5166 -0.1843 0.8361
vn 0.5478 0.0416 -0.8356
vn 0.1075 0.1063 -0.9885
vn 0.5478 0.0416 -0.8355
vn -0.0595 0.0986 -0.9933
vn -0.3776 -0.0327 -0.9254
vn -0.4772 -0.2526 0.8417
vn -0.4771 -0.2526 0.8418
vn -0.1201 -0.1118 0.9864
vn 0.0541 -0.0984 0.9937
vn 0.4338 -0.1517 0.8882
vn 0.6391 -0.1313 -0.7578
vn 0.0303 -0.1668 -0.9855
vn -0.0766 -0.1826 -0.9802
vn -0.3443 -0.3330 -0.8778
vn -0.3794 -0.3053 0.8734
vn -0.3793 -0.3052 0.8735
vn -0.0348 -0.9822 0.1844
vn 0.0518 -0.9717 0.2304
vn -0.0720 -0.8989 0.4321
vn 0.1692 -0.9643 0.2037
vn 0.2316 -0.9545 0.1876
vn 0.1911 -0.9814 0.0161
vn 0.0836 -0.8801 -0.4675
vn -0.0339 -0.8668 0.4975
vn 0.5254 -0.0322 0.8502
vn 0.1016 -0.0754 0.9920
vn 0.1707 -0.1011 0.9801
vn 0.6159 -0.3004 0.7283
vn 0.3796 -0.2997 -0.8752
vn 0.1169 -0.9625 0.2448
vn 0.2960 -0.6224 0.7246
vn -0.0786 -0.5823 0.8092
vn 0.0645 -0.3006 0.9516
vn -0.1544 -0.1866 0.9702
vn -0.0086 -0.1032 0.9946
vn 0.6527 0.0315 -0.7570
vn 0.2038 -0.0744 -0.9762
vn -0.0205 -0.2177 -0.9758
vn 0.2037 -0.0744 -0.9762
vn -0.3451 -0.5942 -0.7266
vn -0.4031 -0.5068 0.7621
vn -0.1544 -0.1867 0.9702
vn 0.1767 0.1804 0.9676
vn 0.2094 -0.0456 0.9768
vn 0.2089 0.1865 0.9600
vn 0.7742 -0.1414 -0.6169
vn 0.7177 -0.2015 0.6666
vn 0.1899 -0.1089 0.9757
vn 0.4432 -0.2019 0.8734
vn 0.5387 0.1760 0.8239
vn 0.1948 0.1562 0.9683
vn 0.0396 0.1179 0.9922
vn 0.0377 -0.0789 0.9962
vn 0.1648 -0.0474 -0.9852
vn 0.4107 0.1116 -0.9049
vn -0.0305 -0.2369 -0.9711
vn -0.2398 -0.6380 -0.7317
vn -0.1733 -0.8219 0.5425
vn 0.1170 -0.9625 0.2448
vn 0.3796 -0.2997 -0.8753
vn -0.1799 -0.5157 -0.8377
vn -0.2250 -0.4731 -0.8518
vn -0.2162 -0.4830 -0.8485
vn -0.0119 -0.3041 -0.9526
vn 0.2309 -0.1464 -0.9619
vn 0.2309 -0.1465 -0.9619
vn 0.5220 -0.0211 -0.8527
vn 0.4977 0.2268 -0.8372
vn 0.7748 0.6193 0.1274
vn 0.8695 0.3362 0.3618
vn 0.5604 0.1282 -0.8182
vn 0.2472 0.2261 0.9422
vn 0.2116 0.3117 0.9263
vn 0.2913 -0.2443 0.9249
vn 0.1544 -0.1300 0.9794
vn 0.2912 0.1886 0.9379
vn 0.5382 0.4038 0.7398
vn 0.2029 0.2890 0.9356
vn 0.0567 0.1929 0.9796
vn 0.7911 -0.6012 0.1124
vn 0.6121 -0.4030 0.6804
vn 0.6992 0.0318 -0.7142
vn 0.7163 0.2932 -0.6332
vn 0.2204 0.1416 -0.9651
vn 0.2151 0.4349 -0.8744
vn 0.0231 0.0215 -0.9995
vn 0.0158 0.2728 -0.9619
vn 0.0157 0.2728 -0.9620
vn -0.2748 -0.3264 -0.9044
vn -0.2795 -0.1713 -0.9448
vn -0.5328 -0.7554 -0.3814
vn -0.3997 -0.7468 -0.5315
vn -0.6270 -0.7788 0.0186
vn -0.1632 -0.4980 0.8517
vn 0.2537 -0.3475 0.9027
vn 0.5109 -0.8555 0.0849
vn -0.0040 -0.9796 -0.2008
vn 0.5108 -0.8555 0.0849
vn 0.2538 -0.3475 0.9027
vn 0.7397 -0.0682 -0.6694
vn 0.2321 -0.0728 -0.9700
vn 0.5058 -0.0725 0.8596
vn 0.1686 -0.0725 0.9830
vn -0.8077 -0.5656 0.1662
vn -0.1551 -0.2162 0.9640
vn 0.1686 -0.0724 0.9830
vn -0.6415 -0.5561 -0.5284
vn -0.2522 -0.4222 -0.8707
vn 0.0388 -0.1799 -0.9829
vn 0.0387 -0.1800 -0.9829
vn 0.5716 0.0976 0.8147
vn 0.1414 0.0116 0.9899
vn 0.4061 0.0119 -0.9137
vn -0.1670 -0.1127 0.9795
vn -0.9227 -0.3572 0.1451
vn -0.3900 -0.1999 -0.8989
vn 0.1862 -0.1340 -0.9733
vn -0.0030 -0.0417 -0.9991
vn 0.0123 -0.2225 -0.9748
vn -0.2187 -0.3135 -0.9240
vn -0.3899 -0.1999 -0.8989
vn -0.2188 -0.3136 -0.9240
vn 0.0123 -0.2226 -0.9748
vn 0.3122 -0.1670 -0.9352
vn 0.0478 -0.1390 -0.9891
vn 0.0553 0.0060 -0.9985
vn 0.2742 0.0756 -0.9587
vn -0.3910 0.0069 -0.9204
vn -0.0627 0.0315 -0.9975
vn -0.1364 -0.1272 -0.9825
vn -0.4317 -0.1128 -0.8949
vn 0.8078 -0.0385 -0.5882
vn 0.8519 -0.2684 -0.4497
vn 0.5002 0.0447 0.8647
vn 0.6004 0.2290 0.7662
vn 0.1115 0.1278 0.9855
vn 0.1255 0.0797 0.9889
vn 0.1115 0.1279 0.9855
vn -0.1723 0.0616 0.9831
vn -0.1777 0.1536 0.9720
vn 0.1255 0.0796 0.9889
vn -0.8803 0.0493 0.4719
vn -0.7908 0.1236 0.5994
vn -0.3910 0.0070 -0.9203
vn 0.8508 -0.4345 -0.2955
vn 0.3355 -0.3837 -0.8604
vn 0.0733 -0.2798 -0.9572
vn -0.0455 -0.1407 -0.9890
vn -0.3574 -0.1331 -0.9244
vn 0.6651 0.0053 0.7467
vn 0.1055 0.0599 0.9926
vn -0.7918 -0.1573 0.5902
vn -0.1775 -0.0224 0.9839
vn -0.3575 -0.1332 -0.9244
vn 0.1056 0.0598 0.9926
vn 0.1474 -0.0062 0.9891
vn 0.6226 0.3548 0.6974
vn 0.1474 -0.0063 0.9891
vn -0.1261 -0.2149 0.9685
vn 0.3415 0.1127 -0.9331
vn 0.3769 -0.0425 -0.9253
vn -0.6843 -0.4766 0.5519
vn -0.3036 -0.0473 -0.9516
vn -0.0349 0.0371 -0.9987
vn -0.3036 -0.0474 -0.9516
vn 0.5919 0.6086 -0.5284
vn 0.7166 0.6169 -0.3255
vn 0.2455 0.4009 -0.8826
vn 0.2451 0.4360 -0.8659
vn 0.1724 -0.1147 0.9783
vn 0.5905 0.1695 0.7890
vn 0.0410 0.1965 -0.9796
vn 0.0624 0.3172 -0.9463
vn -0.1196 -0.0232 -0.9925
vn -0.2964 -0.1526 -0.9428
vn -0.2965 -0.1526 -0.9428
vn -0.5303 -0.7155 0.4548
vn 0.1723 -0.1148 0.9783
vn -0.0943 -0.3548 0.9302
vn -0.3031 -0.9280 0.2165
vn -0.0590 -0.6820 0.7290
vn 0.1614 -0.4851 0.8594
vn 0.4473 -0.7321 0.5138
vn 0.3342 0.0602 -0.9406
vn 0.9267 -0.0811 -0.3669
vn 0.0644 -0.0965 -0.9933
vn -0.0464 -0.2444 -0.9686
vn -0.2384 -0.4379 -0.8668
vn -0.2385 -0.4379 -0.8668
vn 0.0982 -0.9614 0.2572
vn 0.4472 -0.7321 0.5138
vn 0.1764 -0.8213 -0.5426
vn 0.2803 -0.4757 -0.8337
vn -0.1472 -0.6383 -0.7556
vn -0.1006 -0.9949 0.0059
vn 0.8547 -0.2175 -0.4714
vn 0.3898 -0.5020 -0.7721
vn 0.8838 0.2889 0.3679
vn 0.8678 0.3091 0.3891
vn 0.3196 0.2816 0.9048
vn 0.2582 0.2574 0.9312
vn 0.2850 0.2334 0.9297
vn 0.0929 0.2307 0.9686
vn 0.0886 0.2006 0.9757
vn 0.2080 0.2470 0.9464
vn 0.2070 0.2657 0.9416
vn 0.0626 -0.5814 -0.8112
vn 0.3897 -0.5020 -0.7721
vn -0.1875 -0.5970 -0.7800
vn -0.3047 -0.6151 -0.7271
vn -0.2854 -0.5062 -0.8138
vn -0.4485 -0.6350 -0.6290
vn -0.4616 -0.6528 -0.6006
vn -0.5626 -0.5361 -0.6294
vn -0.3434 -0.0416 -0.9383
vn -0.0083 0.3989 -0.9170
vn 0.2337 0.5369 -0.8107
vn 0.6879 0.4409 -0.5766
vn 0.7295 0.6624 -0.1702
vn 0.3028 0.5709 -0.7631
vn 0.4191 0.5187 0.7452
vn 0.2180 0.3363 0.9162
vn 0.1753 0.3187 0.9315
vn 0.5474 0.6676 0.5047
vn 0.2240 0.2908 0.9302
vn 0.1740 0.3104 0.9345
vn 0.1332 0.1961 0.9715
vn 0.1229 0.2867 0.9501
vn -0.1890 -0.2158 0.9580
vn -0.0047 -0.3361 0.9418
vn -0.1031 -0.5943 0.7976
vn 0.2667 -0.6152 0.7419
vn 0.1948 -0.9798 0.0452
vn 0.1895 -0.3577 0.9144
vn 0.0538 -0.2515 0.9664
vn 0.0700 0.0842 0.9940
vn 0.1901 0.0737 0.9790
vn 0.1362 0.2182 0.9663
vn 0.0999 0.2615 0.9600
vn 0.1669 0.3039 0.9380
vn 0.1126 0.2698 0.9563
vn 0.5519 -0.2477 0.7963
vn 0.4106 -0.1720 -0.8954
vn 0.0725 -0.0979 0.9925
vn -0.1246 -0.1426 0.9819
vn 0.0435 0.2540 0.9662
vn 0.0539 0.2616 0.9637
vn 0.1176 0.2473 0.9618
vn 0.3414 0.2979 0.8915
vn 0.0774 0.2556 0.9637
vn 0.3499 0.0795 0.9334
vn 0.3387 -0.3074 0.8892
vn -0.0506 0.0426 0.9978
vn -0.0641 0.0280 0.9976
vn -0.0653 0.1876 0.9801
vn -0.0209 0.2011 0.9793
vn -0.0087 0.2376 0.9713
vn 0.1023 -0.2087 0.9726
vn -0.0672 -0.1811 0.9812
vn 0.0986 0.2573 0.9613
vn 0.0312 0.2474 0.9684
vn 0.0046 0.2309 0.9730
vn 0.0895 0.2618 0.9610
vn 0.0402 0.2436 0.9690
vn 0.0114 0.2331 0.9724
vn -0.6557 -0.7474 0.1067
vn -0.2069 -0.6285 -0.7498
vn -0.2950 -0.9544 -0.0459
vn -0.1890 -0.2157 0.9580
vn -0.1032 -0.5943 0.7976
vn -0.0566 -0.8587 -0.5094
vn 0.4105 -0.1720 -0.8955
vn 0.0720 -0.1980 -0.9776
vn -0.0164 -0.1959 -0.9805
vn -0.0380 -0.4161 -0.9085
vn -0.0111 -0.4887 -0.8724
vn -0.1627 -0.5840 -0.7953
vn -0.1591 -0.4335 -0.8870
vn -0.2072 -0.4706 -0.8577
vn -0.0836 -0.4217 -0.9029
vn -0.1008 -0.3917 -0.9145
vn -0.1495 -0.3292 -0.9324
vn -0.2338 -0.3784 -0.8956
vn -0.1904 -0.5317 -0.8253
vn -0.0555 -0.3522 -0.9343
vn -0.0673 -0.3593 -0.9308
vn -0.0768 -0.3467 -0.9348
vn -0.0868 -0.3509 -0.9324
vn -0.0930 -0.3702 -0.9243
vn -0.3169 -0.5013 0.8052
vn -0.3169 -0.5012 0.8052
vn -0.0562 -0.5508 0.8327
vn -0.1062 -0.9302 0.3514
vn 0.0631 -0.2907 0.9547
vn -0.0270 -0.2762 0.9607
vn 0.0307 0.0731 0.9969
vn 0.1321 -0.6478 0.7503
vn 0.1197 -0.9839 0.1325
vn 0.2080 -0.2288 0.9510
vn 0.5916 -0.8060 0.0200
vn -0.1025 -0.6621 -0.7424
vn 0.1195 -0.9839 0.1326
vn -0.0100 -0.6025 -0.7981
vn 0.1284 -0.4663 -0.8752
vn 0.0229 -0.1081 0.9939
vn 0.0055 -0.0457 0.9989
vn 0.1248 -0.0867 0.9884
vn 0.1173 0.1238 0.9853
vn -0.0068 0.1252 0.9921
vn 0.0352 0.1870 0.9817
vn 0.1122 0.1948 0.9744
vn -0.0124 0.1529 0.9882
vn -0.1261 0.0832 0.9885
vn -0.1058 -0.0182 0.9942
vn -0.1434 -0.0549 0.9881
vn -0.1255 0.1182 0.9850
vn -0.3029 -0.4467 -0.8419
vn -0.3446 -0.4881 -0.8019
vn -0.0696 -0.3530 -0.9330
vn -0.1073 -0.3288 -0.9383
vn -0.1309 -0.3497 -0.9277
vn -0.3898 -0.4934 -0.7776
vn -0.3092 -0.3824 -0.8707
vn -0.1428 -0.3494 -0.9260
vn -0.4259 -0.4066 -0.8083
vn -0.1308 -0.3397 -0.9314
vn -0.0512 -0.3471 -0.9364
vn -0.1203 -0.3993 -0.9089
vn -0.0283 -0.3532 -0.9351
vn -0.0954 -0.4107 -0.9068
vn -0.2000 -0.4180 -0.8861
vn -0.0863 -0.3976 -0.9135
vn -0.2384 -0.4160 -0.8776
vn -0.3949 0.1079 -0.9123
vn -0.3213 -0.1245 -0.9388
vn -0.1141 -0.2675 -0.9568
vn -0.0074 0.4156 -0.9095
vn -0.2529 0.1721 -0.9521
vn -0.1117 -0.0753 -0.9909
vn -0.0667 -0.2213 -0.9729
vn -0.0648 -0.1263 -0.9899
vn -0.5828 -0.3539 -0.7315
vn -0.3186 -0.1606 0.9342
vn -0.3185 -0.1607 0.9342
vn -0.2122 0.0598 0.9754
vn -0.3960 -0.0118 0.9182
vn -0.5465 -0.4082 -0.7313
vn -0.1844 0.1086 0.9768
vn -0.5289 -0.0895 0.8440
vn -0.5289 -0.0894 0.8439
vn -0.5356 -0.0288 0.8440
vn -0.5355 -0.0288 0.8440
vn -0.1612 0.1772 0.9709
vn -0.0157 0.1869 0.9823
vn -0.0184 0.2405 0.9705
vn 0.0377 0.2434 0.9692
vn 0.0277 0.2483 0.9683
vn -0.0056 0.2461 0.9692
vn -0.0274 0.2723 0.9618
vn -0.0394 0.2678 0.9627
vn -0.1515 0.2721 0.9503
vn -0.1472 0.3445 0.9272
vn -0.5522 0.1978 0.8099
vn -0.4617 0.3919 0.7958
vn -0.8634 -0.0171 -0.5042
vn -0.4617 0.3920 0.7957
vn 0.0642 0.2060 0.9764
vn 0.0021 0.2351 0.9720
vn -0.1015 0.3380 0.9357
vn -0.2787 -0.1674 -0.9457
vn -0.2693 -0.0243 -0.9627
vn -0.3164 0.4846 0.8155
vn -0.8130 0.5814 -0.0329
vn -0.0073 0.4156 -0.9095
vn 0.0933 0.2664 0.9593
vn -0.3218 0.5612 0.7625
vn -0.5805 0.8117 0.0647
vn -0.1232 0.3121 0.9420
vn -0.0036 0.1883 0.9821
vn 0.0695 0.1473 0.9866
vn 0.1324 0.1173 0.9842
vn 0.2555 0.1703 0.9517
vn 0.7386 0.6553 0.1582
vn 0.0393 0.3344 -0.9416
vn 0.2696 0.4299 -0.8617
vn -0.1622 0.2063 -0.9650
vn 0.0392 0.3344 -0.9416
vn -0.1001 0.0016 -0.9950
vn -0.0612 -0.0233 -0.9979
vn -0.2597 0.2020 -0.9443
vn -0.5021 0.2863 0.8161
vn -0.5012 -0.0100 -0.8653
vn -0.1356 0.1483 0.9796
vn -0.0035 0.1459 0.9893
vn 0.0560 0.1112 0.9922
vn 0.1205 0.0542 0.9912
vn 0.2789 0.1438 0.9495
vn 0.7576 0.6387 0.1349
vn 0.0549 0.1643 -0.9849
vn 0.2984 0.3303 -0.8955
vn -0.0528 -0.0127 -0.9985
vn 0.0548 0.1643 -0.9849
vn -0.0848 0.0489 -0.9952
vn -0.0758 -0.0494 -0.9959
vn -0.1990 0.2350 -0.9514
vn -0.5012 -0.0102 -0.8653
vn -0.5021 0.2863 0.8160
vn -0.5805 -0.7345 0.3513
vn -0.2260 -0.6411 -0.7334
vn -0.2817 -0.2050 0.9373
vn -0.1412 -0.0335 0.9894
vn -0.1566 0.1490 0.9764
vn -0.3244 -0.1490 0.9341
vn -0.0367 0.1011 0.9942
vn -0.0361 0.2625 0.9643
vn 0.0966 0.2353 0.9671
vn 0.0402 0.1720 0.9843
vn 0.0560 0.1113 0.9922
vn 0.1204 0.0542 0.9912
vn 0.2090 0.3246 0.9225
vn 0.2984 0.3302 -0.8955
vn 0.1254 -0.0075 -0.9921
vn 0.4199 0.4808 -0.7698
vn 0.3594 0.6746 0.6448
vn -0.0527 -0.0126 -0.9985
vn 0.0345 -0.2198 -0.9749
vn -0.0683 -0.2233 -0.9723
vn -0.0231 -0.4020 -0.9154
vn 0.0725 0.3519 0.9332
vn 0.0058 0.2499 0.9683
vn -0.4654 -0.6806 0.5658
vn -0.2045 -0.7464 -0.6333
vn -0.1700 0.1838 0.9681
vn -0.3209 -0.1261 0.9387
vn -0.0749 0.2954 0.9524
vn 0.0394 0.3806 0.9239
vn -0.0488 0.2543 0.9659
vn 0.2528 0.7061 0.6614
vn 0.4333 0.5829 -0.6874
vn 0.1894 -0.0813 -0.9785
vn -0.0046 -0.5036 -0.8639
vn 0.0890 -0.3393 -0.9364
vn -0.4245 -0.6912 0.5848
vn -0.2283 -0.7869 -0.5733
vn -0.1685 0.0670 0.9834
vn -0.1855 -0.0068 0.9826
vn -0.4246 -0.6912 0.5848
vn -0.0728 0.2153 0.9738
vn 0.0314 0.4129 0.9103
vn 0.2365 0.7503 0.6173
vn 0.4658 0.6856 -0.5595
vn 0.2211 -0.0668 -0.9730
vn -0.0313 -0.5134 -0.8576
vn 0.0832 -0.3388 -0.9372
vn -0.0683 -0.2234 -0.9723
vn -0.3887 -0.6670 0.6357
vn -0.2307 -0.7834 -0.5770
vn -0.1781 -0.0332 0.9834
vn -0.3887 -0.6669 0.6357
vn -0.0714 0.1978 0.9776
vn 0.0471 0.4283 0.9024
vn 0.2594 0.7553 0.6019
vn 0.5028 0.7209 -0.4770
vn 0.2201 -0.0674 -0.9731
vn -0.0546 -0.5008 -0.8639
vn 0.0567 -0.3355 -0.9403
vn -0.2061 -0.7461 -0.6331
vn -0.3463 -0.6988 0.6259
vn -0.3724 -0.6565 0.6559
vn -0.2233 -0.7123 -0.6654
vn -0.3463 -0.6987 0.6260
vn -0.1537 -0.0723 0.9855
vn -0.1410 -0.0344 0.9894
vn -0.3724 -0.6565 0.6560
vn -0.0543 0.1710 0.9838
vn -0.0502 0.1636 0.9853
vn 0.0714 0.3820 0.9214
vn 0.0763 0.3482 0.9343
vn 0.3115 0.6882 0.6553
vn 0.3474 0.6482 0.6776
vn 0.5925 0.6789 -0.4335
vn 0.6251 0.6291 -0.4619
vn 0.2161 -0.1305 -0.9676
vn 0.2008 -0.1661 -0.9654
vn 0.0302 -0.3807 -0.9242
vn -0.0679 -0.5046 -0.8607
vn -0.0870 -0.5208 -0.8492
vn 0.0068 -0.4265 -0.9045
vn -0.2388 -0.7363 -0.6331
vn -0.4429 -0.5749 0.6880
vn -0.4660 -0.4940 0.7341
vn -0.2605 -0.8125 -0.5215
vn -0.4429 -0.5750 0.6879
vn -0.1668 0.0318 0.9855
vn -0.2338 0.0617 0.9703
vn -0.4659 -0.4940 0.7340
vn -0.1591 0.1216 0.9798
vn -0.0614 0.1905 0.9798
vn -0.0557 0.2920 0.9548
vn -0.1650 0.1757 0.9705
vn 0.0711 0.3808 0.9219
vn 0.0745 0.4947 0.8659
vn 0.3399 0.7272 0.5964
vn 0.3159 0.8512 0.4192
vn 0.5140 0.6431 -0.5677
vn 0.3777 0.6613 -0.6481
vn 0.1772 -0.1028 -0.9788
vn 0.1744 0.0507 -0.9834
vn 0.0024 -0.4160 -0.9094
vn -0.1022 -0.5819 -0.8068
vn -0.1198 -0.6525 -0.7482
vn -0.0682 -0.5540 -0.8297
vn 0.0322 -0.2839 -0.9583
vn 0.0893 0.0486 0.9948
vn -0.1356 0.1484 0.9796
vn -0.2078 -0.2600 -0.9430
vn -0.0304 -0.3026 -0.9526
vn -0.0751 -0.2700 -0.9599
vn -0.2792 -0.8107 -0.5146
vn -0.4053 -0.4388 0.8020
vn -0.3917 -0.4600 0.7968
vn -0.2700 -0.7643 -0.5856
vn -0.2395 0.0180 0.9707
vn -0.2240 0.0084 0.9746
vn -0.3917 -0.4601 0.7968
vn -0.1715 0.2251 0.9591
vn -0.0823 0.4191 0.9042
vn 0.0559 0.6647 0.7450
vn 0.2594 0.9510 0.1685
vn 0.2834 0.6709 -0.6853
vn 0.1483 0.1908 -0.9704
vn -0.0748 -0.4444 -0.8927
vn -0.0932 -0.3514 -0.9316
vn 0.0092 -0.1506 -0.9886
vn -0.1316 -0.5496 -0.8250
vn -0.1129 -0.4674 -0.8768
vn -0.4809 -0.4330 0.7624
vn -0.2937 -0.6335 -0.7158
vn -0.2316 0.0057 0.9728
vn -0.4810 -0.4330 0.7624
vn -0.1554 0.2076 0.9658
vn -0.0969 0.3950 0.9135
vn 0.0149 0.7331 0.6799
vn 0.2046 0.9784 -0.0286
vn 0.2226 0.6608 -0.7168
vn 0.1158 0.2674 -0.9566
vn -0.0898 -0.2875 -0.9536
vn -0.0153 -0.0665 -0.9977
vn -0.0975 -0.3902 -0.9156
vn -0.2848 -0.3797 -0.8802
vn -0.7449 -0.2607 0.6142
vn -0.9769 -0.0866 0.1952
vn -0.2593 -0.2522 -0.9323
vn -0.2571 0.0903 0.9622
vn -0.1474 0.2218 0.9639
vn -0.1173 0.1281 0.9848
vn -0.2682 0.1404 0.9531
vn 0.0047 0.1751 0.9845
vn 0.3109 0.4113 0.8568
vn 0.6657 0.2158 -0.7143
vn 0.1959 -0.1015 -0.9754
vn -0.0640 -0.2770 -0.9587
vn -0.0109 -0.2291 -0.9733
vn -0.0995 -0.2835 -0.9538
vn -0.1059 -0.2550 -0.9611
vn -0.9131 -0.1373 0.3839
vn -0.2904 -0.2890 -0.9122
vn -0.9769 -0.0865 0.1952
vn -0.2641 0.0812 0.9611
vn -0.1283 0.0445 0.9907
vn 0.0006 0.0128 0.9999
vn 0.2460 -0.0481 0.9681
vn 0.8416 -0.5385 -0.0425
vn 0.2704 -0.3126 -0.9106
vn -0.1224 -0.2744 -0.9538
vn -0.0059 -0.2588 -0.9659
vn 0.4995 0.3581 -0.7888
vn 0.4704 0.3679 -0.8021
vn 0.2730 0.2565 -0.9272
vn 0.1066 0.2145 -0.9709
vn 0.0290 0.1404 -0.9897
vn 0.6978 -0.0498 -0.7146
vn 0.2141 -0.6861 -0.6953
vn 0.0321 -0.1888 -0.9815
vn 0.2971 0.1325 -0.9456
vn 0.1178 -0.4727 0.8733
vn 0.1059 -0.6629 0.7412
vn 0.1510 -0.5653 0.8110
vn 0.1117 -0.3716 0.9217
vn 0.2180 0.7573 -0.6157
vn 0.0715 0.7515 -0.6559
vn 0.0972 0.9699 -0.2234
vn 0.2355 0.9574 0.1669
vn 0.0979 -0.8494 0.5186
vn 0.1820 -0.8182 0.5454
vn 0.1710 0.4727 -0.8645
vn 0.0575 0.5213 -0.8515
vn 0.2419 -0.7862 0.5686
vn 0.0923 -0.6705 0.7362
vn 0.0650 -0.1397 0.9881
vn 0.1865 -0.2701 0.9446
vn 0.5525 -0.4423 0.7065
vn 0.5801 -0.8130 0.0509
vn 0.5579 0.1257 -0.8204
vn 0.3725 0.1349 -0.9182
vn 0.1646 0.3510 -0.9218
vn 0.0509 0.3902 -0.9193
vn 0.0568 0.0156 0.9983
vn 0.1323 0.4551 0.8805
vn 0.1417 0.4033 0.9040
vn 0.1705 -0.0163 0.9852
vn 0.0738 0.9910 0.1115
vn 0.1486 0.7858 0.6003
vn 0.5810 -0.6533 -0.4855
vn 0.3580 -0.7871 -0.5022
vn 0.2315 -0.7222 0.6518
vn 0.3405 -0.5492 0.7631
vn 0.7436 -0.3409 -0.5752
vn 0.6549 -0.0768 0.7518
vn 0.0058 0.3949 -0.9187
vn 0.0086 0.5328 -0.8462
vn 0.0077 0.7495 -0.6619
vn 0.0063 0.9440 -0.3300
vn 0.0017 0.9974 -0.0718
vn -0.0064 -0.7619 0.6477
vn -0.0065 -0.8586 0.5127
vn -0.0059 -0.6270 0.7790
vn -0.0035 -0.0963 0.9953
vn 0.1935 0.4178 0.8877
vn 0.0140 -0.0116 0.9998
vn -0.0083 -0.0222 0.9997
vn 0.2351 0.2352 0.9431
vn 0.0145 -0.3606 0.9326
vn -0.2237 -0.2774 0.9344
vn 0.1624 -0.6404 0.7507
vn -0.5621 -0.5798 0.5898
vn 0.5002 -0.8179 0.2844
vn 0.4062 -0.6362 -0.6559
vn 0.1674 -0.6195 -0.7670
vn -0.3294 -0.8896 -0.3165
vn 0.2860 0.0206 -0.9580
vn 0.2387 -0.2866 -0.9278
vn 0.2785 0.4085 -0.8692
vn 0.4074 0.1719 -0.8969
vn 0.3646 0.6886 -0.6268
vn 0.5241 0.4352 -0.7320
vn 0.4315 0.8985 0.0806
vn 0.7260 0.6805 0.0989
vn 0.2051 -0.1212 0.9712
vn -0.0263 -0.1306 0.9911
vn -0.0234 -0.0872 0.9959
vn 0.1903 -0.0921 0.9774
vn -0.2754 -0.1420 0.9508
vn -0.2502 -0.1290 0.9596
vn -0.8097 -0.2186 0.5446
vn -0.7094 -0.2922 0.6413
vn -0.5937 -0.2455 -0.7663
vn -0.1573 -0.2794 -0.9472
vn -0.1662 -0.2196 -0.9613
vn -0.6147 -0.3417 -0.7109
vn -0.5937 -0.2456 -0.7663
vn 0.0826 -0.2641 -0.9610
vn 0.0596 -0.2002 -0.9779
vn 0.3017 -0.1769 -0.9368
vn 0.2795 -0.1388 -0.9501
vn 0.5785 -0.1190 -0.8070
vn 0.5974 -0.1122 -0.7940
vn 0.8931 -0.1629 0.4194
vn 0.8017 -0.1520 0.5781
vn 0.2908 -0.7693 0.5689
vn 0.3498 -0.9286 0.1236
vn 0.5849 0.0880 -0.8063
vn 0.5010 -0.1849 0.8455
vn 0.5360 -0.1283 0.8344
vn 0.5658 0.1215 -0.8156
vn 0.2003 -0.1120 0.9733
vn 0.1768 -0.0859 0.9805
vn 0.0677 -0.0264 0.9974
vn 0.0826 -0.0516 0.9952
vn -0.0029 -0.0060 1.0000
vn -0.0029 0.0018 1.0000
vn 0.0454 0.2731 -0.9609
vn 0.1619 0.2316 -0.9593
vn 0.1603 0.1762 -0.9712
vn 0.0507 0.2062 -0.9772
vn 0.5148 -0.1423 -0.8454
vn 0.5172 -0.1980 0.8326
vn 0.3489 -0.6791 0.6458
vn 0.4385 -0.8533 -0.2820
vn 0.1645 -0.6499 0.7420
vn 0.2087 -0.2316 0.9501
vn 0.0761 -0.3814 0.9213
vn 0.0432 -0.6114 0.7902
vn -0.0012 -0.4612 0.8873
vn -0.0006 -0.6265 0.7794
vn 0.0449 -0.1235 -0.9913
vn 0.1496 -0.0864 -0.9850
vn 0.1640 -0.5636 -0.8096
vn 0.0409 -0.5117 -0.8582
vn -0.0270 -0.0796 0.9965
vn -0.3204 -0.0746 0.9443
vn -0.8991 0.0748 0.4314
vn -0.6089 -0.0568 -0.7912
vn -0.6089 -0.0569 -0.7912
vn -0.1594 -0.2633 -0.9514
vn 0.1144 -0.2730 -0.9552
vn 0.3385 -0.0858 -0.9370
vn 0.5685 0.1018 -0.8164
vn 0.9503 0.2444 0.1930
vn 0.2289 0.0148 0.9733
vn 0.5511 0.1673 0.8175
vn 0.2219 -0.0201 0.9749
vn 0.0928 -0.1431 0.9853
vn -0.0028 -0.2059 0.9786
vn 0.0493 0.1029 -0.9935
vn 0.1488 0.1657 -0.9749
vn 0.4928 0.3236 -0.8078
vn 0.5486 -0.1129 0.8284
vn 0.2198 -0.1798 0.9588
vn 0.0934 -0.1647 0.9819
vn -0.0032 -0.1462 0.9893
vn 0.0542 0.1506 -0.9871
vn 0.1550 0.1840 -0.9706
vn 0.5719 0.2409 -0.7841
vn 0.0045 0.2843 -0.9587
vn -0.0230 -0.0103 0.9997
vn 0.1783 0.0245 0.9837
vn -0.2294 -0.0663 0.9711
vn -0.6612 -0.2106 0.7200
vn -0.1760 -0.1927 -0.9654
vn -0.6389 -0.3156 -0.7016
vn 0.0355 -0.1219 -0.9919
vn 0.2520 -0.0295 -0.9673
vn 0.6180 0.1071 -0.7788
vn 0.7273 0.1299 0.6739
vn 0.1680 0.0820 0.9824
vn -0.0277 0.0162 0.9995
vn -0.0809 0.1928 0.9779
vn 0.0959 0.2997 0.9492
vn -0.2169 -0.0790 0.9730
vn -0.2562 0.0416 0.9657
vn -0.5990 -0.2916 0.7458
vn -0.6306 -0.1445 0.7625
vn -0.6116 -0.4040 -0.6802
vn -0.1752 -0.2033 -0.9633
vn -0.2181 -0.0533 -0.9745
vn -0.7123 -0.2208 -0.6662
vn -0.7123 -0.2209 -0.6663
vn 0.0315 -0.1180 -0.9925
vn -0.0011 0.0084 -1.0000
vn 0.2393 -0.0056 -0.9709
vn 0.2098 0.0960 -0.9730
vn 0.6226 0.1636 -0.7653
vn 0.5957 0.3803 -0.7074
vn 0.6691 0.2115 0.7125
vn 0.5060 0.5270 0.6828
vn 0.1255 0.2751 0.9532
vn -0.0520 0.1201 0.9914
vn -0.0486 0.0642 0.9968
vn 0.1024 0.1170 0.9878
vn -0.2570 0.0722 0.9637
vn -0.2451 0.0979 0.9645
vn -0.7853 -0.0155 0.6190
vn -0.8474 0.1218 0.5168
vn -0.4566 -0.1690 -0.8735
vn -0.1107 -0.1125 -0.9875
vn -0.1027 -0.2871 -0.9524
vn -0.4146 -0.2598 -0.8721
vn -0.4567 -0.1690 -0.8734
vn -0.4146 -0.2600 -0.8721
vn 0.0452 -0.0511 -0.9977
vn 0.0479 -0.1979 -0.9791
vn 0.2006 0.0846 -0.9760
vn 0.2066 -0.0255 -0.9781
vn 0.5073 0.4654 -0.7253
vn 0.6065 0.3566 -0.7107
vn 0.4646 0.6051 0.6465
vn 0.4210 0.3402 0.8408
vn -0.0842 0.9245 0.3717
vn -0.1830 0.9337 0.3078
vn -0.2060 -0.1628 0.9649
vn -0.0371 -0.0165 0.9992
vn -0.2943 0.9551 0.0352
vn -0.5901 -0.3723 0.7164
vn -0.2607 0.7825 -0.5654
vn -0.5110 -0.3659 -0.7778
vn -0.1769 0.5584 -0.8105
vn -0.1178 -0.1918 -0.9743
vn -0.5110 -0.3661 -0.7777
vn -0.0958 0.5625 -0.8212
vn 0.0420 -0.0574 -0.9975
vn -0.0146 0.7595 -0.6503
vn 0.1884 0.1350 -0.9728
vn 0.0528 0.9832 -0.1749
vn 0.4837 0.5163 -0.7067
vn 0.0579 0.9529 0.2976
vn 0.4856 0.5471 0.6818
vn -0.0005 0.8861 0.4635
vn 0.1274 0.1468 0.9809
vn -0.0252 -0.4864 0.8734
vn 0.0734 -0.4960 0.8652
vn -0.1245 -0.5409 0.8318
vn -0.2289 -0.7422 0.6299
vn -0.0425 -0.9254 -0.3766
vn -0.2146 -0.9723 0.0926
vn -0.2146 -0.9723 0.0927
vn 0.1138 -0.7747 -0.6221
vn 0.2722 -0.7188 -0.6397
vn 0.5022 -0.8546 -0.1323
vn 0.2684 -0.6158 0.7408
vn 0.0925 -0.6104 0.7867
vn 0.1589 -0.5101 0.8453
vn 0.1508 -0.4764 0.8662
vn 0.1576 -0.3932 0.9059
vn -0.0164 0.6819 -0.7312
vn -0.0032 -0.5151 -0.8571
vn 0.0006 -0.3860 -0.9225
vn 0.1123 0.7032 -0.7020
vn 0.4737 0.8268 -0.3033
vn 0.1169 -0.2399 -0.9637
vn 0.4082 -0.1386 -0.9023
vn 0.7809 0.4328 0.4505
vn 0.2888 -0.5996 -0.7464
vn 0.2790 -0.6827 0.6754
vn -0.1700 0.1739 -0.9700
vn -0.0978 0.3302 -0.9388
vn -0.2364 -0.1137 -0.9650
vn -0.1593 0.3656 -0.9170
vn -0.1410 -0.6272 0.7660
vn -0.3791 -0.8448 -0.3776
vn -0.2833 -0.3898 -0.8762
vn -0.2485 0.2943 -0.9228
vn -0.2400 0.2763 -0.9306
vn -0.1436 0.3348 -0.9313
vn -0.1568 0.3812 -0.9111
vn -0.3509 -0.0242 -0.9361
vn -0.3119 -0.0470 -0.9489
vn -0.1543 -0.8458 0.5106
vn -0.1183 -0.9894 0.0847
vn -0.2846 -0.8902 -0.3558
vn -0.3725 -0.8889 -0.2666
vn -0.3552 -0.3890 -0.8500
vn -0.4097 -0.4197 -0.8100
vn -0.1470 0.4265 -0.8924
vn 0.0944 -0.9400 0.3279
vn -0.0065 -0.9378 0.3472
vn 0.2017 -0.9547 0.2188
vn 0.0127 -0.8037 0.5949
vn -0.0086 -0.7612 0.6485
vn -0.0205 -0.9638 0.2659
vn 0.0039 0.2203 -0.9754
vn 0.0015 0.0835 -0.9965
vn 0.0029 0.1404 -0.9901
vn 0.0005 -0.1734 -0.9848
vn 0.0008 -0.5419 -0.8404
vn 0.1695 0.0993 0.9805
vn -0.0228 -0.0154 0.9996
vn 0.0406 -0.1399 0.9893
vn 0.1918 0.2035 0.9601
vn 0.5855 0.3515 0.7305
vn 0.5579 0.5224 0.6449
vn 0.5943 0.3988 -0.6984
vn 0.5444 0.4515 -0.7069
vn 0.2066 0.0767 -0.9754
vn 0.2179 0.1400 -0.9659
vn 0.0391 -0.0956 -0.9947
vn 0.0408 -0.0034 -0.9992
vn -0.1378 -0.2378 -0.9615
vn -0.1211 -0.0465 -0.9915
vn -0.5653 -0.4162 -0.7122
vn -0.3503 -0.3276 -0.8775
vn -0.6218 -0.2683 0.7358
vn -0.5654 -0.4162 -0.7122
vn -0.3504 -0.3276 -0.8775
vn -0.4074 -0.7995 0.4415
vn -0.2092 -0.1060 0.9721
vn -0.0858 -0.4442 0.8918
vn 0.1953 0.1805 0.9640
vn -0.0216 0.0542 0.9983
vn 0.6156 0.4461 0.6496
vn 0.6024 0.4042 -0.6882
vn 0.2249 0.0888 -0.9703
vn 0.0384 -0.0500 -0.9980
vn -0.1556 -0.1418 -0.9776
vn -0.6306 -0.2542 -0.7332
vn -0.6730 -0.0786 0.7355
vn -0.6306 -0.2543 -0.7332
vn -0.2375 0.0096 0.9713
vn 0.1911 0.1354 0.9722
vn -0.0206 0.0265 0.9994
vn 0.6347 0.3656 0.6808
vn 0.6444 0.1382 -0.7521
vn 0.2421 0.0040 -0.9702
vn 0.0348 -0.0714 -0.9968
vn -0.1459 -0.2108 -0.9666
vn -0.5661 -0.4709 -0.6766
vn -0.5779 -0.3569 0.7339
vn -0.5660 -0.4710 -0.6766
vn -0.2129 -0.0940 0.9725
vn -0.0188 -0.5756 0.8175
vn 0.0534 -0.6037 0.7954
vn -0.0784 -0.6441 0.7609
vn -0.1203 -0.7838 0.6092
vn -0.0176 -0.9950 -0.0981
vn -0.1150 -0.9358 0.3334
vn 0.0971 -0.9386 -0.3312
vn 0.1976 -0.9601 -0.1979
vn 0.2435 -0.9325 0.2669
vn 0.1538 -0.7403 0.6545
vn 0.1493 -0.4691 0.8704
vn 0.1589 -0.5100 0.8453
vn 0.1575 -0.3933 0.9058
vn 0.1706 -0.0162 0.9852
vn 0.1418 0.4033 0.9040
vn 0.1486 0.7859 0.6002
vn 0.0739 0.9910 0.1115
vn 0.4059 -0.2966 0.8645
vn 0.6049 -0.5757 -0.5501
vn 0.1810 -0.1992 0.9631
vn 0.4058 -0.2966 0.8645
vn 0.0545 -0.2014 0.9780
vn 0.1699 -0.3179 -0.9328
vn 0.0337 -0.2718 -0.9618
vn -0.0000 -0.2101 0.9777
vn -0.0000 -0.2774 -0.9608
vn -0.2575 0.0421 0.9654
vn -0.2470 0.2221 0.9432
vn 0.0202 0.1189 0.9927
vn 0.0126 0.0808 0.9966
vn 0.0195 0.0442 0.9988
vn -0.2266 0.0255 0.9736
vn -0.9079 0.3978 0.1320
vn -0.9003 -0.0456 0.4328
vn -0.9974 0.0676 0.0249
vn -0.2606 0.0025 -0.9655
vn -0.2699 -0.0160 -0.9628
vn -0.3251 -0.1320 -0.9364
vn 0.2657 0.1098 0.9578
vn 0.2497 0.1601 0.9550
vn 0.2256 -0.0310 0.9737
vn -0.2222 0.1401 0.9649
vn 0.0387 0.1575 0.9868
vn 0.0287 0.0555 0.9980
vn -0.2154 -0.0797 0.9733
vn -0.9365 0.3233 0.1359
vn -0.8966 -0.1519 0.4159
vn -0.3217 0.0090 -0.9468
vn -0.3208 0.0084 -0.9471
vn -0.7533 -0.6405 0.1493
vn -0.8869 -0.4600 0.0433
vn -0.2873 -0.2317 -0.9294
vn -0.2385 -0.1472 -0.9599
vn -0.2069 -0.0540 0.9769
vn -0.2142 -0.2442 0.9458
vn 0.0264 -0.0070 0.9996
vn 0.0170 -0.0680 0.9975
vn 0.2410 -0.0361 0.9699
vn 0.2618 0.0044 0.9651
vn -0.0331 -0.0399 -0.9987
vn -0.3217 0.0089 -0.9468
vn -0.3207 0.0084 -0.9471
vn -0.0168 0.0394 -0.9991
vn -0.3250 -0.1320 -0.9364
vn -0.2698 -0.0160 -0.9628
vn -0.0236 -0.1371 -0.9903
vn -0.0140 -0.1469 -0.9891
vn -0.2605 0.0025 -0.9655
vn -0.0104 -0.0456 -0.9989
vn -0.2872 -0.2317 -0.9294
vn -0.0323 -0.1114 -0.9933
vn -0.0174 -0.0162 -0.9997
vn -0.2384 -0.1472 -0.9599
vn -0.2110 0.3602 0.9087
vn -0.0779 0.2450 0.9664
vn -0.1377 0.0844 0.9869
vn -0.1898 0.0621 0.9799
vn -0.4149 0.2880 0.8631
vn -0.2494 0.0678 0.9660
vn -0.2927 -0.1914 -0.9368
vn -0.8661 0.0151 -0.4997
vn -0.0436 -0.2001 -0.9788
vn -0.2927 -0.1914 -0.9369
vn 0.2529 0.1189 0.9602
vn 0.2721 0.1660 0.9478
vn 0.0783 0.0783 0.9939
vn 0.2884 -0.0485 0.9563
vn -0.5496 -0.0274 0.8350
vn -0.2315 -0.0261 0.9725
vn -0.0773 -0.0005 0.9970
vn 0.0510 -0.4563 0.8884
vn 0.2172 -0.6804 0.7000
vn -0.1873 -0.7140 -0.6746
vn -0.3797 -0.9053 -0.1904
vn -0.0239 -0.5006 -0.8653
vn -0.1873 -0.7140 -0.6747
vn 0.8998 -0.3688 -0.2332
vn 0.2884 -0.0484 0.9563
vn 0.2173 -0.6803 0.7000
vn 0.4607 -0.8684 -0.1833
vn 0.1738 -0.6894 -0.7033
vn 0.1877 -0.2334 -0.9541
vn 0.0330 -0.9995 -0.0002
vn 0.0331 -0.9995 -0.0002
vn -0.0664 -0.8508 0.5212
vn 0.2047 -0.0387 -0.9781
vn 0.2034 -0.2165 -0.9548
vn 0.2011 -0.2508 -0.9469
vn 0.2187 0.0448 -0.9748
vn 0.1973 -0.0301 -0.9799
vn 0.9506 0.1340 -0.2800
vn 0.2722 0.1660 0.9478
vn 0.8826 0.2293 -0.4103
vn 0.9541 -0.2051 -0.2181
vn 0.8322 -0.5358 -0.1427
vn 0.2530 0.1189 0.9601
vn 0.2257 -0.0309 0.9737
vn 0.9484 0.3132 -0.0500
vn 0.2498 0.1601 0.9550
vn 0.1933 -0.0989 -0.9761
vn 0.9307 -0.2926 0.2195
vn 0.9714 0.1455 -0.1874
vn 0.2007 0.0449 -0.9786
vn 0.2411 -0.0361 0.9698
vn 0.2513 0.1044 0.9622
vn 0.2773 0.1133 0.9541
vn 0.0317 0.2200 0.9750
vn 0.0360 0.2064 0.9778
vn -0.2266 0.3876 0.8935
vn -0.2055 0.3096 0.9284
vn -0.8638 0.4479 -0.2307
vn -0.8058 0.4521 -0.3826
vn -0.2758 -0.1048 -0.9555
vn -0.2691 -0.0411 -0.9622
vn -0.2757 -0.1050 -0.9555
vn -0.0456 -0.3146 -0.9481
vn -0.0531 -0.1838 -0.9815
vn -0.2690 -0.0411 -0.9623
vn 0.1899 -0.3204 -0.9280
vn 0.2147 -0.4941 -0.8425
vn 0.8259 -0.4019 0.3955
vn 0.9265 -0.3715 0.0590
vn 0.2514 0.1045 0.9622
vn 0.0058 0.1120 0.9937
vn -0.2982 0.2654 0.9169
vn -0.8669 0.2261 -0.4443
vn -0.2459 -0.1864 -0.9512
vn -0.0340 -0.3058 -0.9515
vn -0.2460 -0.1864 -0.9512
vn 0.2285 -0.4673 -0.8541
vn 0.7526 -0.5068 0.4204
vn 0.2718 -0.0069 0.9623
vn 0.2717 -0.0068 0.9623
vn -0.0230 0.0692 0.9973
vn -0.3868 0.1718 0.9060
vn -0.9080 0.1542 -0.3896
vn -0.2645 -0.1457 -0.9533
vn -0.0099 -0.2487 -0.9685
vn 0.2956 -0.3982 -0.8684
vn 0.5894 -0.2732 0.7602
vn 0.2272 -0.0202 0.9736
vn -0.2150 0.1723 0.9613
vn -0.0981 0.0855 0.9915
vn -0.0308 0.1234 0.9919
vn -0.6581 0.1522 0.7374
vn -0.4496 0.1938 0.8719
vn -0.4353 -0.1450 0.8886
vn -0.2230 -0.3959 0.8908
vn -0.0570 -0.0655 0.9962
vn -0.2162 0.1563 0.9638
vn -0.2100 0.2157 0.9536
vn 0.0283 0.0680 0.9973
vn 0.0133 0.0677 0.9976
vn 0.0325 -0.0321 0.9990
vn -0.2163 -0.0118 0.9762
vn -0.7954 0.4470 0.4094
vn -0.9111 0.0610 0.4078
vn -0.7317 0.3626 0.5771
vn -0.2888 0.1467 -0.9461
vn -0.2996 0.1404 -0.9437
vn -0.3055 -0.0071 -0.9522
vn 0.2722 -0.0009 0.9622
vn 0.2561 0.0397 0.9658
vn 0.2358 -0.1212 0.9642
vn -0.2081 0.0230 0.9778
vn 0.0566 0.0563 0.9968
vn 0.0429 -0.0493 0.9979
vn -0.2162 -0.1778 0.9600
vn -0.9220 0.3125 0.2286
vn -0.9330 -0.1353 0.3335
vn -0.3147 0.1057 -0.9433
vn -0.3480 0.0891 -0.9333
vn -0.8002 -0.1303 0.5855
vn -0.9343 -0.0950 0.3436
vn -0.2785 -0.1789 -0.9436
vn -0.2770 -0.0922 -0.9564
vn -0.1982 0.0480 0.9790
vn -0.2168 -0.0472 0.9751
vn 0.0316 0.0200 0.9993
vn 0.0052 -0.0244 0.9997
vn 0.2525 -0.1248 0.9595
vn 0.2608 -0.0994 0.9603
vn -0.0461 0.0474 -0.9978
vn -0.3146 0.1057 -0.9433
vn -0.3479 0.0891 -0.9333
vn -0.0342 0.0865 -0.9957
vn -0.2995 0.1404 -0.9437
vn -0.0336 0.0515 -0.9981
vn -0.0375 -0.0474 -0.9982
vn -0.2888 0.1468 -0.9461
vn -0.0395 0.0770 -0.9962
vn -0.2785 -0.1788 -0.9436
vn -0.0535 -0.2336 -0.9709
vn -0.0375 -0.1233 -0.9917
vn -0.2769 -0.0921 -0.9565
vn -0.1755 0.2427 0.9541
vn -0.0701 0.1427 0.9873
vn -0.1197 0.0228 0.9926
vn -0.1668 0.0178 0.9858
vn -0.4034 0.2461 0.8813
vn -0.2442 0.0360 0.9691
vn -0.2877 -0.0780 -0.9545
vn -0.8549 0.1030 -0.5085
vn -0.0539 -0.0948 -0.9940
vn -0.2876 -0.0780 -0.9546
vn 0.2551 0.0197 0.9667
vn 0.2752 0.0722 0.9587
vn 0.0898 -0.0015 0.9960
vn 0.2879 -0.1392 0.9475
vn -0.5394 -0.1487 0.8288
vn -0.2113 -0.0866 0.9736
vn -0.0611 -0.0877 0.9943
vn 0.0520 -0.5776 0.8147
vn 0.2176 -0.8122 0.5413
vn -0.1944 -0.5663 -0.8010
vn -0.3945 -0.8232 -0.4083
vn -0.0430 -0.3714 -0.9275
vn -0.1943 -0.5664 -0.8009
vn 0.8696 -0.3932 -0.2988
vn 0.2880 -0.1391 0.9475
vn 0.2176 -0.8121 0.5414
vn 0.3972 -0.8352 -0.3803
vn 0.1265 -0.5685 -0.8129
vn 0.1569 -0.1387 -0.9778
vn 0.0014 -0.9569 -0.2906
vn 0.0015 -0.9568 -0.2906
vn -0.1030 -0.9560 0.2748
vn 0.1697 0.0744 -0.9827
vn 0.1792 0.0073 -0.9838
vn 0.1845 -0.1711 -0.9678
vn 0.2096 0.0683 -0.9754
vn 0.1713 0.0437 -0.9842
vn 0.9680 0.1443 -0.2052
vn 0.9705 0.2167 -0.1056
vn 0.9629 -0.1258 -0.2385
vn 0.8448 -0.5329 -0.0490
vn 0.2552 0.0197 0.9667
vn 0.2723 -0.0009 0.9622
vn 0.2359 -0.1213 0.9642
vn 0.9771 0.1492 -0.1516
vn 0.1573 -0.3910 -0.9069
vn 0.6835 -0.7216 0.1102
vn 0.8312 -0.5549 -0.0342
vn 0.1649 -0.2380 -0.9572
vn 0.2609 -0.0994 0.9602
vn 0.2768 0.0348 0.9603
vn 0.2845 0.1070 0.9527
vn 0.0387 0.1609 0.9862
vn 0.0405 0.1817 0.9825
vn -0.1666 0.1622 0.9726
vn -0.1781 0.2870 0.9412
vn -0.8366 0.5150 0.1868
vn -0.9539 0.2395 0.1807
vn -0.2645 -0.0795 -0.9611
vn -0.2606 -0.0273 -0.9651
vn -0.2644 -0.0795 -0.9611
vn -0.0303 -0.1156 -0.9928
vn -0.0383 -0.1463 -0.9885
vn -0.2605 -0.0273 -0.9651
vn 0.1697 -0.2155 -0.9616
vn 0.1622 -0.1325 -0.9778
vn 0.9418 -0.1745 -0.2875
vn 0.8873 -0.4605 -0.0241
vn 0.2846 0.1070 0.9527
vn 0.2769 0.0348 0.9603
vn 0.0371 0.0492 0.9981
vn -0.1658 0.0001 0.9862
vn -0.9333 -0.1611 0.3210
vn -0.2923 -0.1631 -0.9423
vn -0.0397 -0.1729 -0.9841
vn -0.2924 -0.1631 -0.9423
vn 0.1501 -0.2259 -0.9625
vn 0.9041 -0.3123 -0.2917
vn 0.2732 0.0438 0.9609
vn 0.2732 0.0439 0.9610
vn 0.0342 0.0183 0.9992
vn -0.1665 0.0078 0.9860
vn -0.9226 -0.1630 0.3496
vn -0.3136 -0.1123 -0.9429
vn -0.3135 -0.1122 -0.9429
vn -0.0360 -0.1396 -0.9896
vn 0.1661 -0.2385 -0.9568
vn 0.9289 -0.3677 0.0449
vn 0.2183 -0.0036 0.9759
vn 0.2182 -0.0037 0.9759
vn -0.1971 0.0252 0.9801
vn -0.0978 -0.0208 0.9950
vn -0.0343 0.0372 0.9987
vn -0.6477 0.1291 0.7508
vn -0.3988 0.0836 0.9132
vn -0.5583 -0.2170 0.8007
vn -0.2381 -0.6243 0.7440
vn -0.0362 -0.1282 0.9911
vn -0.1256 -0.5025 0.8554
vn -0.1308 -0.5083 0.8512
vn 0.0915 -0.4113 0.9069
vn 0.0771 -0.4120 0.9079
vn 0.1236 -0.5826 0.8033
vn -0.1369 -0.7529 0.6438
vn -0.5668 -0.6524 0.5032
vn -0.5615 -0.8272 0.0219
vn -0.4810 -0.5923 0.6464
vn -0.4523 0.3052 -0.8380
vn -0.4544 0.2452 -0.8564
vn -0.4104 0.0814 -0.9083
vn 0.3759 -0.1881 0.9074
vn 0.3458 -0.1500 0.9262
vn 0.3737 -0.4342 0.8197
vn -0.1228 -0.9287 0.3498
vn 0.1460 -0.6774 0.7210
vn 0.1462 -0.6978 0.7012
vn -0.1230 -0.9501 0.2868
vn -0.5736 -0.7947 -0.1985
vn -0.4897 -0.8183 -0.3009
vn -0.5945 0.2826 -0.7528
vn -0.5784 0.1293 -0.8054
vn -0.5036 -0.7426 0.4415
vn -0.6465 -0.5146 0.5632
vn -0.3744 0.0112 -0.9272
vn -0.3784 0.0777 -0.9224
vn -0.1675 -0.4602 0.8719
vn -0.1347 -0.6290 0.7656
vn 0.0590 -0.3677 0.9281
vn 0.0793 -0.5226 0.8489
vn 0.3716 -0.3679 0.8524
vn 0.3924 -0.3634 0.8450
vn -0.2102 0.8112 -0.5457
vn -0.5944 0.2826 -0.7529
vn -0.5784 0.1292 -0.8055
vn -0.2000 0.8219 -0.5334
vn -0.4104 0.0813 -0.9083
vn -0.4544 0.2451 -0.8564
vn -0.1325 0.5372 -0.8330
vn -0.1318 0.4624 -0.8768
vn -0.4522 0.3051 -0.8381
vn -0.1498 0.5319 -0.8334
vn -0.1059 0.0776 -0.9913
vn -0.1105 0.2829 -0.9528
vn -0.3783 0.0776 -0.9224
vn -0.1122 -0.8394 0.5318
vn -0.0425 -0.8395 0.5417
vn -0.0625 -0.9643 0.2574
vn -0.0913 -0.9854 0.1438
vn -0.2795 -0.9290 0.2425
vn -0.1447 -0.9877 0.0588
vn -0.3845 0.2147 -0.8978
vn -0.5730 -0.4680 -0.6729
vn -0.1665 0.6234 -0.7640
vn 0.3055 -0.2860 0.9082
vn 0.3620 -0.3450 0.8660
vn 0.2453 -0.7919 0.5592
vn 0.6485 -0.4679 0.6004
vn -0.2717 -0.8938 -0.3569
vn -0.0987 -0.9948 -0.0248
vn 0.0137 -0.9820 0.1882
vn 0.2258 -0.7251 -0.6506
vn 0.3275 -0.3037 -0.8947
vn -0.1323 0.0496 -0.9900
vn -0.1614 -0.2132 -0.9636
vn -0.0750 0.3393 -0.9377
vn -0.1323 0.0495 -0.9900
vn 0.5931 0.8037 0.0479
vn 0.3276 -0.3037 -0.8947
vn 0.3245 0.3386 -0.8832
vn 0.0962 0.3716 -0.9234
vn 0.0954 0.8511 -0.5162
vn 0.0515 -0.0634 -0.9967
vn 0.0516 -0.0634 -0.9967
vn 0.0239 -0.3384 -0.9407
vn 0.0818 0.7181 -0.6911
vn 0.1042 0.6797 -0.7261
vn 0.1151 0.5748 -0.8102
vn 0.1076 0.9782 -0.1776
vn 0.0746 0.9827 -0.1694
vn 0.4399 0.6966 0.5667
vn 0.3621 -0.3450 0.8659
vn 0.4078 0.5860 0.7003
vn 0.6789 0.7270 -0.1026
vn 0.8147 0.5607 -0.1478
vn 0.3056 -0.2861 0.9082
vn 0.3738 -0.4341 0.8196
vn 0.6030 0.7697 0.2095
vn 0.3459 -0.1500 0.9262
vn 0.1259 0.0649 -0.9899
vn 0.9058 -0.2084 -0.3690
vn 0.8923 0.3323 -0.3055
vn 0.1002 0.3574 -0.9285
vn 0.3717 -0.3678 0.8524
vn 0.3925 -0.3633 0.8450
vn 0.3255 -0.0126 0.9454
vn 0.3965 0.0940 0.9132
vn 0.0717 0.0466 0.9963
vn 0.0564 -0.0399 0.9976
vn -0.1529 0.0469 0.9871
vn -0.1652 -0.0305 0.9858
vn -0.6293 0.1223 0.7675
vn -0.7179 0.1099 0.6874
vn -0.4057 -0.0059 -0.9140
vn -0.4149 0.1576 -0.8961
vn -0.0813 -0.0259 -0.9964
vn -0.0970 0.0310 -0.9948
vn -0.4148 0.1576 -0.8962
vn 0.1578 0.0772 -0.9844
vn 0.1525 0.0104 -0.9883
vn 0.8753 0.1635 -0.4552
vn 0.9649 0.1555 -0.2116
vn 0.3256 -0.0126 0.9454
vn 0.1064 0.0376 0.9936
vn -0.1278 -0.0153 0.9917
vn -0.7580 -0.2514 0.6018
vn -0.3585 -0.0754 -0.9305
vn -0.0718 0.0189 -0.9972
vn -0.3586 -0.0754 -0.9304
vn 0.1071 0.0135 -0.9942
vn 0.6172 -0.1293 -0.7761
vn 0.4826 0.0271 0.8754
vn 0.1437 0.0343 0.9890
vn -0.0768 0.0228 0.9968
vn -0.5526 -0.0500 0.8320
vn -0.5008 -0.0607 -0.8634
vn -0.5008 -0.0608 -0.8634
vn -0.0890 0.0364 -0.9954
vn 0.0312 -0.0241 -0.9992
vn 0.3699 -0.4012 -0.8380
vn 0.4333 -0.0898 0.8968
vn 0.4333 -0.0897 0.8968
vn -0.1118 -0.9781 0.1753
vn 0.0128 -0.9539 0.2997
vn 0.0821 -0.8594 0.5047
vn -0.3051 -0.9508 -0.0542
vn -0.2355 -0.9718 -0.0065
vn -0.2542 -0.9230 -0.2890
vn -0.0491 -0.7530 -0.6562
vn 0.1092 -0.9910 0.0771
vn -0.0973 -0.4527 0.8863
vn -0.0993 -0.4393 0.8928
vn 0.1262 -0.4148 0.9011
vn 0.1335 -0.4181 0.8985
vn 0.1476 -0.6099 0.7786
vn -0.1067 -0.7156 0.6904
vn -0.4690 -0.3983 0.7883
vn -0.5022 -0.7366 0.4530
vn -0.4701 -0.3983 0.7876
vn -0.7001 0.4198 -0.5776
vn -0.7714 0.3427 -0.5362
vn -0.6566 0.0838 -0.7496
vn 0.5910 -0.2831 0.7553
vn 0.5330 -0.2227 0.8163
vn 0.4825 -0.4799 0.7327
vn -0.1053 -0.7710 0.6281
vn 0.1632 -0.5308 0.8316
vn 0.1613 -0.6859 0.7096
vn -0.1013 -0.9023 0.4191
vn -0.5268 -0.7691 0.3618
vn -0.4712 -0.8738 0.1201
vn -0.7508 0.0803 -0.6556
vn -0.8093 0.0382 -0.5862
vn -0.5602 -0.6767 0.4778
vn -0.6055 -0.5574 0.5680
vn -0.5001 0.0691 -0.8632
vn -0.5280 0.1311 -0.8391
vn -0.1150 -0.4826 0.8682
vn -0.1184 -0.6441 0.7557
vn 0.1384 -0.4513 0.8816
vn 0.1418 -0.5762 0.8049
vn 0.5844 -0.4311 0.6875
vn 0.6479 -0.4227 0.6337
vn -0.2006 0.6868 -0.6986
vn -0.8093 0.0381 -0.5862
vn -0.1886 0.8160 -0.5464
vn -0.6566 0.0837 -0.7496
vn -0.7714 0.3426 -0.5362
vn -0.1340 0.4862 -0.8635
vn -0.1485 0.4978 -0.8545
vn -0.7002 0.4197 -0.5776
vn -0.1501 0.5146 -0.8442
vn -0.1009 0.3263 -0.9399
vn -0.1160 0.4031 -0.9078
vn -0.5279 0.1311 -0.8391
vn -0.0892 -0.5795 0.8101
vn 0.0072 -0.5890 0.8081
vn -0.0270 -0.7167 0.6969
vn -0.0699 -0.7877 0.6121
vn -0.2230 -0.6997 0.6788
vn -0.1145 -0.7679 0.6302
vn -0.4796 -0.0103 -0.8774
vn -0.6912 -0.7045 -0.1612
vn -0.1616 0.4450 -0.8808
vn -0.4795 -0.0103 -0.8775
vn 0.4212 -0.2524 0.8712
vn 0.4675 -0.1595 0.8695
vn 0.2387 -0.5431 0.8050
vn 0.7853 -0.3376 0.5189
vn -0.2632 -0.9564 0.1270
vn -0.0966 -0.9791 0.1790
vn 0.0549 -0.8606 0.5063
vn 0.2296 -0.8550 -0.4650
vn 0.3342 -0.3999 -0.8534
vn -0.1618 -0.1434 -0.9763
vn -0.2213 -0.4789 -0.8495
vn -0.0730 0.1698 -0.9828
vn -0.1618 -0.1434 -0.9764
vn 0.4922 0.6426 -0.5872
vn 0.7853 -0.3376 0.5190
vn 0.3343 -0.3999 -0.8534
vn 0.2716 0.1538 -0.9500
vn 0.0925 0.1937 -0.9767
vn 0.0851 0.6199 -0.7801
vn 0.0511 -0.2182 -0.9746
vn 0.0513 -0.2182 -0.9746
vn 0.0115 -0.5783 -0.8157
vn 0.0727 0.5047 -0.8602
vn 0.0851 0.4668 -0.8803
vn 0.0935 0.5640 -0.8205
vn 0.0902 0.9166 -0.3895
vn 0.0741 0.8462 -0.5277
vn 0.4618 0.8853 -0.0545
vn 0.4676 -0.1595 0.8694
vn 0.4413 0.8555 0.2708
vn 0.4809 0.4242 -0.7673
vn 0.5113 0.5549 -0.6563
vn 0.4212 -0.2524 0.8711
vn 0.5910 -0.2830 0.7554
vn 0.4826 -0.4800 0.7326
vn 0.4764 0.5440 -0.6907
vn 0.5330 -0.2226 0.8163
vn 0.0757 0.3990 -0.9138
vn 0.4455 0.2987 -0.8440
vn 0.4595 0.4350 -0.7744
vn 0.0687 0.4682 -0.8809
vn 0.6479 -0.4226 0.6337
vn 0.4651 -0.1665 0.8695
vn 0.4065 -0.1338 0.9038
vn 0.0965 -0.1453 0.9847
vn 0.1097 -0.1968 0.9743
vn -0.0970 -0.1406 0.9853
vn -0.1015 -0.2031 0.9739
vn -0.5092 -0.1296 0.8508
vn -0.5600 -0.0122 0.8284
vn -0.5780 0.3297 -0.7465
vn -0.5494 0.3074 -0.7770
vn -0.5779 0.3297 -0.7465
vn -0.1016 0.1589 -0.9821
vn -0.1041 0.2747 -0.9559
vn -0.5493 0.3074 -0.7770
vn 0.0793 0.2832 -0.9558
vn 0.0815 0.0933 -0.9923
vn 0.4885 0.0633 -0.8703
vn 0.5010 0.2862 -0.8168
vn 0.4066 -0.1338 0.9038
vn 0.4652 -0.1665 0.8694
vn 0.1046 -0.1561 0.9822
vn -0.0907 -0.1150 0.9892
vn -0.6163 0.0338 0.7868
vn -0.4704 0.2007 -0.8593
vn -0.0939 0.1295 -0.9871
vn 0.0744 0.0669 -0.9950
vn 0.4149 -0.1622 -0.8953
vn 0.4255 -0.3230 0.8454
vn 0.1233 -0.1469 0.9814
vn -0.0499 -0.0967 0.9941
vn -0.4538 -0.0526 0.8896
vn -0.6217 0.0283 -0.7827
vn -0.6217 0.0282 -0.7827
vn -0.0344 -0.1767 -0.9837
vn 0.0839 -0.2299 -0.9696
vn 0.3735 -0.4520 -0.8101
vn 0.3519 -0.3503 0.8680
vn 0.3518 -0.3503 0.8680
vn -0.0960 -0.7667 0.6348
vn 0.0005 -0.7651 0.6439
vn 0.0498 -0.6422 0.7649
vn -0.3158 -0.8223 0.4734
vn -0.2262 -0.7955 0.5621
vn -0.2513 -0.9189 0.3040
vn -0.1099 -0.9837 -0.1425
vn 0.0049 -0.7200 0.6939
vn -0.4475 0.0770 0.8910
vn -0.0809 0.0311 0.9962
vn -0.1741 0.0002 0.9847
vn -0.5953 -0.1837 0.7822
vn -0.4016 -0.3937 -0.8269
vn -0.2598 -0.4729 0.8419
vn -0.1461 -0.8967 0.4179
vn 0.0747 -0.4890 0.8691
vn -0.0402 -0.1772 0.9834
vn 0.1739 -0.0954 0.9801
vn 0.0014 -0.0095 1.0000
vn -0.7592 0.0282 -0.6502
vn -0.2498 -0.1507 -0.9565
vn -0.0053 -0.3064 -0.9519
vn -0.2497 -0.1508 -0.9565
vn 0.3133 -0.6482 -0.6940
vn 0.4291 -0.4753 0.7681
vn 0.1740 -0.0954 0.9801
vn -0.1448 0.3049 0.9413
vn -0.1795 0.3184 0.9308
vn -0.1785 0.0821 0.9805
vn -0.8829 -0.0609 -0.4657
vn -0.6221 -0.0003 0.7829
vn -0.1851 0.0156 0.9826
vn -0.1823 0.2879 0.9402
vn -0.4892 0.3550 0.7967
vn -0.4153 -0.0377 0.9089
vn -0.0312 0.2198 0.9751
vn -0.0383 0.0198 0.9991
vn -0.1999 -0.1102 -0.9736
vn -0.4319 0.1248 -0.8932
vn -0.0015 -0.3576 -0.9339
vn -0.1998 -0.1103 -0.9736
vn 0.1944 -0.7667 -0.6118
vn 0.1422 -0.7789 0.6109
vn 0.0747 -0.4891 0.8690
vn 0.1957 -0.5913 -0.7824
vn 0.1894 -0.6482 -0.7376
vn 0.1993 -0.6513 -0.7322
vn -0.0274 -0.4611 -0.8869
vn -0.2695 -0.1970 -0.9426
vn -0.5455 0.0466 -0.8368
vn -0.4943 0.2789 -0.8234
vn -0.5878 0.1856 -0.7875
vn -0.7499 0.5179 0.4116
vn -0.6537 0.7555 0.0443
vn -0.2238 0.3828 0.8963
vn -0.1860 0.4621 0.8671
vn -0.2418 -0.1006 0.9651
vn -0.2498 0.3251 0.9121
vn -0.1202 -0.0070 0.9927
vn -0.1810 0.4221 0.8883
vn -0.4705 0.5636 0.6790
vn -0.0437 0.3003 0.9528
vn -0.7964 -0.5868 -0.1463
vn -0.6576 0.1986 -0.7267
vn -0.5806 -0.0293 -0.8137
vn -0.7073 -0.6888 0.1592
vn -0.2108 0.3945 -0.8944
vn -0.2039 0.2024 -0.9578
vn -0.0154 0.1327 -0.9910
vn -0.0174 0.2601 -0.9654
vn -0.0173 0.2601 -0.9654
vn 0.2716 -0.1995 -0.9415
vn 0.2908 -0.1863 -0.9384
vn -0.0153 0.1327 -0.9910
vn 0.4111 -0.7111 -0.5704
vn 0.5924 -0.6758 -0.4386
vn 0.6318 -0.7698 0.0910
vn 0.1248 -0.7214 0.6812
vn 0.0120 -0.9976 0.0680
vn -0.4906 -0.8660 -0.0968
vn -0.3632 -0.7327 0.5756
vn -0.3632 -0.7326 0.5756
vn -0.1986 0.0446 -0.9791
vn -0.5458 -0.0965 -0.8324
vn -0.6934 -0.5040 0.5150
vn -0.2425 -0.3831 0.8913
vn 0.7959 -0.4861 0.3610
vn 0.1345 -0.3985 0.9072
vn -0.2424 -0.3831 0.8914
vn 0.7666 -0.4250 -0.4813
vn 0.2770 -0.2018 -0.9394
vn -0.0221 -0.0013 -0.9998
vn -0.0220 -0.0014 -0.9998
vn -0.7314 -0.2084 0.6493
vn -0.1850 -0.2113 0.9598
vn -0.3413 0.0794 -0.9366
vn -0.1849 -0.2112 0.9598
vn 0.1408 -0.2580 0.9558
vn 0.8408 -0.2554 0.4774
vn 0.5250 -0.0022 -0.8511
vn -0.1570 0.0084 -0.9876
vn 0.0039 -0.0414 -0.9991
vn 0.0298 0.1388 -0.9899
vn 0.2488 -0.1139 -0.9618
vn 0.5249 -0.0022 -0.8511
vn 0.2487 -0.1155 -0.9617
vn 0.0040 -0.0414 -0.9991
vn -0.2410 0.1098 -0.9643
vn -0.2297 0.2691 -0.9353
vn -0.0283 0.2424 -0.9698
vn -0.0184 0.1218 -0.9924
vn 0.5508 0.2434 -0.7984
vn 0.5847 0.0565 -0.8093
vn 0.1791 0.1135 -0.9773
vn 0.1015 0.2434 -0.9646
vn -0.6326 -0.0018 -0.7745
vn -0.6027 0.1028 -0.7914
vn -0.6535 -0.1110 0.7488
vn -0.1613 -0.1666 0.9727
vn -0.1398 -0.0940 0.9857
vn -0.7348 0.0455 0.6767
vn -0.1612 -0.1665 0.9728
vn 0.1361 -0.1403 0.9807
vn 0.1334 -0.1567 0.9786
vn 0.5901 -0.1625 0.7908
vn 0.6626 -0.0800 0.7447
vn 0.5508 0.2434 -0.7983
vn -0.6612 -0.0880 -0.7450
vn -0.2508 -0.0236 -0.9678
vn -0.0411 0.0185 -0.9990
vn 0.4593 0.0459 -0.8871
vn 0.0808 0.1525 -0.9850
vn -0.8597 -0.0321 0.5098
vn -0.1470 -0.2177 0.9649
vn 0.1423 -0.3436 0.9283
vn 0.6289 -0.4419 0.6397
vn 0.4594 0.0459 -0.8871
vn -0.6867 0.3230 0.6512
vn -0.2078 -0.2835 0.9362
vn 0.0982 -0.5481 0.8306
vn -0.2897 0.4531 -0.8431
vn -0.3086 0.3108 -0.8990
vn 0.5874 -0.6986 0.4085
vn 0.4023 0.1739 -0.8988
vn 0.4022 0.1740 -0.8989
vn 0.0779 0.3486 -0.9340
vn -0.5266 0.8003 -0.2866
vn -0.2241 0.7543 -0.6171
vn -0.2232 0.7195 -0.6577
vn -0.6290 0.7604 -0.1615
vn -0.7318 0.1089 0.6728
vn -0.2550 -0.4075 0.8769
vn -0.0294 0.6588 -0.7517
vn -0.0054 0.5222 -0.8528
vn 0.3692 0.0537 -0.9278
vn 0.1714 0.2536 -0.9520
vn 0.4765 -0.8702 0.1254
vn 0.3693 0.0537 -0.9278
vn -0.2549 -0.4075 0.8769
vn 0.0659 -0.7003 0.7108
vn 0.0276 -0.9746 0.2221
vn 0.2620 -0.9137 -0.3105
vn -0.2639 -0.8464 0.4626
vn -0.5435 -0.7815 -0.3065
vn -0.2639 -0.8464 0.4625
vn -0.2789 0.3776 -0.8830
vn -0.7282 0.2222 -0.6483
vn -0.0320 0.2063 -0.9780
vn 0.2512 -0.2082 -0.9453
vn 0.0735 0.0376 -0.9966
vn 0.2513 -0.2082 -0.9453
vn -0.5435 -0.7815 -0.3064
vn -0.1160 -0.8696 -0.4800
vn -0.1325 -0.4202 -0.8977
vn -0.1160 -0.8695 -0.4800
vn -0.2074 -0.0960 -0.9735
vn 0.1412 -0.3502 -0.9260
vn 0.0744 -0.8114 -0.5798
vn -0.8639 -0.0485 -0.5013
vn -0.4162 -0.5119 -0.7515
vn -0.7706 0.5518 0.3189
vn -0.7907 0.5027 0.3494
vn -0.2925 0.4493 0.8441
vn -0.2471 0.3862 0.8887
vn -0.2263 0.4164 0.8806
vn -0.0712 0.3545 0.9323
vn -0.1768 0.4117 0.8940
vn -0.1798 0.3894 0.9034
vn -0.0697 0.3203 0.9447
vn -0.4161 -0.5119 -0.7515
vn -0.1038 -0.7664 -0.6339
vn 0.1760 -0.8207 -0.5436
vn 0.2875 -0.7930 -0.5371
vn 0.2804 -0.6680 -0.6893
vn 0.4233 -0.7346 -0.5302
vn 0.4430 -0.6805 -0.5836
vn 0.4981 -0.6450 -0.5796
vn 0.3195 -0.1685 -0.9325
vn 0.0027 0.2846 -0.9586
vn -0.2266 0.4576 -0.8598
vn 0.0026 0.2846 -0.9586
vn -0.6489 0.4607 -0.6056
vn -0.6462 0.7330 -0.2123
vn -0.2849 0.4948 -0.8210
vn -0.3725 0.6680 0.6442
vn -0.1893 0.4828 0.8550
vn -0.1472 0.4583 0.8765
vn -0.4706 0.7786 0.4152
vn -0.1960 0.4394 0.8766
vn -0.1472 0.4470 0.8824
vn -0.1000 0.4127 0.9054
vn -0.1145 0.3261 0.9384
vn 0.1643 -0.0988 0.9815
vn -0.0004 -0.2163 0.9763
vn 0.0809 -0.4434 0.8926
vn -0.2343 -0.4276 0.8731
vn -0.2265 -0.8999 0.3726
vn -0.1637 -0.1976 0.9665
vn -0.1631 0.2117 0.9636
vn -0.0583 0.1986 0.9784
vn -0.0542 -0.1349 0.9894
vn -0.1129 0.3483 0.9306
vn -0.0764 0.3874 0.9187
vn -0.0890 0.3965 0.9137
vn -0.1405 0.4403 0.8868
vn -0.4716 -0.0600 0.8798
vn -0.4866 -0.1855 -0.8537
vn -0.0649 0.0119 0.9978
vn 0.1281 -0.0743 0.9890
vn -0.0201 0.3677 0.9297
vn -0.0945 0.3773 0.9213
vn -0.0298 0.3747 0.9267
vn -0.2886 0.4424 0.8491
vn -0.0545 0.3683 0.9281
vn -0.2926 -0.1243 0.9481
vn -0.2992 0.2368 0.9243
vn 0.0604 0.1281 0.9899
vn 0.0409 0.2973 0.9539
vn 0.0873 0.2714 0.9585
vn 0.0778 0.1102 0.9909
vn 0.0315 0.3402 0.9398
vn -0.0911 -0.0819 0.9925
vn 0.0700 -0.0994 0.9926
vn -0.0757 0.3832 0.9206
vn -0.0080 0.3572 0.9340
vn 0.0185 0.3345 0.9422
vn -0.0673 0.3820 0.9217
vn -0.0185 0.3496 0.9367
vn 0.0101 0.3301 0.9439
vn 0.6607 -0.6298 0.4084
vn 0.1903 -0.7677 -0.6118
vn 0.2634 -0.9367 0.2307
vn 0.1644 -0.0988 0.9814
vn 0.0809 -0.4434 0.8927
vn 0.0034 -0.9527 -0.3038
vn -0.1049 -0.2757 -0.9555
vn -0.0109 -0.3120 -0.9500
vn -0.0386 -0.5960 -0.8021
vn -0.0051 -0.5331 -0.8460
vn 0.1262 -0.7201 -0.6823
vn 0.1956 -0.6280 -0.7532
vn 0.1333 -0.5722 -0.8092
vn 0.0477 -0.5379 -0.8417
vn 0.0728 -0.5132 -0.8552
vn 0.2244 -0.5309 -0.8172
vn 0.1260 -0.4616 -0.8781
vn 0.1519 -0.6757 -0.7214
vn 0.0210 -0.4916 -0.8706
vn 0.0452 -0.4618 -0.8859
vn 0.0560 -0.4585 -0.8869
vn 0.0633 -0.4750 -0.8777
vn 0.0709 -0.4988 -0.8638
vn 0.3052 -0.4595 0.8341
vn 0.3051 -0.4595 0.8341
vn 0.0385 -0.4542 0.8901
vn 0.0612 -0.8593 0.5078
vn -0.0718 -0.1958 0.9780
vn -0.0292 0.1691 0.9852
vn 0.0196 -0.1931 0.9810
vn -0.1462 -0.5320 0.8340
vn -0.1643 -0.9333 0.3194
vn -0.1995 -0.1573 0.9672
vn -0.6382 -0.7318 0.2393
vn 0.0609 -0.7952 -0.6032
vn -0.1642 -0.9332 0.3195
vn -0.0306 -0.6823 -0.7304
vn -0.6381 -0.7318 0.2392
vn -0.1692 -0.4871 -0.8568
vn -0.0093 -0.1177 0.9930
vn 0.0086 -0.0124 0.9999
vn 0.0221 0.2108 0.9773
vn -0.1191 0.2361 0.9644
vn -0.1282 -0.0150 0.9916
vn -0.0189 0.3000 0.9538
vn 0.0286 0.2670 0.9633
vn -0.1076 0.3342 0.9363
vn 0.1375 -0.0169 0.9904
vn 0.1634 0.1234 0.9788
vn 0.1629 -0.0806 0.9834
vn 0.1606 0.1857 0.9694
vn 0.2759 -0.5805 -0.7661
vn 0.2906 -0.6145 -0.7335
vn 0.0538 -0.4384 -0.8972
vn 0.0916 -0.4489 -0.8889
vn 0.1296 -0.4468 -0.8852
vn 0.3978 -0.6263 -0.6704
vn 0.2883 -0.5335 -0.7952
vn 0.1244 -0.4945 -0.8603
vn 0.3797 -0.5927 -0.7103
vn 0.1039 -0.4657 -0.8789
vn 0.0260 -0.4664 -0.8842
vn 0.0876 -0.5164 -0.8518
vn 0.0008 -0.4638 -0.8859
vn 0.0701 -0.5431 -0.8368
vn 0.1750 -0.5712 -0.8019
vn 0.0605 -0.5241 -0.8495
vn 0.2090 -0.5660 -0.7975
vn 0.3330 -0.0895 -0.9387
vn 0.2611 -0.2977 -0.9183
vn 0.0839 -0.3832 -0.9199
vn 0.0014 0.2412 -0.9705
vn 0.2133 -0.0333 -0.9764
vn 0.0894 -0.2016 -0.9754
vn 0.0472 -0.2302 -0.9720
vn 0.0449 -0.3268 -0.9440
vn 0.5051 -0.5631 -0.6541
vn 0.3228 -0.1920 0.9268
vn 0.4377 -0.0607 0.8971
vn 0.2518 0.0674 0.9654
vn 0.5160 -0.5587 -0.6493
vn 0.4378 -0.0607 0.8970
vn 0.2186 0.1543 0.9636
vn 0.5662 -0.1951 0.8008
vn 0.5867 -0.1431 0.7971
vn 0.1953 0.2359 0.9519
vn 0.0354 0.2950 0.9548
vn 0.0421 0.3460 0.9373
vn -0.0168 0.3594 0.9330
vn -0.0048 0.3601 0.9329
vn 0.0270 0.3376 0.9409
vn 0.0527 0.3730 0.9263
vn 0.0628 0.3550 0.9328
vn 0.1882 0.3370 0.9225
vn 0.1837 0.4016 0.8972
vn 0.6517 0.0933 0.7527
vn 0.5744 0.3497 0.7401
vn 0.7502 -0.3251 -0.5758
vn 0.0166 0.3215 0.9468
vn -0.0463 0.3115 0.9491
vn 0.1286 0.3972 0.9087
vn 0.2504 -0.3256 -0.9118
vn 0.2429 -0.1810 -0.9530
vn 0.4013 0.5037 0.7650
vn 0.8852 0.2862 -0.3668
vn 0.4012 0.5037 0.7651
vn 0.0013 0.2412 -0.9705
vn -0.0724 0.3847 0.9202
vn 0.6912 0.6563 -0.3025
vn 0.4173 0.5870 0.6938
vn 0.4172 0.5869 0.6938
vn 0.1442 0.3563 0.9232
vn 0.0175 0.2713 0.9623
vn -0.0552 0.2587 0.9644
vn -0.1174 0.2568 0.9593
vn -0.2281 0.3336 0.9147
vn -0.6474 0.7504 0.1336
vn -0.2556 0.3392 -0.9053
vn -0.0378 0.1717 -0.9844
vn -0.0377 0.1717 -0.9844
vn 0.1462 0.0124 -0.9892
vn 0.0871 -0.1279 -0.9880
vn 0.0510 -0.1172 -0.9918
vn 0.2391 0.0436 -0.9700
vn 0.4735 -0.2016 -0.8574
vn 0.5667 0.1714 0.8059
vn 0.5666 0.1715 0.8059
vn 0.1370 0.1888 0.9724
vn 0.0088 0.2472 0.9689
vn -0.0469 0.2418 0.9692
vn -0.1112 0.2084 0.9717
vn -0.2561 0.3027 0.9180
vn -0.7062 0.7021 0.0917
vn -0.2895 0.2392 -0.9268
vn -0.0476 0.0309 -0.9984
vn -0.0475 0.0308 -0.9984
vn 0.0526 -0.1533 -0.9868
vn 0.0836 -0.0529 -0.9951
vn 0.0711 -0.1724 -0.9825
vn 0.1849 0.0982 -0.9778
vn 0.2672 -0.7547 -0.5992
vn 0.5944 -0.6413 0.4851
vn 0.2688 -0.1188 0.9558
vn 0.3376 -0.0169 0.9411
vn 0.1641 0.2869 0.9438
vn 0.1324 0.0669 0.9889
vn 0.0397 0.4062 0.9129
vn 0.0351 0.2145 0.9761
vn -0.0906 0.3954 0.9140
vn -0.0470 0.2418 0.9692
vn -0.0363 0.3271 0.9443
vn -0.2560 0.3027 0.9181
vn -0.2003 0.4873 0.8499
vn -0.2895 0.2391 -0.9268
vn -0.3989 0.3389 -0.8521
vn -0.1266 -0.1724 -0.9768
vn -0.0475 0.0309 -0.9984
vn -0.7062 0.7020 0.0917
vn -0.3573 0.8080 0.4685
vn -0.0370 -0.3843 -0.9225
vn 0.0525 -0.1532 -0.9868
vn 0.0281 -0.5455 -0.8376
vn 0.0706 -0.3301 -0.9413
vn -0.0689 0.5370 0.8408
vn -0.0040 0.4252 0.9051
vn 0.2589 -0.8436 -0.4704
vn 0.5338 -0.4700 0.7029
vn 0.3564 0.0846 0.9305
vn 0.1916 0.3743 0.9073
vn 0.0810 0.4758 0.8758
vn 0.0507 0.4624 0.8852
vn -0.0420 0.5857 0.8094
vn -0.2749 0.8710 0.4071
vn -0.4103 0.3698 -0.8336
vn -0.2003 -0.3035 -0.9315
vn 0.0204 -0.6831 -0.7301
vn -0.0938 -0.5600 -0.8232
vn 0.2907 -0.9049 -0.3110
vn 0.4580 -0.4472 0.7683
vn 0.5338 -0.4700 0.7030
vn 0.4580 -0.4471 0.7683
vn 0.1972 0.2332 0.9522
vn 0.1905 0.2897 0.9380
vn 0.0746 0.4403 0.8948
vn -0.0411 0.6346 0.7717
vn -0.2768 0.9105 0.3073
vn -0.4558 0.4514 -0.7672
vn -0.2336 -0.3124 -0.9208
vn 0.0544 -0.7282 -0.6832
vn -0.0815 -0.5821 -0.8090
vn 0.2913 -0.9302 -0.2233
vn 0.4095 -0.4026 0.8186
vn 0.4095 -0.4026 0.8187
vn 0.1992 0.2141 0.9563
vn 0.0768 0.4311 0.8990
vn -0.0643 0.6443 0.7621
vn -0.3205 0.8950 0.3103
vn -0.5086 0.4868 -0.7101
vn -0.2360 -0.3087 -0.9214
vn -0.0578 -0.5856 -0.8086
vn 0.0785 -0.7476 -0.6595
vn 0.2676 -0.9367 -0.2257
vn 0.3234 -0.9112 -0.2553
vn 0.3900 -0.3663 0.8448
vn 0.3731 -0.3986 0.8378
vn 0.3731 -0.3985 0.8378
vn 0.3900 -0.3662 0.8448
vn 0.1794 0.1689 0.9692
vn 0.1928 0.1804 0.9645
vn 0.0729 0.3689 0.9266
vn 0.0742 0.3894 0.9181
vn -0.0825 0.5594 0.8248
vn -0.0854 0.5814 0.8091
vn -0.4217 0.8004 0.4261
vn -0.3875 0.8294 0.4024
vn -0.6234 0.3786 -0.6841
vn -0.5976 0.4467 -0.6659
vn -0.2232 -0.3951 -0.8911
vn -0.2389 -0.3617 -0.9012
vn -0.0351 -0.6283 -0.7771
vn -0.0101 -0.6570 -0.7538
vn 0.1108 -0.7630 -0.6369
vn 0.0842 -0.7647 -0.6389
vn 0.4063 -0.9064 -0.1156
vn 0.4217 -0.9003 0.1076
vn 0.4127 -0.2198 0.8840
vn 0.3920 -0.2483 0.8858
vn 0.4127 -0.2197 0.8840
vn 0.2362 0.2101 0.9487
vn 0.1866 0.1827 0.9653
vn 0.1600 0.3164 0.9350
vn 0.1700 0.3905 0.9048
vn 0.0616 0.5019 0.8627
vn 0.0818 0.3808 0.9210
vn -0.0778 0.6924 0.7173
vn -0.0711 0.5955 0.8002
vn -0.3666 0.9261 0.0889
vn -0.4040 0.8651 0.2973
vn -0.4001 0.3704 -0.8383
vn -0.5105 0.3730 -0.7748
vn -0.1879 -0.2089 -0.9597
vn -0.1945 -0.3380 -0.9208
vn -0.0005 -0.6378 -0.7702
vn 0.0986 -0.7547 -0.6486
vn 0.2188 -0.8756 -0.4306
vn 0.1547 -0.7986 -0.5816
vn -0.0292 -0.4903 -0.8711
vn -0.0720 0.1618 0.9842
vn 0.1370 0.1889 0.9724
vn 0.5945 -0.6413 0.4851
vn 0.1821 -0.4021 -0.8973
vn 0.0045 -0.4041 -0.9147
vn 0.0520 -0.3811 -0.9231
vn 0.4089 -0.9125 0.0116
vn 0.3771 -0.9120 -0.1613
vn 0.3474 -0.2452 0.9051
vn 0.3948 -0.2196 0.8921
vn 0.3948 -0.2195 0.8922
vn 0.2200 0.1918 0.9565
vn 0.2560 0.2226 0.9407
vn 0.1681 0.4225 0.8907
vn 0.0758 0.6281 0.7744
vn -0.0694 0.8514 0.5200
vn -0.2906 0.9455 -0.1466
vn -0.3174 0.4055 -0.8572
vn -0.1608 -0.0619 -0.9851
vn -0.0050 -0.3408 -0.9401
vn 0.1139 -0.4945 -0.8617
vn 0.0994 -0.6226 -0.7762
vn 0.2227 -0.7743 -0.5923
vn 0.1800 -0.6381 -0.7486
vn 0.3643 -0.8350 -0.4125
vn 0.4029 -0.2705 0.8744
vn 0.4028 -0.2704 0.8744
vn 0.2123 0.1675 0.9627
vn 0.1494 0.4079 0.9007
vn 0.0837 0.6521 0.7535
vn -0.0417 0.9167 0.3975
vn -0.2202 0.9246 -0.3108
vn -0.2379 0.4069 -0.8819
vn -0.1193 -0.0072 -0.9928
vn 0.0171 -0.2736 -0.9617
vn 0.1085 -0.4310 -0.8958
vn 0.1423 -0.5674 -0.8111
vn 0.3294 -0.6129 -0.7182
vn 0.2609 -0.3391 -0.9038
vn 0.7742 0.0843 0.6273
vn 0.6384 -0.1845 0.7473
vn 0.2492 0.2522 0.9350
vn 0.2277 0.2612 0.9380
vn 0.0887 0.2674 0.9595
vn 0.1414 0.4466 0.8835
vn -0.0580 0.3489 0.9354
vn -0.4703 0.5562 0.6852
vn -0.4973 -0.0308 -0.8671
vn -0.1675 -0.2429 -0.9555
vn 0.0304 -0.3484 -0.9369
vn 0.0862 -0.4329 -0.8973
vn 0.1207 -0.4711 -0.8738
vn 0.1211 -0.3522 -0.9280
vn 0.3193 -0.3305 -0.8881
vn 0.6466 0.0388 0.7619
vn 0.7743 0.0843 0.6272
vn 0.2164 0.1584 0.9634
vn 0.0948 0.1168 0.9886
vn -0.0335 0.0718 0.9969
vn -0.3323 -0.0064 0.9431
vn -0.7041 -0.4068 -0.5821
vn -0.2058 -0.3056 -0.9296
vn 0.0325 -0.3451 -0.9380
vn 0.1327 -0.3382 -0.9317
vn -0.4220 0.6629 -0.6185
vn -0.4434 0.6423 -0.6252
vn -0.2401 0.5902 -0.7707
vn 0.0097 0.4589 -0.8884
vn -0.0731 0.5496 -0.8322
vn -0.5394 0.2737 -0.7963
vn -0.1567 -0.2853 -0.9455
vn -0.0015 0.1094 -0.9940
vn -0.2523 0.2498 -0.9349
vn -0.1376 -0.4566 0.8790
vn -0.1603 -0.3408 0.9264
vn -0.1707 -0.5224 0.8354
vn -0.1205 -0.6559 0.7452
vn -0.1793 0.7430 -0.6448
vn -0.2321 0.9680 0.0951
vn -0.0752 0.9614 -0.2647
vn -0.0488 0.7548 -0.6542
vn -0.2006 -0.8264 0.5261
vn -0.1121 -0.8506 0.5137
vn -0.1463 0.4531 -0.8794
vn -0.0365 0.5216 -0.8524
vn -0.2615 -0.7757 0.5743
vn -0.1994 -0.2597 0.9449
vn -0.0729 -0.1349 0.9882
vn -0.1056 -0.6702 0.7346
vn -0.5943 -0.4190 0.6865
vn -0.5921 -0.8031 0.0658
vn -0.3522 0.0132 -0.9358
vn -0.5500 0.0943 -0.8298
vn -0.1411 0.3215 -0.9364
vn -0.0341 0.3762 -0.9259
vn -0.1309 -0.0112 0.9913
vn -0.2484 -0.0418 0.9678
vn -0.2036 0.3981 0.8945
vn -0.1789 0.4374 0.8813
vn -0.1738 0.8440 0.5074
vn -0.0696 0.9966 0.0448
vn -0.5850 -0.6076 -0.5372
vn -0.3653 -0.5412 0.7574
vn -0.2513 -0.7221 0.6445
vn -0.3499 -0.7274 -0.5903
vn -0.7537 -0.2368 -0.6131
vn -0.6980 -0.0228 0.7157
vn -0.2224 0.4022 0.8881
vn -0.2672 0.2228 0.9375
vn -0.0380 -0.0758 0.9964
vn -0.0621 -0.0240 0.9978
vn 0.1303 -0.3605 0.9236
vn -0.0694 -0.3115 0.9477
vn 0.6089 -0.4273 0.6683
vn -0.1632 -0.6292 0.7599
vn -0.4896 -0.8610 0.1379
vn 0.6120 -0.1749 -0.7713
vn 0.1482 -0.3562 -0.9226
vn -0.2420 -0.6424 -0.7272
vn 0.6119 -0.1751 -0.7713
vn -0.4898 -0.8609 0.1378
vn -0.1207 -0.1508 -0.9812
vn -0.2010 -0.1962 -0.9597
vn -0.3040 0.2226 -0.9263
vn -0.2645 0.3901 -0.8820
vn -0.4408 0.4584 -0.7717
vn -0.3300 0.6760 -0.6589
vn -0.6927 0.7173 -0.0753
vn -0.4210 0.9069 -0.0164
vn -0.2261 -0.1171 0.9670
vn -0.2097 -0.0657 0.9756
vn 0.0104 -0.0798 0.9968
vn 0.0069 -0.1554 0.9878
vn 0.2247 -0.1396 0.9644
vn 0.2400 -0.1920 0.9516
vn 0.6246 -0.3313 0.7072
vn 0.7207 -0.3084 0.6209
vn 0.6109 -0.2688 -0.7447
vn 0.6413 -0.4249 -0.6389
vn 0.1760 -0.2142 -0.9608
vn 0.1836 -0.1972 -0.9630
vn 0.6109 -0.2687 -0.7447
vn -0.0350 -0.1593 -0.9866
vn -0.0363 -0.1781 -0.9833
vn -0.2441 -0.0885 -0.9657
vn -0.2562 -0.0950 -0.9620
vn -0.5433 -0.0320 -0.8389
vn -0.5223 -0.0201 -0.8525
vn -0.8823 -0.0535 0.4677
vn -0.9628 -0.0546 0.2646
vn -0.3123 -0.8031 0.5074
vn -0.3585 -0.9293 0.0892
vn -0.5504 0.1300 -0.8247
vn -0.5301 0.1638 -0.8320
vn -0.5688 -0.0758 0.8190
vn -0.5332 -0.1499 0.8326
vn -0.2107 -0.0907 0.9733
vn -0.1869 -0.0721 0.9797
vn -0.5687 -0.0757 0.8190
vn -0.0894 -0.0419 0.9951
vn -0.0743 -0.0208 0.9970
vn -0.0364 0.2752 -0.9607
vn -0.0427 0.2078 -0.9772
vn -0.1501 0.1846 -0.9713
vn -0.1508 0.2405 -0.9589
vn -0.5209 -0.1272 -0.8441
vn -0.4531 -0.8397 -0.2994
vn -0.3567 -0.6675 0.6536
vn -0.5195 -0.1509 0.8410
vn -0.1670 -0.6364 0.7531
vn -0.2095 -0.2010 0.9569
vn -0.0442 -0.6026 0.7968
vn -0.0778 -0.3611 0.9293
vn -0.0440 -0.1268 -0.9910
vn -0.0419 -0.5041 -0.8626
vn -0.1664 -0.5474 -0.8201
vn -0.1493 -0.0890 -0.9848
vn -0.0048 -0.1446 0.9895
vn 0.2640 -0.1962 0.9443
vn 0.8386 -0.0990 0.5357
vn 0.6259 0.0053 -0.7799
vn 0.2392 -0.0974 -0.9661
vn -0.0285 -0.1182 -0.9926
vn -0.2668 0.0282 -0.9634
vn -0.4887 0.1925 -0.8510
vn -0.9366 0.3499 -0.0172
vn -0.2567 -0.0032 0.9665
vn -0.2278 0.0131 0.9736
vn -0.5642 0.2221 0.7952
vn -0.0975 -0.1247 0.9874
vn -0.0460 0.0987 -0.9940
vn -0.1443 0.1595 -0.9766
vn -0.4743 0.3255 -0.8180
vn -0.5642 0.2220 0.7952
vn -0.2298 -0.1514 0.9614
vn -0.5732 -0.0536 0.8177
vn -0.1004 -0.1511 0.9834
vn -0.0482 0.1504 -0.9874
vn -0.1470 0.1871 -0.9713
vn -0.5410 0.2728 -0.7956
vn -0.5732 -0.0535 0.8177
vn -0.1946 0.0760 0.9779
vn 0.0132 0.0186 0.9997
vn 0.2097 -0.0576 0.9761
vn 0.5864 -0.2387 0.7741
vn 0.6735 -0.4335 -0.5988
vn 0.1862 -0.2375 -0.9534
vn -0.0222 -0.1276 -0.9916
vn -0.2247 -0.0172 -0.9743
vn -0.5497 0.1471 -0.8223
vn -0.7892 0.2535 0.5594
vn -0.1818 0.1446 0.9727
vn -0.1023 0.3607 0.9271
vn 0.0752 0.2213 0.9723
vn 0.0186 0.0526 0.9984
vn 0.2379 0.0446 0.9703
vn 0.1981 -0.0631 0.9781
vn 0.5595 -0.1772 0.8096
vn 0.5278 -0.3002 0.7945
vn 0.6407 -0.5291 -0.5563
vn 0.7590 -0.3603 -0.5422
vn 0.2347 -0.1250 -0.9640
vn 0.1869 -0.2682 -0.9451
vn 0.7590 -0.3603 -0.5423
vn 0.6407 -0.5291 -0.5564
vn 0.0108 -0.0326 -0.9994
vn -0.0226 -0.1474 -0.9888
vn -0.1905 0.0785 -0.9786
vn -0.2189 -0.0106 -0.9757
vn -0.5217 0.3787 -0.7645
vn -0.5536 0.1898 -0.8109
vn -0.5244 0.6415 0.5599
vn -0.7194 0.3395 0.6059
vn -0.1487 0.3299 0.9322
vn -0.1248 0.1389 0.9824
vn 0.0314 0.0772 0.9965
vn 0.0346 0.1640 0.9859
vn 0.2247 0.0831 0.9709
vn 0.2369 0.0916 0.9672
vn 0.7702 0.0653 0.6344
vn 0.6939 -0.0730 0.7164
vn 0.5512 -0.2779 -0.7868
vn 0.4809 -0.3088 -0.8206
vn 0.1262 -0.3045 -0.9441
vn 0.1371 -0.1481 -0.9794
vn 0.4809 -0.3089 -0.8206
vn 0.5512 -0.2779 -0.7867
vn -0.0358 -0.1994 -0.9793
vn -0.0352 -0.0586 -0.9977
vn -0.1988 -0.0081 -0.9800
vn -0.1929 0.0928 -0.9768
vn -0.5770 0.3752 -0.7255
vn -0.4801 0.4767 -0.7364
vn -0.4624 0.3735 0.8042
vn -0.4868 0.6645 0.5670
vn 0.0818 0.9506 0.2993
vn 0.0260 0.0680 0.9973
vn 0.1998 -0.0956 0.9752
vn 0.1819 0.9702 0.1601
vn 0.5180 -0.4276 0.7408
vn 0.2501 0.9651 -0.0780
vn 0.5493 -0.5466 -0.6320
vn 0.2522 0.8021 -0.5413
vn 0.1401 -0.2734 -0.9516
vn 0.1942 0.5646 -0.8022
vn -0.0331 -0.0960 -0.9948
vn 0.1124 0.5439 -0.8316
vn -0.1793 0.1195 -0.9765
vn 0.0342 0.7300 -0.6826
vn -0.4372 0.5072 -0.7427
vn -0.0340 0.9649 -0.2605
vn -0.5030 0.6646 0.5526
vn -0.0481 0.9772 0.2069
vn -0.1489 0.2388 0.9596
vn -0.0002 0.9240 0.3823
vn -0.0950 -0.5013 0.8601
vn 0.0143 -0.4974 0.8674
vn 0.1262 -0.5737 0.8093
vn 0.2299 -0.7805 0.5814
vn 0.2124 -0.9714 0.1060
vn 0.0598 -0.9425 -0.3288
vn 0.2124 -0.9714 0.1061
vn -0.0980 -0.7836 -0.6135
vn -0.2625 -0.6962 -0.6681
vn -0.5111 -0.8289 -0.2274
vn -0.3081 -0.6375 0.7061
vn -0.1055 -0.6094 0.7858
vn -0.1643 -0.4721 0.8661
vn -0.1869 -0.5196 0.8337
vn -0.2122 -0.4071 0.8884
vn -0.1211 0.8305 -0.5437
vn -0.0291 -0.3062 -0.9515
vn -0.3900 0.8947 -0.2177
vn -0.7739 0.5293 0.3477
vn -0.4324 0.0135 -0.9016
vn -0.1621 -0.1403 -0.9768
vn -0.3228 -0.6889 -0.6490
vn -0.3061 -0.6330 0.7110
vn 0.1088 0.3341 -0.9362
vn 0.1825 0.1616 -0.9698
vn 0.2569 -0.1185 -0.9591
vn -0.0482 0.3598 -0.9318
vn 0.3438 -0.8882 -0.3048
vn 0.1498 -0.9360 0.3185
vn 0.3321 -0.3941 -0.8570
vn 0.2642 0.2816 -0.9224
vn 0.1600 0.3825 -0.9100
vn 0.1551 0.3200 -0.9346
vn 0.2568 0.2552 -0.9322
vn 0.3736 -0.0511 -0.9262
vn 0.3255 -0.0763 -0.9425
vn 0.1326 -0.8875 0.4414
vn 0.3670 -0.9101 -0.1923
vn 0.2779 -0.8685 -0.4105
vn 0.1063 -0.9775 0.1821
vn 0.4382 -0.4582 -0.7733
vn 0.3506 -0.4132 -0.8405
vn 0.1090 0.3952 -0.9121
vn -0.1083 -0.9410 0.3205
vn -0.2229 -0.9505 0.2165
vn -0.1858 0.1843 0.9651
vn -0.1893 0.3722 0.9086
vn -0.0391 0.0719 0.9966
vn 0.0154 0.0505 0.9986
vn -0.6241 0.4923 0.6068
vn -0.5595 0.6680 0.4906
vn -0.5198 0.3970 -0.7564
vn -0.4772 0.4439 -0.7585
vn -0.1890 0.0595 -0.9802
vn -0.2008 0.1204 -0.9722
vn -0.0318 -0.1368 -0.9901
vn -0.0392 -0.0546 -0.9977
vn 0.1460 -0.3291 -0.9329
vn 0.1090 -0.1926 -0.9752
vn 0.5728 -0.5916 -0.5674
vn 0.3036 -0.6586 -0.6885
vn 0.5465 -0.2759 0.7907
vn 0.3003 -0.7498 0.5896
vn 0.3037 -0.6586 -0.6885
vn 0.5728 -0.5915 -0.5675
vn 0.1946 -0.0501 0.9796
vn 0.0883 -0.2192 0.9717
vn -0.2087 0.2636 0.9418
vn 0.0139 0.1004 0.9949
vn -0.6391 0.5778 0.5077
vn -0.5269 0.4020 -0.7489
vn -0.2056 0.0714 -0.9760
vn -0.0306 -0.0897 -0.9955
vn 0.1652 -0.2208 -0.9612
vn 0.6675 -0.4238 -0.6123
vn 0.5893 -0.1271 0.7979
vn 0.6675 -0.4237 -0.6123
vn 0.2163 0.0250 0.9760
vn -0.2044 0.2103 0.9560
vn 0.0124 0.0643 0.9979
vn -0.6670 0.4988 0.5535
vn -0.5760 0.1671 -0.8002
vn -0.2240 -0.0074 -0.9746
vn -0.0268 -0.1097 -0.9936
vn 0.1559 -0.2808 -0.9470
vn 0.5856 -0.6046 -0.5399
vn 0.4985 -0.3657 0.7860
vn 0.1920 -0.0831 0.9779
vn -0.0700 -0.6375 0.7672
vn 0.0100 -0.6159 0.7877
vn 0.0819 -0.7010 0.7084
vn 0.1294 -0.8386 0.5292
vn 0.1242 -0.9553 0.2684
vn 0.0371 -0.9932 -0.1104
vn -0.0778 -0.9341 -0.3485
vn -0.1869 -0.9498 -0.2508
vn -0.2519 -0.9523 0.1722
vn -0.1734 -0.7802 0.6010
vn -0.1644 -0.4721 0.8661
vn -0.2122 -0.4070 0.8885
vn -0.2484 -0.0417 0.9678
vn -0.2037 0.3981 0.8945
vn -0.6049 -0.5757 -0.5501
vn -0.4059 -0.2967 0.8644
vn -0.4059 -0.2966 0.8645
vn -0.1804 -0.2053 0.9619
vn -0.0545 -0.2014 0.9780
vn -0.0337 -0.2718 -0.9618
vn -0.1709 -0.3124 -0.9344
vn -0.1587 -0.1685 0.9728
vn -0.2752 -0.0554 0.9598
vn -0.2724 -0.0905 0.9579
vn -0.1640 -0.1348 0.9772
vn -0.0885 -0.0800 0.9929
vn -0.0706 -0.1286 0.9892
vn -0.0164 0.1010 0.9948
vn -0.0092 0.0587 0.9982
vn 0.0116 0.3660 0.9306
vn 0.0259 0.3596 0.9328
vn -0.0272 0.7372 0.6751
vn -0.0430 0.7310 0.6810
vn -0.1046 0.8788 0.4656
vn -0.1089 0.8477 0.5192
vn 0.0206 0.5854 0.8105
vn -0.0054 0.5613 0.8276
vn -0.2225 0.9018 0.3704
vn -0.2398 0.8933 0.3802
vn -0.3905 0.8076 0.4419
vn -0.4094 0.8223 0.3952
vn -0.5077 0.5924 0.6255
vn -0.5641 0.5904 0.5773
vn -0.5133 0.3299 0.7923
vn -0.5251 0.2940 0.7986
vn -0.4147 0.0686 0.9074
vn -0.4032 0.1444 0.9036
vn -0.1387 0.8166 0.5603
vn -0.0988 0.6876 0.7194
vn -0.0641 0.5493 0.8331
vn -0.0388 0.4113 0.9107
vn -0.0711 0.1779 0.9815
vn -0.1272 0.0430 0.9909
vn -0.1869 0.0780 0.9793
vn -0.2459 0.2204 0.9439
vn -0.2862 0.3350 0.8977
vn -0.3172 0.4003 0.8597
vn -0.3636 0.5243 0.7700
vn -0.3315 0.7774 0.5346
vn -0.2095 0.8695 0.4473
vn -0.0233 -0.5315 0.8467
vn -0.0249 -0.9845 0.1737
vn -0.0118 -0.9760 0.2174
vn -0.0051 -0.6032 0.7976
vn -0.0384 -0.5360 0.8434
vn -0.0307 -0.9612 0.2741
vn -0.0573 -0.5685 0.8207
vn -0.0158 -0.8589 0.5119
vn -0.0610 -0.5737 0.8168
vn 0.0036 -0.7864 0.6177
vn -0.0603 -0.5559 0.8290
vn 0.0177 -0.7659 0.6427
vn -0.0698 -0.4936 0.8669
vn 0.0263 -0.7163 0.6973
vn -0.0771 -0.4370 0.8962
vn 0.0189 -0.6493 0.7603
vn -0.0373 -0.3876 0.9211
vn 0.0574 -0.5616 0.8254
vn 0.0315 -0.3000 0.9534
vn 0.1058 -0.4765 0.8728
vn 0.0046 0.0548 0.9985
vn -0.2837 0.3519 0.8920
vn -0.3325 0.5881 0.7373
vn -0.3275 0.5959 0.7332
vn -0.2465 0.3188 0.9152
vn -0.3214 0.5900 0.7407
vn -0.2907 0.3646 0.8846
vn -0.2748 0.3632 0.8902
vn -0.2958 0.5972 0.7456
vn -0.2178 0.2813 0.9346
vn -0.2458 0.5270 0.8135
vn -0.1357 0.1832 0.9737
vn -0.1360 0.3536 0.9254
vn -0.0726 0.1358 0.9881
vn -0.0779 0.2638 0.9614
vn -0.0403 0.1633 0.9858
vn -0.0383 0.2772 0.9600
vn -0.0117 0.1965 0.9804
vn -0.0111 0.3241 0.9460
vn 0.0027 0.2309 0.9730
vn 0.0013 0.3399 0.9405
vn -0.2154 -0.0067 0.9765
vn -0.2411 0.0447 0.9695
vn -0.2160 0.0664 0.9741
vn -0.1415 0.0130 0.9899
vn -0.0860 -0.1148 0.9897
vn -0.0860 -0.1149 0.9897
vn -0.0849 -0.1018 0.9912
vn -0.0888 -0.3218 0.9426
vn -0.0891 -0.2822 0.9552
vn -0.1131 -0.3084 0.9445
vn -0.1406 -0.2908 0.9464
vn 0.0064 -0.1730 0.9849
vn -0.0130 -0.2115 0.9773
vn -0.0410 -0.2307 0.9722
vn -0.0525 -0.2716 0.9610
vn -0.0719 -0.3026 0.9504
vn -0.1114 -0.2962 0.9486
vn -0.0110 -0.6724 0.7401
vn -0.0057 -0.5231 0.8522
vn -0.0159 -0.7128 0.7012
vn -0.0162 -0.6823 0.7309
vn -0.0133 -0.6521 0.7580
vn -0.0185 -0.6510 0.7588
vn -0.0172 -0.6380 0.7698
vn 0.0018 -0.6072 0.7945
vn 0.0142 -0.6671 0.7448
vn -0.0240 -0.7615 0.6478
vn -0.2878 0.1086 0.9515
vn -0.3660 -0.3360 0.8679
vn -0.2624 0.1976 0.9445
vn -0.2750 0.1696 0.9464
vn -0.2580 0.1417 0.9557
vn -0.1826 -0.0850 0.9795
vn -0.1477 -0.1016 0.9838
vn -0.2246 0.1188 0.9672
vn 0.0007 -0.0095 1.0000
vn -0.0093 0.0650 0.9978
vn -0.0307 0.0633 0.9975
vn -0.0867 -0.0189 0.9961
vn -0.0798 0.1927 0.9780
vn -0.1645 0.1511 0.9747
vn -0.1114 0.0265 0.9934
vn -0.0608 -0.1406 0.9882
vn -0.0340 -0.3189 0.9472
vn -0.0578 -0.6558 0.7527
vn -0.0742 -0.8567 0.5104
vn -0.0367 0.0379 0.9986
vn -0.0603 -0.1596 0.9853
vn -0.0523 -0.2615 0.9638
vn -0.0547 -0.3289 0.9428
vn -0.0742 -0.3692 0.9264
vn -0.0788 -0.4432 0.8930
vn -0.0697 -0.4906 0.8686
vn -0.0715 -0.4989 0.8637
vn -0.0681 -0.2472 0.9666
vn -0.1833 -0.1851 0.9655
vn -0.3725 -0.6451 0.6672
vn -0.3724 -0.6451 0.6672
vn -0.2138 -0.9502 0.2267
vn -0.2186 -0.6943 0.6857
vn -0.3659 -0.3360 0.8679
vn -0.2074 -0.8888 0.4086
vn -0.2481 -0.7769 0.5786
vn -0.1651 -0.6730 0.7210
vn -0.1837 -0.5542 0.8118
vn -0.1871 -0.3223 0.9280
vn -0.1571 -0.2324 0.9598
vn -0.1523 -0.1851 0.9708
vn -0.1307 -0.1374 0.9819
vn -0.0988 -0.0532 0.9937
vn -0.0820 0.0468 0.9955
vn -0.0776 0.1214 0.9896
vn -0.0454 0.1450 0.9884
vn -0.0855 -0.1526 0.9846
vn -0.0470 -0.1989 0.9789
vn -0.1497 -0.2270 0.9623
vn -0.1240 -0.1340 0.9832
vn -0.1055 -0.1233 0.9867
vn -0.1237 -0.3985 0.9088
vn -0.1025 -0.4401 0.8921
vn -0.0867 -0.4838 0.8709
vn -0.0691 -0.5138 0.8551
vn -0.0402 -0.5243 0.8506
vn -0.1254 -0.5884 0.7988
vn -0.1154 -0.5828 0.8044
vn -0.0793 -0.9530 0.2924
vn -0.0194 -0.9533 -0.3014
vn 0.0259 -0.9638 -0.2653
vn -0.0271 -0.9683 0.2481
vn -0.0665 -0.7241 0.6864
vn -0.0387 -0.7725 0.6338
vn -0.0322 -0.8044 0.5932
vn -0.0350 -0.7967 0.6034
vn 0.0214 -0.9600 -0.2791
vn 0.0007 -0.9816 0.1908
vn -0.1782 -0.2860 0.9415
vn -0.1676 -0.5719 0.8030
vn -0.1710 -0.8996 0.4019
vn -0.2238 -0.9014 0.3706
vn -0.2638 -0.9374 0.2273
vn -0.0001 -0.5307 0.8475
vn -0.0000 -0.2219 0.9751
vn 0.0001 -0.7881 0.6155
vn -0.0000 0.1409 0.9900
vn -0.0000 0.0970 0.9953
vn -0.0000 -0.4388 0.8986
vn -0.1005 -0.9400 -0.3260
vn -0.1944 -0.9515 -0.2385
vn -0.2902 -0.9544 -0.0704
vn -0.3775 -0.8062 0.4556
vn -0.2481 -0.7770 0.5786
vn -0.1497 -0.3450 0.9266
vn -0.3776 -0.8062 0.4556
vn -0.3601 -0.2961 0.8847
vn -0.5244 -0.8060 0.2747
vn -0.5943 -0.1990 0.7793
vn -0.0809 -0.2742 0.9583
vn -0.2442 -0.0772 0.9667
vn -0.4113 0.1347 0.9015
vn -0.0020 -0.9630 0.2694
vn -0.0283 -0.9322 0.3608
vn 0.0002 -0.9391 0.3436
vn 0.0098 -0.9986 0.0517
vn -0.0000 -0.9998 0.0180
vn -0.0000 -0.9783 0.2073
vn -0.0000 0.3421 0.9397
vn -0.0503 0.3622 0.9307
vn -0.0411 0.2070 0.9775
vn -0.0000 0.1934 0.9811
vn -0.0396 0.0077 0.9992
vn -0.0000 0.0013 1.0000
vn -0.0430 -0.2555 0.9659
vn -0.0003 -0.2657 0.9641
vn -0.0671 -0.8607 0.5047
vn 0.0002 -0.8684 0.4959
vn 0.0001 0.4212 0.9069
vn -0.0691 0.4500 0.8903
vn 0.0003 0.4778 0.8785
vn -0.0888 0.5087 0.8563
vn -0.0888 0.5088 0.8563
vn 0.0001 0.5962 0.8028
vn -0.0956 0.5946 0.7983
vn -0.1277 0.5009 0.8560
vn -0.1399 0.5516 0.8223
vn -0.1156 0.4085 0.9054
vn -0.1176 0.2425 0.9630
vn -0.1393 0.0136 0.9902
vn -0.1686 -0.3173 0.9332
vn -0.1889 -0.8964 0.4009
vn -0.0396 -0.6792 -0.7329
vn -0.1722 -0.8118 -0.5580
vn 0.0001 -0.6543 -0.7562
vn -0.0269 -0.5716 -0.8201
vn -0.0000 -0.5261 -0.8504
vn -0.1606 -0.7785 -0.6068
vn -0.0001 -0.6109 0.7917
vn -0.0000 -0.0527 0.9986
vn -0.0000 -0.3237 0.9462
vn -0.0339 -0.3188 0.9472
vn -0.0000 -0.3236 0.9462
vn -0.4570 -0.7826 0.4227
vn -0.4351 -0.8888 0.1439
vn -0.1114 0.0264 0.9934
vn -0.3436 -0.0865 0.9351
vn -0.5240 -0.3390 0.7813
vn -0.2528 0.2597 0.9320
vn -0.4163 0.1747 0.8923
vn -0.1817 -0.1099 0.9772
vn -0.2633 0.0535 0.9632
vn -0.1816 -0.1099 0.9772
vn -0.0551 -0.0046 0.9985
vn -0.2632 0.0535 0.9633
vn -0.0732 0.0687 0.9949
vn -0.0754 -0.0351 0.9965
vn -0.0956 -0.0885 0.9915
vn -0.1271 -0.2325 0.9643
vn -0.1068 -0.3382 0.9350
vn -0.0698 -0.3467 0.9354
vn -0.0955 -0.2188 0.9711
vn -0.0903 -0.3373 0.9371
vn -0.0781 -0.3424 0.9363
vn -0.2058 -0.0011 0.9786
vn -0.1623 0.0178 0.9866
vn -0.1416 0.1867 0.9722
vn -0.1067 0.3045 0.9465
vn -0.1327 0.3152 0.9397
vn -0.2752 0.3382 0.8999
vn -0.2753 0.3384 0.8999
vn -0.3169 0.4280 0.8464
vn -0.2635 0.4943 0.8284
vn -0.2786 0.4617 0.8421
vn -0.2193 0.4473 0.8671
vn -0.1980 0.5212 0.8301
vn -0.2146 0.4769 0.8524
vn -0.1603 0.5150 0.8421
vn -0.2217 0.4539 0.8631
vn -0.1976 0.5608 0.8040
vn -0.1941 0.4635 0.8646
vn -0.1514 0.3743 0.9149
vn -0.1763 0.5376 0.8246
vn -0.1925 0.6539 0.7317
vn -0.1875 0.6055 0.7735
vn -0.1981 0.4505 0.8705
vn -0.1825 0.6221 0.7614
vn -0.1701 0.6305 0.7573
vn -0.2190 0.3925 0.8933
vn -0.2006 0.4859 0.8507
vn -0.1569 0.5997 0.7847
vn -0.2396 0.3690 0.8980
vn -0.1347 0.4039 0.9048
vn -0.2665 0.2879 0.9198
vn -0.1705 0.4600 0.8714
vn -0.2522 0.2885 0.9236
vn -0.1996 0.5172 0.8323
vn -0.2671 0.4548 0.8496
vn -0.2574 0.6451 0.7195
vn -0.3024 0.6060 0.7357
vn -0.3134 0.6740 0.6690
vn -0.2384 0.5865 0.7741
vn -0.3139 0.6907 0.6515
vn -0.1671 0.5610 0.8108
vn -0.2169 0.5706 0.7921
vn -0.1693 0.5184 0.8382
vn -0.1687 0.5572 0.8131
vn -0.2735 0.4548 0.8475
vn -0.2366 0.3785 0.8949
vn -0.2111 0.4886 0.8466
vn -0.2735 0.4548 0.8476
vn -0.1583 0.4455 0.8812
vn -0.2111 0.4885 0.8466
vn -0.1662 0.5401 0.8250
vn -0.1347 0.4805 0.8666
vn -0.1072 0.5077 0.8548
vn -0.0837 0.5131 0.8542
vn 0.0020 0.5382 0.8428
vn 0.0040 0.5590 0.8292
vn -0.1280 0.4587 0.8793
vn -0.1496 0.4679 0.8710
vn -0.2093 0.3918 0.8959
vn -0.2277 0.5053 0.8324
vn -0.2761 0.5339 0.7992
vn -0.2948 0.5710 0.7662
vn -0.2640 0.7011 0.6623
vn -0.2965 0.6605 0.6898
vn -0.3060 0.4860 0.8186
vn -0.2981 0.2583 0.9189
vn -0.5321 0.4338 0.7271
vn -0.4908 0.7028 0.5149
vn -0.3267 0.8402 0.4328
vn -0.8075 0.1191 0.5778
vn -0.8178 0.4260 0.3870
vn -0.7178 -0.6915 0.0815
vn -0.8537 -0.4926 -0.1692
vn -0.3075 -0.9012 -0.3055
vn -0.5244 -0.8059 0.2747
vn -0.8537 -0.4925 -0.1691
vn -0.3229 -0.8092 -0.4908
vn -0.4895 0.7615 0.4249
vn -0.3392 0.8200 0.4610
vn -0.8100 0.5456 0.2150
vn -0.8168 -0.2899 -0.4988
vn -0.3506 0.7707 0.5320
vn -0.3718 0.7654 0.5252
vn -0.3460 0.8584 0.3786
vn -0.4607 0.8524 0.2473
vn -0.7314 0.5887 -0.3442
vn -0.8100 0.5455 0.2150
vn -0.5081 -0.1596 -0.8464
vn -0.2372 -0.4986 -0.8337
vn -0.3214 -0.6718 -0.6673
vn -0.8168 -0.2898 -0.4988
vn -0.3215 -0.6718 -0.6673
vn -0.1303 -0.8657 -0.4832
vn -0.0446 -0.7881 -0.6139
vn -0.0234 -0.7938 -0.6078
vn -0.0016 -0.8570 -0.5154
vn 0.0163 -0.9100 -0.4143
vn 0.0002 -0.9227 -0.3856
vn -0.0000 -0.9213 -0.3889
vn -0.0983 -0.8085 -0.5802
vn -0.0149 -0.7522 -0.6588
vn -0.0369 -0.7289 -0.6836
vn -0.0621 -0.7784 -0.6246
vn -0.0223 -0.9257 -0.3775
vn 0.0006 -0.9655 -0.2603
vn -0.0846 -0.7299 -0.6783
vn -0.0793 -0.6459 -0.7593
vn -0.0846 -0.7298 -0.6784
vn -0.0031 -0.7136 -0.7005
vn -0.0250 -0.6191 -0.7849
vn -0.0033 -0.7136 -0.7005
vn -0.0212 -0.6757 -0.7368
vn -0.0044 -0.5947 -0.8039
vn -0.0215 -0.6757 -0.7369
vn -0.0603 -0.6077 -0.7919
vn -0.0090 -0.5761 -0.8174
vn -0.0595 -0.6077 -0.7919
vn -0.0000 -0.1593 0.9872
vn -0.0000 0.2215 0.9752
vn -0.0000 0.3306 0.9438
vn -0.0000 -0.9612 0.2760
vn -0.1746 0.5964 0.7834
vn -0.1429 0.5766 0.8045
vn -0.0862 0.6514 0.7538
vn 0.0034 0.6824 0.7310
vn -0.2918 0.6495 0.7021
vn -0.3349 0.6731 0.6594
vn -0.1830 0.6468 0.7404
vn -0.0934 0.6807 0.7266
vn 0.0007 0.7447 0.6675
vn -0.3646 0.8241 0.4335
vn -0.3912 0.8314 0.3946
vn -0.1973 0.8301 0.5216
vn -0.0783 0.6913 0.7183
vn -0.0763 0.8113 0.5796
vn -0.0855 0.9723 0.2175
vn -0.1915 0.9763 0.1006
vn -0.3230 0.9461 -0.0260
vn -0.3462 0.9378 -0.0264
vn -0.3097 0.9497 0.0472
vn -0.3932 0.8991 -0.1924
vn -0.4360 0.3975 -0.8074
vn -0.2698 -0.1389 -0.9528
vn -0.1182 -0.4349 -0.8927
vn -0.0782 0.9939 -0.0775
vn -0.1623 0.9747 -0.1539
vn -0.2615 0.9294 -0.2605
vn -0.2845 0.9340 -0.2159
vn -0.2645 0.9518 -0.1551
vn -0.3002 0.7846 -0.5424
vn -0.2490 0.2354 -0.9395
vn -0.1490 -0.1766 -0.9729
vn -0.0536 -0.4532 -0.8898
vn 0.0002 0.9971 -0.0756
vn 0.0011 0.9976 -0.0691
vn -0.0775 0.9908 -0.1111
vn -0.1447 0.9679 -0.2054
vn -0.2311 0.9403 -0.2499
vn -0.2691 0.9355 -0.2289
vn 0.0022 0.9826 -0.1855
vn -0.0837 0.9790 -0.1859
vn -0.1048 0.9693 -0.2222
vn -0.1732 0.9599 -0.2205
vn -0.1928 0.9279 -0.3191
vn -0.2513 0.9214 -0.2964
vn -0.1781 0.8362 -0.5188
vn -0.2278 0.6247 -0.7469
vn -0.1374 0.4808 -0.8660
vn -0.1582 0.1359 -0.9780
vn -0.0946 0.0922 -0.9912
vn -0.0971 -0.2004 -0.9749
vn -0.0669 -0.1761 -0.9821
vn -0.0349 -0.4713 -0.8813
vn -0.0265 -0.4945 -0.8688
vn -0.0086 -0.6426 -0.7662
vn -0.0409 -0.7145 -0.6984
vn -0.0001 -0.6933 -0.7206
vn 0.0006 -0.7932 -0.6090
vn -0.0386 -0.1241 -0.9915
vn -0.0000 -0.1011 -0.9949
vn 0.0003 -0.2342 -0.9722
vn -0.0424 -0.3116 -0.9493
vn -0.0428 0.0969 -0.9944
vn 0.0003 0.1048 -0.9945
vn -0.0595 0.4133 -0.9086
vn -0.0000 0.3889 -0.9213
vn -0.0888 0.7488 -0.6569
vn 0.0001 0.7181 -0.6959
vn -0.1026 0.9259 -0.3635
vn 0.0002 0.9717 -0.2363
vn 0.0002 0.9318 -0.3629
vn -0.1970 0.1273 0.9721
vn -0.2513 0.2147 0.9438
vn -0.1566 0.1091 0.9816
vn -0.1138 0.1766 0.9777
vn -0.1194 0.3709 0.9210
vn -0.1753 0.4904 0.8537
vn -0.1556 0.4459 0.8815
vn -0.1163 0.4713 0.8743
vn -0.2225 0.4653 0.8568
vn -0.2512 0.4751 0.8433
vn -0.2684 0.3985 0.8770
vn -0.2636 0.3262 0.9078
vn -0.2814 0.3137 0.9069
vn -0.2131 0.8175 0.5351
vn -0.1183 0.7167 0.6872
vn -0.3555 0.8547 0.3782
vn -0.2428 -0.1852 0.9522
vn -0.3982 -0.1677 0.9018
vn -0.1207 -0.0618 0.9908
vn -0.0636 0.5804 0.8118
vn -0.0000 0.9633 0.2686
vn -0.0000 0.7960 0.6053
vn -0.0001 0.7267 0.6870
vn -0.0914 -0.9245 -0.3702
vn 0.0004 -0.9691 -0.2469
vn -0.1628 -0.5313 -0.8314
vn -0.1612 -0.7508 -0.6405
vn -0.0981 -0.4015 -0.9106
vn -0.1624 -0.5313 -0.8315
vn -0.0548 -0.3312 -0.9420
vn 0.0007 -0.3252 -0.9457
vn -0.1805 -0.9668 -0.1807
vn -0.2366 -0.8537 0.4639
vn -0.0000 -0.8815 0.4722
vn -0.0000 -0.9972 -0.0748
vn -0.4528 -0.4254 -0.7835
vn -0.8118 -0.1109 0.5734
vn -0.5096 -0.7117 0.4835
vn -0.3612 -0.8078 -0.4657
vn -0.8117 -0.1109 0.5734
vn -0.4528 -0.4254 -0.7836
vn -0.3762 0.0681 -0.9240
vn -0.5693 0.6942 0.4405
vn -0.2772 0.7546 -0.5947
vn -0.2163 0.8596 0.4629
vn -0.0000 0.9993 -0.0366
vn -0.0000 0.9132 0.4074
vn -0.0000 0.8586 0.5127
vn 0.0001 0.8785 0.4778
vn -0.1525 0.7086 0.6889
vn -0.1612 0.7291 0.6651
vn -0.2124 0.3769 0.9016
vn -0.2766 0.4510 0.8486
vn -0.2184 0.0284 0.9754
vn -0.3037 0.0627 0.9507
vn -0.1928 -0.2239 0.9554
vn -0.2542 -0.2663 0.9298
vn -0.1222 -0.3950 0.9105
vn -0.1504 -0.4851 0.8614
vn -0.0000 -0.4439 0.8961
vn 0.0001 -0.5584 0.8295
vn -0.0000 0.9967 -0.0813
vn -0.0000 0.9622 -0.2724
vn -0.1379 0.9227 0.3599
vn -0.1305 0.9564 0.2612
vn -0.1618 0.6841 0.7112
vn -0.1706 0.4541 0.8745
vn -0.1432 0.3152 0.9382
vn -0.1072 0.0041 0.9942
vn -0.1057 0.0346 0.9938
vn -0.1283 0.2342 0.9637
vn -0.1056 0.0346 0.9938
vn -0.0933 -0.1793 0.9794
vn -0.0904 -0.1279 0.9876
vn -0.0957 -0.2087 0.9733
vn -0.0967 -0.2813 0.9547
vn -0.1016 -0.3201 0.9419
vn -0.0716 -0.3017 0.9507
vn -0.0565 -0.4169 0.9072
vn -0.0000 -0.4689 0.8833
vn -0.0000 -0.3872 0.9220
vn -0.0441 -0.3566 0.9332
vn -0.0000 0.9457 0.3249
vn -0.1512 0.8165 0.5572
vn -0.2031 0.4622 0.8632
vn -0.1686 0.0148 0.9856
vn -0.1243 -0.1848 0.9749
vn -0.0803 -0.2998 0.9506
vn -0.0000 -0.3586 0.9335
vn -0.1174 0.0068 0.9931
vn -0.0000 -0.3140 0.9494
vn -0.1633 0.1542 0.9744
vn -0.5931 0.3478 0.7262
vn -0.5573 0.3940 0.7309
vn -0.1809 0.1637 0.9698
vn -0.5445 0.2782 -0.7913
vn -0.1984 0.1064 -0.9743
vn -0.2158 0.1412 -0.9662
vn -0.5393 0.3743 -0.7543
vn 0.0735 -0.9341 0.3493
vn 0.0366 -0.9722 0.2312
vn -0.0054 -0.7183 0.6957
vn 0.1818 -0.5849 0.7905
vn -0.0418 0.0513 -0.9978
vn -0.0046 0.0504 -0.9987
vn -0.0085 0.0872 -0.9962
vn -0.0187 0.0968 -0.9951
vn -0.0486 0.2176 0.9748
vn -0.0255 0.2250 0.9740
vn -0.0295 0.1178 0.9926
vn -0.0581 0.1223 0.9908
vn -0.0053 -0.7183 0.6957
vn -0.0502 -0.3651 0.9296
vn 0.3075 0.0160 0.9514
vn -0.0947 0.0789 -0.9924
vn -0.0979 0.0114 -0.9951
vn -0.0836 0.1061 0.9908
vn -0.0768 0.1392 0.9873
vn -0.0165 -0.9972 -0.0729
vn -0.0067 -0.9928 -0.1194
vn -0.1518 -0.7895 -0.5947
vn -0.1542 -0.8313 -0.5340
vn 0.0186 -0.4736 -0.8805
vn -0.0118 -0.4455 -0.8952
vn -0.0230 -0.1418 -0.9896
vn 0.0165 -0.2475 -0.9688
vn -0.0458 -0.1519 0.9873
vn 0.4332 0.7820 0.4482
vn -0.0397 0.0060 0.9992
vn -0.0372 -0.0007 0.9993
vn -0.0576 0.0305 0.9979
vn -0.0011 -0.9129 -0.4082
vn 0.0360 -0.8644 -0.5014
vn 0.1415 0.8621 -0.4866
vn 0.1519 0.2475 -0.9569
vn 0.0425 0.6848 -0.7275
vn 0.0223 0.7759 -0.6305
vn -0.0324 0.0348 -0.9989
vn 0.0045 -0.0619 -0.9981
vn -0.3572 0.2495 -0.9001
vn -0.2915 -0.3992 -0.8693
vn -0.2677 -0.3556 -0.8955
vn -0.2683 0.1675 -0.9487
vn -0.2020 0.6955 -0.6895
vn -0.1353 0.5423 -0.8292
vn -0.0965 -0.2443 -0.9649
vn 0.0939 -0.9337 0.3454
vn 0.1017 -0.9010 0.4217
vn 0.2108 -0.5886 0.7805
vn 0.1799 -0.5237 0.8327
vn 0.3015 0.0788 0.9502
vn 0.2138 0.0217 0.9766
vn 0.1800 -0.5238 0.8326
vn 0.2108 -0.5886 0.7804
vn -0.0596 0.1324 0.9894
vn -0.0572 0.0396 0.9976
vn -0.0917 -0.0646 0.9937
vn -0.0659 -0.0448 0.9968
vn -0.1908 -0.0341 0.9810
vn -0.5302 0.1031 0.8416
vn -0.2486 -0.0106 -0.9685
vn -0.6285 0.2688 -0.7299
vn 0.1711 -0.4546 0.8741
vn 0.1149 -0.7876 0.6053
vn -0.0130 -0.9992 -0.0384
vn -0.0339 -0.9627 -0.2683
vn 0.2730 0.7983 0.5369
vn 0.1886 0.6429 0.7423
vn -0.0297 0.8350 -0.5495
vn -0.0954 0.8649 -0.4928
vn 0.0644 0.9977 0.0211
vn 0.0890 0.9770 -0.1938
vn -0.1829 0.5250 -0.8312
vn -0.2719 0.4724 -0.8384
vn -0.3564 0.0407 -0.9335
vn -0.2968 0.0956 -0.9501
vn -0.2810 -0.3604 -0.8895
vn -0.3360 -0.3950 -0.8550
vn -0.3564 0.0406 -0.9334
vn -0.2969 0.0956 -0.9501
vn -0.1716 -0.7411 -0.6492
vn -0.2089 -0.8116 -0.5456
vn 0.2060 0.5721 0.7939
vn 0.2126 -0.0056 0.9771
vn 0.0519 0.9878 0.1470
vn -0.1517 0.8730 -0.4636
vn -0.3293 0.3831 -0.8630
vn -0.3767 0.0077 -0.9263
vn -0.3365 -0.3866 -0.8587
vn -0.3769 0.0107 -0.9262
vn -0.2010 -0.8271 -0.5249
vn -0.1026 -0.6235 -0.7751
vn -0.2716 -0.2569 -0.9275
vn -0.6264 0.2013 -0.7530
vn -0.6249 0.0838 0.7762
vn -0.1794 -0.3687 0.9121
vn -0.1223 -0.3791 0.9173
vn -0.1726 -0.3582 0.9176
vn -0.1337 -0.2257 0.9650
vn -0.0144 -0.9982 0.0578
vn 0.1711 -0.4547 0.8740
vn 0.1710 -0.4477 0.8777
vn 0.0705 -0.7425 0.6661
vn -0.0342 -0.9792 0.1998
vn 0.2383 -0.0349 0.9706
vn 0.1711 -0.4477 0.8777
vn 0.2331 0.5379 0.8101
vn -0.3489 0.2778 -0.8951
vn -0.1930 0.8215 -0.5365
vn -0.4160 -0.2001 -0.8871
vn -0.3529 -0.4606 -0.8145
vn -0.4160 -0.2000 -0.8871
vn -0.2440 -0.8984 -0.3652
vn 0.0506 0.9853 0.1634
vn 0.2511 -0.8160 0.5208
vn 0.0498 -0.7027 0.7097
vn 0.1875 -0.4201 0.8879
vn 0.3588 -0.3631 0.8599
vn -0.1706 -0.6886 -0.7048
vn -0.3062 -0.9505 -0.0537
vn 0.2742 -0.0068 0.9616
vn 0.2880 0.0852 0.9538
vn 0.3588 -0.3630 0.8599
vn 0.1875 -0.4202 0.8879
vn -0.3530 0.3108 -0.8825
vn -0.3394 0.2531 -0.9059
vn -0.4188 -0.2806 -0.8636
vn -0.3064 -0.1137 -0.9451
vn 0.3643 0.0684 0.9288
vn 0.9396 -0.1400 0.3122
vn 0.7402 -0.1414 -0.6573
vn 0.4603 -0.0429 0.8867
vn -0.3861 0.0335 -0.9218
vn -0.8650 0.4975 -0.0652
vn -0.5034 0.3053 -0.8083
vn -0.2750 0.0167 -0.9613
vn -0.1402 -0.1078 -0.9842
vn -0.3861 0.0334 -0.9219
vn -0.2749 0.0167 -0.9613
vn -0.0979 0.0049 -0.9952
vn 0.4631 -0.2351 -0.8546
vn 0.3231 0.0624 -0.9443
vn 0.3642 0.0684 0.9288
vn 0.4602 -0.0430 0.8868
vn 0.2039 0.1214 0.9714
vn 0.0869 0.1678 0.9820
vn 0.0013 0.2319 0.9727
vn 0.0607 0.4093 0.9104
vn -0.1649 0.3298 0.9295
vn -0.1316 0.6766 0.7245
vn -0.4756 0.8761 0.0793
vn -0.5175 0.5196 0.6798
vn 0.3298 0.0045 0.9440
vn 0.7141 -0.4382 0.5460
vn 0.4591 -0.5490 -0.6984
vn 0.0941 0.2113 0.9729
vn 0.3299 0.0045 0.9440
vn -0.9272 0.3393 -0.1590
vn -0.1833 0.3681 0.9115
vn -0.1724 0.3001 0.9382
vn -0.4267 -0.1369 -0.8940
vn -0.1599 -0.2338 -0.9591
vn 0.3594 -0.0052 0.9332
vn 0.7218 -0.6651 0.1914
vn -0.8545 0.1681 -0.4914
vn -0.1943 0.4072 0.8924
vn -0.3272 -0.2721 -0.9049
vn 0.0259 -0.5107 -0.8594
vn 0.0524 -0.4764 -0.8777
vn -0.3271 -0.2721 -0.9050
vn -0.1772 -0.3692 -0.9123
vn 0.1194 0.2287 0.9661
vn 0.4264 -0.7409 -0.5189
vn 0.3596 -0.0054 0.9331
vn 0.4159 0.0755 0.9063
vn 0.8221 -0.5389 -0.1838
vn 0.0758 -0.3453 -0.9354
vn 0.1624 0.2750 0.9476
vn -0.6127 0.1648 -0.7730
vn -0.2053 0.5371 0.8181
vn -0.2420 -0.1784 -0.9537
vn 0.4842 0.1952 0.8529
vn 0.8092 -0.2332 -0.5393
vn 0.0783 -0.2228 -0.9717
vn 0.2067 0.3756 0.9034
vn 0.4844 0.1952 0.8528
vn -0.4801 0.2374 -0.8445
vn -0.1999 0.7440 0.6376
vn -0.2035 -0.0998 -0.9740
vn -0.2030 -0.0998 -0.9741
vn 0.6521 -0.0569 -0.7560
vn 0.5963 0.2804 0.7522
vn 0.0896 -0.1790 -0.9798
vn 0.2175 0.4423 0.8701
vn 0.5965 0.2805 0.7520
vn -0.2269 0.8653 0.4469
vn -0.4273 0.2692 -0.8631
vn -0.1732 -0.1013 -0.9797
vn -0.1727 -0.1012 -0.9798
vn -0.2904 -0.9503 -0.1127
vn 0.1593 0.5999 0.7840
vn 0.2344 0.6084 0.7582
vn 0.0242 0.9958 0.0885
vn -0.0491 0.9364 0.3476
vn -0.2737 0.8707 -0.4086
vn -0.1937 0.8051 -0.5606
vn -0.3064 -0.1136 -0.9451
vn 0.0736 0.0114 -0.9972
vn 0.0688 0.0011 -0.9976
vn 0.0456 -0.3314 -0.9424
vn 0.0547 -0.1751 -0.9830
vn -0.5445 0.2783 -0.7913
vn -0.3571 0.2495 -0.9001
vn -0.5533 0.1870 0.8117
vn -0.5775 0.1522 -0.8021
vn -0.0767 0.0716 0.9945
vn -0.1714 0.0755 0.9823
vn -0.2012 0.0295 -0.9791
vn -0.1003 0.0237 -0.9947
vn -0.0023 -0.0310 -0.9995
vn -0.0300 0.0340 0.9990
vn -0.0605 0.0571 0.9965
vn -0.0509 0.0191 -0.9985
vn -0.5775 0.1521 -0.8021
vn -0.4678 0.4709 -0.7480
vn -0.1478 0.6348 -0.7584
vn -0.1519 0.7329 -0.6631
vn -0.4082 0.3181 -0.8557
vn -0.5765 -0.1927 -0.7941
vn -0.9250 -0.0284 -0.3790
vn -0.4151 -0.2652 -0.8703
vn -0.3113 -0.2682 -0.9117
vn -0.2116 0.8771 -0.4311
vn -0.5479 0.8353 0.0456
vn -0.6537 0.2202 0.7240
vn -0.1440 0.1956 0.9700
vn -0.1202 0.6003 0.7907
vn -0.0344 0.9844 0.1724
vn -0.1440 0.1957 0.9700
vn 0.0333 0.1251 0.9916
vn 0.0663 0.4530 0.8891
vn -0.1202 0.6002 0.7908
vn -0.0345 0.9844 0.1724
vn 0.1263 0.8998 0.4176
vn 0.1257 0.1015 0.9869
vn 0.1811 0.3982 0.8992
vn 0.2280 0.9231 0.3096
vn 0.1943 0.1096 0.9748
vn 0.2254 0.3829 0.8959
vn 0.2049 0.8951 0.3960
vn -0.0600 0.9145 -0.4000
vn -0.1327 0.9894 -0.0583
vn -0.0491 0.8322 -0.5522
vn -0.0136 0.6598 -0.7513
vn -0.0437 0.7547 -0.6546
vn 0.0406 0.8791 -0.4748
vn 0.1292 0.9529 -0.2742
vn 0.0406 0.8791 -0.4749
vn -0.0544 0.9873 0.1492
vn 0.0046 0.9652 -0.2615
vn 0.0292 0.9220 -0.3862
vn 0.0695 0.7672 -0.6376
vn 0.0291 0.9220 -0.3862
vn 0.0694 0.7672 -0.6376
vn 0.1475 0.8951 -0.4209
vn 0.0988 0.9793 -0.1768
vn 0.2738 0.0519 0.9604
vn 0.2849 0.3952 0.8733
vn -0.1767 0.9767 0.1218
vn -0.1804 0.9832 -0.0270
vn -0.0728 0.9301 0.3599
vn -0.0454 0.9379 0.3441
vn -0.0728 0.9302 0.3598
vn -0.0453 0.9379 0.3440
vn 0.4033 0.3722 0.8359
vn 0.4061 -0.0301 0.9133
vn 0.1420 0.7378 0.6599
vn -0.0572 0.9009 0.4303
vn 0.1584 0.7442 0.6489
vn -0.0148 0.9824 0.1864
vn 0.3366 0.5692 0.7501
vn 0.3296 0.4110 0.8500
vn 0.3063 0.3013 0.9030
vn 0.3410 0.6256 0.7017
vn 0.4191 0.6433 0.6407
vn 0.4184 0.3017 0.8567
vn 0.7292 0.6592 -0.1835
vn 0.8983 0.4386 0.0260
vn 0.2685 0.0696 -0.9608
vn 0.2843 0.1501 -0.9469
vn 0.0234 0.0186 -0.9996
vn 0.0121 -0.0203 -0.9997
vn -0.1394 0.0824 -0.9868
vn -0.1411 -0.0144 -0.9899
vn -0.2633 0.0192 -0.9645
vn -0.2253 0.3632 -0.9041
vn -0.2605 0.4329 -0.8630
vn -0.3955 0.1159 -0.9111
vn -0.2633 0.4555 -0.8504
vn -0.3790 0.2901 -0.8787
vn -0.3412 0.6424 -0.6863
vn -0.3143 0.6856 -0.6566
vn -0.0572 0.9008 0.4304
vn -0.1782 0.9771 -0.1163
vn -0.2017 0.9777 0.0586
vn -0.3083 0.0731 -0.9485
vn -0.2786 -0.2568 -0.9254
vn -0.3781 -0.0121 -0.9257
vn -0.4321 -0.1997 -0.8794
vn -0.3353 -0.2715 -0.9021
vn -0.4177 -0.4926 -0.7634
vn 0.3302 0.5585 0.7610
vn 0.3726 0.3682 0.8518
vn 0.5113 0.2828 0.8116
vn 0.4300 0.1248 0.8942
vn 0.3120 0.2747 0.9095
vn 0.4254 0.2772 0.8615
vn 0.9678 0.2060 0.1447
vn 0.3010 0.0899 0.9494
vn 0.4034 0.0247 0.9147
vn 0.8472 -0.3965 0.3537
vn 0.2826 -0.1282 -0.9506
vn 0.2749 -0.4583 -0.8452
vn 0.0202 -0.1382 -0.9902
vn 0.0483 -0.3571 -0.9328
vn -0.1440 -0.1501 -0.9781
vn -0.2967 -0.2100 -0.9316
vn 0.5592 -0.1259 0.8194
vn 0.4691 -0.1285 0.8737
vn 0.2739 -0.1609 0.9482
vn 0.3097 -0.2289 0.9229
vn 0.6534 -0.6420 0.4011
vn 0.2627 -0.6931 -0.6713
vn 0.0747 -0.5827 -0.8093
vn -0.5388 -0.2013 -0.8180
vn -0.8056 0.0418 -0.5909
vn -0.3829 -0.2941 -0.8757
vn -0.3017 -0.3118 -0.9010
vn -0.6843 0.7233 0.0920
vn -0.1092 0.5916 0.7988
vn 0.0617 0.2285 0.9716
vn 0.1390 0.1309 0.9816
vn 0.2112 0.1203 0.9700
vn 0.3042 0.0780 0.9494
vn 0.4205 0.0048 0.9073
vn -0.2788 -0.2780 -0.9192
vn -0.2995 -0.3010 -0.9054
vn -0.3896 -0.2475 -0.8871
vn -0.3265 -0.3057 -0.8944
vn 0.5757 0.0263 0.8172
vn 0.5018 0.0657 0.8625
vn 0.3062 0.1831 0.9342
vn 0.4684 0.2835 0.8368
vn 0.9372 0.3470 0.0342
vn 0.2770 0.0521 -0.9595
vn 0.0616 -0.1847 -0.9809
vn -0.1606 -0.3166 -0.9349
vn -0.4686 0.0998 -0.8777
vn -0.5075 0.4582 -0.7297
vn -0.3709 -0.0349 -0.9280
vn -0.3024 -0.1115 -0.9466
vn -0.3895 0.9199 -0.0463
vn -0.1035 0.7524 0.6505
vn -0.1035 0.7523 0.6506
vn 0.0995 0.5823 0.8069
vn 0.1885 0.4405 0.8777
vn 0.2366 0.3984 0.8862
vn 0.3276 0.4688 0.8203
vn 0.4472 0.5076 0.7364
vn -0.2837 -0.1336 -0.9495
vn -0.3929 -0.1320 -0.9101
vn -0.2977 -0.1897 -0.9356
vn 0.5094 0.4577 0.7287
vn 0.3747 0.4072 0.8329
vn 0.4434 0.2399 0.8636
vn 0.9810 0.0987 0.1668
vn 0.2818 -0.1037 -0.9539
vn 0.0651 -0.1358 -0.9886
vn -0.1180 -0.1722 -0.9780
vn -0.0801 -0.8260 0.5580
vn -0.1124 -0.7118 0.6933
vn -0.0535 -0.9052 0.4217
vn -0.0219 -0.9548 0.2966
vn -0.1549 -0.6025 0.7830
vn -0.1243 -0.1990 0.9721
vn -0.0664 -0.6352 0.7695
vn -0.0404 -0.7650 0.6427
vn -0.0110 -0.8456 0.5337
vn 0.0192 -0.9092 0.4159
vn 0.0260 -0.9990 0.0371
vn 0.0565 -0.9804 -0.1887
vn -0.1349 -0.9908 0.0078
vn 0.0674 -0.9778 0.1982
vn 0.1281 -0.9882 -0.0838
vn 0.1453 -0.6902 0.7089
vn 0.2146 -0.8310 0.5133
vn 0.2970 -0.7180 -0.6295
vn 0.0732 -0.5639 -0.8226
vn -0.0853 -0.9358 -0.3421
vn -0.1124 -0.7118 0.6934
vn -0.0802 -0.8260 0.5579
vn -0.0404 -0.7651 0.6427
vn -0.0663 -0.6352 0.7695
vn -0.1348 -0.9908 0.0079
vn -0.0853 -0.9358 -0.3422
vn 0.2146 -0.8310 0.5132
vn -0.1493 -0.5801 0.8007
vn 0.0150 -0.5359 0.8442
vn 0.2153 0.9606 -0.1758
vn 0.0731 0.9972 -0.0178
vn 0.2919 0.8388 0.4596
vn 0.3134 0.8060 0.5022
vn 0.3308 0.9356 0.1233
vn 0.3860 0.9218 -0.0351
vn 0.3288 0.9372 -0.1165
vn 0.2155 0.4506 -0.8663
vn -0.1650 0.6790 0.7154
vn -0.4147 0.1545 0.8968
vn 0.0208 0.2864 -0.9579
vn -0.1117 0.7644 0.6350
vn -0.1519 0.3772 -0.9136
vn -0.0137 0.3232 0.9462
vn -0.2514 0.3804 -0.8900
vn -0.1905 0.3230 -0.9270
vn -0.2523 0.4594 -0.8517
vn -0.2692 0.4805 -0.8346
vn -0.1741 0.7757 -0.6067
vn -0.1619 0.6003 -0.7832
vn 0.0730 0.9972 -0.0178
vn 0.1378 0.6851 0.7153
vn 0.0817 0.4990 0.8627
vn -0.0575 0.6282 0.7759
vn -0.0378 0.8437 0.5355
vn 0.2482 0.4268 0.8696
vn 0.1738 0.3533 0.9192
vn 0.2976 0.3255 0.8975
vn 0.2992 0.1789 0.9373
vn 0.5154 0.4605 0.7227
vn 0.6866 0.2116 0.6956
vn 0.2993 0.1790 0.9372
vn 0.7449 0.6053 -0.2807
vn 0.7915 0.3277 -0.5159
vn 0.2906 0.2873 -0.9127
vn 0.3075 0.1148 -0.9446
vn 0.0265 0.1009 -0.9945
vn 0.0582 -0.0335 -0.9977
vn -0.1306 0.0205 -0.9912
vn -0.0913 -0.1752 -0.9803
vn -0.2792 0.0475 -0.9590
vn -0.2722 -0.2236 -0.9359
vn -0.5225 -0.1261 -0.8433
vn -0.4070 0.1871 -0.8940
vn -0.2333 0.9412 0.2445
vn -0.2358 0.6405 0.7309
vn -0.6409 0.6782 0.3596
vn -0.4677 0.7852 -0.4058
vn -0.8002 0.2518 -0.5443
vn -0.4923 0.4624 -0.7375
vn 0.0259 -0.9990 0.0370
vn 0.0675 -0.9779 0.1981
vn 0.0565 -0.9804 -0.1886
vn -0.0110 -0.8457 0.5336
vn 0.2969 -0.7180 -0.6295
vn 0.0356 0.3431 0.9386
vn -0.0575 0.3090 0.9493
vn 0.0763 0.3681 0.9266
vn 0.0745 0.2352 0.9691
vn 0.3077 -0.0328 0.9509
vn 0.1172 0.1539 0.9811
vn 0.7337 -0.1599 0.6604
vn 0.3078 -0.0328 0.9509
vn 0.9952 0.0682 0.0709
vn 0.2982 0.0134 -0.9544
vn 0.5658 0.2371 -0.7897
vn 0.1151 -0.2349 -0.9652
vn -0.0268 -0.4215 -0.9064
vn -0.2501 -0.5489 -0.7976
vn -0.1701 0.1838 0.9681
vn -0.4231 -0.1063 0.8998
vn -0.7926 -0.4775 0.3791
vn 0.0518 0.3134 0.9482
vn 0.0564 0.2093 0.9762
vn 0.0077 0.0937 0.9956
vn -0.0119 0.2647 0.9643
vn 0.0858 0.2980 0.9507
vn 0.0878 0.3617 0.9281
vn 0.3649 0.5193 0.7728
vn 0.4033 0.3612 0.8408
vn 0.1603 0.3585 0.9197
vn 0.1461 0.3962 0.9065
vn 0.8378 0.5231 0.1566
vn 0.8718 0.3243 0.3671
vn 0.3649 0.5194 0.7727
vn 0.6072 0.0583 -0.7924
vn 0.6052 -0.2475 -0.7566
vn 0.9433 -0.0386 -0.3296
vn 0.8503 0.2755 -0.4484
vn 0.3190 -0.0498 -0.9464
vn 0.3075 -0.2666 -0.9134
vn 0.1956 -0.1732 -0.9653
vn 0.2150 -0.2510 -0.9438
vn 0.0819 -0.3384 -0.9374
vn 0.0818 -0.3726 -0.9244
vn -0.1993 -0.5144 -0.8341
vn -0.1932 -0.3961 -0.8976
vn -0.5463 -0.6531 -0.5244
vn -0.5255 -0.4640 -0.7132
vn -0.7666 -0.5321 0.3594
vn -0.8211 -0.4908 0.2914
vn -0.1043 0.1956 0.9751
vn -0.0748 0.0467 0.9961
vn -0.3204 -0.1183 0.9399
vn -0.3977 -0.0294 0.9170
vn -0.1740 0.7757 -0.6067
vn -0.1620 0.6004 -0.7832
vn -0.2693 0.4805 -0.8346
vn -0.2523 0.4593 -0.8517
vn -0.2514 0.3803 -0.8900
vn 0.0056 0.3098 -0.9508
vn 0.2697 0.4682 -0.8415
vn 0.3861 0.9218 -0.0351
vn 0.3133 0.8060 0.5022
vn -0.5933 -0.5343 -0.6021
vn 0.1248 0.1439 0.9817
vn 0.1246 0.3024 0.9450
vn 0.0266 0.3124 0.9496
vn 0.0632 0.1386 0.9883
vn 0.1668 0.1527 0.9741
vn 0.1771 0.2416 0.9541
vn 0.2841 0.0804 0.9554
vn 0.2999 0.0977 0.9490
vn 0.4768 -0.2460 0.8439
vn 0.4771 -0.2217 0.8504
vn 0.3000 0.0977 0.9489
vn 0.2842 0.0803 0.9554
vn 0.5697 -0.8065 0.1578
vn 0.6099 -0.7909 0.0504
vn 0.2574 -0.6267 -0.7355
vn 0.2249 -0.4920 -0.8411
vn 0.1632 -0.3539 -0.9209
vn 0.1372 -0.2655 -0.9543
vn 0.0815 -0.2834 -0.9555
vn 0.0746 -0.1378 -0.9876
vn -0.2769 -0.4433 -0.8526
vn -0.2382 -0.2462 -0.9395
vn -0.5673 -0.4734 -0.6738
vn -0.6013 -0.4717 -0.6449
vn -0.9313 -0.3196 -0.1746
vn -0.8611 -0.4733 -0.1858
vn -0.0791 0.1461 0.9861
vn -0.1437 0.2132 0.9664
vn -0.5436 -0.0099 0.8393
vn -0.4598 0.0572 0.8862
vn 0.1068 0.2468 0.9632
vn 0.0205 0.1390 0.9901
vn -0.0834 0.0545 0.9950
vn -0.3729 -0.0203 0.9277
vn -0.9993 -0.0380 0.0009
vn -0.4819 -0.0318 -0.8757
vn -0.2323 -0.1317 -0.9637
vn 0.0891 -0.1638 -0.9825
vn 0.2198 -0.2233 -0.9496
vn 0.2951 -0.3999 -0.8678
vn 0.6016 -0.5063 -0.6179
vn 0.8992 -0.4309 0.0763
vn 0.5770 -0.0426 0.8157
vn 0.3069 0.1578 0.9386
vn 0.1723 0.2194 0.9603
vn 0.0943 0.2727 0.9575
vn 0.1155 0.2134 0.9701
vn 0.1140 0.3176 0.9414
vn 0.3369 0.3751 0.8636
vn 0.9275 0.2949 0.2296
vn 0.3370 0.3751 0.8635
vn 0.7722 0.4160 -0.4803
vn 0.8020 -0.4005 0.4432
vn 0.7209 0.1197 0.6827
vn 0.3672 0.3138 0.8756
vn 0.1819 0.3193 0.9300
vn -0.2210 0.4784 -0.8499
vn 0.0209 0.3729 -0.9277
vn 0.2698 0.4682 -0.8415
vn 0.0057 0.3099 -0.9507
vn -0.0970 0.3487 0.9322
vn 0.0529 0.4054 0.9126
vn 0.0517 0.2171 0.9748
vn -0.0899 0.1721 0.9810
vn -0.2462 0.2935 0.9237
vn -0.2248 0.1160 0.9675
vn -0.4682 0.2122 0.8577
vn -0.4010 0.0225 0.9158
vn -0.9447 0.0563 0.3231
vn -0.4683 0.2122 0.8577
vn -0.7470 -0.2262 0.6252
vn -0.6191 -0.1930 -0.7612
vn -0.7054 -0.5112 -0.4911
vn -0.2172 -0.1959 -0.9563
vn -0.2447 -0.3888 -0.8882
vn -0.0339 -0.1570 -0.9870
vn -0.0361 -0.3060 -0.9513
vn 0.0961 -0.1112 -0.9891
vn 0.1058 -0.2450 -0.9637
vn 0.2091 -0.0455 -0.9768
vn 0.2290 -0.1950 -0.9537
vn 0.3885 0.0841 -0.9176
vn 0.4417 -0.1109 -0.8903
vn 0.7167 0.4310 -0.5482
vn 0.9097 0.1289 -0.3948
vn 0.2643 0.5044 0.8220
vn 0.6480 0.6439 0.4068
vn 0.6806 0.3147 0.6616
vn 0.2522 0.2623 0.9314
vn -0.0048 0.4589 0.8885
vn 0.1020 0.4620 0.8810
vn 0.0938 0.9440 0.3162
vn -0.0172 0.9812 0.1923
vn 0.1722 0.3950 0.9024
vn 0.1672 0.9163 0.3640
vn 0.3370 0.4230 0.8411
vn 0.2818 0.9543 0.0996
vn 0.3371 0.4229 0.8411
vn 0.7438 0.2726 0.6103
vn 0.3452 0.8282 -0.4416
vn 0.2819 0.9543 0.0996
vn 0.6916 -0.2801 -0.6658
vn 0.2372 0.5890 -0.7725
vn 0.2086 -0.2832 -0.9361
vn 0.1294 0.3634 -0.9226
vn 0.1119 -0.1487 -0.9825
vn 0.0935 0.3223 -0.9420
vn 0.0465 -0.0067 -0.9989
vn 0.0431 0.3661 -0.9296
vn -0.1607 0.2241 -0.9612
vn -0.1224 0.4852 -0.8658
vn -0.3875 0.1851 -0.9031
vn -0.2639 0.4894 -0.8312
vn -0.6663 0.4314 -0.6083
vn -0.3466 0.6184 -0.7053
vn -0.7706 0.5657 0.2937
vn -0.2590 0.5019 0.8252
vn -0.2519 0.9629 -0.0965
vn -0.3774 0.8503 -0.3669
vn -0.0874 0.1544 0.9841
vn 0.0536 0.1978 0.9788
vn 0.0536 0.1819 0.9819
vn -0.0828 0.1405 0.9866
vn -0.2217 0.1023 0.9697
vn -0.2139 0.0934 0.9724
vn -0.3967 0.0189 0.9178
vn -0.3778 0.0248 0.9255
vn -0.7456 -0.2035 0.6346
vn -0.3967 0.0188 0.9178
vn -0.3778 0.0249 0.9255
vn -0.7112 -0.1509 0.6866
vn -0.7206 -0.4710 -0.5089
vn -0.7778 -0.4115 -0.4750
vn -0.2481 -0.3540 -0.9017
vn -0.2610 -0.2997 -0.9176
vn -0.0392 -0.2793 -0.9594
vn -0.0415 -0.2305 -0.9722
vn 0.1017 -0.2265 -0.9687
vn 0.1006 -0.1844 -0.9777
vn 0.2232 -0.1840 -0.9573
vn 0.2258 -0.1455 -0.9633
vn 0.4305 -0.1117 -0.8957
vn 0.4359 -0.0762 -0.8968
vn 0.8926 0.0964 -0.4404
vn 0.9064 0.1328 -0.4010
vn 0.2560 0.2409 0.9362
vn 0.6995 0.2856 0.6551
vn 0.6805 0.2835 0.6756
vn 0.2445 0.2260 0.9429
vn -0.0942 0.2315 0.9683
vn 0.0462 0.1546 0.9869
vn 0.0496 0.1556 0.9866
vn -0.0889 0.2311 0.9688
vn 0.1599 0.0832 0.9836
vn 0.1618 0.0852 0.9831
vn 0.2829 -0.0060 0.9591
vn 0.2790 0.0008 0.9603
vn 0.2829 -0.0059 0.9591
vn 0.4899 -0.1857 0.8518
vn 0.4714 -0.1614 0.8670
vn 0.2790 0.0007 0.9603
vn 0.7898 -0.6049 0.1015
vn 0.7967 -0.5708 0.1986
vn 0.3329 -0.4769 -0.8134
vn 0.3561 -0.4803 -0.8015
vn 0.0763 -0.3153 -0.9459
vn 0.0822 -0.3136 -0.9460
vn -0.0610 -0.2226 -0.9730
vn -0.0606 -0.2212 -0.9733
vn -0.1606 -0.1571 -0.9744
vn -0.1629 -0.1576 -0.9740
vn -0.3038 -0.0659 -0.9505
vn -0.3096 -0.0678 -0.9484
vn -0.5941 0.1226 -0.7950
vn -0.6147 0.1277 -0.7784
vn -0.8790 0.4621 0.1179
vn -0.3447 0.3442 0.8733
vn -0.3268 0.3375 0.8828
vn -0.8716 0.4611 0.1665
vn -0.0930 0.2449 0.9651
vn 0.0472 0.1719 0.9840
vn -0.3402 0.3521 0.8719
vn -0.8708 0.4659 0.1571
vn -0.6092 0.1259 -0.7829
vn -0.3082 -0.0692 -0.9488
vn -0.1616 -0.1598 -0.9738
vn -0.0615 -0.2235 -0.9728
vn 0.0728 -0.3094 -0.9481
vn 0.3210 -0.4525 -0.8320
vn 0.8123 -0.5830 0.0143
vn 0.5152 -0.1628 0.8415
vn 0.2890 0.0164 0.9572
vn 0.1616 0.1046 0.9813
vn 0.0593 0.2444 0.9679
vn 0.1236 0.2668 0.9558
vn -0.1016 0.2415 0.9651
vn -0.4754 0.3151 0.8214
vn -0.8775 0.3264 -0.3514
vn -0.5423 0.0939 -0.8350
vn -0.2755 -0.1069 -0.9553
vn 0.0930 -0.0770 -0.9927
vn 0.1848 -0.1570 -0.9701
vn 0.2841 -0.3366 -0.8978
vn 0.6748 -0.4398 -0.5927
vn 0.9848 0.0096 0.1734
vn 0.6612 0.3354 0.6711
vn 0.3461 0.4718 0.8109
vn 0.1832 0.4574 0.8702
vn 0.3461 0.4718 0.8110
vn 0.1264 0.4151 0.9010
vn -0.2764 -0.5183 -0.8093
vn -0.0368 -0.4087 -0.9119
vn 0.0979 -0.3229 -0.9414
vn 0.2125 -0.2322 -0.9492
vn 0.4860 -0.1108 -0.8669
vn 0.9744 0.1213 0.1895
vn 0.4923 0.1340 0.8600
vn 0.2100 0.1293 0.9691
vn 0.0314 0.1241 0.9918
vn -0.0247 0.4352 0.9000
vn 0.0437 0.4573 0.8882
vn -0.1281 0.3548 0.9261
vn -0.4436 0.1736 0.8793
vn -0.9514 -0.2450 0.1863
vn -0.5580 -0.6644 -0.4973
vn -0.2296 -0.5897 -0.7743
vn 0.0283 -0.3777 -0.9255
vn 0.1453 -0.1391 -0.9795
vn 0.3208 0.0704 -0.9445
vn 0.5824 0.2195 -0.7827
vn 0.7605 0.2988 -0.5765
vn 0.7914 0.6093 -0.0503
vn 0.3654 0.6136 0.7000
vn 0.1160 0.5021 0.8570
vn 0.3653 0.6137 0.6999
vn 0.0746 0.4148 0.9068
vn -0.0888 0.2060 0.9745
vn 0.0337 0.2429 0.9695
vn 0.2257 0.2533 0.9407
vn 0.5440 0.2480 0.8016
vn 0.9585 0.2687 -0.0954
vn 0.4561 -0.0508 -0.8885
vn 0.2164 -0.1944 -0.9568
vn 0.0997 -0.2863 -0.9529
vn -0.0336 -0.3405 -0.9396
vn -0.2550 -0.4386 -0.8617
vn -0.6401 -0.5853 -0.4978
vn -0.9463 -0.0931 0.3095
vn -0.4951 0.2959 0.8169
vn -0.4951 0.2960 0.8169
vn -0.2277 0.3071 0.9240
vn 0.0195 0.2149 0.9764
vn 0.1168 0.2151 0.9696
vn -0.1930 0.1681 0.9667
vn -0.6724 -0.0684 0.7370
vn -0.8337 -0.5326 -0.1459
vn -0.6377 -0.2217 -0.7377
vn -0.2318 0.1452 -0.9619
vn 0.0611 -0.0651 -0.9960
vn 0.1207 -0.4134 -0.9025
vn 0.2137 -0.6423 -0.7361
vn 0.5780 -0.7862 0.2189
vn 0.4079 -0.2574 0.8760
vn 0.2538 -0.0156 0.9671
vn 0.1625 0.1228 0.9790
vn 0.2538 -0.0157 0.9671
vn 0.0460 0.1999 0.9787
vn 0.1638 0.1377 0.9768
vn 0.3046 0.0534 0.9510
vn 0.3047 0.0534 0.9510
vn 0.5725 -0.1379 0.8082
vn 0.8251 -0.5407 -0.1639
vn 0.3025 -0.4118 -0.8596
vn 0.0693 -0.2968 -0.9524
vn -0.0617 -0.2231 -0.9728
vn -0.1624 -0.1660 -0.9727
vn -0.3111 -0.0823 -0.9468
vn -0.6174 0.1075 -0.7793
vn -0.8728 0.4556 0.1750
vn -0.3449 0.3633 0.8655
vn -0.0953 0.2657 0.9593
vn 0.8721 -0.0327 -0.4883
vn 0.2807 -0.5700 0.7722
vn 0.0432 -0.3516 -0.9352
vn -0.0154 -0.2029 -0.9791
vn 0.0044 -0.7081 -0.7061
vn -0.0624 -0.7632 0.6432
vn -0.1835 -0.4128 0.8921
vn -0.1568 -0.9409 0.3001
vn -0.0693 -0.9561 0.2846
vn -0.0552 -0.9355 0.3489
vn -0.2484 -0.8928 0.3757
vn -0.2445 -0.9192 0.3086
vn 0.8962 -0.0216 -0.4431
vn 0.5905 -0.8068 0.0202
vn 0.5431 -0.8385 -0.0448
vn 0.8673 -0.0871 -0.4901
vn -0.0752 -0.7965 0.5999
vn -0.2294 -0.7146 0.6608
vn 0.5642 -0.7951 0.2226
vn 0.8486 -0.1281 -0.5133
vn 0.0294 -0.6448 -0.7638
vn 0.1206 -0.8708 0.4767
vn 0.1402 -0.8226 0.5510
vn 0.1432 -0.9674 0.2089
vn 0.1466 -0.9467 0.2868
vn 0.2262 -0.9418 0.2486
vn 0.2173 -0.9622 0.1641
vn 0.2038 -0.8035 0.5594
vn 0.1866 -0.7784 0.5994
vn 0.0416 -0.5924 -0.8046
vn -0.2388 0.0853 0.9673
vn -0.3032 0.0821 0.9494
vn -0.1752 0.0959 0.9799
vn -0.1914 0.7965 0.5736
vn -0.0689 0.7837 0.6172
vn -0.2649 0.7153 0.6467
vn -0.3567 0.2552 0.8987
vn -0.1338 -0.3616 0.9227
vn -0.2931 -0.4625 0.8368
vn 0.0011 -0.2401 0.9708
vn 0.0730 -0.0635 0.9953
vn 0.0690 0.9585 -0.2767
vn 0.3004 0.9521 0.0575
vn 0.3809 0.7473 0.5445
vn -0.1280 0.9257 -0.3560
vn -0.3276 0.9285 -0.1746
vn -0.5705 -0.3884 0.7237
vn -0.7926 0.1265 0.5965
vn 0.2131 0.3003 0.9297
vn -0.6031 0.7333 0.3139
vn 0.0114 0.9173 0.3979
vn 0.1459 0.9811 0.1272
vn 0.2278 0.8794 -0.4180
vn 0.1746 0.5494 -0.8171
vn 0.0788 0.3171 -0.9451
vn 0.0346 0.4988 -0.8660
vn -0.0148 0.2208 -0.9752
vn -0.0281 0.4288 -0.9030
vn -0.0149 0.2208 -0.9752
vn -0.1180 0.2336 -0.9652
vn -0.2549 0.3940 -0.8830
vn -0.3982 0.7672 -0.5029
vn -0.3066 0.9389 0.1566
vn -0.1308 0.8981 0.4199
vn 0.0114 0.9174 0.3979
vn 0.0348 0.6926 0.7205
vn 0.2161 0.8317 0.5115
vn 0.4158 0.8804 -0.2279
vn 0.2846 0.3962 -0.8729
vn 0.1203 0.1193 -0.9855
vn -0.0018 0.0160 -0.9999
vn -0.1310 0.0048 -0.9914
vn -0.3432 0.1288 -0.9304
vn -0.7032 0.6439 -0.3017
vn -0.3630 0.7010 0.6138
vn -0.1229 0.6478 0.7518
vn 0.0348 0.6926 0.7204
vn 0.0493 0.4447 0.8943
vn 0.2479 0.5540 0.7947
vn 0.6756 0.7212 0.1530
vn 0.4249 0.1458 -0.8934
vn 0.1596 -0.1008 -0.9820
vn 0.0114 -0.1897 -0.9818
vn 0.0115 -0.1896 -0.9818
vn -0.1371 -0.2341 -0.9625
vn -0.4175 -0.2399 -0.8764
vn -0.9678 0.1048 0.2290
vn -0.3319 0.3327 0.8827
vn -0.1029 0.3848 0.9173
vn 0.0577 0.2155 0.9748
vn 0.2439 0.2449 0.9384
vn 0.7522 0.1719 0.6361
vn 0.5749 -0.2826 -0.7679
vn 0.1963 -0.3604 -0.9119
vn 0.0257 -0.4116 -0.9110
vn 0.0257 -0.4117 -0.9110
vn -0.1344 -0.4892 -0.8618
vn -0.4246 -0.6509 -0.6294
vn -0.6606 -0.4592 0.5940
vn -0.2644 0.0147 0.9643
vn -0.0805 0.1537 0.9848
vn 0.0576 0.2155 0.9748
vn 0.0622 0.0006 0.9981
vn 0.2184 -0.0400 0.9750
vn 0.5325 -0.3264 0.7809
vn 0.5698 -0.7550 -0.3245
vn 0.2224 -0.6599 -0.7177
vn 0.0417 -0.6593 -0.7507
vn 0.0418 -0.6594 -0.7507
vn -0.1173 -0.7497 -0.6513
vn -0.3325 -0.9139 -0.2330
vn -0.3818 -0.6481 0.6589
vn -0.1942 -0.2252 0.9548
vn -0.0571 -0.0541 0.9969
vn 0.0639 -0.2131 0.9749
vn 0.1806 -0.2894 0.9400
vn 0.3372 -0.5611 0.7559
vn 0.3857 -0.9107 0.1477
vn 0.2139 -0.9169 -0.3369
vn 0.0572 -0.8979 -0.4364
vn 0.0572 -0.8980 -0.4363
vn -0.0792 -0.9507 -0.2999
vn -0.2020 -0.9712 0.1262
vn -0.2140 -0.7183 0.6620
vn -0.1269 -0.4134 0.9017
vn -0.0320 -0.2547 0.9665
vn -0.0793 -0.9507 -0.2998
vn -0.0263 -0.9932 0.1136
vn -0.0043 -0.4527 0.8917
vn 0.1562 -0.1865 0.9700
vn 0.1639 -0.1348 0.9772
vn 0.2722 -0.0902 0.9580
vn 0.2783 -0.0825 0.9570
vn 0.0690 -0.1356 0.9884
vn 0.0884 -0.0800 0.9929
vn 0.0086 0.0576 0.9983
vn 0.0163 0.1009 0.9948
vn -0.0261 0.3604 0.9324
vn -0.0117 0.3660 0.9306
vn 0.0274 0.7368 0.6755
vn 0.1086 0.8469 0.5206
vn 0.1045 0.8788 0.4656
vn 0.0429 0.7310 0.6810
vn -0.0206 0.5849 0.8109
vn 0.0052 0.5613 0.8276
vn 0.2223 0.9018 0.3705
vn 0.2387 0.8939 0.3794
vn 0.3902 0.8075 0.4423
vn 0.4090 0.8246 0.3907
vn 0.5647 0.5899 0.5772
vn 0.5072 0.5924 0.6260
vn 0.5312 0.2902 0.7960
vn 0.5128 0.3301 0.7925
vn 0.4134 0.1318 0.9009
vn 0.4144 0.0689 0.9075
vn 0.1385 0.8166 0.5604
vn 0.0987 0.6875 0.7195
vn 0.0639 0.5493 0.8332
vn 0.0387 0.4113 0.9107
vn 0.0709 0.1780 0.9815
vn 0.1271 0.0432 0.9909
vn 0.1867 0.0785 0.9793
vn 0.2440 0.2222 0.9440
vn 0.2827 0.3399 0.8969
vn 0.3156 0.4038 0.8587
vn 0.3633 0.5244 0.7700
vn 0.3313 0.7773 0.5349
vn 0.2094 0.8694 0.4475
vn 0.0233 -0.5315 0.8467
vn 0.0051 -0.6032 0.7976
vn 0.0119 -0.9760 0.2174
vn 0.0250 -0.9845 0.1737
vn 0.0383 -0.5360 0.8434
vn 0.0308 -0.9612 0.2741
vn 0.0158 -0.8589 0.5120
vn 0.0573 -0.5684 0.8207
vn 0.0610 -0.5736 0.8168
vn -0.0036 -0.7864 0.6177
vn -0.0177 -0.7659 0.6427
vn 0.0603 -0.5559 0.8291
vn -0.0263 -0.7163 0.6973
vn 0.0698 -0.4935 0.8670
vn 0.0771 -0.4368 0.8962
vn -0.0189 -0.6493 0.7603
vn 0.0372 -0.3876 0.9211
vn -0.0574 -0.5617 0.8254
vn -0.1058 -0.4767 0.8727
vn -0.0315 -0.3000 0.9534
vn -0.0047 0.0548 0.9985
vn -0.0660 -0.1313 0.9892
vn 0.2835 0.3521 0.8920
vn 0.2463 0.3188 0.9153
vn 0.3272 0.5959 0.7334
vn 0.3317 0.5916 0.7348
vn 0.3211 0.5900 0.7408
vn 0.2955 0.5971 0.7457
vn 0.2746 0.3632 0.8903
vn 0.2906 0.3647 0.8846
vn 0.2177 0.2815 0.9346
vn 0.2456 0.5270 0.8136
vn 0.1356 0.1834 0.9736
vn 0.1358 0.3537 0.9254
vn 0.0726 0.1359 0.9881
vn 0.0778 0.2639 0.9614
vn 0.0402 0.1633 0.9858
vn 0.0382 0.2773 0.9600
vn 0.0116 0.1965 0.9804
vn 0.0110 0.3241 0.9460
vn -0.0028 0.2308 0.9730
vn -0.0013 0.3399 0.9405
vn 0.2409 0.0447 0.9695
vn 0.2152 -0.0067 0.9765
vn 0.2158 0.0665 0.9742
vn 0.1414 0.0130 0.9899
vn 0.0860 -0.1148 0.9897
vn 0.0848 -0.1018 0.9912
vn 0.0888 -0.3216 0.9427
vn 0.0891 -0.2821 0.9552
vn 0.1406 -0.2907 0.9464
vn 0.1130 -0.3084 0.9445
vn -0.0064 -0.1730 0.9849
vn 0.0129 -0.2115 0.9773
vn 0.0410 -0.2305 0.9722
vn 0.0525 -0.2716 0.9610
vn 0.0719 -0.3025 0.9504
vn 0.1113 -0.2962 0.9486
vn 0.0058 -0.5231 0.8522
vn 0.0110 -0.6724 0.7401
vn 0.0159 -0.7128 0.7012
vn 0.0161 -0.6823 0.7309
vn 0.0134 -0.6521 0.7580
vn 0.0185 -0.6510 0.7589
vn 0.0172 -0.6380 0.7699
vn -0.0018 -0.6072 0.7945
vn -0.0141 -0.6671 0.7448
vn 0.0240 -0.7615 0.6478
vn 0.3658 -0.3357 0.8680
vn 0.2877 0.1088 0.9515
vn 0.2622 0.1976 0.9446
vn 0.2748 0.1697 0.9464
vn 0.2579 0.1417 0.9557
vn 0.1825 -0.0849 0.9795
vn 0.1476 -0.1014 0.9838
vn 0.2245 0.1190 0.9672
vn 0.0092 0.0650 0.9978
vn -0.0007 -0.0095 1.0000
vn 0.0306 0.0633 0.9975
vn 0.0866 -0.0187 0.9961
vn 0.1644 0.1511 0.9748
vn 0.0797 0.1927 0.9780
vn 0.1113 0.0265 0.9934
vn 0.0608 -0.1406 0.9882
vn 0.0340 -0.3189 0.9472
vn 0.0578 -0.6558 0.7527
vn 0.0742 -0.8567 0.5105
vn 0.0366 0.0380 0.9986
vn 0.0602 -0.1596 0.9853
vn 0.0522 -0.2614 0.9638
vn 0.0546 -0.3289 0.9428
vn 0.0741 -0.3691 0.9264
vn 0.0787 -0.4431 0.8930
vn 0.0697 -0.4906 0.8686
vn 0.0714 -0.4989 0.8637
vn 0.1832 -0.1850 0.9655
vn 0.0681 -0.2471 0.9666
vn 0.3724 -0.6447 0.6676
vn 0.3658 -0.3356 0.8681
vn 0.2186 -0.6941 0.6859
vn 0.2139 -0.9501 0.2271
vn 0.2074 -0.8887 0.4088
vn 0.2480 -0.7768 0.5789
vn 0.1651 -0.6728 0.7211
vn 0.1837 -0.5541 0.8119
vn 0.1870 -0.3221 0.9281
vn 0.1571 -0.2322 0.9599
vn 0.1522 -0.1850 0.9709
vn 0.1306 -0.1374 0.9819
vn 0.0987 -0.0532 0.9937
vn 0.0775 0.1213 0.9896
vn 0.0819 0.0468 0.9955
vn 0.0453 0.1451 0.9884
vn 0.0469 -0.1989 0.9789
vn 0.0854 -0.1526 0.9846
vn 0.1496 -0.2269 0.9624
vn 0.1240 -0.1339 0.9832
vn 0.1054 -0.1233 0.9868
vn 0.1024 -0.4401 0.8921
vn 0.1236 -0.3983 0.9089
vn 0.0691 -0.5137 0.8552
vn 0.0867 -0.4837 0.8709
vn 0.0402 -0.5242 0.8506
vn 0.1254 -0.5883 0.7989
vn 0.1154 -0.5826 0.8045
vn 0.0793 -0.9530 0.2925
vn 0.0272 -0.9683 0.2482
vn -0.0258 -0.9638 -0.2653
vn 0.0195 -0.9533 -0.3014
vn 0.0665 -0.7241 0.6865
vn 0.0388 -0.7725 0.6339
vn 0.0322 -0.8044 0.5932
vn 0.0351 -0.7966 0.6034
vn -0.0007 -0.9816 0.1908
vn -0.0212 -0.9600 -0.2791
vn 0.1781 -0.2858 0.9416
vn 0.1675 -0.5718 0.8031
vn 0.1711 -0.8994 0.4022
vn 0.2239 -0.9013 0.3710
vn 0.2639 -0.9373 0.2277
vn 0.1006 -0.9400 -0.3259
vn 0.1946 -0.9515 -0.2382
vn 0.2903 -0.9544 -0.0700
vn 0.3776 -0.8059 0.4560
vn 0.2481 -0.7768 0.5789
vn 0.1497 -0.3448 0.9267
vn 0.3599 -0.2957 0.8849
vn 0.5245 -0.8057 0.2754
vn 0.5940 -0.1985 0.7796
vn 0.0808 -0.2742 0.9583
vn 0.2440 -0.0770 0.9667
vn 0.4110 0.1350 0.9016
vn 0.0021 -0.9630 0.2694
vn 0.0284 -0.9322 0.3608
vn -0.0097 -0.9986 0.0517
vn 0.0411 0.2070 0.9775
vn 0.0502 0.3620 0.9308
vn 0.0395 0.0079 0.9992
vn 0.0430 -0.2555 0.9659
vn 0.0671 -0.8606 0.5048
vn 0.0690 0.4504 0.8902
vn 0.0888 0.5089 0.8562
vn 0.0954 0.5935 0.7991
vn 0.1274 0.5010 0.8560
vn 0.1395 0.5515 0.8224
vn 0.1154 0.4082 0.9056
vn 0.1173 0.2426 0.9630
vn 0.1391 0.0139 0.9902
vn 0.1686 -0.3170 0.9333
vn 0.1890 -0.8963 0.4012
vn 0.0397 -0.6792 -0.7328
vn 0.1723 -0.8118 -0.5579
vn 0.0271 -0.5715 -0.8201
vn 0.1608 -0.7784 -0.6068
vn 0.0340 -0.3188 0.9472
vn 0.0607 -0.1406 0.9882
vn 0.4570 -0.7824 0.4231
vn 0.4352 -0.8886 0.1446
vn 0.5238 -0.3384 0.7817
vn 0.3434 -0.0863 0.9352
vn 0.2526 0.2599 0.9320
vn 0.4161 0.1749 0.8923
vn 0.1816 -0.1098 0.9772
vn 0.2631 0.0536 0.9633
vn 0.1815 -0.1098 0.9772
vn 0.0550 -0.0046 0.9985
vn 0.0731 0.0688 0.9949
vn 0.0754 -0.0351 0.9965
vn 0.0955 -0.0885 0.9915
vn 0.1270 -0.2323 0.9643
vn 0.1068 -0.3380 0.9351
vn 0.0698 -0.3466 0.9354
vn 0.0954 -0.2186 0.9711
vn 0.0902 -0.3373 0.9371
vn 0.0781 -0.3422 0.9364
vn 0.2057 -0.0009 0.9786
vn 0.1622 0.0178 0.9866
vn 0.1415 0.1867 0.9722
vn 0.1066 0.3044 0.9466
vn 0.1326 0.3152 0.9397
vn 0.2750 0.3384 0.8999
vn 0.2751 0.3383 0.8999
vn 0.3167 0.4281 0.8464
vn 0.2633 0.4943 0.8284
vn 0.2784 0.4618 0.8422
vn 0.2191 0.4474 0.8671
vn 0.1978 0.5211 0.8302
vn 0.2144 0.4768 0.8524
vn 0.2784 0.4617 0.8422
vn 0.1602 0.5149 0.8421
vn 0.2215 0.4542 0.8629
vn 0.1974 0.5609 0.8040
vn 0.1940 0.4637 0.8645
vn 0.1510 0.3745 0.9148
vn 0.1761 0.5376 0.8246
vn 0.1923 0.6539 0.7318
vn 0.1873 0.6055 0.7735
vn 0.1979 0.4506 0.8705
vn 0.1824 0.6220 0.7614
vn 0.1699 0.6306 0.7573
vn 0.2189 0.3925 0.8933
vn 0.2004 0.4859 0.8507
vn 0.1568 0.5997 0.7847
vn 0.1327 0.4105 0.9021
vn 0.2410 0.3755 0.8949
vn 0.1647 0.4673 0.8686
vn 0.2641 0.2899 0.9199
vn 0.2480 0.2769 0.9284
vn 0.1950 0.5163 0.8339
vn 0.2658 0.4454 0.8549
vn 0.2570 0.6447 0.7199
vn 0.3023 0.6010 0.7399
vn 0.3138 0.6680 0.6748
vn 0.3137 0.6906 0.6517
vn 0.2382 0.5865 0.7741
vn 0.2168 0.5705 0.7921
vn 0.1670 0.5609 0.8109
vn 0.1692 0.5183 0.8383
vn 0.1686 0.5571 0.8131
vn 0.2737 0.4554 0.8472
vn 0.2397 0.3819 0.8926
vn 0.2736 0.4555 0.8472
vn 0.2112 0.4887 0.8465
vn 0.1597 0.4477 0.8798
vn 0.2111 0.4887 0.8465
vn 0.1661 0.5401 0.8250
vn 0.1342 0.4876 0.8627
vn 0.1660 0.5402 0.8250
vn 0.1085 0.5193 0.8477
vn 0.1395 0.5516 0.8224
vn 0.0859 0.5171 0.8516
vn 0.1249 0.4653 0.8763
vn 0.1505 0.4659 0.8719
vn 0.2126 0.3879 0.8969
vn 0.2260 0.5008 0.8356
vn 0.2753 0.5345 0.7991
vn 0.2958 0.5724 0.7647
vn 0.2638 0.7012 0.6624
vn 0.2962 0.6604 0.6900
vn 0.3058 0.4860 0.8187
vn 0.2978 0.2585 0.9189
vn 0.5317 0.4339 0.7273
vn 0.4905 0.7029 0.5152
vn 0.3265 0.8401 0.4332
vn 0.8069 0.1195 0.5785
vn 0.8172 0.4263 0.3878
vn 0.7180 -0.6912 0.0824
vn 0.8541 -0.4922 -0.1681
vn 0.3077 -0.9012 -0.3053
vn 0.7180 -0.6911 0.0824
vn 0.3232 -0.8094 -0.4904
vn 0.4892 0.7615 0.4253
vn 0.3390 0.8199 0.4613
vn 0.8096 0.5458 0.2159
vn 0.8174 -0.2896 -0.4981
vn 0.3506 0.7714 0.5311
vn 0.3716 0.7653 0.5255
vn 0.4604 0.8524 0.2478
vn 0.3458 0.8584 0.3789
vn 0.7314 0.5891 -0.3434
vn 0.8174 -0.2895 -0.4981
vn 0.5085 -0.1594 -0.8462
vn 0.3217 -0.6719 -0.6672
vn 0.2377 -0.4985 -0.8337
vn 0.8174 -0.2895 -0.4980
vn 0.3217 -0.6718 -0.6672
vn 0.1305 -0.8658 -0.4831
vn 0.0448 -0.7881 -0.6139
vn 0.0234 -0.7937 -0.6079
vn 0.0015 -0.8566 -0.5159
vn -0.0155 -0.9100 -0.4142
vn 0.0985 -0.8086 -0.5801
vn 0.0151 -0.7523 -0.6587
vn 0.0368 -0.7289 -0.6836
vn 0.0617 -0.7790 -0.6240
vn 0.0225 -0.9257 -0.3775
vn 0.0850 -0.7303 -0.6778
vn 0.0849 -0.7303 -0.6778
vn 0.0804 -0.6463 -0.7588
vn 0.0027 -0.7144 -0.6998
vn 0.0030 -0.7145 -0.6996
vn 0.0254 -0.6199 -0.7843
vn 0.0211 -0.6764 -0.7362
vn 0.0209 -0.6764 -0.7362
vn 0.0044 -0.5958 -0.8031
vn 0.0603 -0.6082 -0.7915
vn 0.0597 -0.6081 -0.7916
vn 0.0086 -0.5781 -0.8159
vn 0.1736 0.5944 0.7852
vn 0.1378 0.5710 0.8093
vn 0.0856 0.6388 0.7646
vn 0.2918 0.6511 0.7007
vn 0.3346 0.6730 0.6596
vn 0.1829 0.6468 0.7404
vn 0.0924 0.6766 0.7306
vn 0.3346 0.6731 0.6596
vn 0.3909 0.8314 0.3949
vn 0.3643 0.8241 0.4338
vn 0.1971 0.8300 0.5217
vn 0.0762 0.8113 0.5796
vn 0.0781 0.6912 0.7184
vn 0.0853 0.9726 0.2164
vn 0.1912 0.9764 0.1003
vn 0.3228 0.9461 -0.0257
vn 0.3460 0.9379 -0.0259
vn 0.3095 0.9497 0.0475
vn 0.3931 0.8993 -0.1919
vn 0.4362 0.3979 -0.8071
vn 0.2702 -0.1387 -0.9528
vn 0.1186 -0.4348 -0.8927
vn 0.1620 0.9748 -0.1536
vn 0.0782 0.9939 -0.0777
vn 0.2614 0.9296 -0.2600
vn 0.2844 0.9342 -0.2154
vn 0.2644 0.9519 -0.1547
vn 0.3003 0.7848 -0.5421
vn 0.2494 0.2362 -0.9391
vn 0.1494 -0.1767 -0.9729
vn 0.0538 -0.4536 -0.8896
vn 0.0768 0.9905 -0.1144
vn 0.2309 0.9404 -0.2497
vn 0.1430 0.9681 -0.2060
vn 0.2689 0.9356 -0.2285
vn 0.0834 0.9791 -0.1854
vn 0.1728 0.9598 -0.2211
vn 0.1044 0.9697 -0.2207
vn 0.1924 0.9281 -0.3186
vn 0.2513 0.9215 -0.2961
vn 0.1780 0.8364 -0.5184
vn 0.2278 0.6249 -0.7467
vn 0.1374 0.4809 -0.8659
vn 0.1584 0.1366 -0.9779
vn 0.0948 0.0926 -0.9912
vn 0.0973 -0.1993 -0.9751
vn 0.0666 -0.1756 -0.9822
vn 0.0263 -0.4948 -0.8686
vn 0.0343 -0.4709 -0.8815
vn 0.0088 -0.6446 -0.7645
vn 0.0402 -0.7152 -0.6978
vn 0.0384 -0.1241 -0.9915
vn 0.0427 -0.3108 -0.9495
vn 0.0429 0.0970 -0.9944
vn 0.0595 0.4134 -0.9086
vn 0.0889 0.7491 -0.6564
vn 0.1026 0.9261 -0.3632
vn 0.2628 0.1246 0.9568
vn 0.1876 0.0488 0.9810
vn 0.1382 0.0593 0.9886
vn 0.0943 0.1535 0.9836
vn 0.1070 0.3663 0.9243
vn 0.1520 0.4598 0.8749
vn 0.1773 0.5083 0.8427
vn 0.1131 0.4729 0.8738
vn 0.2294 0.4830 0.8450
vn 0.2592 0.4854 0.8350
vn 0.2811 0.4105 0.8674
vn 0.3016 0.3241 0.8966
vn 0.3260 0.2546 0.9104
vn 0.1453 0.6515 0.7446
vn 0.2267 0.7296 0.6452
vn 0.3339 0.7603 0.5571
vn 0.3806 -0.1931 0.9044
vn 0.2286 -0.1944 0.9539
vn 0.1145 -0.0637 0.9914
vn 0.1011 0.5594 0.8227
vn 0.0919 -0.9250 -0.3688
vn 0.1614 -0.7518 -0.6393
vn 0.1629 -0.5317 -0.8311
vn 0.0972 -0.4040 -0.9096
vn 0.1624 -0.5317 -0.8312
vn 0.0547 -0.3314 -0.9419
vn 0.1807 -0.9667 -0.1814
vn 0.2367 -0.8537 0.4639
vn 0.4528 -0.4255 -0.7836
vn 0.3612 -0.8080 -0.4655
vn 0.5097 -0.7118 0.4833
vn 0.8119 -0.1109 0.5732
vn 0.5694 0.6942 0.4403
vn 0.3761 0.0682 -0.9241
vn 0.2770 0.7547 -0.5947
vn 0.2163 0.8596 0.4629
vn 0.1613 0.7291 0.6651
vn 0.1525 0.7086 0.6889
vn 0.2766 0.4511 0.8485
vn 0.2124 0.3769 0.9016
vn 0.2184 0.0284 0.9754
vn 0.3037 0.0628 0.9507
vn 0.3037 0.0627 0.9507
vn 0.2542 -0.2662 0.9298
vn 0.1928 -0.2239 0.9554
vn 0.1503 -0.4853 0.8614
vn 0.1222 -0.3950 0.9105
vn 0.1305 0.9564 0.2612
vn 0.1380 0.9227 0.3599
vn 0.1706 0.4541 0.8745
vn 0.1617 0.6841 0.7112
vn 0.1432 0.3153 0.9381
vn 0.1283 0.2340 0.9637
vn 0.1057 0.0346 0.9938
vn 0.1072 0.0041 0.9942
vn 0.0904 -0.1280 0.9876
vn 0.0933 -0.1793 0.9794
vn 0.0958 -0.2086 0.9733
vn 0.0715 -0.3018 0.9507
vn 0.1016 -0.3201 0.9419
vn 0.0967 -0.2813 0.9547
vn 0.0565 -0.4169 0.9072
vn 0.0441 -0.3566 0.9332
vn 0.1512 0.8165 0.5573
vn 0.2032 0.4622 0.8632
vn 0.1686 0.0148 0.9856
vn 0.1243 -0.1848 0.9749
vn 0.0803 -0.2998 0.9506
vn 0.1174 0.0068 0.9931
vn 0.2372 0.1543 0.9591
vn 0.2780 0.1789 0.9438
vn 0.1843 0.1521 0.9710
vn 0.2077 0.7798 0.5905
vn 0.0893 0.7809 0.6182
vn 0.2674 0.6999 0.6623
vn 0.3112 0.3172 0.8958
vn 0.2875 -0.3069 0.9073
vn 0.1404 -0.2843 0.9484
vn -0.0005 -0.2125 0.9772
vn -0.0738 -0.0483 0.9961
vn -0.2973 0.9517 0.0762
vn -0.0586 0.9598 -0.2746
vn -0.3766 0.7480 0.5465
vn 0.1296 0.9181 -0.3745
vn 0.3178 0.9263 -0.2024
vn 0.6813 0.2834 0.6750
vn 0.5059 -0.1563 0.8483
vn -0.2131 0.3045 0.9284
vn 0.5551 0.7687 0.3177
vn -0.3437 -0.0821 0.9355
vn -0.2382 0.0553 0.9696
vn 0.0714 0.9659 -0.2487
vn 0.5440 -0.5612 -0.6238
vn -0.3423 0.0270 0.9392
vn 0.3139 0.1860 0.9311
vn -0.4315 -0.6005 -0.6732
usemtl bench1
f 19/19/19 20/20/20 21/21/21
f 20/20/20 22/22/22 21/21/21
f 22/22/22 23/23/23 21/21/21
f 23/23/23 24/24/24 21/21/21
f 24/24/24 25/25/25 21/21/21
f 25/25/25 19/19/19 21/21/21
f 26/26/26 27/27/27 28/28/28
f 27/27/27 29/29/29 28/28/28
f 29/29/29 30/30/30 28/28/28
f 30/30/30 31/31/31 28/28/28
f 31/31/31 32/32/32 28/28/28
f 32/32/32 26/26/26 28/28/28
f 33/33/33 34/34/34 35/35/35
f 34/34/34 36/36/36 35/35/35
f 36/36/36 37/37/37 35/35/35
f 37/37/37 38/38/38 35/35/35
f 38/38/38 39/39/39 35/35/35
f 39/39/39 33/33/33 35/35/35
f 40/40/40 41/41/41 42/42/42
f 41/41/41 43/43/43 42/42/42
f 43/43/43 44/44/44 42/42/42
f 44/44/44 45/45/45 42/42/42
f 45/45/45 46/46/46 42/42/42
f 46/46/46 40/40/40 42/42/42
f 47/47/47 48/48/48 49/49/49
f 50/50/50 51/51/51 52/52/52
f 53/53/53 54/54/54 55/55/55
f 56/56/56 54/54/54 57/57/57
f 58/58/58 59/59/59 56/56/56
f 60/60/60 59/59/59 61/61/61
f 56/56/56 59/59/59 54/54/54
f 62/62/62 56/56/56 57/57/57
f 63/63/63 64/64/64 65/65/65
f 64/64/64 66/66/66 65/65/65
f 66/66/66 67/67/67 65/65/65
f 67/67/67 68/68/68 65/65/65
f 68/68/68 69/69/69 65/65/65
f 69/69/69 63/63/63 65/65/65
f 70/70/70 71/71/71 72/72/72
f 73/73/73 74/74/74 75/75/75
f 76/76/76 77/77/77 78/78/78
f 79/79/79 80/80/80 81/81/81
f 82/82/82 83/83/83 84/84/84
f 85/85/85 86/86/86 87/87/87
f 88/88/88 89/89/89 90/90/90
f 91/91/91 92/92/92 93/93/93
f 94/94/94 95/95/95 96/96/96
f 97/97/97 98/98/98 99/99/99
f 100/100/100 101/101/101 102/102/102
f 101/101/101 103/103/103 102/102/102
f 103/103/103 104/104/104 102/102/102
f 104/104/104 105/105/105 102/102/102
f 105/105/105 106/106/106 102/102/102
f 106/106/106 100/100/100 102/102/102
f 107/107/107 108/108/108 109/109/109
f 108/108/108 110/110/110 109/109/109
f 110/110/110 111/111/111 109/109/109
f 111/111/111 112/112/112 109/109/109
f 112/112/112 113/113/113 109/109/109
f 113/113/113 107/107/107 109/109/109
f 114/114/114 115/101/115 116/115/116
f 115/101/115 117/116/117 116/115/116
f 117/116/117 118/117/118 116/115/116
f 118/117/118 119/118/119 116/115/116
f 119/118/119 120/119/120 116/115/116
f 120/119/120 114/114/114 116/115/116
f 121/120/121 122/121/115 123/122/116
f 122/121/115 124/123/117 123/122/116
f 124/123/117 125/124/118 123/122/116
f 125/124/118 126/68/119 123/122/116
f 126/68/119 127/125/120 123/122/116
f 127/125/120 121/120/121 123/122/116
f 128/114/122 129/126/123 130/122/124
f 129/126/123 131/127/125 130/122/124
f 131/127/125 132/128/126 130/122/124
f 132/128/126 133/118/127 130/122/124
f 133/118/127 134/119/128 130/122/124
f 134/119/128 128/114/122 130/122/124
f 135/63/129 136/64/130 137/65/65
f 136/64/130 138/66/66 137/65/65
f 138/66/66 139/67/131 137/65/65
f 139/67/131 140/68/132 137/65/65
f 140/68/132 141/69/69 137/65/65
f 141/69/69 135/63/129 137/65/65
f 142/100/133 143/101/101 144/102/102
f 143/101/101 145/103/134 144/102/102
f 145/103/134 146/104/104 144/102/102
f 146/104/104 147/105/135 144/102/102
f 147/105/135 148/106/106 144/102/102
f 148/106/106 142/100/133 144/102/102
f 149/107/136 150/108/108 151/109/109
f 150/108/108 152/110/137 151/109/109
f 152/110/137 153/111/138 151/109/109
f 153/111/138 154/112/139 151/109/109
f 154/112/139 155/113/113 151/109/109
f 155/113/113 149/107/136 151/109/109
f 156/114/140 157/101/115 158/115/116
f 157/101/115 159/116/141 158/115/116
f 159/116/141 160/117/118 158/115/116
f 160/117/118 161/118/119 158/115/116
f 161/118/119 162/119/120 158/115/116
f 162/119/120 156/114/140 158/115/116
f 163/120/114 164/121/115 165/122/116
f 164/121/115 166/123/141 165/122/116
f 166/123/141 167/124/118 165/122/116
f 167/124/118 168/68/119 165/122/116
f 168/68/119 169/125/120 165/122/116
f 169/125/120 163/120/114 165/122/116
f 170/114/122 171/126/142 172/122/124
f 171/126/142 173/127/125 172/122/124
f 173/127/125 174/128/143 172/122/124
f 174/128/143 175/118/144 172/122/124
f 175/118/144 176/119/145 172/122/124
f 176/119/145 170/114/122 172/122/124
f 177/70/146 178/71/71 179/72/147
f 180/73/148 181/74/74 182/75/149
f 183/76/150 184/77/77 185/78/78
f 186/79/151 187/80/80 188/81/81
f 189/82/82 190/83/83 191/84/84
f 192/85/85 193/86/86 194/87/152
f 195/88/88 196/89/89 197/90/90
f 198/91/91 199/92/153 200/93/154
f 201/94/155 202/95/95 203/96/156
f 204/97/157 205/98/158 206/99/99
f 207/129/159 208/130/160 209/131/161
f 210/132/162 211/133/163 212/134/164
f 213/135/165 214/136/166 215/137/167
f 216/138/168 217/139/169 218/140/170
f 219/141/171 220/142/172 221/143/173
f 222/144/174 223/145/175 224/146/176
f 225/147/177 226/148/178 227/149/179
f 228/150/180 225/147/177 227/149/179
f 229/151/181 228/150/180 227/149/179
f 230/152/182 229/151/181 227/149/179
f 231/153/183 230/152/182 227/149/179
f 232/154/184 231/153/183 227/149/179
f 226/148/178 232/154/184 227/149/179
f 233/155/185 234/156/186 235/157/187
f 234/156/186 236/158/188 235/157/187
f 236/158/188 237/159/189 235/157/187
f 237/159/189 238/160/190 235/157/187
f 238/160/190 239/161/191 235/157/187
f 239/161/191 240/162/192 235/157/187
f 240/162/192 233/155/185 235/157/187
f 241/163/193 242/164/194 20/20/20
f 241/163/193 20/20/20 19/19/19
f 242/164/194 243/165/195 22/22/22
f 242/164/194 22/22/22 20/20/20
f 243/165/195 244/166/196 23/23/23
f 243/165/195 23/23/23 22/22/22
f 244/166/196 245/167/197 24/24/24
f 244/166/196 24/24/24 23/23/23
f 245/167/197 246/168/198 25/25/25
f 245/167/197 25/25/25 24/24/24
f 246/168/198 241/163/193 19/19/19
f 246/168/198 19/19/19 25/25/25
f 242/164/194 241/163/193 247/169/199
f 242/164/194 247/169/199 248/170/200
f 243/165/195 242/164/194 248/170/200
f 243/165/195 248/170/200 249/171/201
f 244/166/196 243/165/195 249/171/201
f 244/166/196 249/171/201 250/172/202
f 245/167/197 244/166/196 250/172/202
f 245/167/197 250/172/202 251/173/203
f 246/168/198 245/167/197 251/173/203
f 246/168/198 251/173/203 252/174/204
f 241/163/193 246/168/198 252/174/204
f 241/163/193 252/174/204 247/169/199
f 253/175/205 254/176/206 27/27/27
f 253/175/205 27/27/27 26/26/26
f 254/176/206 255/177/207 29/29/29
f 254/176/206 29/29/29 27/27/27
f 255/177/207 256/178/208 30/30/30
f 255/177/207 30/30/30 29/29/29
f 256/178/208 257/179/209 31/31/31
f 256/178/208 31/31/31 30/30/30
f 257/179/209 258/180/210 32/32/32
f 257/179/209 32/32/32 31/31/31
f 258/180/210 253/175/205 26/26/26
f 258/180/210 26/26/26 32/32/32
f 254/176/206 253/175/205 259/181/211
f 254/176/206 259/181/211 260/182/212
f 255/177/207 254/176/206 260/182/212
f 255/177/207 260/182/212 261/183/213
f 256/178/208 255/177/207 261/183/213
f 256/178/208 261/183/213 262/184/214
f 257/179/209 256/178/208 262/184/214
f 257/179/209 262/184/214 263/185/215
f 258/180/210 257/179/209 263/185/215
f 258/180/210 263/185/215 264/186/216
f 253/175/205 258/180/210 264/186/216
f 253/175/205 264/186/216 259/181/211
f 265/187/217 266/188/218 34/34/34
f 265/187/217 34/34/34 33/33/33
f 266/188/218 267/189/219 36/36/36
f 266/188/218 36/36/36 34/34/34
f 267/189/219 268/190/220 37/37/37
f 267/189/219 37/37/37 36/36/36
f 268/190/220 269/191/221 38/38/38
f 268/190/220 38/38/38 37/37/37
f 269/191/221 270/192/222 39/39/39
f 269/191/221 39/39/39 38/38/38
f 270/192/222 265/187/217 33/33/33
f 270/192/222 33/33/33 39/39/39
f 266/188/218 265/187/217 271/193/223
f 266/188/218 271/193/223 272/194/224
f 267/189/219 266/188/218 272/194/224
f 267/189/219 272/194/224 273/195/225
f 268/190/220 267/189/219 273/195/225
f 268/190/220 273/195/225 274/196/226
f 269/191/221 268/190/220 274/196/226
f 269/191/221 274/196/226 275/197/227
f 270/192/222 269/191/221 275/197/227
f 270/192/222 275/197/227 276/198/228
f 265/187/217 270/192/222 276/198/228
f 265/187/217 276/198/228 271/193/223
f 277/199/229 278/176/230 41/41/41
f 277/199/229 41/41/41 40/40/40
f 278/176/230 279/200/231 43/43/43
f 278/176/230 43/43/43 41/41/41
f 279/200/231 280/201/232 44/44/44
f 279/200/231 44/44/44 43/43/43
f 280/201/232 281/202/233 45/45/45
f 280/201/232 45/45/45 44/44/44
f 281/202/233 282/203/234 46/46/46
f 281/202/233 46/46/46 45/45/45
f 282/203/234 277/199/229 40/40/40
f 282/203/234 40/40/40 46/46/46
f 278/176/230 277/199/229 283/204/235
f 278/176/230 283/204/235 284/205/236
f 279/200/231 278/176/230 284/205/236
f 279/200/231 284/205/236 285/206/237
f 280/201/232 279/200/231 285/206/237
f 280/201/232 285/206/237 286/207/238
f 281/202/233 280/201/232 286/207/238
f 281/202/233 286/207/238 287/185/239
f 282/203/234 281/202/233 287/185/239
f 282/203/234 287/185/239 288/208/240
f 277/199/229 282/203/234 288/208/240
f 277/199/229 288/208/240 283/204/235
f 289/209/241 290/210/242 291/211/243
f 289/209/241 291/211/243 292/212/244
f 293/213/245 294/214/246 295/215/247
f 293/213/245 295/215/247 296/216/248
f 297/217/249 298/218/250 299/219/251
f 297/217/249 299/219/251 300/220/252
f 301/221/253 302/222/254 303/223/255
f 301/221/253 303/223/255 304/224/256
f 305/225/257 306/226/258 307/227/259
f 305/225/257 307/227/259 308/228/260
f 309/229/261 310/230/262 311/231/263
f 309/229/261 311/231/263 312/232/264
f 313/233/265 314/234/266 315/235/267
f 313/233/265 315/235/267 316/236/268
f 317/237/269 301/221/253 304/224/256
f 317/237/269 304/224/256 318/238/270
f 319/239/271 320/240/272 321/241/273
f 319/239/271 321/241/273 322/242/274
f 323/243/275 324/244/276 325/245/277
f 323/243/275 325/245/277 326/246/278
f 327/247/279 328/248/280 329/249/281
f 327/247/279 329/249/281 330/250/282
f 331/251/283 332/252/284 333/253/285
f 331/251/283 333/253/285 334/254/286
f 335/255/287 336/256/288 337/257/289
f 335/255/287 337/257/289 338/258/290
f 339/259/291 340/260/292 341/261/293
f 339/259/291 341/261/293 342/262/294
f 343/263/295 344/264/296 345/265/297
f 343/263/295 345/265/297 346/266/298
f 347/267/299 348/268/300 349/269/301
f 347/267/299 349/269/301 350/270/302
f 290/210/242 351/271/303 352/272/304
f 290/210/242 352/272/304 291/211/243
f 340/260/292 353/273/305 354/274/306
f 340/260/292 354/274/306 341/261/293
f 355/275/307 323/243/275 326/246/278
f 355/275/307 326/246/278 356/276/308
f 312/232/264 311/231/263 357/277/309
f 312/232/264 357/277/309 358/278/310
f 303/223/255 359/279/311 360/280/312
f 303/223/255 360/280/312 304/224/256
f 318/238/270 304/224/256 360/280/312
f 318/238/270 360/280/312 361/281/313
f 362/282/314 331/251/283 334/254/286
f 362/282/314 334/254/286 363/283/315
f 364/284/316 347/267/299 350/270/302
f 364/284/316 350/270/302 365/285/317
f 366/286/318 367/287/319 368/288/320
f 366/286/318 368/288/320 369/289/321
f 370/290/322 371/291/323 372/292/324
f 370/290/322 372/292/324 373/293/325
f 374/294/326 375/295/327 376/296/328
f 374/294/326 376/296/328 377/297/329
f 378/298/330 379/299/331 375/295/327
f 378/298/330 375/295/327 374/294/326
f 380/300/332 381/301/333 382/302/334
f 380/300/332 382/302/334 383/303/335
f 370/290/322 373/293/325 384/304/336
f 370/290/322 384/304/336 385/305/337
f 293/213/245 296/216/248 386/306/338
f 293/213/245 386/306/338 387/307/339
f 321/241/273 388/308/340 389/309/341
f 321/241/273 389/309/341 322/242/274
f 337/257/289 390/310/342 391/311/343
f 337/257/289 391/311/343 338/258/290
f 392/312/344 393/313/345 394/314/346
f 392/312/344 394/314/346 395/315/347
f 396/316/348 397/317/349 398/318/350
f 396/316/348 398/318/350 399/319/351
f 400/320/352 401/321/353 402/322/354
f 400/320/352 402/322/354 403/323/355
f 56/56/56 404/324/356 405/325/357
f 56/56/56 405/325/357 406/326/358
f 351/271/303 407/327/359 408/328/360
f 351/271/303 408/328/360 352/272/304
f 353/273/305 343/263/295 346/266/298
f 353/273/305 346/266/298 354/274/306
f 329/249/281 355/275/307 356/276/308
f 329/249/281 356/276/308 330/250/282
f 358/278/310 357/277/309 316/236/268
f 358/278/310 316/236/268 315/235/267
f 297/217/249 300/220/252 409/329/361
f 297/217/249 409/329/361 410/330/362
f 411/331/363 412/332/364 413/333/365
f 411/331/363 413/333/365 414/334/366
f 415/335/367 416/336/368 417/337/369
f 415/335/367 417/337/369 418/338/370
f 419/339/371 420/340/372 421/341/373
f 419/339/371 421/341/373 422/342/374
f 423/343/375 376/296/328 302/222/254
f 423/343/375 302/222/254 301/221/253
f 376/296/328 375/295/327 303/223/255
f 376/296/328 303/223/255 302/222/254
f 424/344/376 423/343/375 301/221/253
f 424/344/376 301/221/253 317/237/269
f 332/252/284 425/345/377 426/346/378
f 332/252/284 426/346/378 333/253/285
f 348/268/300 427/347/379 428/348/349
f 348/268/300 428/348/349 349/269/301
f 375/295/327 379/299/331 359/279/311
f 375/295/327 359/279/311 303/223/255
f 379/299/331 412/332/364 360/280/312
f 379/299/331 360/280/312 359/279/311
f 412/332/364 411/331/363 361/281/313
f 412/332/364 361/281/313 360/280/312
f 363/283/315 417/337/369 416/336/368
f 363/283/315 416/336/368 362/282/314
f 421/341/373 420/340/372 364/284/316
f 421/341/373 364/284/316 365/285/317
f 357/277/309 355/275/307 329/249/281
f 357/277/309 329/249/281 316/236/268
f 311/231/263 323/243/275 355/275/307
f 311/231/263 355/275/307 357/277/309
f 310/230/262 324/244/276 323/243/275
f 310/230/262 323/243/275 311/231/263
f 322/242/274 389/309/341 429/349/380
f 322/242/274 429/349/380 307/227/259
f 306/226/258 319/239/271 322/242/274
f 306/226/258 322/242/274 307/227/259
f 406/326/358 405/325/357 401/321/353
f 406/326/358 401/321/353 400/320/352
f 333/253/285 426/346/378 424/344/376
f 333/253/285 424/344/376 317/237/269
f 334/254/286 333/253/285 317/237/269
f 334/254/286 317/237/269 318/238/270
f 363/283/315 334/254/286 318/238/270
f 363/283/315 318/238/270 361/281/313
f 411/331/363 417/337/369 363/283/315
f 411/331/363 363/283/315 361/281/313
f 418/338/370 417/337/369 411/331/363
f 418/338/370 411/331/363 414/334/366
f 328/248/280 313/233/265 316/236/268
f 328/248/280 316/236/268 329/249/281
f 320/240/272 335/255/287 338/258/290
f 320/240/272 338/258/290 321/241/273
f 338/258/290 391/311/343 388/308/340
f 338/258/290 388/308/340 321/241/273
f 326/246/278 325/245/277 342/262/294
f 326/246/278 342/262/294 341/261/293
f 356/276/308 326/246/278 341/261/293
f 356/276/308 341/261/293 354/274/306
f 330/250/282 356/276/308 354/274/306
f 330/250/282 354/274/306 346/266/298
f 345/265/297 327/247/279 330/250/282
f 345/265/297 330/250/282 346/266/298
f 421/341/373 416/336/368 415/335/367
f 421/341/373 415/335/367 422/342/374
f 362/282/314 416/336/368 421/341/373
f 362/282/314 421/341/373 365/285/317
f 350/270/302 331/251/283 362/282/314
f 350/270/302 362/282/314 365/285/317
f 349/269/301 332/252/284 331/251/283
f 349/269/301 331/251/283 350/270/302
f 428/348/349 425/345/377 332/252/284
f 428/348/349 332/252/284 349/269/301
f 403/323/355 402/322/354 397/317/349
f 403/323/355 397/317/349 396/316/348
f 293/213/245 430/350/381 431/351/382
f 293/213/245 431/351/382 294/214/246
f 432/352/383 433/353/384 434/354/385
f 432/352/383 434/354/385 435/355/386
f 297/217/249 436/356/387 437/357/388
f 297/217/249 437/357/388 298/218/250
f 438/358/389 439/359/390 440/360/391
f 438/358/389 440/360/391 441/361/392
f 438/358/389 442/362/393 443/363/394
f 438/358/389 443/363/394 439/359/390
f 410/330/362 409/329/361 442/362/393
f 410/330/362 442/362/393 438/358/389
f 410/330/362 438/358/389 441/361/392
f 410/330/362 441/361/392 444/364/395
f 433/353/384 445/365/396 446/366/397
f 433/353/384 446/366/397 434/354/385
f 366/286/318 447/367/398 448/368/399
f 366/286/318 448/368/399 367/287/319
f 449/369/400 450/370/401 451/371/402
f 449/369/400 451/371/402 452/372/403
f 449/369/400 452/372/403 445/365/396
f 449/369/400 445/365/396 433/353/384
f 453/373/404 454/374/405 450/370/401
f 453/373/404 450/370/401 449/369/400
f 453/373/404 449/369/400 433/353/384
f 453/373/404 433/353/384 432/352/383
f 370/290/322 383/303/335 382/302/334
f 370/290/322 382/302/334 371/291/323
f 380/300/332 455/375/406 456/376/386
f 380/300/332 456/376/386 381/301/333
f 384/304/336 457/377/407 458/378/408
f 384/304/336 458/378/408 385/305/337
f 458/378/408 455/375/406 380/300/332
f 458/378/408 380/300/332 385/305/337
f 380/300/332 383/303/335 370/290/322
f 380/300/332 370/290/322 385/305/337
f 386/306/338 459/379/409 460/380/410
f 386/306/338 460/380/410 387/307/339
f 460/380/410 461/381/411 462/382/412
f 460/380/410 462/382/412 387/307/339
f 462/382/412 430/350/381 293/213/245
f 462/382/412 293/213/245 387/307/339
f 297/217/249 410/330/362 444/364/395
f 297/217/249 444/364/395 436/356/387
f 452/372/403 451/371/402 447/367/398
f 452/372/403 447/367/398 366/286/318
f 452/372/403 366/286/318 369/289/321
f 452/372/403 369/289/321 445/365/396
f 445/365/396 369/289/321 368/288/320
f 445/365/396 368/288/320 446/366/397
f 463/383/413 464/384/414 345/265/297
f 463/383/413 345/265/297 344/264/296
f 464/384/414 465/385/415 327/247/279
f 464/384/414 327/247/279 345/265/297
f 465/385/415 466/386/416 328/248/280
f 465/385/415 328/248/280 327/247/279
f 466/386/416 467/387/417 313/233/265
f 466/386/416 313/233/265 328/248/280
f 467/387/417 468/388/418 314/234/266
f 467/387/417 314/234/266 313/233/265
f 298/218/250 437/357/388 469/389/419
f 298/218/250 469/389/419 470/390/420
f 470/390/420 471/391/421 299/219/251
f 470/390/420 299/219/251 298/218/250
f 367/287/319 448/368/399 472/392/422
f 367/287/319 472/392/422 473/393/423
f 368/288/320 367/287/319 473/393/423
f 368/288/320 473/393/423 474/394/424
f 446/366/397 368/288/320 474/394/424
f 446/366/397 474/394/424 475/395/425
f 434/354/385 446/366/397 475/395/425
f 434/354/385 475/395/425 476/396/426
f 435/355/386 434/354/385 476/396/426
f 435/355/386 476/396/426 477/397/427
f 381/301/333 456/376/386 478/398/427
f 381/301/333 478/398/427 479/399/428
f 382/302/334 381/301/333 479/399/428
f 382/302/334 479/399/428 480/400/429
f 371/291/323 382/302/334 480/400/429
f 371/291/323 480/400/429 481/401/430
f 372/292/324 371/291/323 481/401/430
f 372/292/324 481/401/430 482/402/431
f 294/214/246 431/351/382 483/403/432
f 294/214/246 483/403/432 60/60/60
f 60/60/60 61/61/61 295/215/247
f 60/60/60 295/215/247 294/214/246
f 484/404/433 485/405/434 306/226/258
f 484/404/433 306/226/258 305/225/257
f 485/405/434 486/406/435 319/239/271
f 485/405/434 319/239/271 306/226/258
f 486/406/435 487/407/436 320/240/272
f 486/406/435 320/240/272 319/239/271
f 487/407/436 488/408/437 335/255/287
f 487/407/436 335/255/287 320/240/272
f 488/408/437 489/409/438 336/256/288
f 488/408/437 336/256/288 335/255/287
f 490/410/439 491/411/440 393/313/345
f 490/410/439 393/313/345 392/312/344
f 492/412/441 493/413/442 290/210/242
f 492/412/441 290/210/242 289/209/241
f 493/413/442 494/414/443 351/271/303
f 493/413/442 351/271/303 290/210/242
f 494/414/443 495/415/444 407/327/359
f 494/414/443 407/327/359 351/271/303
f 471/391/421 496/416/445 497/417/446
f 471/391/421 497/417/446 299/219/251
f 300/220/252 299/219/251 497/417/446
f 300/220/252 497/417/446 498/418/447
f 409/329/361 300/220/252 498/418/447
f 409/329/361 498/418/447 499/419/448
f 442/362/393 409/329/361 499/419/448
f 442/362/393 499/419/448 500/420/449
f 443/363/394 442/362/393 500/420/449
f 443/363/394 500/420/449 501/421/450
f 462/382/412 461/381/411 502/422/451
f 462/382/412 502/422/451 503/423/452
f 503/423/452 504/424/453 430/350/381
f 503/423/452 430/350/381 462/382/412
f 431/351/382 430/350/381 504/424/453
f 431/351/382 504/424/453 505/425/454
f 506/426/455 483/403/432 431/351/382
f 506/426/455 431/351/382 505/425/454
f 448/368/399 497/417/446 496/416/445
f 448/368/399 496/416/445 472/392/422
f 498/418/447 497/417/446 448/368/399
f 498/418/447 448/368/399 447/367/398
f 498/418/447 447/367/398 451/371/402
f 498/418/447 451/371/402 499/419/448
f 499/419/448 451/371/402 450/370/401
f 499/419/448 450/370/401 500/420/449
f 500/420/449 450/370/401 454/374/405
f 500/420/449 454/374/405 501/421/450
f 503/423/452 502/422/451 457/377/407
f 503/423/452 457/377/407 384/304/336
f 384/304/336 373/293/325 504/424/453
f 384/304/336 504/424/453 503/423/452
f 505/425/454 504/424/453 373/293/325
f 505/425/454 373/293/325 372/292/324
f 482/402/431 506/426/455 505/425/454
f 482/402/431 505/425/454 372/292/324
f 507/427/456 508/428/457 509/429/458
f 507/427/456 509/429/458 510/430/459
f 511/431/460 508/428/457 507/427/456
f 511/431/460 507/427/456 512/432/461
f 386/306/338 296/216/248 308/228/260
f 386/306/338 308/228/260 513/433/462
f 513/433/462 514/434/261 459/379/409
f 513/433/462 459/379/409 386/306/338
f 440/360/391 309/229/261 312/232/264
f 440/360/391 312/232/264 441/361/392
f 441/361/392 312/232/264 358/278/310
f 441/361/392 358/278/310 444/364/395
f 444/364/395 358/278/310 315/235/267
f 444/364/395 315/235/267 436/356/387
f 437/357/388 436/356/387 315/235/267
f 437/357/388 315/235/267 314/234/266
f 468/388/418 469/389/419 437/357/388
f 468/388/418 437/357/388 314/234/266
f 515/435/463 516/436/464 517/437/465
f 515/435/463 517/437/465 518/438/466
f 519/439/467 515/435/463 518/438/466
f 519/439/467 518/438/466 520/440/468
f 520/440/468 521/441/469 522/442/470
f 520/440/468 522/442/470 519/439/467
f 523/443/471 524/444/472 525/445/473
f 523/443/471 525/445/473 526/446/474
f 524/444/472 527/447/475 528/448/476
f 524/444/472 528/448/476 525/445/473
f 527/447/475 529/449/477 530/450/478
f 527/447/475 530/450/478 528/448/476
f 529/449/477 531/451/479 532/452/480
f 529/449/477 532/452/480 530/450/478
f 533/453/481 534/454/482 532/452/480
f 533/453/481 532/452/480 531/451/479
f 535/455/483 536/456/484 537/457/485
f 535/455/483 537/457/485 538/458/486
f 539/459/487 537/457/485 536/456/484
f 539/459/487 536/456/484 540/460/488
f 540/460/488 541/461/489 542/462/490
f 540/460/488 542/462/490 539/459/487
f 541/461/489 543/463/491 544/464/492
f 541/461/489 544/464/492 542/462/490
f 543/463/491 545/465/493 546/466/494
f 543/463/491 546/466/494 544/464/492
f 547/467/495 548/468/496 549/469/497
f 547/467/495 549/469/497 550/470/498
f 551/471/499 552/472/500 553/473/501
f 551/471/499 553/473/501 554/474/502
f 555/475/503 551/471/499 554/474/502
f 555/475/503 554/474/502 556/476/504
f 556/476/504 557/477/505 558/478/506
f 556/476/504 558/478/506 555/475/503
f 559/479/507 560/480/508 561/481/509
f 559/479/507 561/481/509 562/482/510
f 560/480/508 563/483/511 564/484/512
f 560/480/508 564/484/512 561/481/509
f 563/483/511 565/485/513 566/486/514
f 563/483/511 566/486/514 564/484/512
f 565/485/513 567/487/515 568/488/516
f 565/485/513 568/488/516 566/486/514
f 569/489/517 570/490/518 568/488/516
f 569/489/517 568/488/516 567/487/515
f 571/491/519 572/492/520 573/493/521
f 571/491/519 573/493/521 574/494/522
f 575/495/523 573/493/521 572/492/520
f 575/495/523 572/492/520 576/496/524
f 576/496/524 577/497/525 578/498/526
f 576/496/524 578/498/526 575/495/523
f 577/497/525 579/499/527 580/500/528
f 577/497/525 580/500/528 578/498/526
f 579/499/527 581/501/529 582/502/530
f 579/499/527 582/502/530 580/500/528
f 583/503/531 584/504/530 585/505/529
f 583/503/531 585/505/529 586/506/532
f 553/473/501 587/507/533 588/508/534
f 553/473/501 588/508/534 554/474/502
f 556/476/504 554/474/502 588/508/534
f 556/476/504 588/508/534 589/509/535
f 589/509/535 590/510/536 557/477/505
f 589/509/535 557/477/505 556/476/504
f 591/511/537 592/512/538 560/480/508
f 591/511/537 560/480/508 559/479/507
f 592/512/538 593/513/539 563/483/511
f 592/512/538 563/483/511 560/480/508
f 593/513/539 594/514/540 565/485/513
f 593/513/539 565/485/513 563/483/511
f 594/514/540 595/515/541 567/487/515
f 594/514/540 567/487/515 565/485/513
f 596/516/542 569/489/517 567/487/515
f 596/516/542 567/487/515 595/515/541
f 597/517/543 48/48/48 572/492/520
f 597/517/543 572/492/520 571/491/519
f 576/496/524 572/492/520 48/48/48
f 576/496/524 48/48/48 47/47/47
f 47/47/47 598/518/544 577/497/525
f 47/47/47 577/497/525 576/496/524
f 598/518/544 52/52/52 579/499/527
f 598/518/544 579/499/527 577/497/525
f 52/52/52 51/51/51 581/501/529
f 52/52/52 581/501/529 579/499/527
f 586/506/532 585/505/529 599/519/545
f 586/506/532 599/519/545 600/520/546
f 587/507/533 490/410/439 392/312/344
f 587/507/533 392/312/344 588/508/534
f 589/509/535 588/508/534 392/312/344
f 589/509/535 392/312/344 395/315/347
f 394/314/346 590/510/536 589/509/535
f 394/314/346 589/509/535 395/315/347
f 291/211/243 592/512/538 591/511/537
f 291/211/243 591/511/537 292/212/244
f 352/272/304 593/513/539 592/512/538
f 352/272/304 592/512/538 291/211/243
f 408/328/360 594/514/540 593/513/539
f 408/328/360 593/513/539 352/272/304
f 407/327/359 595/515/541 594/514/540
f 407/327/359 594/514/540 408/328/360
f 495/415/444 596/516/542 595/515/541
f 495/415/444 595/515/541 407/327/359
f 49/49/49 48/48/48 597/517/543
f 49/49/49 597/517/543 601/521/547
f 602/522/548 598/518/544 47/47/47
f 602/522/548 47/47/47 49/49/49
f 50/50/50 52/52/52 598/518/544
f 50/50/50 598/518/544 602/522/548
f 600/520/546 599/519/545 603/523/549
f 600/520/546 603/523/549 604/524/550
f 605/525/551 606/526/552 596/516/542
f 605/525/551 596/516/542 495/415/444
f 606/526/552 607/527/553 569/489/517
f 606/526/552 569/489/517 596/516/542
f 607/527/553 608/528/554 570/490/518
f 607/527/553 570/490/518 569/489/517
f 609/529/555 610/530/556 534/454/482
f 609/529/555 534/454/482 533/453/481
f 611/531/557 612/532/558 464/384/414
f 611/531/557 464/384/414 463/383/413
f 612/532/558 613/533/559 465/385/415
f 612/532/558 465/385/415 464/384/414
f 613/533/559 614/534/560 466/386/416
f 613/533/559 466/386/416 465/385/415
f 614/534/560 615/535/561 467/387/417
f 614/534/560 467/387/417 466/386/416
f 615/535/561 616/536/562 468/388/418
f 615/535/561 468/388/418 467/387/417
f 616/536/562 617/537/563 469/389/419
f 616/536/562 469/389/419 468/388/418
f 470/390/420 469/389/419 617/537/563
f 470/390/420 617/537/563 618/538/564
f 618/538/564 619/539/565 471/391/421
f 618/538/564 471/391/421 470/390/420
f 619/539/565 620/540/566 496/416/445
f 619/539/565 496/416/445 471/391/421
f 472/392/422 496/416/445 620/540/566
f 472/392/422 620/540/566 621/541/567
f 473/393/423 472/392/422 621/541/567
f 473/393/423 621/541/567 622/542/568
f 623/543/569 624/544/570 625/545/571
f 623/543/569 625/545/571 626/546/572
f 623/543/569 626/546/572 627/547/573
f 623/543/569 627/547/573 628/548/574
f 628/548/574 627/547/573 629/549/575
f 628/548/574 629/549/575 630/550/576
f 630/550/576 629/549/575 631/551/577
f 630/550/576 631/551/577 632/552/578
f 633/553/579 634/554/580 635/555/581
f 633/553/579 635/555/581 636/556/582
f 637/557/583 633/553/579 636/556/582
f 637/557/583 636/556/582 638/558/584
f 639/559/585 637/557/583 638/558/584
f 639/559/585 638/558/584 640/560/586
f 641/561/587 639/559/585 640/560/586
f 641/561/587 640/560/586 642/562/588
f 642/562/588 643/563/589 644/564/590
f 642/562/588 644/564/590 641/561/587
f 643/563/589 645/565/591 646/566/592
f 643/563/589 646/566/592 644/564/590
f 55/55/55 646/566/592 645/565/591
f 55/55/55 645/565/591 53/53/53
f 484/404/433 61/61/61 59/59/59
f 484/404/433 59/59/59 58/58/58
f 58/58/58 647/567/593 485/405/434
f 58/58/58 485/405/434 484/404/433
f 647/567/593 648/568/594 486/406/435
f 647/567/593 486/406/435 485/405/434
f 648/568/594 649/569/595 487/407/436
f 648/568/594 487/407/436 486/406/435
f 649/569/595 650/570/596 488/408/437
f 649/569/595 488/408/437 487/407/436
f 650/570/596 651/571/597 489/409/438
f 650/570/596 489/409/438 488/408/437
f 516/436/464 652/572/598 653/573/599
f 516/436/464 653/573/599 517/437/465
f 552/472/500 654/574/600 655/575/601
f 552/472/500 655/575/601 553/473/501
f 655/575/601 656/576/602 587/507/533
f 655/575/601 587/507/533 553/473/501
f 656/576/602 657/577/603 490/410/439
f 656/576/602 490/410/439 587/507/533
f 657/577/603 658/578/604 491/411/440
f 657/577/603 491/411/440 490/410/439
f 659/579/605 660/580/606 493/413/442
f 659/579/605 493/413/442 492/412/441
f 660/580/606 661/581/607 494/414/443
f 660/580/606 494/414/443 493/413/442
f 661/581/607 605/525/551 495/415/444
f 661/581/607 495/415/444 494/414/443
f 662/582/608 663/583/609 664/584/610
f 662/582/608 664/584/610 665/585/611
f 663/583/609 666/586/612 667/587/613
f 663/583/609 667/587/613 664/584/610
f 668/588/614 669/589/615 670/590/616
f 668/588/614 670/590/616 671/591/617
f 672/592/618 662/582/608 665/585/611
f 672/592/618 665/585/611 673/593/619
f 669/589/615 674/594/620 675/595/621
f 669/589/615 675/595/621 670/590/616
f 674/594/620 672/592/618 673/593/619
f 674/594/620 673/593/619 675/595/621
f 676/596/622 677/597/623 678/598/624
f 676/596/622 678/598/624 679/599/625
f 677/597/623 680/600/626 681/601/627
f 677/597/623 681/601/627 678/598/624
f 682/602/626 683/603/628 684/604/629
f 682/602/626 684/604/629 685/605/627
f 686/606/630 676/596/622 679/599/625
f 686/606/630 679/599/625 687/607/631
f 683/603/628 688/608/632 689/609/633
f 683/603/628 689/609/633 684/604/629
f 688/608/632 686/606/630 687/607/631
f 688/608/632 687/607/631 689/609/633
f 679/599/625 678/598/624 690/610/634
f 679/599/625 690/610/634 691/611/635
f 678/598/624 681/601/627 692/612/636
f 678/598/624 692/612/636 690/610/634
f 685/605/627 684/604/629 693/613/637
f 685/605/627 693/613/637 694/614/638
f 687/607/631 679/599/625 691/611/635
f 687/607/631 691/611/635 695/615/639
f 684/604/629 689/609/633 696/616/640
f 684/604/629 696/616/640 693/613/637
f 689/609/633 687/607/631 695/615/639
f 689/609/633 695/615/639 696/616/640
f 691/611/635 690/610/634 697/617/641
f 691/611/635 697/617/641 698/618/642
f 690/610/634 692/612/636 699/619/643
f 690/610/634 699/619/643 697/617/641
f 694/614/638 693/613/637 700/620/644
f 694/614/638 700/620/644 701/621/645
f 695/615/639 691/611/635 698/618/642
f 695/615/639 698/618/642 702/622/646
f 693/613/637 696/616/640 703/623/647
f 693/613/637 703/623/647 700/620/644
f 696/616/640 695/615/639 702/622/646
f 696/616/640 702/622/646 703/623/647
f 698/618/642 697/617/641 704/624/648
f 698/618/642 704/624/648 705/625/649
f 697/617/641 699/619/643 706/626/650
f 697/617/641 706/626/650 704/624/648
f 701/621/645 700/620/644 707/627/651
f 701/621/645 707/627/651 708/628/652
f 702/622/646 698/618/642 705/625/649
f 702/622/646 705/625/649 709/629/653
f 700/620/644 703/623/647 710/630/654
f 700/620/644 710/630/654 707/627/651
f 703/623/647 702/622/646 709/629/653
f 703/623/647 709/629/653 710/630/654
f 711/631/655 712/632/656 713/633/657
f 711/631/655 713/633/657 714/634/658
f 712/632/656 715/635/659 716/636/660
f 712/632/656 716/636/660 713/633/657
f 717/637/661 718/638/662 719/639/663
f 717/637/661 719/639/663 720/640/664
f 721/641/665 711/631/655 714/634/658
f 721/641/665 714/634/658 722/642/666
f 718/638/662 723/643/667 724/644/668
f 718/638/662 724/644/668 719/639/663
f 723/643/667 721/641/665 722/642/666
f 723/643/667 722/642/666 724/644/668
f 725/645/669 726/646/670 509/429/458
f 725/645/669 509/429/458 508/428/457
f 726/646/670 727/647/671 510/430/459
f 726/646/670 510/430/459 509/429/458
f 728/648/672 729/649/673 507/427/456
f 728/648/672 507/427/456 510/430/459
f 730/650/674 725/645/669 508/428/457
f 730/650/674 508/428/457 511/431/460
f 729/649/673 731/651/675 512/432/461
f 729/649/673 512/432/461 507/427/456
f 731/651/675 730/650/674 511/431/460
f 731/651/675 511/431/460 512/432/461
f 665/585/611 664/584/610 677/597/623
f 665/585/611 677/597/623 676/596/622
f 664/584/610 667/587/613 680/600/626
f 664/584/610 680/600/626 677/597/623
f 671/591/617 670/590/616 683/603/628
f 671/591/617 683/603/628 682/602/626
f 670/590/616 675/595/621 688/608/632
f 670/590/616 688/608/632 683/603/628
f 675/595/621 673/593/619 686/606/630
f 675/595/621 686/606/630 688/608/632
f 673/593/619 665/585/611 676/596/622
f 673/593/619 676/596/622 686/606/630
f 597/517/543 606/526/552 605/525/551
f 597/517/543 605/525/551 601/521/547
f 571/491/519 607/527/553 606/526/552
f 571/491/519 606/526/552 597/517/543
f 574/494/522 608/528/554 607/527/553
f 574/494/522 607/527/553 571/491/519
f 538/458/486 610/530/556 609/529/555
f 538/458/486 609/529/555 535/455/483
f 422/342/374 612/532/558 611/531/557
f 422/342/374 611/531/557 419/339/371
f 415/335/367 613/533/559 612/532/558
f 415/335/367 612/532/558 422/342/374
f 418/338/370 614/534/560 613/533/559
f 418/338/370 613/533/559 415/335/367
f 414/334/366 615/535/561 614/534/560
f 414/334/366 614/534/560 418/338/370
f 413/333/365 616/536/562 615/535/561
f 413/333/365 615/535/561 414/334/366
f 732/652/676 617/537/563 616/536/562
f 732/652/676 616/536/562 413/333/365
f 618/538/564 617/537/563 732/652/676
f 618/538/564 732/652/676 733/653/677
f 734/654/678 619/539/565 618/538/564
f 734/654/678 618/538/564 733/653/677
f 735/655/679 620/540/566 619/539/565
f 735/655/679 619/539/565 734/654/678
f 621/541/567 620/540/566 735/655/679
f 621/541/567 735/655/679 736/656/680
f 622/542/568 621/541/567 736/656/680
f 622/542/568 736/656/680 737/657/681
f 626/546/572 625/545/571 738/658/682
f 626/546/572 738/658/682 739/659/683
f 627/547/573 626/546/572 739/659/683
f 627/547/573 739/659/683 740/660/684
f 629/549/575 627/547/573 740/660/684
f 629/549/575 740/660/684 741/661/685
f 631/551/577 629/549/575 741/661/685
f 631/551/577 741/661/685 742/662/686
f 636/556/582 635/555/581 743/663/687
f 636/556/582 743/663/687 744/664/688
f 638/558/584 636/556/582 744/664/688
f 638/558/584 744/664/688 745/665/689
f 640/560/586 638/558/584 745/665/689
f 640/560/586 745/665/689 746/666/690
f 642/562/588 640/560/586 746/666/690
f 642/562/588 746/666/690 747/667/691
f 748/668/692 643/563/589 642/562/588
f 748/668/692 642/562/588 747/667/691
f 749/669/693 645/565/591 643/563/589
f 749/669/693 643/563/589 748/668/692
f 53/53/53 645/565/591 749/669/693
f 53/53/53 749/669/693 750/670/694
f 57/57/57 54/54/54 53/53/53
f 57/57/57 53/53/53 750/670/694
f 406/326/358 647/567/593 58/58/58
f 406/326/358 58/58/58 56/56/56
f 400/320/352 648/568/594 647/567/593
f 400/320/352 647/567/593 406/326/358
f 403/323/355 649/569/595 648/568/594
f 403/323/355 648/568/594 400/320/352
f 396/316/348 650/570/596 649/569/595
f 396/316/348 649/569/595 403/323/355
f 399/319/351 651/571/597 650/570/596
f 399/319/351 650/570/596 396/316/348
f 550/470/498 653/573/599 652/572/598
f 550/470/498 652/572/598 547/467/495
f 586/506/532 655/575/601 654/574/600
f 586/506/532 654/574/600 583/503/531
f 600/520/546 656/576/602 655/575/601
f 600/520/546 655/575/601 586/506/532
f 604/524/550 657/577/603 656/576/602
f 604/524/550 656/576/602 600/520/546
f 603/523/549 658/578/604 657/577/603
f 603/523/549 657/577/603 604/524/550
f 602/522/548 660/580/606 659/579/605
f 602/522/548 659/579/605 50/50/50
f 49/49/49 661/581/607 660/580/606
f 49/49/49 660/580/606 602/522/548
f 601/521/547 605/525/551 661/581/607
f 601/521/547 661/581/607 49/49/49
f 517/437/465 552/472/500 551/471/499
f 517/437/465 551/471/499 518/438/466
f 653/573/599 654/574/600 552/472/500
f 653/573/599 552/472/500 517/437/465
f 583/503/531 654/574/600 653/573/599
f 583/503/531 653/573/599 550/470/498
f 550/470/498 549/469/497 584/504/530
f 550/470/498 584/504/530 583/503/531
f 580/500/528 582/502/530 545/465/493
f 580/500/528 545/465/493 543/463/491
f 578/498/526 580/500/528 543/463/491
f 578/498/526 543/463/491 541/461/489
f 575/495/523 578/498/526 541/461/489
f 575/495/523 541/461/489 540/460/488
f 540/460/488 536/456/484 573/493/521
f 540/460/488 573/493/521 575/495/523
f 574/494/522 573/493/521 536/456/484
f 574/494/522 536/456/484 535/455/483
f 535/455/483 609/529/555 608/528/554
f 535/455/483 608/528/554 574/494/522
f 570/490/518 608/528/554 609/529/555
f 570/490/518 609/529/555 533/453/481
f 568/488/516 570/490/518 533/453/481
f 568/488/516 533/453/481 531/451/479
f 566/486/514 568/488/516 531/451/479
f 566/486/514 531/451/479 529/449/477
f 564/484/512 566/486/514 529/449/477
f 564/484/512 529/449/477 527/447/475
f 561/481/509 564/484/512 527/447/475
f 561/481/509 527/447/475 524/444/472
f 562/482/510 561/481/509 524/444/472
f 562/482/510 524/444/472 523/443/471
f 555/475/503 558/478/506 521/441/469
f 555/475/503 521/441/469 520/440/468
f 520/440/468 518/438/466 551/471/499
f 520/440/468 551/471/499 555/475/503
f 751/671/695 752/672/696 726/646/670
f 751/671/695 726/646/670 725/645/669
f 752/672/696 753/673/697 727/647/671
f 752/672/696 727/647/671 726/646/670
f 754/674/698 755/675/699 729/649/673
f 754/674/698 729/649/673 728/648/672
f 755/675/699 756/676/700 731/651/675
f 755/675/699 731/651/675 729/649/673
f 756/676/700 757/677/701 730/650/674
f 756/676/700 730/650/674 731/651/675
f 757/677/701 751/671/695 725/645/669
f 757/677/701 725/645/669 730/650/674
f 705/625/649 704/624/648 712/632/656
f 705/625/649 712/632/656 711/631/655
f 704/624/648 706/626/650 715/635/659
f 704/624/648 715/635/659 712/632/656
f 708/628/652 707/627/651 718/638/662
f 708/628/652 718/638/662 717/637/661
f 707/627/651 710/630/654 723/643/667
f 707/627/651 723/643/667 718/638/662
f 710/630/654 709/629/653 721/641/665
f 710/630/654 721/641/665 723/643/667
f 709/629/653 705/625/649 711/631/655
f 709/629/653 711/631/655 721/641/665
f 714/634/658 713/633/657 752/672/696
f 714/634/658 752/672/696 751/671/695
f 713/633/657 716/636/660 753/673/697
f 713/633/657 753/673/697 752/672/696
f 720/640/664 719/639/663 755/675/699
f 720/640/664 755/675/699 754/674/698
f 719/639/663 724/644/668 756/676/700
f 719/639/663 756/676/700 755/675/699
f 724/644/668 722/642/666 757/677/701
f 724/644/668 757/677/701 756/676/700
f 722/642/666 714/634/658 751/671/695
f 722/642/666 751/671/695 757/677/701
f 489/409/438 516/436/464 515/435/463
f 489/409/438 515/435/463 336/256/288
f 651/571/597 652/572/598 516/436/464
f 651/571/597 516/436/464 489/409/438
f 547/467/495 652/572/598 651/571/597
f 547/467/495 651/571/597 399/319/351
f 399/319/351 398/318/350 548/468/496
f 399/319/351 548/468/496 547/467/495
f 544/464/492 546/466/494 427/347/379
f 544/464/492 427/347/379 348/268/300
f 542/462/490 544/464/492 348/268/300
f 542/462/490 348/268/300 347/267/299
f 539/459/487 542/462/490 347/267/299
f 539/459/487 347/267/299 364/284/316
f 364/284/316 420/340/372 537/457/485
f 364/284/316 537/457/485 539/459/487
f 538/458/486 537/457/485 420/340/372
f 538/458/486 420/340/372 419/339/371
f 419/339/371 611/531/557 610/530/556
f 419/339/371 610/530/556 538/458/486
f 534/454/482 610/530/556 611/531/557
f 534/454/482 611/531/557 463/383/413
f 532/452/480 534/454/482 463/383/413
f 532/452/480 463/383/413 344/264/296
f 530/450/478 532/452/480 344/264/296
f 530/450/478 344/264/296 343/263/295
f 528/448/476 530/450/478 343/263/295
f 528/448/476 343/263/295 353/273/305
f 525/445/473 528/448/476 353/273/305
f 525/445/473 353/273/305 340/260/292
f 526/446/474 525/445/473 340/260/292
f 526/446/474 340/260/292 339/259/291
f 519/439/467 522/442/470 390/310/342
f 519/439/467 390/310/342 337/257/289
f 337/257/289 336/256/288 515/435/463
f 337/257/289 515/435/463 519/439/467
f 474/394/424 473/393/423 624/544/570
f 474/394/424 624/544/570 623/543/569
f 473/393/423 622/542/568 625/545/571
f 473/393/423 625/545/571 624/544/570
f 475/395/425 474/394/424 623/543/569
f 475/395/425 623/543/569 628/548/574
f 476/396/426 475/395/425 628/548/574
f 476/396/426 628/548/574 630/550/576
f 477/397/427 476/396/426 630/550/576
f 477/397/427 630/550/576 632/552/578
f 479/399/428 478/398/427 634/554/580
f 479/399/428 634/554/580 633/553/579
f 480/400/429 479/399/428 633/553/579
f 480/400/429 633/553/579 637/557/583
f 481/401/430 480/400/429 637/557/583
f 481/401/430 637/557/583 639/559/585
f 482/402/431 481/401/430 639/559/585
f 482/402/431 639/559/585 641/561/587
f 506/426/455 482/402/431 641/561/587
f 506/426/455 641/561/587 644/564/590
f 483/403/432 506/426/455 644/564/590
f 483/403/432 644/564/590 646/566/592
f 60/60/60 483/403/432 646/566/592
f 60/60/60 646/566/592 55/55/55
f 59/59/59 60/60/60 55/55/55
f 59/59/59 55/55/55 54/54/54
f 622/542/568 737/657/681 738/658/682
f 622/542/568 738/658/682 625/545/571
f 737/657/681 758/678/702 739/659/683
f 737/657/681 739/659/683 738/658/682
f 758/678/702 378/298/330 740/660/684
f 758/678/702 740/660/684 739/659/683
f 378/298/330 374/294/326 741/661/685
f 378/298/330 741/661/685 740/660/684
f 374/294/326 377/297/329 742/662/686
f 374/294/326 742/662/686 741/661/685
f 759/679/703 760/680/704 744/664/688
f 759/679/703 744/664/688 743/663/687
f 760/680/704 761/681/705 745/665/689
f 760/680/704 745/665/689 744/664/688
f 761/681/705 762/682/706 746/666/690
f 761/681/705 746/666/690 745/665/689
f 762/682/706 763/683/707 747/667/691
f 762/682/706 747/667/691 746/666/690
f 763/683/707 764/684/708 748/668/692
f 763/683/707 748/668/692 747/667/691
f 764/684/708 765/685/709 749/669/693
f 764/684/708 749/669/693 748/668/692
f 765/685/709 766/686/710 750/670/694
f 765/685/709 750/670/694 749/669/693
f 766/686/710 62/62/62 57/57/57
f 766/686/710 57/57/57 750/670/694
f 767/687/711 768/688/712 64/64/64
f 767/687/711 64/64/64 63/63/63
f 768/688/712 769/689/713 66/66/66
f 768/688/712 66/66/66 64/64/64
f 769/689/713 770/690/714 67/67/67
f 769/689/713 67/67/67 66/66/66
f 770/690/714 771/691/715 68/68/68
f 770/690/714 68/68/68 67/67/67
f 771/691/715 772/692/716 69/69/69
f 771/691/715 69/69/69 68/68/68
f 772/692/716 767/687/711 63/63/63
f 772/692/716 63/63/63 69/69/69
f 71/71/71 773/693/717 774/694/718
f 71/71/71 774/694/718 72/72/72
f 775/695/719 776/696/720 777/697/721
f 775/695/719 777/697/721 778/698/722
f 779/699/723 780/700/724 781/701/725
f 779/699/723 781/701/725 782/702/726
f 778/698/722 777/697/721 783/703/727
f 778/698/722 783/703/727 784/704/728
f 785/705/729 786/706/730 787/707/731
f 785/705/729 787/707/731 788/708/732
f 789/709/733 790/710/734 791/711/735
f 789/709/733 791/711/735 792/712/736
f 793/713/737 779/699/723 782/702/726
f 793/713/737 782/702/726 794/714/738
f 795/715/739 796/716/740 797/717/741
f 795/715/739 797/717/741 798/718/742
f 799/719/743 800/720/744 790/710/734
f 799/719/743 790/710/734 789/709/733
f 801/721/745 802/722/746 796/716/740
f 801/721/745 796/716/740 795/715/739
f 798/718/742 797/717/741 800/720/744
f 798/718/742 800/720/744 799/719/743
f 803/723/747 804/724/748 805/725/749
f 803/723/747 805/725/749 806/726/750
f 807/727/751 808/728/752 809/729/753
f 807/727/751 809/729/753 810/730/754
f 811/731/755 806/726/750 805/725/749
f 811/731/755 805/725/749 812/732/756
f 813/733/757 793/713/737 794/714/738
f 813/733/757 794/714/738 814/734/758
f 815/735/759 816/736/760 776/696/720
f 815/735/759 776/696/720 775/695/719
f 817/737/761 818/738/762 819/739/763
f 817/737/761 819/739/763 820/740/764
f 821/741/765 822/742/766 819/739/763
f 821/741/765 819/739/763 818/738/762
f 786/706/730 785/705/729 822/742/766
f 786/706/730 822/742/766 821/741/765
f 823/743/767 824/744/768 825/745/769
f 823/743/767 825/745/769 826/746/770
f 827/747/771 828/748/772 824/744/768
f 827/747/771 824/744/768 823/743/767
f 828/748/772 827/747/771 74/74/74
f 828/748/772 74/74/74 73/73/73
f 829/749/773 73/73/73 75/75/75
f 829/749/773 75/75/75 830/750/774
f 831/751/775 829/749/773 830/750/774
f 831/751/775 830/750/774 832/752/776
f 833/753/777 831/751/775 832/752/776
f 833/753/777 832/752/776 834/754/778
f 835/755/779 836/756/780 833/753/777
f 835/755/779 833/753/777 834/754/778
f 837/757/781 836/756/780 835/755/779
f 837/757/781 835/755/779 838/758/782
f 839/759/783 837/757/781 838/758/782
f 839/759/783 838/758/782 840/760/784
f 839/759/783 840/760/784 841/761/785
f 839/759/783 841/761/785 842/762/786
f 843/763/787 844/764/788 842/762/786
f 843/763/787 842/762/786 841/761/785
f 845/765/789 846/766/790 844/764/788
f 845/765/789 844/764/788 843/763/787
f 847/767/791 846/766/790 845/765/789
f 847/767/791 845/765/789 848/768/792
f 773/693/717 847/767/791 848/768/792
f 773/693/717 848/768/792 849/769/793
f 773/693/717 849/769/793 850/770/794
f 773/693/717 850/770/794 774/694/718
f 78/78/78 77/77/77 774/694/718
f 78/78/78 774/694/718 850/770/794
f 851/771/795 852/772/796 77/77/77
f 851/771/795 77/77/77 76/76/76
f 853/773/797 854/774/798 852/772/796
f 853/773/797 852/772/796 851/771/795
f 855/775/799 856/776/800 854/774/798
f 855/775/799 854/774/798 853/773/797
f 81/81/81 80/80/80 856/776/800
f 81/81/81 856/776/800 855/775/799
f 857/777/801 858/778/802 80/80/80
f 857/777/801 80/80/80 79/79/79
f 859/779/803 860/780/804 858/778/802
f 859/779/803 858/778/802 857/777/801
f 861/781/805 862/782/806 860/780/804
f 861/781/805 860/780/804 859/779/803
f 863/783/807 862/782/806 861/781/805
f 863/783/807 861/781/805 864/784/808
f 865/785/809 863/783/807 864/784/808
f 865/785/809 864/784/808 866/786/810
f 867/787/811 865/785/809 866/786/810
f 867/787/811 866/786/810 868/788/812
f 869/789/813 867/787/811 868/788/812
f 869/789/813 868/788/812 870/790/814
f 871/791/815 869/789/813 870/790/814
f 871/791/815 870/790/814 872/792/816
f 873/793/817 871/791/815 872/792/816
f 873/793/817 872/792/816 874/794/818
f 83/83/83 873/793/817 874/794/818
f 83/83/83 874/794/818 84/84/84
f 781/701/725 780/700/724 83/83/83
f 781/701/725 83/83/83 82/82/82
f 74/74/74 788/708/732 815/735/759
f 74/74/74 815/735/759 75/75/75
f 855/775/799 816/736/760 791/711/735
f 855/775/799 791/711/735 81/81/81
f 84/84/84 792/712/736 787/707/731
f 84/84/84 787/707/731 82/82/82
f 830/750/774 775/695/719 778/698/722
f 830/750/774 778/698/722 832/752/776
f 851/771/795 777/697/721 776/696/720
f 851/771/795 776/696/720 853/773/797
f 832/752/776 778/698/722 784/704/728
f 832/752/776 784/704/728 834/754/778
f 76/76/76 783/703/727 777/697/721
f 76/76/76 777/697/721 851/771/795
f 827/747/771 785/705/729 788/708/732
f 827/747/771 788/708/732 74/74/74
f 82/82/82 787/707/731 786/706/730
f 82/82/82 786/706/730 781/701/725
f 874/794/818 789/709/733 792/712/736
f 874/794/818 792/712/736 84/84/84
f 81/81/81 791/711/735 790/710/734
f 81/81/81 790/710/734 79/79/79
f 868/788/812 795/715/739 798/718/742
f 868/788/812 798/718/742 870/790/814
f 859/779/803 797/717/741 796/716/740
f 859/779/803 796/716/740 861/781/805
f 872/792/816 799/719/743 789/709/733
f 872/792/816 789/709/733 874/794/818
f 79/79/79 790/710/734 800/720/744
f 79/79/79 800/720/744 857/777/801
f 866/786/810 801/721/745 795/715/739
f 866/786/810 795/715/739 868/788/812
f 861/781/805 796/716/740 802/722/746
f 861/781/805 802/722/746 864/784/808
f 864/784/808 802/722/746 801/721/745
f 864/784/808 801/721/745 866/786/810
f 870/790/814 798/718/742 799/719/743
f 870/790/814 799/719/743 872/792/816
f 857/777/801 800/720/744 797/717/741
f 857/777/801 797/717/741 859/779/803
f 835/755/779 803/723/747 806/726/750
f 835/755/779 806/726/750 838/758/782
f 843/763/787 805/725/749 804/724/748
f 843/763/787 804/724/748 845/765/789
f 845/765/789 804/724/748 808/728/752
f 845/765/789 808/728/752 848/768/792
f 78/78/78 809/729/753 783/703/727
f 78/78/78 783/703/727 76/76/76
f 834/754/778 784/704/728 803/723/747
f 834/754/778 803/723/747 835/755/779
f 849/769/793 807/727/751 810/730/754
f 849/769/793 810/730/754 850/770/794
f 850/770/794 810/730/754 809/729/753
f 850/770/794 809/729/753 78/78/78
f 848/768/792 808/728/752 807/727/751
f 848/768/792 807/727/751 849/769/793
f 840/760/784 811/731/755 812/732/756
f 840/760/784 812/732/756 841/761/785
f 841/761/785 812/732/756 805/725/749
f 841/761/785 805/725/749 843/763/787
f 838/758/782 806/726/750 811/731/755
f 838/758/782 811/731/755 840/760/784
f 75/75/75 815/735/759 775/695/719
f 75/75/75 775/695/719 830/750/774
f 853/773/797 776/696/720 816/736/760
f 853/773/797 816/736/760 855/775/799
f 814/734/758 817/737/761 820/740/764
f 814/734/758 820/740/764 875/795/819
f 875/795/819 820/740/764 819/739/763
f 875/795/819 819/739/763 826/746/770
f 794/714/738 818/738/762 817/737/761
f 794/714/738 817/737/761 814/734/758
f 782/702/726 821/741/765 818/738/762
f 782/702/726 818/738/762 794/714/738
f 826/746/770 819/739/763 822/742/766
f 826/746/770 822/742/766 823/743/767
f 781/701/725 786/706/730 821/741/765
f 781/701/725 821/741/765 782/702/726
f 823/743/767 822/742/766 785/705/729
f 823/743/767 785/705/729 827/747/771
f 87/87/87 86/86/86 876/796/820
f 87/87/87 876/796/820 877/797/821
f 878/798/822 879/799/823 880/800/824
f 878/798/822 880/800/824 881/801/825
f 882/802/826 883/803/827 884/804/828
f 882/802/826 884/804/828 885/805/829
f 879/799/823 886/806/830 887/807/831
f 879/799/823 887/807/831 880/800/824
f 888/808/832 889/809/833 890/810/834
f 888/808/832 890/810/834 891/811/835
f 892/812/836 893/813/837 894/814/838
f 892/812/836 894/814/838 895/815/839
f 896/816/840 897/817/841 883/803/827
f 896/816/840 883/803/827 882/802/826
f 898/818/842 899/819/843 900/820/844
f 898/818/842 900/820/844 901/821/845
f 902/822/846 892/812/836 895/815/839
f 902/822/846 895/815/839 903/823/847
f 904/824/848 898/818/842 901/821/845
f 904/824/848 901/821/845 905/825/849
f 899/819/843 902/822/846 903/823/847
f 899/819/843 903/823/847 900/820/844
f 906/826/850 907/827/851 908/828/852
f 906/826/850 908/828/852 909/829/853
f 910/830/854 911/831/855 912/832/856
f 910/830/854 912/832/856 913/833/857
f 914/834/858 915/835/859 908/828/852
f 914/834/858 908/828/852 907/827/851
f 916/836/860 917/837/861 897/817/841
f 916/836/860 897/817/841 896/816/840
f 918/838/862 878/798/822 881/801/825
f 918/838/862 881/801/825 919/839/863
f 920/840/864 921/841/865 922/842/866
f 920/840/864 922/842/866 923/843/867
f 924/844/868 923/843/867 922/842/866
f 924/844/868 922/842/866 925/845/869
f 891/811/835 924/844/868 925/845/869
f 891/811/835 925/845/869 888/808/832
f 926/846/870 927/847/871 928/848/872
f 926/846/870 928/848/872 929/849/873
f 930/850/874 926/846/870 929/849/873
f 930/850/874 929/849/873 931/851/875
f 931/851/875 88/88/88 90/90/90
f 931/851/875 90/90/90 930/850/874
f 932/852/876 933/853/877 89/89/89
f 932/852/876 89/89/89 88/88/88
f 934/854/878 935/855/879 933/853/877
f 934/854/878 933/853/877 932/852/876
f 936/856/880 937/857/881 935/855/879
f 936/856/880 935/855/879 934/854/878
f 938/858/882 937/857/881 936/856/880
f 938/858/882 936/856/880 939/859/883
f 940/860/884 941/861/885 938/858/882
f 940/860/884 938/858/882 939/859/883
f 942/862/886 943/863/887 941/861/885
f 942/862/886 941/861/885 940/860/884
f 942/862/886 944/864/888 945/865/889
f 942/862/886 945/865/889 943/863/887
f 946/866/890 945/865/889 944/864/888
f 946/866/890 944/864/888 947/867/891
f 948/868/892 946/866/890 947/867/891
f 948/868/892 947/867/891 949/869/893
f 950/870/894 951/871/895 948/868/892
f 950/870/894 948/868/892 949/869/893
f 877/797/821 952/872/896 951/871/895
f 877/797/821 951/871/895 950/870/894
f 877/797/821 876/796/820 953/873/897
f 877/797/821 953/873/897 952/872/896
f 92/92/92 953/873/897 876/796/820
f 92/92/92 876/796/820 93/93/93
f 954/874/898 91/91/91 93/93/93
f 954/874/898 93/93/93 955/875/899
f 956/876/900 954/874/898 955/875/899
f 956/876/900 955/875/899 957/877/901
f 958/878/902 956/876/900 957/877/901
f 958/878/902 957/877/901 959/879/903
f 95/95/95 958/878/902 959/879/903
f 95/95/95 959/879/903 96/96/96
f 960/880/904 94/94/94 96/96/96
f 960/880/904 96/96/96 961/881/905
f 962/882/906 960/880/904 961/881/905
f 962/882/906 961/881/905 963/883/907
f 964/884/908 962/882/906 963/883/907
f 964/884/908 963/883/907 965/885/909
f 966/886/910 967/887/911 964/884/908
f 966/886/910 964/884/908 965/885/909
f 968/888/912 969/889/913 967/887/911
f 968/888/912 967/887/911 966/886/910
f 970/890/914 971/891/915 969/889/913
f 970/890/914 969/889/913 968/888/912
f 972/892/916 973/893/917 971/891/915
f 972/892/916 971/891/915 970/890/914
f 974/894/918 975/895/919 973/893/917
f 974/894/918 973/893/917 972/892/916
f 976/896/920 977/897/921 975/895/919
f 976/896/920 975/895/919 974/894/918
f 99/99/99 98/98/98 977/897/921
f 99/99/99 977/897/921 976/896/920
f 884/804/828 97/97/97 99/99/99
f 884/804/828 99/99/99 885/805/829
f 90/90/90 89/89/89 918/838/862
f 90/90/90 918/838/862 889/809/833
f 958/878/902 95/95/95 894/814/838
f 958/878/902 894/814/838 919/839/863
f 98/98/98 97/97/97 890/810/834
f 98/98/98 890/810/834 893/813/837
f 933/853/877 935/855/879 879/799/823
f 933/853/877 879/799/823 878/798/822
f 954/874/898 956/876/900 881/801/825
f 954/874/898 881/801/825 880/800/824
f 935/855/879 937/857/881 886/806/830
f 935/855/879 886/806/830 879/799/823
f 91/91/91 954/874/898 880/800/824
f 91/91/91 880/800/824 887/807/831
f 930/850/874 90/90/90 889/809/833
f 930/850/874 889/809/833 888/808/832
f 97/97/97 884/804/828 891/811/835
f 97/97/97 891/811/835 890/810/834
f 977/897/921 98/98/98 893/813/837
f 977/897/921 893/813/837 892/812/836
f 95/95/95 94/94/94 895/815/839
f 95/95/95 895/815/839 894/814/838
f 971/891/915 973/893/917 899/819/843
f 971/891/915 899/819/843 898/818/842
f 962/882/906 964/884/908 901/821/845
f 962/882/906 901/821/845 900/820/844
f 975/895/919 977/897/921 892/812/836
f 975/895/919 892/812/836 902/822/846
f 94/94/94 960/880/904 903/823/847
f 94/94/94 903/823/847 895/815/839
f 969/889/913 971/891/915 898/818/842
f 969/889/913 898/818/842 904/824/848
f 964/884/908 967/887/911 905/825/849
f 964/884/908 905/825/849 901/821/845
f 967/887/911 969/889/913 904/824/848
f 967/887/911 904/824/848 905/825/849
f 973/893/917 975/895/919 902/822/846
f 973/893/917 902/822/846 899/819/843
f 960/880/904 962/882/906 900/820/844
f 960/880/904 900/820/844 903/823/847
f 938/858/882 941/861/885 907/827/851
f 938/858/882 907/827/851 906/826/850
f 946/866/890 948/868/892 909/829/853
f 946/866/890 909/829/853 908/828/852
f 948/868/892 951/871/895 913/833/857
f 948/868/892 913/833/857 909/829/853
f 92/92/92 91/91/91 887/807/831
f 92/92/92 887/807/831 912/832/856
f 937/857/881 938/858/882 906/826/850
f 937/857/881 906/826/850 886/806/830
f 952/872/896 953/873/897 911/831/855
f 952/872/896 911/831/855 910/830/854
f 953/873/897 92/92/92 912/832/856
f 953/873/897 912/832/856 911/831/855
f 951/871/895 952/872/896 910/830/854
f 951/871/895 910/830/854 913/833/857
f 943/863/887 945/865/889 915/835/859
f 943/863/887 915/835/859 914/834/858
f 945/865/889 946/866/890 908/828/852
f 945/865/889 908/828/852 915/835/859
f 941/861/885 943/863/887 914/834/858
f 941/861/885 914/834/858 907/827/851
f 89/89/89 933/853/877 878/798/822
f 89/89/89 878/798/822 918/838/862
f 956/876/900 958/878/902 919/839/863
f 956/876/900 919/839/863 881/801/825
f 917/837/861 978/898/922 921/841/865
f 917/837/861 921/841/865 920/840/864
f 978/898/922 927/847/871 922/842/866
f 978/898/922 922/842/866 921/841/865
f 897/817/841 917/837/861 920/840/864
f 897/817/841 920/840/864 923/843/867
f 883/803/827 897/817/841 923/843/867
f 883/803/827 923/843/867 924/844/868
f 927/847/871 926/846/870 925/845/869
f 927/847/871 925/845/869 922/842/866
f 884/804/828 883/803/827 924/844/868
f 884/804/828 924/844/868 891/811/835
f 926/846/870 930/850/874 888/808/832
f 926/846/870 888/808/832 925/845/869
f 979/899/923 980/900/786 981/901/924
f 979/899/923 981/901/924 942/862/886
f 982/902/781 979/899/923 942/862/886
f 982/902/781 942/862/886 940/860/884
f 983/903/780 982/902/781 940/860/884
f 983/903/780 940/860/884 939/859/883
f 984/904/777 983/903/780 939/859/883
f 984/904/777 939/859/883 936/856/880
f 985/905/925 984/904/777 936/856/880
f 985/905/925 936/856/880 934/854/878
f 986/906/773 985/905/925 934/854/878
f 986/906/773 934/854/878 932/852/876
f 987/907/926 986/906/773 932/852/876
f 987/907/926 932/852/876 88/88/88
f 988/908/772 987/907/926 88/88/88
f 988/908/772 88/88/88 931/851/875
f 989/909/927 988/908/772 931/851/875
f 989/909/927 931/851/875 929/849/873
f 990/910/928 989/909/927 929/849/873
f 990/910/928 929/849/873 928/848/872
f 991/911/929 990/910/928 928/848/872
f 991/911/929 928/848/872 992/912/930
f 993/913/931 991/911/929 992/912/930
f 993/913/931 992/912/930 994/914/860
f 793/713/737 813/733/757 916/836/860
f 793/713/737 916/836/860 896/816/840
f 779/699/723 793/713/737 896/816/840
f 779/699/723 896/816/840 882/802/826
f 780/700/724 779/699/723 882/802/826
f 780/700/724 882/802/826 885/805/829
f 83/83/83 780/700/724 885/805/829
f 83/83/83 885/805/829 99/99/99
f 873/793/817 83/83/83 99/99/99
f 873/793/817 99/99/99 976/896/920
f 871/791/815 873/793/817 976/896/920
f 871/791/815 976/896/920 974/894/918
f 869/789/813 871/791/815 974/894/918
f 869/789/813 974/894/918 972/892/916
f 867/787/811 869/789/813 972/892/916
f 867/787/811 972/892/916 970/890/914
f 865/785/809 867/787/811 970/890/914
f 865/785/809 970/890/914 968/888/912
f 995/915/932 996/916/809 997/917/933
f 995/915/932 997/917/933 966/886/910
f 998/918/934 995/915/932 966/886/910
f 998/918/934 966/886/910 965/885/909
f 999/919/935 998/918/934 965/885/909
f 999/919/935 965/885/909 963/883/907
f 1000/920/936 999/919/935 963/883/907
f 1000/920/936 963/883/907 961/881/905
f 1001/921/937 1000/920/936 961/881/905
f 1001/921/937 961/881/905 96/96/96
f 1002/922/800 1001/921/937 96/96/96
f 1002/922/800 96/96/96 959/879/903
f 1003/923/798 1002/922/800 959/879/903
f 1003/923/798 959/879/903 957/877/901
f 1004/924/796 1003/923/798 957/877/901
f 1004/924/796 957/877/901 955/875/899
f 1005/925/77 1004/924/796 955/875/899
f 1005/925/77 955/875/899 93/93/93
f 1006/926/938 1005/925/77 93/93/93
f 1006/926/938 93/93/93 876/796/820
f 1007/927/939 1006/926/938 876/796/820
f 1007/927/939 876/796/820 86/86/86
f 1008/928/940 1007/927/939 86/86/86
f 1008/928/940 86/86/86 85/85/85
f 1009/929/71 1008/928/940 85/85/85
f 1009/929/71 85/85/85 1010/930/941
f 1011/931/942 1012/932/943 87/87/87
f 1011/931/942 87/87/87 877/797/821
f 1013/933/944 1011/931/942 877/797/821
f 1013/933/944 877/797/821 950/870/894
f 1014/934/945 1013/933/944 950/870/894
f 1014/934/945 950/870/894 949/869/893
f 1015/935/946 1014/934/945 949/869/893
f 1015/935/946 949/869/893 947/867/891
f 1016/936/786 1015/935/946 947/867/891
f 1016/936/786 947/867/891 944/864/888
f 1017/937/947 1018/938/948 1019/939/949
f 1017/937/947 1019/939/949 1020/940/950
f 1021/941/951 1022/942/952 1023/943/953
f 1021/941/951 1023/943/953 1024/944/954
f 1024/944/954 1023/943/953 1025/945/955
f 1024/944/954 1025/945/955 1026/946/956
f 1026/946/956 1025/945/955 1018/938/948
f 1026/946/956 1018/938/948 1017/937/947
f 1027/947/957 1025/945/955 1023/943/953
f 1027/947/957 1023/943/953 1028/948/952
f 1026/946/956 1029/949/958 1030/950/951
f 1026/946/956 1030/950/951 1024/944/954
f 1031/951/959 1032/952/960 1033/953/961
f 1031/951/959 1033/953/961 1034/954/962
f 1035/955/963 1036/956/964 1037/957/965
f 1035/955/963 1037/957/965 1038/958/966
f 1038/958/966 1037/957/965 1039/959/967
f 1038/958/966 1039/959/967 1040/960/968
f 1040/960/968 1039/959/967 1032/952/960
f 1040/960/968 1032/952/960 1031/951/959
f 1041/961/960 1039/959/967 1037/957/965
f 1041/961/960 1037/957/965 1042/962/964
f 1040/960/968 1043/963/969 1044/964/970
f 1040/960/968 1044/964/970 1038/958/966
f 1045/965/971 1046/966/972 1047/967/973
f 1045/965/971 1047/967/973 1048/968/974
f 1049/969/974 1050/970/973 1051/971/975
f 1049/969/974 1051/971/975 1052/972/976
f 1052/972/976 1051/971/975 1053/973/977
f 1052/972/976 1053/973/977 1054/974/978
f 1054/974/978 1053/973/977 1046/966/972
f 1054/974/978 1046/966/972 1045/965/971
f 1055/975/979 1053/973/977 1051/971/975
f 1055/975/979 1051/971/975 1056/976/980
f 1054/974/978 1057/977/981 1058/978/982
f 1054/974/978 1058/978/982 1052/972/976
f 1059/979/983 1060/980/984 1061/981/985
f 1059/979/983 1061/981/985 1062/982/986
f 1063/983/987 1064/984/988 1065/985/989
f 1063/983/987 1065/985/989 1066/986/990
f 1066/986/990 1065/985/989 1067/987/991
f 1066/986/990 1067/987/991 1068/988/992
f 1068/988/992 1067/987/991 1060/980/984
f 1068/988/992 1060/980/984 1059/979/983
f 1069/989/984 1067/987/991 1065/985/989
f 1069/989/984 1065/985/989 1070/990/993
f 1068/988/992 1071/991/994 1072/992/995
f 1068/988/992 1072/992/995 1066/986/990
f 1073/993/996 1074/994/997 1075/995/998
f 1073/993/996 1075/995/998 1076/996/999
f 1077/997/1000 1078/998/1001 1079/999/1002
f 1077/997/1000 1079/999/1002 1080/1000/1003
f 1080/1000/1003 1079/999/1002 1081/1001/1004
f 1080/1000/1003 1081/1001/1004 1082/1002/1005
f 1082/1002/1005 1081/1001/1004 1074/994/997
f 1082/1002/1005 1074/994/997 1073/993/996
f 1083/1003/1006 1081/1001/1004 1079/999/1002
f 1083/1003/1006 1079/999/1002 1084/1004/1007
f 1082/1002/1005 1085/1005/1008 1086/1006/1009
f 1082/1002/1005 1086/1006/1009 1080/1000/1003
f 1087/1007/947 1088/1008/957 1089/1009/949
f 1087/1007/947 1089/1009/949 1090/1010/950
f 1091/1011/951 1092/1012/952 1093/1013/953
f 1091/1011/951 1093/1013/953 1094/1014/954
f 1094/1014/954 1093/1013/953 1095/1015/955
f 1094/1014/954 1095/1015/955 1096/1016/956
f 1096/1016/956 1095/1015/955 1088/1008/957
f 1096/1016/956 1088/1008/957 1087/1007/947
f 1097/1017/957 1095/1015/955 1093/1013/953
f 1097/1017/957 1093/1013/953 1098/1018/952
f 1096/1016/956 1099/1019/958 1100/1020/951
f 1096/1016/956 1100/1020/951 1094/1014/954
f 1101/1021/1010 1102/688/1011 101/101/101
f 1101/1021/1010 101/101/101 100/100/100
f 1102/688/1011 1103/689/1012 103/103/103
f 1102/688/1011 103/103/103 101/101/101
f 1103/689/1012 1104/690/1013 104/104/104
f 1103/689/1012 104/104/104 103/103/103
f 1104/690/1013 1105/1022/1014 105/105/105
f 1104/690/1013 105/105/105 104/104/104
f 1105/1022/1014 1106/692/1015 106/106/106
f 1105/1022/1014 106/106/106 105/105/105
f 1106/692/1015 1101/1021/1010 100/100/100
f 1106/692/1015 100/100/100 106/106/106
f 1107/1023/1016 1108/1024/1017 108/108/108
f 1107/1023/1016 108/108/108 107/107/107
f 1108/1024/1017 1109/1025/1018 110/110/110
f 1108/1024/1017 110/110/110 108/108/108
f 1109/1025/1018 1110/1026/1019 111/111/111
f 1109/1025/1018 111/111/111 110/110/110
f 1110/1026/1019 1111/1027/1020 112/112/112
f 1110/1026/1019 112/112/112 111/111/111
f 1111/1027/1020 1112/1028/1021 113/113/113
f 1111/1027/1020 113/113/113 112/112/112
f 1112/1028/1021 1107/1023/1016 107/107/107
f 1112/1028/1021 107/107/107 113/113/113
f 1113/1029/1022 1114/1030/1023 115/101/115
f 1113/1029/1022 115/101/115 114/114/114
f 1114/1030/1023 1115/1031/1024 117/116/117
f 1114/1030/1023 117/116/117 115/101/115
f 1115/1031/1024 1116/1032/1025 118/117/118
f 1115/1031/1024 118/117/118 117/116/117
f 1116/1032/1025 1117/1033/1026 119/118/119
f 1116/1032/1025 119/118/119 118/117/118
f 1117/1033/1026 1118/1034/1027 120/119/120
f 1117/1033/1026 120/119/120 119/118/119
f 1118/1034/1027 1113/1029/1022 114/114/114
f 1118/1034/1027 114/114/114 120/119/120
f 1119/1035/1022 1120/1036/1023 122/121/115
f 1119/1035/1022 122/121/115 121/120/121
f 1120/1036/1023 1121/689/1024 124/123/117
f 1120/1036/1023 124/123/117 122/121/115
f 1121/689/1024 1122/1037/1028 125/124/118
f 1121/689/1024 125/124/118 124/123/117
f 1122/1037/1028 1123/691/1029 126/68/119
f 1122/1037/1028 126/68/119 125/124/118
f 1123/691/1029 1124/1038/1027 127/125/120
f 1123/691/1029 127/125/120 126/68/119
f 1124/1038/1027 1119/1035/1022 121/120/121
f 1124/1038/1027 121/120/121 127/125/120
f 1125/1039/1030 1126/1040/1031 129/126/123
f 1125/1039/1030 129/126/123 128/114/122
f 1126/1040/1031 1127/1031/1032 131/127/125
f 1126/1040/1031 131/127/125 129/126/123
f 1127/1031/1032 1128/690/1033 132/128/126
f 1127/1031/1032 132/128/126 131/127/125
f 1128/690/1033 1129/1033/1034 133/118/127
f 1128/690/1033 133/118/127 132/128/126
f 1129/1033/1034 1130/1034/1035 134/119/128
f 1129/1033/1034 134/119/128 133/118/127
f 1130/1034/1035 1125/1039/1030 128/114/122
f 1130/1034/1035 128/114/122 134/119/128
f 1131/687/711 1132/688/712 136/64/130
f 1131/687/711 136/64/130 135/63/129
f 1132/688/712 1133/689/713 138/66/66
f 1132/688/712 138/66/66 136/64/130
f 1133/689/713 1134/690/714 139/67/131
f 1133/689/713 139/67/131 138/66/66
f 1134/690/714 1135/691/715 140/68/132
f 1134/690/714 140/68/132 139/67/131
f 1135/691/715 1136/692/716 141/69/69
f 1135/691/715 141/69/69 140/68/132
f 1136/692/716 1131/687/711 135/63/129
f 1136/692/716 135/63/129 141/69/69
f 1137/1021/1010 1138/688/1011 143/101/101
f 1137/1021/1010 143/101/101 142/100/133
f 1138/688/1011 1139/689/1012 145/103/134
f 1138/688/1011 145/103/134 143/101/101
f 1139/689/1012 1140/690/1013 146/104/104
f 1139/689/1012 146/104/104 145/103/134
f 1140/690/1013 1141/1022/1036 147/105/135
f 1140/690/1013 147/105/135 146/104/104
f 1141/1022/1036 1142/692/1037 148/106/106
f 1141/1022/1036 148/106/106 147/105/135
f 1142/692/1037 1137/1021/1010 142/100/133
f 1142/692/1037 142/100/133 148/106/106
f 1143/1023/1016 1144/1024/1017 150/108/108
f 1143/1023/1016 150/108/108 149/107/136
f 1144/1024/1017 1145/1025/1018 152/110/137
f 1144/1024/1017 152/110/137 150/108/108
f 1145/1025/1018 1146/1026/1038 153/111/138
f 1145/1025/1018 153/111/138 152/110/137
f 1146/1026/1038 1147/1027/1039 154/112/139
f 1146/1026/1038 154/112/139 153/111/138
f 1147/1027/1039 1148/1028/1040 155/113/113
f 1147/1027/1039 155/113/113 154/112/139
f 1148/1028/1040 1143/1023/1016 149/107/136
f 1148/1028/1040 149/107/136 155/113/113
f 1149/1029/1041 1150/1030/1042 157/101/115
f 1149/1029/1041 157/101/115 156/114/140
f 1150/1030/1042 1151/1031/1024 159/116/141
f 1150/1030/1042 159/116/141 157/101/115
f 1151/1031/1024 1152/1032/1028 160/117/118
f 1151/1031/1024 160/117/118 159/116/141
f 1152/1032/1028 1153/1033/1029 161/118/119
f 1152/1032/1028 161/118/119 160/117/118
f 1153/1033/1029 1154/1034/1027 162/119/120
f 1153/1033/1029 162/119/120 161/118/119
f 1154/1034/1027 1149/1029/1041 156/114/140
f 1154/1034/1027 156/114/140 162/119/120
f 1155/1035/1041 1156/1036/1042 164/121/115
f 1155/1035/1041 164/121/115 163/120/114
f 1156/1036/1042 1157/689/1024 166/123/141
f 1156/1036/1042 166/123/141 164/121/115
f 1157/689/1024 1158/1037/1025 167/124/118
f 1157/689/1024 167/124/118 166/123/141
f 1158/1037/1025 1159/691/1029 168/68/119
f 1158/1037/1025 168/68/119 167/124/118
f 1159/691/1029 1160/1038/1027 169/125/120
f 1159/691/1029 169/125/120 168/68/119
f 1160/1038/1027 1155/1035/1041 163/120/114
f 1160/1038/1027 163/120/114 169/125/120
f 1161/1039/1030 1162/1040/1031 171/126/142
f 1161/1039/1030 171/126/142 170/114/122
f 1162/1040/1031 1163/1031/1043 173/127/125
f 1162/1040/1031 173/127/125 171/126/142
f 1163/1031/1043 1164/690/1033 174/128/143
f 1163/1031/1043 174/128/143 173/127/125
f 1164/690/1033 1165/1033/1034 175/118/144
f 1164/690/1033 175/118/144 174/128/143
f 1165/1033/1034 1166/1034/1044 176/119/145
f 1165/1033/1034 176/119/145 175/118/144
f 1166/1034/1044 1161/1039/1030 170/114/122
f 1166/1034/1044 170/114/122 176/119/145
f 178/71/71 1167/693/717 1168/694/1045
f 178/71/71 1168/694/1045 179/72/147
f 1169/695/719 1170/696/1046 1171/697/721
f 1169/695/719 1171/697/721 1172/698/722
f 1173/699/723 1174/700/724 1175/701/725
f 1173/699/723 1175/701/725 1176/702/726
f 1172/698/722 1171/697/721 1177/703/727
f 1172/698/722 1177/703/727 1178/704/728
f 1179/705/729 1180/706/1047 1181/707/731
f 1179/705/729 1181/707/731 1182/708/732
f 1183/709/1048 1184/710/734 1185/711/1049
f 1183/709/1048 1185/711/1049 1186/712/1050
f 1187/713/737 1173/699/723 1176/702/726
f 1187/713/737 1176/702/726 1188/714/738
f 1189/715/1051 1190/716/740 1191/717/1052
f 1189/715/1051 1191/717/1052 1192/718/742
f 1193/719/743 1194/720/744 1184/710/734
f 1193/719/743 1184/710/734 1183/709/1048
f 1195/721/1053 1196/722/1054 1190/716/740
f 1195/721/1053 1190/716/740 1189/715/1051
f 1192/718/742 1191/717/1052 1194/720/744
f 1192/718/742 1194/720/744 1193/719/743
f 1197/723/747 1198/724/748 1199/725/749
f 1197/723/747 1199/725/749 1200/726/750
f 1201/727/751 1202/728/1055 1203/729/753
f 1201/727/751 1203/729/753 1204/730/754
f 1205/731/1056 1200/726/750 1199/725/749
f 1205/731/1056 1199/725/749 1206/732/1057
f 1207/733/1058 1187/713/737 1188/714/738
f 1207/733/1058 1188/714/738 1208/734/758
f 1209/735/759 1210/736/760 1170/696/1046
f 1209/735/759 1170/696/1046 1169/695/719
f 1211/737/1059 1212/738/762 1213/739/763
f 1211/737/1059 1213/739/763 1214/740/1060
f 1215/741/1061 1216/742/1062 1213/739/763
f 1215/741/1061 1213/739/763 1212/738/762
f 1180/706/1047 1179/705/729 1216/742/1062
f 1180/706/1047 1216/742/1062 1215/741/1061
f 1217/743/767 1218/744/1063 1219/745/769
f 1217/743/767 1219/745/769 1220/746/1064
f 1221/747/771 1222/748/772 1218/744/1063
f 1221/747/771 1218/744/1063 1217/743/767
f 1222/748/772 1221/747/771 181/74/74
f 1222/748/772 181/74/74 180/73/148
f 1223/749/773 180/73/148 182/75/149
f 1223/749/773 182/75/149 1224/750/1065
f 1225/751/775 1223/749/773 1224/750/1065
f 1225/751/775 1224/750/1065 1226/752/776
f 1227/753/777 1225/751/775 1226/752/776
f 1227/753/777 1226/752/776 1228/754/1066
f 1229/755/779 1230/756/780 1227/753/777
f 1229/755/779 1227/753/777 1228/754/1066
f 1231/757/781 1230/756/780 1229/755/779
f 1231/757/781 1229/755/779 1232/758/782
f 1233/759/1067 1231/757/781 1232/758/782
f 1233/759/1067 1232/758/782 1234/760/784
f 1233/759/1067 1234/760/784 1235/761/785
f 1233/759/1067 1235/761/785 1236/762/1068
f 1237/763/787 1238/764/1069 1236/762/1068
f 1237/763/787 1236/762/1068 1235/761/785
f 1239/765/1070 1240/766/790 1238/764/1069
f 1239/765/1070 1238/764/1069 1237/763/787
f 1241/767/1071 1240/766/790 1239/765/1070
f 1241/767/1071 1239/765/1070 1242/768/792
f 1167/693/717 1241/767/1071 1242/768/792
f 1167/693/717 1242/768/792 1243/769/793
f 1167/693/717 1243/769/793 1244/770/1072
f 1167/693/717 1244/770/1072 1168/694/1045
f 185/78/78 184/77/77 1168/694/1045
f 185/78/78 1168/694/1045 1244/770/1072
f 1245/771/795 1246/772/796 184/77/77
f 1245/771/795 184/77/77 183/76/150
f 1247/773/797 1248/774/798 1246/772/796
f 1247/773/797 1246/772/796 1245/771/795
f 1249/775/799 1250/776/1073 1248/774/798
f 1249/775/799 1248/774/798 1247/773/797
f 188/81/81 187/80/80 1250/776/1073
f 188/81/81 1250/776/1073 1249/775/799
f 1251/777/1074 1252/778/802 187/80/80
f 1251/777/1074 187/80/80 186/79/151
f 1253/779/803 1254/780/1075 1252/778/802
f 1253/779/803 1252/778/802 1251/777/1074
f 1255/781/1076 1256/782/1077 1254/780/1075
f 1255/781/1076 1254/780/1075 1253/779/803
f 1257/783/807 1256/782/1077 1255/781/1076
f 1257/783/807 1255/781/1076 1258/784/808
f 1259/785/1078 1257/783/807 1258/784/808
f 1259/785/1078 1258/784/808 1260/786/810
f 1261/787/1079 1259/785/1078 1260/786/810
f 1261/787/1079 1260/786/810 1262/788/1080
f 1263/789/813 1261/787/1079 1262/788/1080
f 1263/789/813 1262/788/1080 1264/790/1081
f 1265/791/815 1263/789/813 1264/790/1081
f 1265/791/815 1264/790/1081 1266/792/1082
f 1267/793/817 1265/791/815 1266/792/1082
f 1267/793/817 1266/792/1082 1268/794/818
f 190/83/83 1267/793/817 1268/794/818
f 190/83/83 1268/794/818 191/84/84
f 1175/701/725 1174/700/724 190/83/83
f 1175/701/725 190/83/83 189/82/82
f 181/74/74 1182/708/732 1209/735/759
f 181/74/74 1209/735/759 182/75/149
f 1249/775/799 1210/736/760 1185/711/1049
f 1249/775/799 1185/711/1049 188/81/81
f 191/84/84 1186/712/1050 1181/707/731
f 191/84/84 1181/707/731 189/82/82
f 1224/750/1065 1169/695/719 1172/698/722
f 1224/750/1065 1172/698/722 1226/752/776
f 1245/771/795 1171/697/721 1170/696/1046
f 1245/771/795 1170/696/1046 1247/773/797
f 1226/752/776 1172/698/722 1178/704/728
f 1226/752/776 1178/704/728 1228/754/1066
f 183/76/150 1177/703/727 1171/697/721
f 183/76/150 1171/697/721 1245/771/795
f 1221/747/771 1179/705/729 1182/708/732
f 1221/747/771 1182/708/732 181/74/74
f 189/82/82 1181/707/731 1180/706/1047
f 189/82/82 1180/706/1047 1175/701/725
f 1268/794/818 1183/709/1048 1186/712/1050
f 1268/794/818 1186/712/1050 191/84/84
f 188/81/81 1185/711/1049 1184/710/734
f 188/81/81 1184/710/734 186/79/151
f 1262/788/1080 1189/715/1051 1192/718/742
f 1262/788/1080 1192/718/742 1264/790/1081
f 1253/779/803 1191/717/1052 1190/716/740
f 1253/779/803 1190/716/740 1255/781/1076
f 1266/792/1082 1193/719/743 1183/709/1048
f 1266/792/1082 1183/709/1048 1268/794/818
f 186/79/151 1184/710/734 1194/720/744
f 186/79/151 1194/720/744 1251/777/1074
f 1260/786/810 1195/721/1053 1189/715/1051
f 1260/786/810 1189/715/1051 1262/788/1080
f 1255/781/1076 1190/716/740 1196/722/1054
f 1255/781/1076 1196/722/1054 1258/784/808
f 1258/784/808 1196/722/1054 1195/721/1053
f 1258/784/808 1195/721/1053 1260/786/810
f 1264/790/1081 1192/718/742 1193/719/743
f 1264/790/1081 1193/719/743 1266/792/1082
f 1251/777/1074 1194/720/744 1191/717/1052
f 1251/777/1074 1191/717/1052 1253/779/803
f 1229/755/779 1197/723/747 1200/726/750
f 1229/755/779 1200/726/750 1232/758/782
f 1237/763/787 1199/725/749 1198/724/748
f 1237/763/787 1198/724/748 1239/765/1070
f 1239/765/1070 1198/724/748 1202/728/1055
f 1239/765/1070 1202/728/1055 1242/768/792
f 185/78/78 1203/729/753 1177/703/727
f 185/78/78 1177/703/727 183/76/150
f 1228/754/1066 1178/704/728 1197/723/747
f 1228/754/1066 1197/723/747 1229/755/779
f 1243/769/793 1201/727/751 1204/730/754
f 1243/769/793 1204/730/754 1244/770/1072
f 1244/770/1072 1204/730/754 1203/729/753
f 1244/770/1072 1203/729/753 185/78/78
f 1242/768/792 1202/728/1055 1201/727/751
f 1242/768/792 1201/727/751 1243/769/793
f 1234/760/784 1205/731/1056 1206/732/1057
f 1234/760/784 1206/732/1057 1235/761/785
f 1235/761/785 1206/732/1057 1199/725/749
f 1235/761/785 1199/725/749 1237/763/787
f 1232/758/782 1200/726/750 1205/731/1056
f 1232/758/782 1205/731/1056 1234/760/784
f 182/75/149 1209/735/759 1169/695/719
f 182/75/149 1169/695/719 1224/750/1065
f 1247/773/797 1170/696/1046 1210/736/760
f 1247/773/797 1210/736/760 1249/775/799
f 1208/734/758 1211/737/1059 1214/740/1060
f 1208/734/758 1214/740/1060 1269/795/819
f 1269/795/819 1214/740/1060 1213/739/763
f 1269/795/819 1213/739/763 1220/746/1064
f 1188/714/738 1212/738/762 1211/737/1059
f 1188/714/738 1211/737/1059 1208/734/758
f 1176/702/726 1215/741/1061 1212/738/762
f 1176/702/726 1212/738/762 1188/714/738
f 1220/746/1064 1213/739/763 1216/742/1062
f 1220/746/1064 1216/742/1062 1217/743/767
f 1175/701/725 1180/706/1047 1215/741/1061
f 1175/701/725 1215/741/1061 1176/702/726
f 1217/743/767 1216/742/1062 1179/705/729
f 1217/743/767 1179/705/729 1221/747/771
f 194/87/152 193/86/86 1270/796/820
f 194/87/152 1270/796/820 1271/797/1083
f 1272/798/822 1273/799/823 1274/800/1084
f 1272/798/822 1274/800/1084 1275/801/1085
f 1276/802/826 1277/803/827 1278/804/1086
f 1276/802/826 1278/804/1086 1279/805/829
f 1273/799/823 1280/806/830 1281/807/831
f 1273/799/823 1281/807/831 1274/800/1084
f 1282/808/832 1283/809/833 1284/810/1087
f 1282/808/832 1284/810/1087 1285/811/835
f 1286/812/836 1287/813/837 1288/814/1088
f 1286/812/836 1288/814/1088 1289/815/839
f 1290/816/840 1291/817/841 1277/803/827
f 1290/816/840 1277/803/827 1276/802/826
f 1292/818/1089 1293/819/843 1294/820/844
f 1292/818/1089 1294/820/844 1295/821/845
f 1296/822/846 1286/812/836 1289/815/839
f 1296/822/846 1289/815/839 1297/823/847
f 1298/824/848 1292/818/1089 1295/821/845
f 1298/824/848 1295/821/845 1299/825/849
f 1293/819/843 1296/822/846 1297/823/847
f 1293/819/843 1297/823/847 1294/820/844
f 1300/826/850 1301/827/851 1302/828/852
f 1300/826/850 1302/828/852 1303/829/853
f 1304/830/854 1305/831/1090 1306/832/1091
f 1304/830/854 1306/832/1091 1307/833/857
f 1308/834/858 1309/835/859 1302/828/852
f 1308/834/858 1302/828/852 1301/827/851
f 1310/836/860 1311/837/861 1291/817/841
f 1310/836/860 1291/817/841 1290/816/840
f 1312/838/862 1272/798/822 1275/801/1085
f 1312/838/862 1275/801/1085 1313/839/863
f 1314/840/1092 1315/841/865 1316/842/1093
f 1314/840/1092 1316/842/1093 1317/843/1094
f 1318/844/1095 1317/843/1094 1316/842/1093
f 1318/844/1095 1316/842/1093 1319/845/869
f 1285/811/835 1318/844/1095 1319/845/869
f 1285/811/835 1319/845/869 1282/808/832
f 1320/846/1096 1321/847/1097 1322/848/872
f 1320/846/1096 1322/848/872 1323/849/1098
f 1324/850/874 1320/846/1096 1323/849/1098
f 1324/850/874 1323/849/1098 1325/851/875
f 1325/851/875 195/88/88 197/90/90
f 1325/851/875 197/90/90 1324/850/874
f 1326/852/876 1327/853/1099 196/89/89
f 1326/852/876 196/89/89 195/88/88
f 1328/854/878 1329/855/1100 1327/853/1099
f 1328/854/878 1327/853/1099 1326/852/876
f 1330/856/880 1331/857/881 1329/855/1100
f 1330/856/880 1329/855/1100 1328/854/878
f 1332/858/882 1331/857/881 1330/856/880
f 1332/858/882 1330/856/880 1333/859/883
f 1334/860/884 1335/861/885 1332/858/882
f 1334/860/884 1332/858/882 1333/859/883
f 1336/862/886 1337/863/887 1335/861/885
f 1336/862/886 1335/861/885 1334/860/884
f 1336/862/886 1338/864/888 1339/865/889
f 1336/862/886 1339/865/889 1337/863/887
f 1340/866/890 1339/865/889 1338/864/888
f 1340/866/890 1338/864/888 1341/867/1101
f 1342/868/1102 1340/866/890 1341/867/1101
f 1342/868/1102 1341/867/1101 1343/869/893
f 1344/870/1103 1345/871/895 1342/868/1102
f 1344/870/1103 1342/868/1102 1343/869/893
f 1271/797/1083 1346/872/896 1345/871/895
f 1271/797/1083 1345/871/895 1344/870/1103
f 1271/797/1083 1270/796/820 1347/873/1104
f 1271/797/1083 1347/873/1104 1346/872/896
f 199/92/153 1347/873/1104 1270/796/820
f 199/92/153 1270/796/820 200/93/154
f 1348/874/898 198/91/91 200/93/154
f 1348/874/898 200/93/154 1349/875/899
f 1350/876/1105 1348/874/898 1349/875/899
f 1350/876/1105 1349/875/899 1351/877/901
f 1352/878/902 1350/876/1105 1351/877/901
f 1352/878/902 1351/877/901 1353/879/903
f 202/95/95 1352/878/902 1353/879/903
f 202/95/95 1353/879/903 203/96/156
f 1354/880/1106 201/94/155 203/96/156
f 1354/880/1106 203/96/156 1355/881/905
f 1356/882/1107 1354/880/1106 1355/881/905
f 1356/882/1107 1355/881/905 1357/883/907
f 1358/884/908 1356/882/1107 1357/883/907
f 1358/884/908 1357/883/907 1359/885/909
f 1360/886/910 1361/887/911 1358/884/908
f 1360/886/910 1358/884/908 1359/885/909
f 1362/888/912 1363/889/913 1361/887/911
f 1362/888/912 1361/887/911 1360/886/910
f 1364/890/1108 1365/891/1109 1363/889/913
f 1364/890/1108 1363/889/913 1362/888/912
f 1366/892/916 1367/893/917 1365/891/1109
f 1366/892/916 1365/891/1109 1364/890/1108
f 1368/894/1110 1369/895/1111 1367/893/917
f 1368/894/1110 1367/893/917 1366/892/916
f 1370/896/920 1371/897/921 1369/895/1111
f 1370/896/920 1369/895/1111 1368/894/1110
f 206/99/99 205/98/158 1371/897/921
f 206/99/99 1371/897/921 1370/896/920
f 1278/804/1086 204/97/157 206/99/99
f 1278/804/1086 206/99/99 1279/805/829
f 197/90/90 196/89/89 1312/838/862
f 197/90/90 1312/838/862 1283/809/833
f 1352/878/902 202/95/95 1288/814/1088
f 1352/878/902 1288/814/1088 1313/839/863
f 205/98/158 204/97/157 1284/810/1087
f 205/98/158 1284/810/1087 1287/813/837
f 1327/853/1099 1329/855/1100 1273/799/823
f 1327/853/1099 1273/799/823 1272/798/822
f 1348/874/898 1350/876/1105 1275/801/1085
f 1348/874/898 1275/801/1085 1274/800/1084
f 1329/855/1100 1331/857/881 1280/806/830
f 1329/855/1100 1280/806/830 1273/799/823
f 198/91/91 1348/874/898 1274/800/1084
f 198/91/91 1274/800/1084 1281/807/831
f 1324/850/874 197/90/90 1283/809/833
f 1324/850/874 1283/809/833 1282/808/832
f 204/97/157 1278/804/1086 1285/811/835
f 204/97/157 1285/811/835 1284/810/1087
f 1371/897/921 205/98/158 1287/813/837
f 1371/897/921 1287/813/837 1286/812/836
f 202/95/95 201/94/155 1289/815/839
f 202/95/95 1289/815/839 1288/814/1088
f 1365/891/1109 1367/893/917 1293/819/843
f 1365/891/1109 1293/819/843 1292/818/1089
f 1356/882/1107 1358/884/908 1295/821/845
f 1356/882/1107 1295/821/845 1294/820/844
f 1369/895/1111 1371/897/921 1286/812/836
f 1369/895/1111 1286/812/836 1296/822/846
f 201/94/155 1354/880/1106 1297/823/847
f 201/94/155 1297/823/847 1289/815/839
f 1363/889/913 1365/891/1109 1292/818/1089
f 1363/889/913 1292/818/1089 1298/824/848
f 1358/884/908 1361/887/911 1299/825/849
f 1358/884/908 1299/825/849 1295/821/845
f 1361/887/911 1363/889/913 1298/824/848
f 1361/887/911 1298/824/848 1299/825/849
f 1367/893/917 1369/895/1111 1296/822/846
f 1367/893/917 1296/822/846 1293/819/843
f 1354/880/1106 1356/882/1107 1294/820/844
f 1354/880/1106 1294/820/844 1297/823/847
f 1332/858/882 1335/861/885 1301/827/851
f 1332/858/882 1301/827/851 1300/826/850
f 1340/866/890 1342/868/1102 1303/829/853
f 1340/866/890 1303/829/853 1302/828/852
f 1342/868/1102 1345/871/895 1307/833/857
f 1342/868/1102 1307/833/857 1303/829/853
f 199/92/153 198/91/91 1281/807/831
f 199/92/153 1281/807/831 1306/832/1091
f 1331/857/881 1332/858/882 1300/826/850
f 1331/857/881 1300/826/850 1280/806/830
f 1346/872/896 1347/873/1104 1305/831/1090
f 1346/872/896 1305/831/1090 1304/830/854
f 1347/873/1104 199/92/153 1306/832/1091
f 1347/873/1104 1306/832/1091 1305/831/1090
f 1345/871/895 1346/872/896 1304/830/854
f 1345/871/895 1304/830/854 1307/833/857
f 1337/863/887 1339/865/889 1309/835/859
f 1337/863/887 1309/835/859 1308/834/858
f 1339/865/889 1340/866/890 1302/828/852
f 1339/865/889 1302/828/852 1309/835/859
f 1335/861/885 1337/863/887 1308/834/858
f 1335/861/885 1308/834/858 1301/827/851
f 196/89/89 1327/853/1099 1272/798/822
f 196/89/89 1272/798/822 1312/838/862
f 1350/876/1105 1352/878/902 1313/839/863
f 1350/876/1105 1313/839/863 1275/801/1085
f 1311/837/861 1372/898/1112 1315/841/865
f 1311/837/861 1315/841/865 1314/840/1092
f 1372/898/1112 1321/847/1097 1316/842/1093
f 1372/898/1112 1316/842/1093 1315/841/865
f 1291/817/841 1311/837/861 1314/840/1092
f 1291/817/841 1314/840/1092 1317/843/1094
f 1277/803/827 1291/817/841 1317/843/1094
f 1277/803/827 1317/843/1094 1318/844/1095
f 1321/847/1097 1320/846/1096 1319/845/869
f 1321/847/1097 1319/845/869 1316/842/1093
f 1278/804/1086 1277/803/827 1318/844/1095
f 1278/804/1086 1318/844/1095 1285/811/835
f 1320/846/1096 1324/850/874 1282/808/832
f 1320/846/1096 1282/808/832 1319/845/869
f 1373/899/923 1374/900/786 1375/901/924
f 1373/899/923 1375/901/924 1336/862/886
f 1376/902/781 1373/899/923 1336/862/886
f 1376/902/781 1336/862/886 1334/860/884
f 1377/903/1113 1376/902/781 1334/860/884
f 1377/903/1113 1334/860/884 1333/859/883
f 1378/904/1114 1377/903/1113 1333/859/883
f 1378/904/1114 1333/859/883 1330/856/880
f 1379/905/925 1378/904/1114 1330/856/880
f 1379/905/925 1330/856/880 1328/854/878
f 1380/906/773 1379/905/925 1328/854/878
f 1380/906/773 1328/854/878 1326/852/876
f 1381/907/926 1380/906/773 1326/852/876
f 1381/907/926 1326/852/876 195/88/88
f 1382/908/772 1381/907/926 195/88/88
f 1382/908/772 195/88/88 1325/851/875
f 1383/909/927 1382/908/772 1325/851/875
f 1383/909/927 1325/851/875 1323/849/1098
f 1384/910/769 1383/909/927 1323/849/1098
f 1384/910/769 1323/849/1098 1322/848/872
f 1385/911/929 1384/910/769 1322/848/872
f 1385/911/929 1322/848/872 1386/912/930
f 1387/913/931 1385/911/929 1386/912/930
f 1387/913/931 1386/912/930 1388/914/860
f 1187/713/737 1207/733/1058 1310/836/860
f 1187/713/737 1310/836/860 1290/816/840
f 1173/699/723 1187/713/737 1290/816/840
f 1173/699/723 1290/816/840 1276/802/826
f 1174/700/724 1173/699/723 1276/802/826
f 1174/700/724 1276/802/826 1279/805/829
f 190/83/83 1174/700/724 1279/805/829
f 190/83/83 1279/805/829 206/99/99
f 1267/793/817 190/83/83 206/99/99
f 1267/793/817 206/99/99 1370/896/920
f 1265/791/815 1267/793/817 1370/896/920
f 1265/791/815 1370/896/920 1368/894/1110
f 1263/789/813 1265/791/815 1368/894/1110
f 1263/789/813 1368/894/1110 1366/892/916
f 1261/787/1079 1263/789/813 1366/892/916
f 1261/787/1079 1366/892/916 1364/890/1108
f 1259/785/1078 1261/787/1079 1364/890/1108
f 1259/785/1078 1364/890/1108 1362/888/912
f 1389/915/1115 1390/916/809 1391/917/933
f 1389/915/1115 1391/917/933 1360/886/910
f 1392/918/1077 1389/915/1115 1360/886/910
f 1392/918/1077 1360/886/910 1359/885/909
f 1393/919/935 1392/918/1077 1359/885/909
f 1393/919/935 1359/885/909 1357/883/907
f 1394/920/936 1393/919/935 1357/883/907
f 1394/920/936 1357/883/907 1355/881/905
f 1395/921/80 1394/920/936 1355/881/905
f 1395/921/80 1355/881/905 203/96/156
f 1396/922/1073 1395/921/80 203/96/156
f 1396/922/1073 203/96/156 1353/879/903
f 1397/923/798 1396/922/1073 1353/879/903
f 1397/923/798 1353/879/903 1351/877/901
f 1398/924/796 1397/923/798 1351/877/901
f 1398/924/796 1351/877/901 1349/875/899
f 1399/925/77 1398/924/796 1349/875/899
f 1399/925/77 1349/875/899 200/93/154
f 1400/926/938 1399/925/77 200/93/154
f 1400/926/938 200/93/154 1270/796/820
f 1401/927/939 1400/926/938 1270/796/820
f 1401/927/939 1270/796/820 193/86/86
f 1402/928/940 1401/927/939 193/86/86
f 1402/928/940 193/86/86 192/85/85
f 1403/929/71 1402/928/940 192/85/85
f 1403/929/71 192/85/85 1404/930/941
f 1405/931/942 1406/932/943 194/87/152
f 1405/931/942 194/87/152 1271/797/1083
f 1407/933/944 1405/931/942 1271/797/1083
f 1407/933/944 1271/797/1083 1344/870/1103
f 1408/934/790 1407/933/944 1344/870/1103
f 1408/934/790 1344/870/1103 1343/869/893
f 1409/935/1069 1408/934/790 1343/869/893
f 1409/935/1069 1343/869/893 1341/867/1101
f 1410/936/786 1409/935/1069 1341/867/1101
f 1410/936/786 1341/867/1101 1338/864/888
f 1411/1041/1116 1412/1042/1117 1413/1043/1118
f 1411/1041/1116 1413/1043/1118 1414/1044/1119
f 1412/1042/1117 1415/1045/1120 1416/1046/1121
f 1412/1042/1117 1416/1046/1121 1413/1043/1118
f 1415/1045/1120 1417/1047/1122 1418/1048/1123
f 1415/1045/1120 1418/1048/1123 1416/1046/1121
f 1419/1049/1124 1420/1050/1125 1421/1051/1126
f 1419/1049/1124 1421/1051/1126 1422/1052/1127
f 1422/1052/1127 1421/1051/1126 1423/1053/1128
f 1422/1052/1127 1423/1053/1128 1424/1054/1129
f 1424/1054/1129 1423/1053/1128 211/133/163
f 1424/1054/1129 211/133/163 210/132/162
f 1425/1055/1130 207/129/159 1420/1050/1125
f 1425/1055/1130 1420/1050/1125 1419/1049/1124
f 208/130/160 1411/1041/1116 1414/1044/1119
f 208/130/160 1414/1044/1119 209/131/161
f 1426/1056/1131 1427/1057/1132 1428/1058/1133
f 1426/1056/1131 1428/1058/1133 1429/1059/1134
f 1430/1060/1135 1431/1061/1136 1432/1062/1137
f 1430/1060/1135 1432/1062/1137 1433/1063/1138
f 1434/1064/1139 1435/1065/1140 1431/1061/1136
f 1434/1064/1139 1431/1061/1136 1430/1060/1135
f 1436/1066/1141 1437/1067/1142 1435/1065/1140
f 1436/1066/1141 1435/1065/1140 1434/1064/1139
f 1438/1068/1143 1439/1069/1144 1437/1067/1142
f 1438/1068/1143 1437/1067/1142 1436/1066/1141
f 1440/1070/1145 1441/1071/1146 1439/1069/1144
f 1440/1070/1145 1439/1069/1144 1438/1068/1143
f 1442/1072/1147 1443/1073/1148 1441/1071/1146
f 1442/1072/1147 1441/1071/1146 1440/1070/1145
f 1444/1074/1149 1443/1073/1148 1442/1072/1147
f 1444/1074/1149 1442/1072/1147 1445/1075/1150
f 1446/1076/1151 1444/1074/1149 1445/1075/1150
f 1446/1076/1151 1445/1075/1150 1447/1077/1152
f 1448/1078/1153 1446/1076/1151 1447/1077/1152
f 1448/1078/1153 1447/1077/1152 1449/1079/162
f 1450/1080/1154 1448/1078/1153 1449/1079/162
f 1450/1080/1154 1449/1079/162 212/134/164
f 1451/1081/1155 1450/1080/1154 212/134/164
f 1451/1081/1155 212/134/164 211/133/163
f 1423/1053/1128 1452/1082/1156 1451/1081/1155
f 1423/1053/1128 1451/1081/1155 211/133/163
f 1421/1051/1126 1453/1083/1157 1452/1082/1156
f 1421/1051/1126 1452/1082/1156 1423/1053/1128
f 1420/1050/1125 1454/1084/1158 1453/1083/1157
f 1420/1050/1125 1453/1083/1157 1421/1051/1126
f 207/129/159 1455/1085/1159 1454/1084/1158
f 207/129/159 1454/1084/1158 1420/1050/1125
f 209/131/161 1456/1086/1160 1455/1085/1159
f 209/131/161 1455/1085/1159 207/129/159
f 1414/1044/1119 1457/1087/1161 1456/1086/1160
f 1414/1044/1119 1456/1086/1160 209/131/161
f 1413/1043/1118 1458/1088/1162 1457/1087/1161
f 1413/1043/1118 1457/1087/1161 1414/1044/1119
f 1416/1046/1121 1459/1089/1163 1458/1088/1162
f 1416/1046/1121 1458/1088/1162 1413/1043/1118
f 1418/1048/1123 1460/1090/1164 1459/1089/1163
f 1418/1048/1123 1459/1089/1163 1416/1046/1121
f 1461/1091/1143 208/130/160 207/129/159
f 1461/1091/1143 207/129/159 1425/1055/1130
f 1462/1092/1141 1411/1041/1116 208/130/160
f 1462/1092/1141 208/130/160 1461/1091/1143
f 1463/1093/1165 1412/1042/1117 1411/1041/1116
f 1463/1093/1165 1411/1041/1116 1462/1092/1141
f 215/137/167 1415/1045/1120 1412/1042/1117
f 215/137/167 1412/1042/1117 1463/1093/1165
f 215/137/167 214/136/166 1417/1047/1122
f 215/137/167 1417/1047/1122 1415/1045/1120
f 1428/1058/1133 1427/1057/1132 1464/1094/1166
f 1428/1058/1133 1464/1094/1166 1465/1095/1167
f 1466/1096/1168 1432/1062/1137 1431/1061/1136
f 1466/1096/1168 1431/1061/1136 1467/1097/1169
f 1431/1061/1136 1435/1065/1140 1468/1098/1170
f 1431/1061/1136 1468/1098/1170 1467/1097/1169
f 1435/1065/1140 1437/1067/1142 1469/1099/1171
f 1435/1065/1140 1469/1099/1171 1468/1098/1170
f 1437/1067/1142 1439/1069/1144 1470/1100/1172
f 1437/1067/1142 1470/1100/1172 1469/1099/1171
f 1439/1069/1144 1441/1071/1146 1471/1101/1173
f 1439/1069/1144 1471/1101/1173 1470/1100/1172
f 1441/1071/1146 1443/1073/1148 1472/1102/1174
f 1441/1071/1146 1472/1102/1174 1471/1101/1173
f 1473/1103/1175 1472/1102/1174 1443/1073/1148
f 1473/1103/1175 1443/1073/1148 1444/1074/1149
f 1474/1104/1176 1473/1103/1175 1444/1074/1149
f 1474/1104/1176 1444/1074/1149 1446/1076/1151
f 1475/1105/1177 1474/1104/1176 1446/1076/1151
f 1475/1105/1177 1446/1076/1151 1448/1078/1153
f 1476/1106/1178 1475/1105/1177 1448/1078/1153
f 1476/1106/1178 1448/1078/1153 1450/1080/1154
f 1477/1107/1179 1476/1106/1178 1450/1080/1154
f 1477/1107/1179 1450/1080/1154 1451/1081/1155
f 1451/1081/1155 1452/1082/1156 1478/1108/1180
f 1451/1081/1155 1478/1108/1180 1477/1107/1179
f 1452/1082/1156 1453/1083/1157 1479/1109/1181
f 1452/1082/1156 1479/1109/1181 1478/1108/1180
f 1453/1083/1157 1454/1084/1158 1480/1110/1182
f 1453/1083/1157 1480/1110/1182 1479/1109/1181
f 1454/1084/1158 1455/1085/1159 1481/1111/1183
f 1454/1084/1158 1481/1111/1183 1480/1110/1182
f 1455/1085/1159 1456/1086/1160 1482/1112/1184
f 1455/1085/1159 1482/1112/1184 1481/1111/1183
f 1456/1086/1160 1457/1087/1161 1483/1113/1185
f 1456/1086/1160 1483/1113/1185 1482/1112/1184
f 1457/1087/1161 1458/1088/1162 1484/1114/1186
f 1457/1087/1161 1484/1114/1186 1483/1113/1185
f 1458/1088/1162 1459/1089/1163 1485/1115/1187
f 1458/1088/1162 1485/1115/1187 1484/1114/1186
f 1459/1089/1163 1460/1090/1164 1486/1116/1188
f 1459/1089/1163 1486/1116/1188 1485/1115/1187
f 1429/1059/1134 1428/1058/1133 1460/1090/1164
f 1429/1059/1134 1460/1090/1164 1418/1048/1123
f 1486/1116/1188 1460/1090/1164 1428/1058/1133
f 1486/1116/1188 1428/1058/1133 1465/1095/1167
f 1487/1117/1189 1432/1062/1137 1466/1096/1168
f 1487/1117/1189 1466/1096/1168 1488/1118/1190
f 1433/1063/1138 1432/1062/1137 1487/1117/1189
f 1433/1063/1138 1487/1117/1189 1489/1119/1191
f 214/136/166 1490/1120/1192 1426/1056/1131
f 214/136/166 1426/1056/1131 1417/1047/1122
f 1418/1048/1123 1417/1047/1122 1426/1056/1131
f 1418/1048/1123 1426/1056/1131 1429/1059/1134
f 1491/1121/1192 1492/1122/1193 1427/1057/1132
f 1491/1121/1192 1427/1057/1132 1426/1056/1131
f 1493/1123/1194 1492/1122/1193 1494/1124/1195
f 1493/1123/1194 1494/1124/1195 1495/1125/1190
f 1496/1126/1196 1490/1120/1192 214/136/166
f 1496/1126/1196 214/136/166 213/135/165
f 1464/1094/1166 1427/1057/1132 1492/1122/1193
f 1464/1094/1166 1492/1122/1193 1493/1123/1194
f 1497/1127/1191 1494/1124/1195 1492/1122/1193
f 1497/1127/1191 1492/1122/1193 1491/1121/1192
f 1498/1128/1197 1499/1129/1198 1500/1130/1199
f 1498/1128/1197 1500/1130/1199 1501/1131/1200
f 1501/1131/1200 1500/1130/1199 1502/1132/1201
f 1501/1131/1200 1502/1132/1201 1503/1133/1202
f 1503/1133/1202 1502/1132/1201 1504/1134/1203
f 1503/1133/1202 1504/1134/1203 1505/1135/1204
f 1506/1136/1205 1507/1137/1206 1508/1138/1207
f 1506/1136/1205 1508/1138/1207 1509/1139/1208
f 1507/1137/1206 1510/1140/1209 1511/1141/1210
f 1507/1137/1206 1511/1141/1210 1508/1138/1207
f 1510/1140/1209 219/141/171 221/143/173
f 1510/1140/1209 221/143/173 1511/1141/1210
f 1512/1142/1211 1506/1136/1205 1509/1139/1208
f 1512/1142/1211 1509/1139/1208 216/138/168
f 218/140/170 217/139/169 1499/1129/1198
f 218/140/170 1499/1129/1198 1498/1128/1197
f 1513/1143/1212 1514/1144/1213 1515/1145/1214
f 1513/1143/1212 1515/1145/1214 1516/1146/1215
f 1517/1147/1216 1518/1148/174 1519/1149/1217
f 1517/1147/1216 1519/1149/1217 1520/1150/1218
f 1521/1151/1219 1517/1147/1216 1520/1150/1218
f 1521/1151/1219 1520/1150/1218 1522/1152/1220
f 1523/1153/1221 1521/1151/1219 1522/1152/1220
f 1523/1153/1221 1522/1152/1220 1524/1154/1222
f 1525/1155/1223 1523/1153/1221 1524/1154/1222
f 1525/1155/1223 1524/1154/1222 1526/1156/1224
f 1527/1157/1211 1525/1155/1223 1526/1156/1224
f 1527/1157/1211 1526/1156/1224 1528/1158/1225
f 1529/1159/1226 1527/1157/1211 1528/1158/1225
f 1529/1159/1226 1528/1158/1225 1530/1160/1227
f 1531/1161/1228 1532/1162/1206 1529/1159/1226
f 1531/1161/1228 1529/1159/1226 1530/1160/1227
f 1533/1163/1229 1534/1164/1230 1532/1162/1206
f 1533/1163/1229 1532/1162/1206 1531/1161/1228
f 1535/1165/1231 1536/1166/1232 1534/1164/1230
f 1535/1165/1231 1534/1164/1230 1533/1163/1229
f 1537/1167/1233 220/142/172 1536/1166/1232
f 1537/1167/1233 1536/1166/1232 1535/1165/1231
f 1538/1168/1234 221/143/173 220/142/172
f 1538/1168/1234 220/142/172 1537/1167/1233
f 1511/1141/1210 221/143/173 1538/1168/1234
f 1511/1141/1210 1538/1168/1234 1539/1169/1235
f 1508/1138/1207 1511/1141/1210 1539/1169/1235
f 1508/1138/1207 1539/1169/1235 1540/1170/1236
f 1509/1139/1208 1508/1138/1207 1540/1170/1236
f 1509/1139/1208 1540/1170/1236 1541/1171/1237
f 216/138/168 1509/1139/1208 1541/1171/1237
f 216/138/168 1541/1171/1237 1542/1172/1238
f 217/139/169 216/138/168 1542/1172/1238
f 217/139/169 1542/1172/1238 1543/1173/1239
f 1499/1129/1198 217/139/169 1543/1173/1239
f 1499/1129/1198 1543/1173/1239 1544/1174/1240
f 1500/1130/1199 1499/1129/1198 1544/1174/1240
f 1500/1130/1199 1544/1174/1240 1545/1175/1241
f 1502/1132/1201 1500/1130/1199 1545/1175/1241
f 1502/1132/1201 1545/1175/1241 1546/1176/1242
f 1504/1134/1203 1502/1132/1201 1546/1176/1242
f 1504/1134/1203 1546/1176/1242 1547/1177/1243
f 1548/1178/1223 1512/1142/1211 216/138/168
f 1548/1178/1223 216/138/168 218/140/170
f 1549/1179/1244 1548/1178/1223 218/140/170
f 1549/1179/1244 218/140/170 1498/1128/1197
f 1550/1180/1219 1549/1179/1244 1498/1128/1197
f 1550/1180/1219 1498/1128/1197 1501/1131/1200
f 223/145/175 1550/1180/1219 1501/1131/1200
f 223/145/175 1501/1131/1200 1503/1133/1202
f 223/145/175 1503/1133/1202 1505/1135/1204
f 223/145/175 1505/1135/1204 224/146/176
f 1516/1146/1215 1515/1145/1214 1465/1095/1167
f 1516/1146/1215 1465/1095/1167 1464/1094/1166
f 1520/1150/1218 1519/1149/1217 1466/1096/1168
f 1520/1150/1218 1466/1096/1168 1467/1097/1169
f 1522/1152/1220 1520/1150/1218 1467/1097/1169
f 1522/1152/1220 1467/1097/1169 1468/1098/1170
f 1524/1154/1222 1522/1152/1220 1468/1098/1170
f 1524/1154/1222 1468/1098/1170 1469/1099/1171
f 1526/1156/1224 1524/1154/1222 1469/1099/1171
f 1526/1156/1224 1469/1099/1171 1470/1100/1172
f 1528/1158/1225 1526/1156/1224 1470/1100/1172
f 1528/1158/1225 1470/1100/1172 1471/1101/1173
f 1530/1160/1227 1528/1158/1225 1471/1101/1173
f 1530/1160/1227 1471/1101/1173 1472/1102/1174
f 1531/1161/1228 1530/1160/1227 1472/1102/1174
f 1531/1161/1228 1472/1102/1174 1473/1103/1175
f 1533/1163/1229 1531/1161/1228 1473/1103/1175
f 1533/1163/1229 1473/1103/1175 1474/1104/1176
f 1535/1165/1231 1533/1163/1229 1474/1104/1176
f 1535/1165/1231 1474/1104/1176 1475/1105/1177
f 1537/1167/1233 1535/1165/1231 1475/1105/1177
f 1537/1167/1233 1475/1105/1177 1476/1106/1178
f 1538/1168/1234 1537/1167/1233 1476/1106/1178
f 1538/1168/1234 1476/1106/1178 1477/1107/1179
f 1539/1169/1235 1538/1168/1234 1477/1107/1179
f 1539/1169/1235 1477/1107/1179 1478/1108/1180
f 1540/1170/1236 1539/1169/1235 1478/1108/1180
f 1540/1170/1236 1478/1108/1180 1479/1109/1181
f 1541/1171/1237 1540/1170/1236 1479/1109/1181
f 1541/1171/1237 1479/1109/1181 1480/1110/1182
f 1542/1172/1238 1541/1171/1237 1480/1110/1182
f 1542/1172/1238 1480/1110/1182 1481/1111/1183
f 1543/1173/1239 1542/1172/1238 1481/1111/1183
f 1543/1173/1239 1481/1111/1183 1482/1112/1184
f 1544/1174/1240 1543/1173/1239 1482/1112/1184
f 1544/1174/1240 1482/1112/1184 1483/1113/1185
f 1545/1175/1241 1544/1174/1240 1483/1113/1185
f 1545/1175/1241 1483/1113/1185 1484/1114/1186
f 1546/1176/1242 1545/1175/1241 1484/1114/1186
f 1546/1176/1242 1484/1114/1186 1485/1115/1187
f 1547/1177/1243 1546/1176/1242 1485/1115/1187
f 1547/1177/1243 1485/1115/1187 1486/1116/1188
f 1514/1144/1213 1504/1134/1203 1547/1177/1243
f 1514/1144/1213 1547/1177/1243 1515/1145/1214
f 1515/1145/1214 1547/1177/1243 1486/1116/1188
f 1515/1145/1214 1486/1116/1188 1465/1095/1167
f 1519/1149/1217 1551/1181/1245 1488/1118/1190
f 1519/1149/1217 1488/1118/1190 1466/1096/1168
f 1518/1148/174 1552/1182/1246 1551/1181/1245
f 1518/1148/174 1551/1181/1245 1519/1149/1217
f 224/146/176 1505/1135/1204 1513/1143/1212
f 224/146/176 1513/1143/1212 1553/1183/1247
f 1504/1134/1203 1514/1144/1213 1513/1143/1212
f 1504/1134/1203 1513/1143/1212 1505/1135/1204
f 1554/1184/1247 1513/1143/1212 1516/1146/1215
f 1554/1184/1247 1516/1146/1215 1555/1185/1248
f 1556/1186/1245 1555/1185/1248 1493/1123/1194
f 1556/1186/1245 1493/1123/1194 1495/1125/1190
f 1557/1187/1249 222/144/174 224/146/176
f 1557/1187/1249 224/146/176 1553/1183/1247
f 1555/1185/1248 1516/1146/1215 1464/1094/1166
f 1555/1185/1248 1464/1094/1166 1493/1123/1194
f 1558/1188/1250 1554/1184/1247 1555/1185/1248
f 1558/1188/1250 1555/1185/1248 1556/1186/1245
f 1559/1189/1251 1560/1190/1252 1561/1191/1253
f 1559/1189/1251 1561/1191/1253 1562/1192/1254
f 1562/1192/1254 1561/1191/1253 1563/1193/1255
f 1562/1192/1254 1563/1193/1255 1564/1194/1256
f 1565/1195/1257 1566/1196/1258 1560/1190/1252
f 1565/1195/1257 1560/1190/1252 1559/1189/1251
f 1560/1190/1252 1567/1197/1259 1568/1198/1255
f 1560/1190/1252 1568/1198/1255 1561/1191/1253
f 1569/1199/1260 1559/1189/1251 1562/1192/1254
f 1569/1199/1260 1562/1192/1254 1570/1200/1256
f 1571/1201/1261 1572/1202/1262 1573/1203/1263
f 1571/1201/1261 1573/1203/1263 1574/1204/1264
f 1574/1204/1264 1573/1203/1263 1575/1205/1265
f 1574/1204/1264 1575/1205/1265 1576/1206/1266
f 1577/1207/1267 1578/1208/1268 1572/1202/1262
f 1577/1207/1267 1572/1202/1262 1571/1201/1261
f 1572/1202/1262 1579/1209/1269 1580/1210/1270
f 1572/1202/1262 1580/1210/1270 1573/1203/1263
f 1581/1211/1271 1571/1201/1261 1574/1204/1264
f 1581/1211/1271 1574/1204/1264 1582/1212/1272
f 1583/1213/1273 1584/1214/1274 1585/1215/1275
f 1583/1213/1273 1585/1215/1275 1586/1216/1276
f 1587/1217/1277 1588/1218/1278 1589/1219/1279
f 1587/1217/1277 1589/1219/1279 1590/1220/1280
f 1591/1221/1281 1587/1217/1277 1590/1220/1280
f 1591/1221/1281 1590/1220/1280 1592/1222/1282
f 1593/1223/1283 1594/1224/1281 1595/1225/1282
f 1593/1223/1283 1595/1225/1282 1596/1226/1284
f 1597/1227/1285 1598/1228/1286 1599/1229/1287
f 1597/1227/1285 1599/1229/1287 1600/1230/1288
f 1601/1231/1289 1602/1232/1290 1603/1233/1291
f 1601/1231/1289 1603/1233/1291 1604/1234/1292
f 1605/1235/1293 1606/1236/1294 1607/1237/1295
f 1605/1235/1293 1607/1237/1295 1608/1238/1296
f 1609/1239/1297 1610/1240/1298 1611/1241/1299
f 1609/1239/1297 1611/1241/1299 1612/1242/1300
f 1613/1243/1301 1614/1244/1302 1615/1245/1303
f 1613/1243/1301 1615/1245/1303 1616/1246/1304
f 1617/1247/1305 1618/1248/1306 1619/1249/1307
f 1617/1247/1305 1619/1249/1307 1620/1250/1308
f 1607/1237/1295 1621/1251/1309 1622/1252/1310
f 1607/1237/1295 1622/1252/1310 1608/1238/1296
f 1623/1253/1311 1624/1254/1312 1610/1240/1298
f 1623/1253/1311 1610/1240/1298 1609/1239/1297
f 1625/1255/1313 1613/1243/1301 1616/1246/1304
f 1625/1255/1313 1616/1246/1304 1626/1256/1314
f 1620/1250/1308 1619/1249/1307 1627/1257/1315
f 1620/1250/1308 1627/1257/1315 1628/1258/1316
f 1621/1251/1309 1583/1213/1273 1586/1216/1276
f 1621/1251/1309 1586/1216/1276 1622/1252/1310
f 1629/1259/1317 1624/1254/1312 1623/1253/1311
f 1629/1259/1317 1623/1253/1311 1630/1260/1318
f 1631/1261/1319 1625/1255/1313 1626/1256/1314
f 1631/1261/1319 1626/1256/1314 1632/1262/1320
f 1628/1258/1316 1627/1257/1315 1633/1263/1321
f 1628/1258/1316 1633/1263/1321 1634/1264/1322
f 1635/1265/1323 1636/1266/1324 1637/1267/1325
f 1635/1265/1323 1637/1267/1325 1638/1268/1326
f 1639/1269/1307 1640/1270/1327 1636/1266/1324
f 1639/1269/1307 1636/1266/1324 1635/1265/1323
f 1641/1271/1328 1642/1272/1329 1640/1270/1327
f 1641/1271/1328 1640/1270/1327 1639/1269/1307
f 1643/1273/1330 1644/1274/1331 1645/1275/1332
f 1643/1273/1330 1645/1275/1332 1646/1276/1290
f 1604/1234/1292 1647/1277/1333 1648/1278/1334
f 1604/1234/1292 1648/1278/1334 1601/1231/1289
f 1603/1233/1291 1649/1279/1335 1647/1277/1333
f 1603/1233/1291 1647/1277/1333 1604/1234/1292
f 1620/1250/1308 1650/1280/1336 1651/1281/1337
f 1620/1250/1308 1651/1281/1337 1617/1247/1305
f 1628/1258/1316 1652/1282/1338 1650/1280/1336
f 1628/1258/1316 1650/1280/1336 1620/1250/1308
f 1634/1264/1322 1653/1283/1339 1652/1282/1338
f 1634/1264/1322 1652/1282/1338 1628/1258/1316
f 1633/1263/1321 1654/1284/1325 1653/1283/1339
f 1633/1263/1321 1653/1283/1339 1634/1264/1322
f 1616/1246/1304 1615/1245/1303 1655/1285/1340
f 1616/1246/1304 1655/1285/1340 1656/1286/1341
f 1626/1256/1314 1616/1246/1304 1656/1286/1341
f 1626/1256/1314 1656/1286/1341 1657/1287/1342
f 1632/1262/1320 1626/1256/1314 1657/1287/1342
f 1632/1262/1320 1657/1287/1342 1658/1288/1343
f 1586/1216/1276 1585/1215/1275 1659/1289/1343
f 1586/1216/1276 1659/1289/1343 1660/1290/1344
f 1622/1252/1310 1586/1216/1276 1660/1290/1344
f 1622/1252/1310 1660/1290/1344 1661/1291/1345
f 1608/1238/1296 1622/1252/1310 1661/1291/1345
f 1608/1238/1296 1661/1291/1345 1662/1292/1346
f 1663/1293/1347 1605/1235/1293 1608/1238/1296
f 1663/1293/1347 1608/1238/1296 1662/1292/1346
f 1590/1220/1280 1589/1219/1279 1664/1294/1348
f 1590/1220/1280 1664/1294/1348 1665/1295/1349
f 1592/1222/1282 1590/1220/1280 1665/1295/1349
f 1592/1222/1282 1665/1295/1349 1666/1296/1350
f 1596/1226/1284 1595/1225/1282 1667/1297/1350
f 1596/1226/1284 1667/1297/1350 1668/1298/1351
f 1669/1299/1352 1670/1300/1353 1671/1301/1354
f 1669/1299/1352 1671/1301/1354 1672/1302/1355
f 1673/1303/1356 1669/1299/1352 1672/1302/1355
f 1673/1303/1356 1672/1302/1355 1674/1304/1357
f 1675/1305/1358 1673/1303/1356 1674/1304/1357
f 1675/1305/1358 1674/1304/1357 1676/1306/1359
f 1677/1307/1360 1678/1308/1361 1679/1309/1362
f 1677/1307/1360 1679/1309/1362 1680/1310/1363
f 1681/1311/1364 1677/1307/1360 1680/1310/1363
f 1681/1311/1364 1680/1310/1363 1682/1312/1365
f 1683/1313/1366 1681/1311/1364 1682/1312/1365
f 1683/1313/1366 1682/1312/1365 1684/1314/1367
f 1685/1315/1368 1686/1316/1369 1683/1313/1366
f 1685/1315/1368 1683/1313/1366 1684/1314/1367
f 1687/1317/1370 1688/1318/1371 1689/1319/1372
f 1687/1317/1370 1689/1319/1372 1690/1320/1373
f 1691/1321/1374 1687/1317/1370 1690/1320/1373
f 1691/1321/1374 1690/1320/1373 1692/1322/1375
f 1693/1323/1376 1694/1324/1374 1695/1325/1377
f 1693/1323/1376 1695/1325/1377 1696/1326/1378
f 1672/1302/1355 1671/1301/1354 1697/1327/1379
f 1672/1302/1355 1697/1327/1379 1698/1328/1380
f 1674/1304/1357 1672/1302/1355 1698/1328/1380
f 1674/1304/1357 1698/1328/1380 1699/1329/1381
f 1676/1306/1359 1674/1304/1357 1699/1329/1381
f 1676/1306/1359 1699/1329/1381 1700/1330/1382
f 1680/1310/1363 1679/1309/1362 1629/1259/1317
f 1680/1310/1363 1629/1259/1317 1630/1260/1318
f 1682/1312/1365 1680/1310/1363 1630/1260/1318
f 1682/1312/1365 1630/1260/1318 1623/1253/1311
f 1684/1314/1367 1682/1312/1365 1623/1253/1311
f 1684/1314/1367 1623/1253/1311 1609/1239/1297
f 1612/1242/1300 1685/1315/1368 1684/1314/1367
f 1612/1242/1300 1684/1314/1367 1609/1239/1297
f 1690/1320/1373 1689/1319/1372 1597/1227/1285
f 1690/1320/1373 1597/1227/1285 1600/1230/1288
f 1692/1322/1375 1690/1320/1373 1600/1230/1288
f 1692/1322/1375 1600/1230/1288 1599/1229/1287
f 1696/1326/1378 1695/1325/1377 1701/1331/1287
f 1696/1326/1378 1701/1331/1287 1702/1332/1383
f 1703/1333/1384 1704/1334/1385 1625/1255/1313
f 1703/1333/1384 1625/1255/1313 1631/1261/1319
f 1704/1334/1385 1705/1335/1386 1613/1243/1301
f 1704/1334/1385 1613/1243/1301 1625/1255/1313
f 1705/1335/1386 1706/1336/1387 1614/1244/1302
f 1705/1335/1386 1614/1244/1302 1613/1243/1301
f 1707/1337/1388 1708/1338/1389 1594/1224/1281
f 1707/1337/1388 1594/1224/1281 1593/1223/1283
f 1709/1339/1390 1710/1340/1391 1587/1217/1277
f 1709/1339/1390 1587/1217/1277 1591/1221/1281
f 1710/1340/1391 1711/1341/1392 1588/1218/1278
f 1710/1340/1391 1588/1218/1278 1587/1217/1277
f 1606/1236/1294 1712/1342/1393 1713/1343/1394
f 1606/1236/1294 1713/1343/1394 1607/1237/1295
f 1713/1343/1394 1714/1344/1395 1621/1251/1309
f 1713/1343/1394 1621/1251/1309 1607/1237/1295
f 1714/1344/1395 1715/1345/1396 1583/1213/1273
f 1714/1344/1395 1583/1213/1273 1621/1251/1309
f 1715/1345/1396 1716/1346/1397 1584/1214/1274
f 1715/1345/1396 1584/1214/1274 1583/1213/1273
f 1658/1288/1343 1657/1287/1342 1673/1303/1356
f 1658/1288/1343 1673/1303/1356 1675/1305/1358
f 1657/1287/1342 1656/1286/1341 1669/1299/1352
f 1657/1287/1342 1669/1299/1352 1673/1303/1356
f 1656/1286/1341 1655/1285/1340 1670/1300/1353
f 1656/1286/1341 1670/1300/1353 1669/1299/1352
f 1668/1298/1351 1667/1297/1350 1694/1324/1374
f 1668/1298/1351 1694/1324/1374 1693/1323/1376
f 1666/1296/1350 1665/1295/1349 1687/1317/1370
f 1666/1296/1350 1687/1317/1370 1691/1321/1374
f 1665/1295/1349 1664/1294/1348 1688/1318/1371
f 1665/1295/1349 1688/1318/1371 1687/1317/1370
f 1686/1316/1369 1663/1293/1347 1662/1292/1346
f 1686/1316/1369 1662/1292/1346 1683/1313/1366
f 1662/1292/1346 1661/1291/1345 1681/1311/1364
f 1662/1292/1346 1681/1311/1364 1683/1313/1366
f 1661/1291/1345 1660/1290/1344 1677/1307/1360
f 1661/1291/1345 1677/1307/1360 1681/1311/1364
f 1660/1290/1344 1659/1289/1343 1678/1308/1361
f 1660/1290/1344 1678/1308/1361 1677/1307/1360
f 1612/1242/1300 1611/1241/1299 1598/1228/1286
f 1612/1242/1300 1598/1228/1286 1597/1227/1285
f 1689/1319/1372 1685/1315/1368 1612/1242/1300
f 1689/1319/1372 1612/1242/1300 1597/1227/1285
f 1688/1318/1371 1686/1316/1369 1685/1315/1368
f 1688/1318/1371 1685/1315/1368 1689/1319/1372
f 1664/1294/1348 1663/1293/1347 1686/1316/1369
f 1664/1294/1348 1686/1316/1369 1688/1318/1371
f 1589/1219/1279 1605/1235/1293 1663/1293/1347
f 1589/1219/1279 1663/1293/1347 1664/1294/1348
f 1588/1218/1278 1606/1236/1294 1605/1235/1293
f 1588/1218/1278 1605/1235/1293 1589/1219/1279
f 1711/1341/1392 1712/1342/1393 1606/1236/1294
f 1711/1341/1392 1606/1236/1294 1588/1218/1278
f 1617/1247/1305 1651/1281/1337 1649/1279/1335
f 1617/1247/1305 1649/1279/1335 1603/1233/1291
f 1603/1233/1291 1602/1232/1290 1618/1248/1306
f 1603/1233/1291 1618/1248/1306 1617/1247/1305
f 1646/1276/1290 1645/1275/1332 1642/1272/1329
f 1646/1276/1290 1642/1272/1329 1641/1271/1328
f 1614/1244/1302 1706/1336/1387 1707/1337/1388
f 1614/1244/1302 1707/1337/1388 1593/1223/1283
f 1615/1245/1303 1614/1244/1302 1593/1223/1283
f 1615/1245/1303 1593/1223/1283 1596/1226/1284
f 1655/1285/1340 1615/1245/1303 1596/1226/1284
f 1655/1285/1340 1596/1226/1284 1668/1298/1351
f 1670/1300/1353 1655/1285/1340 1668/1298/1351
f 1670/1300/1353 1668/1298/1351 1693/1323/1376
f 1671/1301/1354 1670/1300/1353 1693/1323/1376
f 1671/1301/1354 1693/1323/1376 1696/1326/1378
f 1697/1327/1379 1671/1301/1354 1696/1326/1378
f 1697/1327/1379 1696/1326/1378 1702/1332/1383
f 1637/1267/1325 1636/1266/1324 1704/1334/1385
f 1637/1267/1325 1704/1334/1385 1703/1333/1384
f 1636/1266/1324 1640/1270/1327 1705/1335/1386
f 1636/1266/1324 1705/1335/1386 1704/1334/1385
f 1640/1270/1327 1642/1272/1329 1706/1336/1387
f 1640/1270/1327 1706/1336/1387 1705/1335/1386
f 1707/1337/1388 1706/1336/1387 1642/1272/1329
f 1707/1337/1388 1642/1272/1329 1645/1275/1332
f 1645/1275/1332 1644/1274/1331 1708/1338/1389
f 1645/1275/1332 1708/1338/1389 1707/1337/1388
f 1648/1278/1334 1647/1277/1333 1710/1340/1391
f 1648/1278/1334 1710/1340/1391 1709/1339/1390
f 1647/1277/1333 1649/1279/1335 1711/1341/1392
f 1647/1277/1333 1711/1341/1392 1710/1340/1391
f 1649/1279/1335 1651/1281/1337 1712/1342/1393
f 1649/1279/1335 1712/1342/1393 1711/1341/1392
f 1713/1343/1394 1712/1342/1393 1651/1281/1337
f 1713/1343/1394 1651/1281/1337 1650/1280/1336
f 1650/1280/1336 1652/1282/1338 1714/1344/1395
f 1650/1280/1336 1714/1344/1395 1713/1343/1394
f 1652/1282/1338 1653/1283/1339 1715/1345/1396
f 1652/1282/1338 1715/1345/1396 1714/1344/1395
f 1653/1283/1339 1654/1284/1325 1716/1346/1397
f 1653/1283/1339 1716/1346/1397 1715/1345/1396
f 1717/1347/1398 1718/1348/1399 1719/1349/1400
f 1717/1347/1398 1719/1349/1400 1720/1350/1401
f 1721/1351/1402 1722/1352/1403 1723/1353/1404
f 1721/1351/1402 1723/1353/1404 1724/1354/1405
f 1725/1355/1406 1726/1356/1407 1727/1357/1408
f 1725/1355/1406 1727/1357/1408 1728/1358/1409
f 1729/1359/1410 1730/1360/1411 1731/1361/1412
f 1729/1359/1410 1731/1361/1412 1732/1362/1413
f 1733/1363/1414 1717/1347/1398 1720/1350/1401
f 1733/1363/1414 1720/1350/1401 1734/1364/1415
f 1724/1354/1405 1723/1353/1404 1735/1365/1416
f 1724/1354/1405 1735/1365/1416 1736/1366/1417
f 1737/1367/1418 1738/1355/1419 1739/1358/1420
f 1737/1367/1418 1739/1358/1420 1740/1368/1421
f 1732/1362/1413 1731/1361/1412 1741/1369/1422
f 1732/1362/1413 1741/1369/1422 1742/1370/1423
f 1743/1371/1424 1744/1363/1425 1745/1364/1426
f 1743/1371/1424 1745/1364/1426 1746/1372/1427
f 1747/1366/1428 1748/1365/1429 1749/1373/1430
f 1747/1366/1428 1749/1373/1430 1750/1374/1431
f 1751/1375/1432 1737/1367/1418 1740/1368/1421
f 1751/1375/1432 1740/1368/1421 1752/1376/1433
f 1742/1370/1423 1741/1369/1422 1753/1377/1434
f 1742/1370/1423 1753/1377/1434 1754/1378/1435
f 1755/1379/1436 1743/1371/1424 1746/1372/1427
f 1755/1379/1436 1746/1372/1427 1756/1380/1437
f 1750/1374/1431 1749/1373/1430 1757/1381/1438
f 1750/1374/1431 1757/1381/1438 1758/1382/1439
f 1759/1383/1440 1760/1375/1441 1761/1376/1442
f 1759/1383/1440 1761/1376/1442 1762/1384/1443
f 1763/1378/1444 1764/1377/1445 1765/1385/1446
f 1763/1378/1444 1765/1385/1446 1766/1386/1447
f 1718/1348/1399 1767/1379/1448 1768/1380/1449
f 1718/1348/1399 1768/1380/1449 1719/1349/1400
f 1758/1382/1439 1757/1381/1438 1769/1352/1403
f 1758/1382/1439 1769/1352/1403 1770/1351/1450
f 1726/1356/1407 1759/1383/1440 1762/1384/1443
f 1726/1356/1407 1762/1384/1443 1727/1357/1408
f 1766/1386/1447 1765/1385/1446 1771/1360/1411
f 1766/1386/1447 1771/1360/1411 1772/1359/1451
f 1720/1350/1401 1719/1349/1400 1729/1359/1410
f 1720/1350/1401 1729/1359/1410 1732/1362/1413
f 1734/1364/1415 1720/1350/1401 1732/1362/1413
f 1734/1364/1415 1732/1362/1413 1742/1370/1423
f 1746/1372/1427 1745/1364/1426 1773/1370/1452
f 1746/1372/1427 1773/1370/1452 1763/1378/1444
f 1756/1380/1437 1746/1372/1427 1763/1378/1444
f 1756/1380/1437 1763/1378/1444 1766/1386/1447
f 1774/1349/1453 1756/1380/1437 1766/1386/1447
f 1774/1349/1453 1766/1386/1447 1772/1359/1451
f 1775/1381/1438 1767/1379/1448 1718/1348/1399
f 1775/1381/1438 1718/1348/1399 1769/1352/1454
f 1749/1373/1430 1743/1371/1424 1755/1379/1436
f 1749/1373/1430 1755/1379/1436 1757/1381/1438
f 1748/1365/1429 1744/1363/1425 1743/1371/1424
f 1748/1365/1429 1743/1371/1424 1749/1373/1430
f 1723/1353/1404 1717/1347/1398 1733/1363/1414
f 1723/1353/1404 1733/1363/1414 1735/1365/1416
f 1722/1352/1403 1718/1348/1399 1717/1347/1398
f 1722/1352/1403 1717/1347/1398 1723/1353/1404
f 1728/1358/1409 1727/1357/1408 1770/1351/1450
f 1728/1358/1409 1770/1351/1450 1776/1354/1455
f 1740/1368/1421 1739/1358/1420 1724/1354/1405
f 1740/1368/1421 1724/1354/1405 1736/1366/1417
f 1752/1376/1433 1740/1368/1421 1736/1366/1417
f 1752/1376/1433 1736/1366/1417 1777/1374/1456
f 1762/1384/1443 1761/1376/1442 1750/1374/1431
f 1762/1384/1443 1750/1374/1431 1758/1382/1439
f 1727/1357/1408 1762/1384/1443 1758/1382/1439
f 1727/1357/1408 1758/1382/1439 1770/1351/1450
f 1765/1385/1446 1759/1383/1440 1726/1356/1407
f 1765/1385/1446 1726/1356/1407 1771/1360/1411
f 1764/1377/1445 1760/1375/1441 1759/1383/1440
f 1764/1377/1445 1759/1383/1440 1765/1385/1446
f 1741/1369/1422 1737/1367/1418 1751/1375/1432
f 1741/1369/1422 1751/1375/1432 1753/1377/1434
f 1731/1361/1412 1738/1355/1419 1737/1367/1418
f 1731/1361/1412 1737/1367/1418 1741/1369/1422
f 1730/1360/1411 1778/1356/1457 1725/1355/1406
f 1730/1360/1411 1725/1355/1406 1731/1361/1412
f 1779/1387/1458 1780/1388/1459 1781/1389/1460
f 1779/1387/1458 1781/1389/1460 1782/1390/1461
f 1783/1391/1462 1779/1387/1458 1782/1390/1461
f 1783/1391/1462 1782/1390/1461 1784/1392/1463
f 1785/1393/1464 1783/1391/1462 1784/1392/1463
f 1785/1393/1464 1784/1392/1463 1786/1394/1465
f 1787/1395/1459 1785/1393/1464 1786/1394/1465
f 1787/1395/1459 1786/1394/1465 1788/1396/1460
f 1789/1397/1466 1790/1398/1467 1791/1399/1468
f 1789/1397/1466 1791/1399/1468 1792/1400/1469
f 1793/1401/1470 1794/1402/1471 1795/1403/1472
f 1793/1401/1470 1795/1403/1472 1796/1404/1473
f 1793/1401/1470 1785/1393/1464 1787/1395/1459
f 1793/1401/1470 1787/1395/1459 1794/1402/1471
f 1797/1405/1473 1783/1391/1462 1785/1393/1464
f 1797/1405/1473 1785/1393/1464 1793/1401/1470
f 1798/1406/1474 1779/1387/1458 1783/1391/1462
f 1798/1406/1474 1783/1391/1462 1797/1405/1473
f 1799/1407/1475 1780/1388/1459 1779/1387/1458
f 1799/1407/1475 1779/1387/1458 1798/1406/1474
f 1782/1390/1461 1781/1389/1460 1800/1408/1476
f 1782/1390/1461 1800/1408/1476 1801/1409/1477
f 1784/1392/1463 1782/1390/1461 1801/1409/1477
f 1784/1392/1463 1801/1409/1477 1802/1410/1478
f 1786/1394/1465 1784/1392/1463 1802/1410/1478
f 1786/1394/1465 1802/1410/1478 1803/1411/1479
f 1788/1396/1460 1786/1394/1465 1803/1411/1479
f 1788/1396/1460 1803/1411/1479 1804/1412/1480
f 1805/1413/1481 1806/1414/1482 1807/1415/1483
f 1805/1413/1481 1807/1415/1483 1808/1416/1484
f 1809/1417/1485 1805/1413/1481 1808/1416/1484
f 1809/1417/1485 1808/1416/1484 1810/1418/1486
f 1811/1419/1487 1809/1417/1485 1810/1418/1486
f 1811/1419/1487 1810/1418/1486 1812/1420/1488
f 1813/1421/1482 1811/1419/1487 1812/1420/1488
f 1813/1421/1482 1812/1420/1488 1814/1422/1489
f 1808/1416/1484 1807/1415/1483 1815/1423/1466
f 1808/1416/1484 1815/1423/1466 1816/1424/1490
f 1810/1418/1486 1808/1416/1484 1816/1424/1490
f 1810/1418/1486 1816/1424/1490 1817/1425/1491
f 1812/1420/1488 1810/1418/1486 1817/1425/1491
f 1812/1420/1488 1817/1425/1491 1790/1398/1467
f 1814/1422/1489 1812/1420/1488 1790/1398/1467
f 1814/1422/1489 1790/1398/1467 1789/1397/1466
f 1818/1426/1492 1819/1427/1493 1811/1419/1487
f 1818/1426/1492 1811/1419/1487 1813/1421/1482
f 1819/1427/1493 1820/1428/1494 1809/1417/1485
f 1819/1427/1493 1809/1417/1485 1811/1419/1487
f 1820/1428/1494 1821/1429/1495 1805/1413/1481
f 1820/1428/1494 1805/1413/1481 1809/1417/1485
f 1821/1429/1495 1822/1430/1496 1806/1414/1482
f 1821/1429/1495 1806/1414/1482 1805/1413/1481
f 1823/1431/1497 1824/1432/1498 1825/1433/1499
f 1823/1431/1497 1825/1433/1499 1826/1434/1500
f 1824/1432/1498 1827/1435/1501 1828/1436/1502
f 1824/1432/1498 1828/1436/1502 1825/1433/1499
f 1827/1435/1501 1829/1437/1503 1830/1438/1504
f 1827/1435/1501 1830/1438/1504 1828/1436/1502
f 1829/1437/1503 1831/1439/1497 1832/1440/1505
f 1829/1437/1503 1832/1440/1505 1830/1438/1504
f 1804/1412/1480 1803/1411/1479 1824/1432/1498
f 1804/1412/1480 1824/1432/1498 1823/1431/1497
f 1803/1411/1479 1802/1410/1478 1827/1435/1501
f 1803/1411/1479 1827/1435/1501 1824/1432/1498
f 1802/1410/1478 1801/1409/1477 1829/1437/1503
f 1802/1410/1478 1829/1437/1503 1827/1435/1501
f 1801/1409/1477 1800/1408/1476 1831/1439/1497
f 1801/1409/1477 1831/1439/1497 1829/1437/1503
f 1830/1438/1504 1832/1440/1505 1833/1441/1506
f 1830/1438/1504 1833/1441/1506 1834/1442/1507
f 1828/1436/1502 1830/1438/1504 1834/1442/1507
f 1828/1436/1502 1834/1442/1507 1835/1443/1508
f 1825/1433/1499 1828/1436/1502 1835/1443/1508
f 1825/1433/1499 1835/1443/1508 1836/1444/1509
f 1826/1434/1500 1825/1433/1499 1836/1444/1509
f 1826/1434/1500 1836/1444/1509 1837/1445/1510
f 1834/1442/1507 1833/1441/1506 1822/1430/1496
f 1834/1442/1507 1822/1430/1496 1821/1429/1495
f 1835/1443/1508 1834/1442/1507 1821/1429/1495
f 1835/1443/1508 1821/1429/1495 1820/1428/1494
f 1836/1444/1509 1835/1443/1508 1820/1428/1494
f 1836/1444/1509 1820/1428/1494 1819/1427/1493
f 1837/1445/1510 1836/1444/1509 1819/1427/1493
f 1837/1445/1510 1819/1427/1493 1818/1426/1492
f 1838/1446/1511 1839/1447/1512 1840/1448/1513
f 1838/1446/1511 1840/1448/1513 1841/1449/1514
f 1842/1450/1515 1843/1451/1516 1844/1452/1517
f 1842/1450/1515 1844/1452/1517 1845/1453/1518
f 1846/1454/1519 1847/1455/1520 1848/1456/1521
f 1846/1454/1519 1848/1456/1521 1849/1457/1522
f 1850/1458/1523 1851/1459/1524 1852/1460/1525
f 1850/1458/1523 1852/1460/1525 1853/1461/1526
f 1854/1462/1527 1838/1446/1511 1841/1449/1514
f 1854/1462/1527 1841/1449/1514 1855/1463/1528
f 1845/1453/1518 1844/1452/1517 1856/1464/1529
f 1845/1453/1518 1856/1464/1529 1857/1465/1530
f 1858/1466/1531 1859/1454/1519 1860/1457/1522
f 1858/1466/1531 1860/1457/1522 1861/1467/1532
f 1853/1461/1526 1852/1460/1525 1862/1468/1533
f 1853/1461/1526 1862/1468/1533 1863/1469/1534
f 1864/1470/1535 1865/1462/1536 1866/1463/1537
f 1864/1470/1535 1866/1463/1537 1867/1471/1538
f 1868/1465/1539 1869/1464/1540 1870/1472/1541
f 1868/1465/1539 1870/1472/1541 1871/1473/1542
f 1872/1474/1543 1858/1466/1531 1861/1467/1532
f 1872/1474/1543 1861/1467/1532 1873/1475/1544
f 1863/1469/1534 1862/1468/1533 1874/1476/1545
f 1863/1469/1534 1874/1476/1545 1875/1477/1546
f 1876/1478/1547 1864/1470/1535 1867/1471/1538
f 1876/1478/1547 1867/1471/1538 1877/1479/1548
f 1871/1473/1542 1870/1472/1541 1878/1480/1549
f 1871/1473/1542 1878/1480/1549 1879/1481/1550
f 1880/1482/1551 1881/1474/1552 1882/1475/1553
f 1880/1482/1551 1882/1475/1553 1883/1483/1554
f 1884/1477/1555 1885/1476/1556 1886/1484/1557
f 1884/1477/1555 1886/1484/1557 1887/1485/1558
f 1839/1447/1512 1888/1478/1559 1889/1479/1560
f 1839/1447/1512 1889/1479/1560 1840/1448/1513
f 1879/1481/1550 1878/1480/1549 1890/1451/1561
f 1879/1481/1550 1890/1451/1561 1891/1450/1562
f 1847/1455/1520 1880/1482/1551 1883/1483/1554
f 1847/1455/1520 1883/1483/1554 1848/1456/1521
f 1887/1485/1558 1886/1484/1557 1892/1459/1563
f 1887/1485/1558 1892/1459/1563 1893/1458/1564
f 1841/1449/1514 1840/1448/1513 1850/1458/1523
f 1841/1449/1514 1850/1458/1523 1853/1461/1526
f 1855/1463/1528 1841/1449/1514 1853/1461/1526
f 1855/1463/1528 1853/1461/1526 1863/1469/1534
f 1867/1471/1538 1866/1463/1537 1894/1469/1565
f 1867/1471/1538 1894/1469/1565 1884/1477/1555
f 1877/1479/1548 1867/1471/1538 1884/1477/1555
f 1877/1479/1548 1884/1477/1555 1887/1485/1558
f 1895/1448/1566 1877/1479/1548 1887/1485/1558
f 1895/1448/1566 1887/1485/1558 1893/1458/1564
f 1896/1480/1567 1888/1478/1559 1839/1447/1512
f 1896/1480/1567 1839/1447/1512 1890/1451/1568
f 1870/1472/1541 1864/1470/1535 1876/1478/1547
f 1870/1472/1541 1876/1478/1547 1878/1480/1549
f 1869/1464/1540 1865/1462/1536 1864/1470/1535
f 1869/1464/1540 1864/1470/1535 1870/1472/1541
f 1844/1452/1517 1838/1446/1511 1854/1462/1527
f 1844/1452/1517 1854/1462/1527 1856/1464/1529
f 1843/1451/1516 1839/1447/1512 1838/1446/1511
f 1843/1451/1516 1838/1446/1511 1844/1452/1517
f 1860/1457/1522 1897/1456/1569 1842/1450/1515
f 1860/1457/1522 1842/1450/1515 1845/1453/1518
f 1861/1467/1532 1860/1457/1522 1845/1453/1518
f 1861/1467/1532 1845/1453/1518 1857/1465/1530
f 1873/1475/1544 1861/1467/1532 1857/1465/1530
f 1873/1475/1544 1857/1465/1530 1898/1473/1570
f 1883/1483/1554 1882/1475/1553 1871/1473/1542
f 1883/1483/1554 1871/1473/1542 1879/1481/1550
f 1848/1456/1521 1883/1483/1554 1879/1481/1550
f 1848/1456/1521 1879/1481/1550 1891/1450/1562
f 1886/1484/1557 1880/1482/1551 1847/1455/1520
f 1886/1484/1557 1847/1455/1520 1892/1459/1563
f 1885/1476/1556 1881/1474/1552 1880/1482/1551
f 1885/1476/1556 1880/1482/1551 1886/1484/1557
f 1862/1468/1533 1858/1466/1531 1872/1474/1543
f 1862/1468/1533 1872/1474/1543 1874/1476/1545
f 1852/1460/1525 1859/1454/1519 1858/1466/1531
f 1852/1460/1525 1858/1466/1531 1862/1468/1533
f 1851/1459/1524 1899/1455/1571 1846/1454/1572
f 1851/1459/1524 1846/1454/1572 1852/1460/1525
f 1900/1486/1573 1901/1487/1574 1902/1488/1575
f 1900/1486/1573 1902/1488/1575 1903/1489/1576
f 1901/1487/1574 1904/1490/1577 1905/1491/1578
f 1901/1487/1574 1905/1491/1578 1902/1488/1575
f 1904/1490/1577 1906/1492/1579 1907/1493/1580
f 1904/1490/1577 1907/1493/1580 1905/1491/1578
f 1906/1492/1579 1908/1494/1581 1909/1495/1582
f 1906/1492/1579 1909/1495/1582 1907/1493/1580
f 1910/1494/1581 1911/1496/1583 1912/1497/1584
f 1910/1494/1581 1912/1497/1584 1913/1495/1582
f 1911/1496/1583 1914/1498/1585 1915/1499/1586
f 1911/1496/1583 1915/1499/1586 1912/1497/1584
f 1914/1498/1585 1916/1486/1573 1917/1489/1576
f 1914/1498/1585 1917/1489/1576 1915/1499/1586
f 1918/1500/1587 1919/1501/1588 1920/1487/1574
f 1918/1500/1587 1920/1487/1574 1916/1486/1589
f 1919/1501/1588 1921/1502/1590 1922/1490/1591
f 1919/1501/1588 1922/1490/1591 1920/1487/1574
f 1921/1502/1590 1923/1503/1592 1924/1492/1579
f 1921/1502/1590 1924/1492/1579 1922/1490/1591
f 1923/1503/1592 1925/1504/1593 1910/1494/1581
f 1923/1503/1592 1910/1494/1581 1924/1492/1579
f 1926/1504/1593 1927/1505/1594 1928/1496/1583
f 1926/1504/1593 1928/1496/1583 1908/1494/1581
f 1927/1505/1594 1929/1506/1595 1930/1498/1585
f 1927/1505/1594 1930/1498/1585 1928/1496/1583
f 1929/1506/1595 1931/1500/1587 1900/1486/1573
f 1929/1506/1595 1900/1486/1573 1930/1498/1585
f 1915/1499/1586 1917/1489/1576 1932/155/1596
f 1915/1499/1586 1932/155/1596 1933/162/1597
f 1912/1497/1584 1915/1499/1586 1933/162/1597
f 1912/1497/1584 1933/162/1597 1934/161/191
f 1913/1495/1582 1912/1497/1584 1934/161/191
f 1913/1495/1582 1934/161/191 1935/160/1598
f 1907/1493/1580 1909/1495/1582 238/160/190
f 1907/1493/1580 238/160/190 237/159/189
f 1905/1491/1578 1907/1493/1580 237/159/189
f 1905/1491/1578 237/159/189 236/158/188
f 1902/1488/1575 1905/1491/1578 236/158/188
f 1902/1488/1575 236/158/188 234/156/186
f 1917/1489/1576 1936/1488/1575 1937/156/1599
f 1917/1489/1576 1937/156/1599 1932/155/1596
f 1938/148/178 1939/147/1600 1940/1501/1601
f 1938/148/178 1940/1501/1601 1931/1500/1587
f 225/147/177 228/150/180 1921/1502/1590
f 225/147/177 1921/1502/1590 1919/1501/1588
f 228/150/180 229/151/181 1923/1503/1592
f 228/150/180 1923/1503/1592 1921/1502/1590
f 229/151/181 230/152/182 1925/1504/1593
f 229/151/181 1925/1504/1593 1923/1503/1592
f 1941/152/1602 1942/153/183 1927/1505/1594
f 1941/152/1602 1927/1505/1594 1926/1504/1593
f 1942/153/183 1943/154/1603 1929/1506/1595
f 1942/153/183 1929/1506/1595 1927/1505/1594
f 1943/154/1603 1938/148/178 1931/1500/1587
f 1943/154/1603 1931/1500/1587 1929/1506/1595
f 307/227/259 513/433/462 308/228/260
f 513/433/462 307/227/259 429/349/380
f 513/433/462 429/349/380 514/434/261
f 62/62/62 1944/1507/1604 1947/1508/1605
f 1944/1507/1604 62/62/62 766/686/710
f 1944/1507/1604 766/686/710 764/684/708
f 764/684/708 766/686/710 765/685/709
f 1944/1507/1604 764/684/708 763/683/707
f 1947/1508/1606 56/56/1607 404/324/1608
f 1944/1507/1604 760/680/704 759/679/703
f 760/680/704 1944/1507/1604 761/681/705
f 761/681/705 1944/1507/1604 762/682/706
f 762/682/706 1944/1507/1604 763/683/707
f 758/678/702 379/299/331 378/298/330
f 379/299/331 758/678/702 736/656/680
f 736/656/680 758/678/702 737/657/681
f 735/655/679 379/299/331 736/656/680
f 379/299/331 735/655/679 412/332/364
f 412/332/364 735/655/679 734/654/678
f 412/332/364 734/654/678 733/653/677
f 412/332/364 733/653/677 732/652/676
f 412/332/364 732/652/676 413/333/365
f 787/707/731 815/735/759 788/708/732
f 815/735/759 787/707/731 792/712/736
f 815/735/759 792/712/736 816/736/760
f 816/736/760 792/712/736 791/711/735
f 784/704/728 804/724/748 803/723/747
f 804/724/748 784/704/728 808/728/752
f 808/728/752 784/704/728 783/703/727
f 808/728/752 783/703/727 809/729/753
f 814/734/758 1945/1509/1609 813/733/757
f 1945/1509/1609 814/734/758 875/795/819
f 875/795/819 825/745/769 1945/1509/1609
f 825/745/769 875/795/819 826/746/770
f 918/838/862 890/810/834 889/809/833
f 890/810/834 918/838/862 893/813/837
f 893/813/837 918/838/862 919/839/863
f 893/813/837 919/839/863 894/814/838
f 909/829/853 886/806/830 906/826/850
f 886/806/830 909/829/853 913/833/857
f 886/806/830 913/833/857 887/807/831
f 887/807/831 913/833/857 912/832/856
f 992/912/930 978/898/922 916/836/860
f 978/898/922 992/912/930 928/848/872
f 978/898/922 928/848/872 927/847/871
f 917/837/861 916/836/860 978/898/922
f 1181/707/731 1209/735/759 1182/708/732
f 1209/735/759 1181/707/731 1186/712/1050
f 1209/735/759 1186/712/1050 1210/736/760
f 1210/736/760 1186/712/1050 1185/711/1049
f 1178/704/728 1198/724/748 1197/723/747
f 1198/724/748 1178/704/728 1202/728/1055
f 1202/728/1055 1178/704/728 1177/703/727
f 1202/728/1055 1177/703/727 1203/729/753
f 1208/734/758 1946/1509/1609 1207/733/1058
f 1946/1509/1609 1208/734/758 1269/795/819
f 1269/795/819 1219/745/769 1946/1509/1609
f 1219/745/769 1269/795/819 1220/746/1064
f 1312/838/862 1284/810/1087 1283/809/833
f 1284/810/1087 1312/838/862 1287/813/837
f 1287/813/837 1312/838/862 1313/839/863
f 1287/813/837 1313/839/863 1288/814/1088
f 1303/829/853 1280/806/830 1300/826/850
f 1280/806/830 1303/829/853 1307/833/857
f 1280/806/830 1307/833/857 1281/807/831
f 1281/807/831 1307/833/857 1306/832/1091
f 1386/912/930 1372/898/1112 1310/836/860
f 1372/898/1112 1386/912/930 1322/848/872
f 1372/898/1112 1322/848/872 1321/847/1097
f 1311/837/861 1310/836/860 1372/898/1112
