# Blender 5.2.0 LTS
# www.blender.org
mtllib house.mtl
o WoodenHouse_Village1_WoodenHouse1_0
v -1.500006 0.890216 -3.165616
v -1.291905 0.890197 -4.665616
v -1.500006 0.890197 -4.665615
v -0.000004 0.890216 -3.165618
v 0.749990 0.890197 -4.665617
v -0.000002 0.890197 -4.665617
v 1.499997 0.890216 -3.165616
v 1.601794 0.890197 -4.665614
v 1.499996 0.890197 -4.665614
v -1.601814 0.890313 4.334385
v -1.500005 0.890313 4.334384
v -1.500002 0.890293 2.834385
v 1.291888 0.890313 4.334388
v 1.499992 0.890313 4.334384
v 1.499994 0.890294 2.834384
v 1.499997 0.890216 -3.165616
v 1.291886 0.890197 -4.665616
v -0.750008 0.890197 -4.665617
v -0.000010 5.757187 -4.787736
v -1.420100 5.757185 -4.787736
v -0.000010 7.227173 -4.787755
v -1.607432 4.161862 -4.787715
v -2.982579 4.161861 -4.787715
v -1.607427 5.579754 -4.787733
v -3.122064 3.890215 -3.165649
v -3.122066 2.957452 -2.946359
v -3.122068 3.168484 -2.415641
v -3.122072 3.890235 -1.665653
v -3.122068 3.168484 -2.415641
v -3.122073 2.957466 -1.884917
v -3.122072 3.890235 -1.665653
v -3.122064 3.890215 -3.165649
v -3.122068 3.168484 -2.415641
v -3.000007 3.890216 -3.165650
v -3.000011 3.168484 -2.415640
v -3.000009 2.957452 -2.946358
v -3.000011 3.890235 -1.665653
v -3.000014 2.957466 -1.884917
v -3.000011 3.168484 -2.415640
v -3.000011 3.890235 -1.665653
v -3.000011 3.168484 -2.415640
v -3.000007 3.890216 -3.165650
v -1.500006 0.890216 -3.165616
v -1.500006 0.890197 -4.665615
v -1.601812 0.890197 -4.665615
v -0.000009 5.757307 4.456382
v -0.000009 7.227293 4.456363
v -1.420101 5.757306 4.456381
v -1.607435 4.161981 4.456401
v -1.607429 5.579874 4.456383
v -2.982582 4.161981 4.456400
v -1.500002 0.890293 2.834385
v -1.500005 0.890313 4.334384
v -1.291908 0.890313 4.334387
v -0.000009 5.757307 4.456382
v 1.420082 5.757306 4.456384
v -0.000009 7.227293 4.456363
v 1.607415 4.161981 4.456401
v 2.982562 4.161981 4.456400
v 1.607410 5.579874 4.456383
v 1.499994 0.890294 2.834384
v 1.499992 0.890313 4.334384
v 1.601794 0.890313 4.334385
v -0.000010 5.757187 -4.787736
v -0.000010 7.227173 -4.787755
v 1.420082 5.757185 -4.787735
v 1.607414 4.161861 -4.787715
v 1.607408 5.579754 -4.787733
v 2.982561 4.161861 -4.787714
v 1.499996 0.890197 -4.665614
v -0.000010 5.757188 -4.665680
v -0.000010 7.227175 -4.665699
v -1.420100 5.757187 -4.665680
v -1.607432 4.161863 -4.665660
v -1.607427 5.579756 -4.665678
v -2.982579 4.161862 -4.665660
v -0.000010 5.757188 -4.665680
v 1.420082 5.757187 -4.665679
v -0.000010 7.227175 -4.665699
v 1.607414 4.161863 -4.665659
v 2.982561 4.161863 -4.665658
v 1.607408 5.579755 -4.665677
v -0.000009 5.757305 4.334326
v -1.420101 5.757304 4.334325
v -0.000009 7.227292 4.334307
v -1.607435 4.161980 4.334345
v -2.982582 4.161980 4.334341
v -1.607429 5.579872 4.334327
v -0.000009 5.757305 4.334326
v -0.000009 7.227292 4.334307
v 1.420082 5.757304 4.334331
v 1.607415 4.161980 4.334345
v 1.607410 5.579872 4.334327
v 2.982562 4.161980 4.334344
v -3.122066 3.890292 2.834344
v -3.122069 3.168542 2.084354
v -3.122068 2.957524 2.615079
v -3.122072 3.890274 1.334349
v -3.122073 2.957510 1.553637
v -3.122069 3.168542 2.084354
v -3.122072 3.890274 1.334349
v -3.122069 3.168542 2.084354
v -3.122066 3.890292 2.834344
v -3.000008 3.890294 2.834345
v -3.000011 2.957524 2.615078
v -3.000010 3.168542 2.084354
v -3.000012 3.890273 1.334349
v -3.000010 3.168542 2.084354
v -3.000014 2.957510 1.553637
v -3.000012 3.890273 1.334349
v -3.000008 3.890294 2.834345
v -3.000010 3.168542 2.084354
v -1.557074 1.951377 -6.401651
v -1.447304 2.127249 -6.511425
v -1.557075 1.951374 -6.621193
v -1.557075 1.951374 -6.621193
v -1.447304 2.127249 -6.511425
v -1.337533 1.951374 -6.621193
v -1.337533 1.951374 -6.621193
v -1.447304 2.127249 -6.511425
v -1.337532 1.951377 -6.401652
v -1.337532 1.951377 -6.401652
v -1.447304 2.127249 -6.511425
v -1.557074 1.951377 -6.401651
v 1.337524 1.951377 -6.401651
v 1.447294 2.127249 -6.511424
v 1.337524 1.951374 -6.621193
v 1.337524 1.951374 -6.621193
v 1.447294 2.127249 -6.511424
v 1.557066 1.951374 -6.621192
v 1.557066 1.951374 -6.621192
v 1.447294 2.127249 -6.511424
v 1.557066 1.951377 -6.401651
v 1.557066 1.951377 -6.401651
v 1.447294 2.127249 -6.511424
v 1.337524 1.951377 -6.401651
v -3.095628 2.864150 -2.415636
v -3.095628 3.067705 -2.415639
v -3.095634 2.864144 -2.870903
v -3.095631 2.988131 -2.742840
v -3.095519 2.884567 -2.870904
v -3.095634 2.864144 -2.870903
v -3.095631 2.988131 -2.742840
v -3.095628 3.067705 -2.415639
v -3.095634 3.040003 -2.610894
v -3.095634 2.864144 -2.870903
v -3.095628 3.067705 -2.415639
v -3.095631 2.988131 -2.742840
v -3.026439 2.864150 -2.415636
v -3.026445 2.864144 -2.870901
v -3.026439 3.067705 -2.415639
v -3.026441 2.988131 -2.742838
v -3.026445 2.864144 -2.870901
v -3.026603 2.884567 -2.870900
v -3.026441 2.988131 -2.742838
v -3.026445 3.040003 -2.610892
v -3.026439 3.067705 -2.415639
v -3.026445 2.864144 -2.870901
v -3.026441 2.988131 -2.742838
v -3.026439 3.067705 -2.415639
v -3.095628 2.864150 -2.415636
v -3.095634 2.864156 -1.960370
v -3.095628 3.067705 -2.415639
v -3.095630 2.988139 -2.088437
v -3.095634 2.864156 -1.960370
v -3.095518 2.884579 -1.960369
v -3.095630 2.988139 -2.088437
v -3.095634 3.040008 -2.220384
v -3.095628 3.067705 -2.415639
v -3.095634 2.864156 -1.960370
v -3.095630 2.988139 -2.088437
v -3.095628 3.067705 -2.415639
v -3.026439 2.864150 -2.415636
v -3.026439 3.067705 -2.415639
v -3.026443 2.864156 -1.960372
v -3.026441 2.988139 -2.088439
v -3.026603 2.884579 -1.960374
v -3.026443 2.864156 -1.960372
v -3.026441 2.988139 -2.088439
v -3.026439 3.067705 -2.415639
v -3.026443 3.040008 -2.220386
v -3.026443 2.864156 -1.960372
v -3.026439 3.067705 -2.415639
v -3.026441 2.988139 -2.088439
v -3.395135 0.890198 -4.345542
v -3.393649 0.890189 -5.059254
v -3.454636 0.796898 -5.016827
v -3.395135 0.890207 -3.693658
v -3.395135 0.767434 -4.423273
v -3.395135 0.890198 -4.345542
v -3.395135 0.890207 -3.693658
v -3.117793 0.890213 -3.239984
v -3.364713 0.890213 -3.239984
v -3.117793 0.890229 -1.988152
v -3.367382 0.890235 -1.534479
v -3.395134 0.890243 -0.882594
v -3.417404 0.890229 -1.988152
v -3.117793 0.890246 -0.658383
v -3.395134 0.890249 -0.434173
v -3.470300 -0.000049 -3.773676
v -3.478613 -0.000040 -3.096602
v -3.413931 0.231294 -3.141264
v -3.444004 0.248326 -4.625611
v -3.454637 0.474925 -3.733655
v -3.367382 0.890235 -1.534479
v -3.454635 0.627065 -1.049860
v -3.395134 0.890243 -0.882594
v -3.454635 0.506814 -0.551044
v -3.454636 0.446003 -4.759631
v -3.470299 -0.000018 -1.380448
v -3.519474 -0.000008 -0.658374
v -3.413931 0.231308 -2.086855
v -3.419303 -0.000028 -2.112200
v -3.508765 -0.000060 -4.630521
v -3.566279 0.254836 -4.903359
v -3.454635 0.632565 -2.130019
v -3.364713 0.890213 -3.239984
v -3.417404 0.890229 -1.988152
v -3.395134 0.890249 -0.434173
v -3.539015 -0.000068 -5.204608
v -3.454636 0.792324 -5.120240
v -2.679937 0.890189 -5.060740
v -3.351223 0.796897 -5.120240
v -3.393649 0.890189 -5.059254
v -2.679937 0.890189 -5.060740
v -1.412894 0.890194 -4.785536
v -1.872048 0.890189 -5.060740
v -1.872048 0.890189 -5.060740
v -1.412894 0.890194 -4.785536
v -1.412890 0.890189 -5.060740
v -2.182072 -0.000067 -5.135892
v -1.412890 0.231269 -5.079528
v -1.412890 -0.000067 -5.162807
v -2.089916 0.239641 -5.060732
v -2.006995 0.511475 -5.074248
v -1.872048 0.890189 -5.060740
v -1.412890 0.890189 -5.060740
v -1.412890 0.818856 -5.120239
v -3.094032 0.445998 -5.120235
v -2.620192 0.584514 -5.120236
v -2.964928 -0.000067 -5.174358
v -1.412890 0.632527 -5.120237
v -3.539015 -0.000068 -5.204608
v -3.237762 0.254832 -5.231876
v -3.454636 0.792324 -5.120240
v -3.491158 0.363869 -5.156756
v -3.491158 0.363869 -5.156756
v -3.395136 0.890307 4.018589
v -3.454636 0.797024 4.689878
v -3.396484 0.888199 4.724659
v -3.395137 0.890298 3.366705
v -3.395136 0.767544 4.096324
v -3.395136 0.890307 4.018589
v -3.117793 0.890292 2.913030
v -3.395137 0.890298 3.366705
v -3.364713 0.890292 2.913031
v -3.117791 0.890276 1.661199
v -3.395135 0.890262 0.555642
v -3.367380 0.890270 1.207527
v -3.417403 0.890276 1.661199
v -3.117791 0.890259 0.331430
v -3.395134 0.890256 0.107219
v -3.470303 0.000044 3.446747
v -3.413932 0.231372 2.814328
v -3.478615 0.000036 2.769672
v -3.444004 0.248441 4.298676
v -3.454639 0.475017 3.406713
v -3.367380 0.890270 1.207527
v -3.395135 0.890262 0.555642
v -3.454633 0.627088 0.722915
v -3.454635 0.506824 0.224102
v -3.454638 0.446122 4.432689
v -3.470299 0.000013 1.053518
v -3.519473 0.000005 0.331444
v -3.413930 0.231358 1.759920
v -3.419301 0.000023 1.785270
v -3.508765 0.000056 4.303593
v -3.566279 0.254959 4.576422
v -3.454635 0.632616 1.803073
v -3.364713 0.890292 2.913031
v -3.417403 0.890276 1.661199
v -3.395134 0.890256 0.107219
v -3.539157 0.004798 4.867343
v -3.493554 0.360521 4.821736
v -3.454635 0.792915 4.782813
v -2.690414 0.890316 4.723311
v -3.396484 0.888199 4.724659
v -3.361701 0.797025 4.782813
v -2.038530 0.890316 4.723311
v -2.768148 0.767552 4.723313
v -2.690414 0.890316 4.723311
v -2.038530 0.890316 4.723311
v -1.584856 0.890312 4.445969
v -1.584856 0.890315 4.692889
v -0.333024 0.890316 4.745580
v -0.333024 0.890312 4.445969
v -2.118561 0.000062 4.798488
v -1.441486 0.000062 4.806802
v -1.486144 0.231396 4.742117
v -2.970494 0.248448 4.772189
v -2.078533 0.475035 4.782818
v -3.104509 0.446126 4.782820
v -2.975408 0.000063 4.836952
v -3.248238 0.254963 4.894463
v -0.431736 0.231396 4.742115
v -0.474895 0.632655 4.782815
v -1.584856 0.890315 4.692889
v -0.333024 0.890316 4.745580
v -3.539157 0.004798 4.867343
v -3.493554 0.360521 4.821736
v -3.454635 0.792915 4.782813
v 3.395136 0.890198 -4.345542
v 3.454637 0.796898 -5.016828
v 3.393650 0.890189 -5.059254
v 3.395137 0.890207 -3.693657
v 3.395136 0.767434 -4.423274
v 3.395136 0.890198 -4.345542
v 3.117794 0.890213 -3.239984
v 3.395137 0.890207 -3.693657
v 3.364714 0.890213 -3.239984
v 3.117794 0.890229 -1.988152
v 3.395136 0.890243 -0.882594
v 3.367383 0.890235 -1.534479
v 3.417405 0.890229 -1.988152
v 3.117794 0.890246 -0.658383
v 3.395135 0.890249 -0.434173
v 3.470301 -0.000049 -3.773676
v 3.413932 0.231294 -3.141264
v 3.478614 -0.000040 -3.096603
v 3.444005 0.248326 -4.625612
v 3.454638 0.474925 -3.733655
v 3.367383 0.890235 -1.534479
v 3.395136 0.890243 -0.882594
v 3.454636 0.627065 -1.049861
v 3.454636 0.506814 -0.551044
v 3.454637 0.446003 -4.759631
v 3.470300 -0.000018 -1.380447
v 3.519474 -0.000008 -0.658374
v 3.413933 0.231308 -2.086855
v 3.419303 -0.000028 -2.112200
v 3.508766 -0.000060 -4.630522
v 3.566280 0.254836 -4.903359
v 3.454636 0.632565 -2.130019
v 3.364714 0.890213 -3.239984
v 3.417405 0.890229 -1.988152
v 3.395135 0.890249 -0.434173
v 3.539016 -0.000068 -5.204608
v 3.454637 0.792324 -5.120239
v 2.679938 0.890189 -5.060740
v 3.393650 0.890189 -5.059254
v 3.351225 0.796897 -5.120240
v 2.679938 0.890189 -5.060740
v 1.872049 0.890189 -5.060740
v 1.412890 0.890194 -4.785534
v 1.872049 0.890189 -5.060740
v 1.412891 0.890189 -5.060740
v 1.412890 0.890194 -4.785534
v 2.182073 -0.000067 -5.135892
v 1.412891 -0.000067 -5.162806
v 1.412891 0.231269 -5.079527
v 2.006997 0.511475 -5.074248
v 2.089918 0.239641 -5.060732
v 1.872049 0.890189 -5.060740
v 1.412891 0.818856 -5.120239
v 1.412891 0.890189 -5.060740
v 3.094033 0.445998 -5.120235
v 2.620193 0.584514 -5.120236
v 2.964929 -0.000067 -5.174358
v 1.412891 0.632527 -5.120237
v 3.237763 0.254832 -5.231876
v 3.539016 -0.000068 -5.204608
v 3.454637 0.792324 -5.120239
v 3.491159 0.363869 -5.156756
v 3.491159 0.363869 -5.156756
v 3.395137 0.890307 4.018589
v 3.396485 0.888199 4.724659
v 3.454637 0.797024 4.689878
v 3.395139 0.890298 3.366705
v 3.395137 0.767544 4.096324
v 3.395137 0.890307 4.018589
v 3.395139 0.890298 3.366705
v 3.117795 0.890292 2.913030
v 3.364714 0.890292 2.913031
v 3.117793 0.890276 1.661199
v 3.367381 0.890270 1.207527
v 3.395137 0.890262 0.555642
v 3.417405 0.890276 1.661199
v 3.117793 0.890259 0.331430
v 3.395135 0.890256 0.107219
v 3.470303 0.000044 3.446747
v 3.478615 0.000036 2.769672
v 3.413933 0.231372 2.814328
v 3.444006 0.248441 4.298676
v 3.454640 0.475017 3.406713
v 3.367381 0.890270 1.207527
v 3.454634 0.627088 0.722915
v 3.395137 0.890262 0.555642
v 3.454636 0.506824 0.224102
v 3.454639 0.446122 4.432690
v 3.470299 0.000013 1.053518
v 3.519475 0.000005 0.331444
v 3.413932 0.231358 1.759920
v 3.419303 0.000023 1.785271
v 3.508766 0.000056 4.303593
v 3.566280 0.254959 4.576422
v 3.454636 0.632616 1.803073
v 3.364714 0.890292 2.913031
v 3.417405 0.890276 1.661199
v 3.395135 0.890256 0.107219
v 3.539157 0.004798 4.867343
v 3.493555 0.360521 4.821735
v 3.454636 0.792915 4.782813
v 2.690415 0.890316 4.723311
v 3.361702 0.797025 4.782812
v 3.396485 0.888199 4.724659
v 2.038531 0.890316 4.723311
v 2.768149 0.767552 4.723313
v 2.690415 0.890316 4.723311
v 1.584857 0.890312 4.445968
v 2.038531 0.890316 4.723311
v 1.584858 0.890315 4.692889
v 0.333026 0.890312 4.445969
v 0.333026 0.890316 4.745580
v 2.118561 0.000062 4.798489
v 1.486146 0.231396 4.742117
v 1.441487 0.000062 4.806802
v 2.970495 0.248448 4.772188
v 2.078534 0.475035 4.782819
v 3.104510 0.446126 4.782819
v 2.975408 0.000063 4.836951
v 3.248239 0.254963 4.894462
v 0.474896 0.632655 4.782815
v 0.431738 0.231396 4.742115
v 1.584858 0.890315 4.692889
v 0.333026 0.890316 4.745580
v 3.539157 0.004798 4.867343
v 3.493555 0.360521 4.821735
v 3.454636 0.792915 4.782813
v -3.095628 2.864208 2.084358
v -3.095628 3.067763 2.084356
v -3.095634 2.864202 1.629092
v -3.095631 2.988189 1.757155
v -3.095518 2.884625 1.629090
v -3.095634 2.864202 1.629092
v -3.095631 2.988189 1.757155
v -3.095628 3.067763 2.084356
v -3.095634 3.040061 1.889101
v -3.095634 2.864202 1.629092
v -3.095628 3.067763 2.084356
v -3.095631 2.988189 1.757155
v -3.026439 2.864208 2.084358
v -3.026445 2.864202 1.629094
v -3.026439 3.067763 2.084356
v -3.026441 2.988189 1.757157
v -3.026445 2.864202 1.629094
v -3.026603 2.884625 1.629095
v -3.026441 2.988189 1.757157
v -3.026445 3.040061 1.889103
v -3.026439 3.067763 2.084356
v -3.026445 2.864202 1.629094
v -3.026441 2.988189 1.757157
v -3.026439 3.067763 2.084356
v -3.095628 2.864208 2.084358
v -3.095634 2.864214 2.539625
v -3.095628 3.067763 2.084356
v -3.095630 2.988197 2.411558
v -3.095634 2.864214 2.539625
v -3.095518 2.884637 2.539626
v -3.095630 2.988197 2.411558
v -3.095634 3.040066 2.279611
v -3.095628 3.067763 2.084356
v -3.095634 2.864214 2.539625
v -3.095630 2.988197 2.411558
v -3.095628 3.067763 2.084356
v -3.026439 2.864208 2.084358
v -3.026439 3.067763 2.084356
v -3.026443 2.864214 2.539623
v -3.026441 2.988197 2.411556
v -3.026603 2.884637 2.539621
v -3.026443 2.864214 2.539623
v -3.026441 2.988197 2.411556
v -3.026439 3.067763 2.084356
v -3.026443 3.040066 2.279609
v -3.026443 2.864214 2.539623
v -3.026439 3.067763 2.084356
v -3.026441 2.988197 2.411556
v -2.439695 5.265658 -5.490794
v -2.332162 5.295169 -5.547811
v -2.272018 5.097983 -5.353724
v -3.452768 4.209306 -5.490783
v -3.336587 4.249220 -5.548836
v -3.285091 4.041630 -5.353713
v -1.503782 6.241554 -5.490803
v -1.399499 6.286620 -5.549735
v -1.336105 6.073880 -5.353734
v -3.452768 4.209306 -5.490783
v -4.206695 3.309691 -5.564445
v -4.306269 3.435373 -5.575233
v -1.503782 6.241554 -5.490803
v -2.332162 5.295169 -5.547811
v -2.438884 5.438329 -5.548704
v -2.439695 5.265658 -5.490794
v -3.336587 4.249220 -5.548836
v -3.439994 4.394427 -5.548681
v -0.437061 7.353848 -5.461783
v -1.399499 6.286620 -5.549735
v -1.507025 6.410462 -5.549971
v -1.503782 6.241554 -5.490803
v -1.507025 6.410462 -5.549971
v -1.399499 6.286620 -5.549735
v -2.439695 5.265658 -5.490794
v -2.438884 5.438329 -5.548704
v -2.332162 5.295169 -5.547811
v -3.452768 4.209306 -5.490783
v -3.439994 4.394427 -5.548681
v -3.336587 4.249220 -5.548836
v -0.269384 7.186173 -5.353745
v -0.437061 7.353848 -5.461783
v -0.416597 7.385824 -5.510966
v -2.439694 5.265796 5.159462
v -2.272017 5.098117 5.022398
v -2.332161 5.295309 5.216479
v -3.452767 4.209444 5.159479
v -3.285090 4.041764 5.022413
v -3.336586 4.249360 5.217528
v -1.503780 6.241692 5.159446
v -1.336103 6.074014 5.022382
v -1.399498 6.286760 5.218377
v -3.452767 4.209444 5.159479
v -4.306265 3.435513 5.243948
v -4.206690 3.309830 5.233163
v -1.503780 6.241692 5.159446
v -2.438883 5.438468 5.217371
v -2.332161 5.295309 5.216479
v -2.439694 5.265796 5.159462
v -3.439993 4.394567 5.217372
v -3.336586 4.249360 5.217528
v -0.437059 7.353984 5.130395
v -1.507023 6.410602 5.218610
v -1.399498 6.286760 5.218377
v -1.503780 6.241692 5.159446
v -1.399498 6.286760 5.218377
v -1.507023 6.410602 5.218610
v -2.439694 5.265796 5.159462
v -2.332161 5.295309 5.216479
v -2.438883 5.438468 5.217371
v -3.452767 4.209444 5.159479
v -3.336586 4.249360 5.217528
v -3.439993 4.394567 5.217372
v -0.269382 7.186307 5.022362
v -0.416595 7.385963 5.179580
v -0.437059 7.353984 5.130395
v 2.439721 5.265658 -5.490794
v 2.272044 5.097983 -5.353724
v 2.332189 5.295169 -5.547811
v 3.452795 4.209306 -5.490783
v 3.285118 4.041630 -5.353714
v 3.336614 4.249220 -5.548835
v 1.503809 6.241554 -5.490803
v 1.336132 6.073880 -5.353734
v 1.399526 6.286620 -5.549736
v 1.503809 6.241554 -5.490803
v 2.438910 5.438329 -5.548704
v 2.332189 5.295169 -5.547811
v 2.439721 5.265658 -5.490794
v 3.440021 4.394427 -5.548681
v 3.336614 4.249220 -5.548835
v 0.437088 7.353848 -5.461783
v 1.507051 6.410462 -5.549970
v 1.399526 6.286620 -5.549736
v 1.507051 6.410462 -5.549970
v 2.439721 5.265658 -5.490794
v 2.332189 5.295169 -5.547811
v 2.438910 5.438329 -5.548704
v 3.440021 4.394427 -5.548681
v 0.269411 7.186173 -5.353745
v 0.416624 7.385824 -5.510966
v 0.437088 7.353848 -5.461783
v 2.439720 5.265796 5.159462
v 2.332188 5.295309 5.216479
v 2.272043 5.098117 5.022398
v 3.452794 4.209444 5.159480
v 3.336613 4.249360 5.217529
v 3.285117 4.041764 5.022414
v 1.503807 6.241692 5.159447
v 1.399525 6.286760 5.218378
v 1.336130 6.074014 5.022383
v 1.503807 6.241692 5.159447
v 2.332188 5.295309 5.216479
v 2.438910 5.438468 5.217371
v 2.439720 5.265796 5.159462
v 3.336613 4.249360 5.217529
v 3.440020 4.394567 5.217372
v 0.437086 7.353984 5.130395
v 1.399525 6.286760 5.218378
v 1.507050 6.410602 5.218610
v 1.507050 6.410602 5.218610
v 2.439720 5.265796 5.159462
v 2.438910 5.438468 5.217371
v 2.332188 5.295309 5.216479
v 3.440020 4.394567 5.217372
v 0.269409 7.186307 5.022362
v 0.437086 7.353984 5.130395
v 0.416622 7.385963 5.179580
v 3.452795 4.209306 -5.490783
v 4.306297 3.435373 -5.575233
v 4.206723 3.309690 -5.564445
v 3.452794 4.209444 5.159480
v 4.206718 3.309830 5.233164
v 4.306293 3.435513 5.243948
v -3.164221 1.929733 2.493025
v -3.203635 2.869909 2.515777
v -3.164221 2.869909 2.493025
v -3.554547 2.869909 2.771502
v -3.180635 2.869909 2.555621
v -3.554545 3.033122 2.771504
v -3.279479 2.962207 2.612694
v -3.381321 3.008435 2.671489
v -3.554545 3.033122 2.771504
v -3.180635 2.869909 2.555621
v -3.279479 2.962207 2.612694
v -3.554545 3.033122 2.771504
v -3.577550 2.869909 2.731659
v -3.577550 3.033122 2.731659
v -3.203635 2.869909 2.515777
v -3.302484 2.962207 2.572848
v -3.577550 3.033122 2.731659
v -3.404326 3.008435 2.631644
v -3.203635 2.869909 2.515777
v -3.577550 3.033122 2.731659
v -3.302484 2.962207 2.572848
v -3.141224 1.929733 2.532865
v -3.141220 2.869909 2.532864
v -3.180635 2.869909 2.555621
v -3.164222 1.929733 1.611577
v -3.164222 2.869909 1.611577
v -3.203635 2.869909 1.588825
v -3.554547 2.869909 1.333100
v -3.554545 3.033122 1.333097
v -3.180636 2.869909 1.548981
v -3.279480 2.962207 1.491908
v -3.554545 3.033122 1.333097
v -3.381322 3.008435 1.433113
v -3.180636 2.869909 1.548981
v -3.554545 3.033122 1.333097
v -3.279480 2.962207 1.491908
v -3.577550 2.869909 1.372943
v -3.203635 2.869909 1.588825
v -3.577550 3.033122 1.372943
v -3.302484 2.962206 1.531754
v -3.404327 3.008435 1.472958
v -3.577550 3.033122 1.372943
v -3.203635 2.869909 1.588825
v -3.302484 2.962206 1.531754
v -3.577550 3.033122 1.372943
v -3.141224 1.929733 1.571737
v -3.180636 2.869909 1.548981
v -3.141221 2.869909 1.571738
v -3.164222 1.929732 -1.968531
v -3.203635 2.869909 -1.945779
v -3.164222 2.869909 -1.968531
v -3.554547 2.869908 -1.690054
v -3.180635 2.869909 -1.905935
v -3.554545 3.033121 -1.690051
v -3.279479 2.962206 -1.848862
v -3.381322 3.008434 -1.790067
v -3.554545 3.033121 -1.690051
v -3.180635 2.869909 -1.905935
v -3.279479 2.962206 -1.848862
v -3.554545 3.033121 -1.690051
v -3.577550 2.869908 -1.729897
v -3.577550 3.033121 -1.729897
v -3.203635 2.869909 -1.945779
v -3.302484 2.962206 -1.888708
v -3.577550 3.033121 -1.729897
v -3.404326 3.008434 -1.829912
v -3.203635 2.869909 -1.945779
v -3.577550 3.033121 -1.729897
v -3.302484 2.962206 -1.888708
v -3.141224 1.929732 -1.928691
v -3.141221 2.869909 -1.928692
v -3.180635 2.869909 -1.905935
v -3.164222 1.929732 -2.849979
v -3.164222 2.869909 -2.849979
v -3.203636 2.869909 -2.872731
v -3.554547 2.869908 -3.128456
v -3.554546 3.033121 -3.128459
v -3.180636 2.869908 -2.912575
v -3.279480 2.962206 -2.969648
v -3.554546 3.033121 -3.128459
v -3.381322 3.008434 -3.028443
v -3.180636 2.869908 -2.912575
v -3.554546 3.033121 -3.128459
v -3.279480 2.962206 -2.969648
v -3.577550 2.869908 -3.088614
v -3.203636 2.869909 -2.872731
v -3.577550 3.033121 -3.088614
v -3.302485 2.962206 -2.929803
v -3.404327 3.008434 -2.988598
v -3.577550 3.033121 -3.088614
v -3.203636 2.869909 -2.872731
v -3.302485 2.962206 -2.929803
v -3.577550 3.033121 -3.088614
v -3.141224 1.929732 -2.889819
v -3.180636 2.869908 -2.912575
v -3.141221 2.869909 -2.889817
v 0.749837 1.499965 -4.873003
v 0.763135 1.499965 -4.896035
v 0.728680 1.515706 -4.900573
v 0.756249 1.499965 -4.921728
v 0.733215 1.499965 -4.935027
v 0.707521 1.499965 -4.928144
v 0.694223 1.499965 -4.905111
v 0.701110 1.499965 -4.879418
v 0.724144 1.499965 -4.866120
v 0.749837 1.332873 -4.873001
v 0.728680 1.318341 -4.900573
v 0.763135 1.332873 -4.896035
v 0.756249 1.332873 -4.921727
v 0.733215 1.332873 -4.935025
v 0.707521 1.332873 -4.928144
v 0.694223 1.332873 -4.905110
v 0.701110 1.332873 -4.879418
v 0.724144 1.332874 -4.866119
v 0.749837 2.479095 -4.873003
v 0.763135 2.479095 -4.896035
v 0.728679 2.494836 -4.900573
v 0.756249 2.479095 -4.921728
v 0.733215 2.479095 -4.935027
v 0.707522 2.479095 -4.928144
v 0.694224 2.479095 -4.905111
v 0.701109 2.479095 -4.879418
v 0.724144 2.479095 -4.866119
v 0.749837 2.312003 -4.873002
v 0.728679 2.297471 -4.900573
v 0.763135 2.312003 -4.896036
v 0.756249 2.312003 -4.921727
v 0.733214 2.312003 -4.935026
v 0.707522 2.312003 -4.928144
v 0.694223 2.312003 -4.905110
v 0.701109 2.312003 -4.879418
v 0.724144 2.312003 -4.866119
v 1.380971 2.984946 -6.094573
v 1.190145 2.946806 -5.764051
v 1.380972 1.007640 -6.094572
v 0.935031 2.857701 -5.322178
v 0.805781 3.006245 -5.098311
v 0.708158 1.007640 -4.929222
v 0.935031 2.857701 -5.322178
v 0.861985 3.055934 -5.195660
v 0.805781 3.006245 -5.098311
v 0.935031 2.857701 -5.322178
v 0.918189 3.044947 -5.293007
v 0.861985 3.055934 -5.195660
v 0.805781 3.006245 -5.098311
v 0.708157 2.984946 -4.929223
v 0.708158 1.007640 -4.929222
v 0.708158 1.007640 -4.929222
v 0.737506 0.947641 -4.980053
v 0.918190 0.947641 -5.293007
v 1.190145 2.946806 -5.764051
v 0.935032 1.040143 -5.322177
v 1.190146 1.091030 -5.764050
v 1.190145 2.946806 -5.764051
v 1.190146 1.091030 -5.764050
v 1.380972 1.007640 -6.094572
v 0.969384 0.947641 -5.381677
v 1.163808 0.950860 -5.718429
v 1.190146 1.091030 -5.764050
v 0.708158 1.007640 -4.929222
v 0.918190 0.947641 -5.293007
v 0.935032 1.040143 -5.322177
v 0.935031 2.857701 -5.322178
v 0.708158 1.007640 -4.929222
v 0.935032 1.040143 -5.322177
v 0.935032 1.040143 -5.322177
v 0.969384 0.947641 -5.381677
v 1.190146 1.091030 -5.764050
v 1.190145 2.946806 -5.764051
v 1.028914 3.018483 -5.484792
v 0.935031 2.857701 -5.322178
v 1.190145 2.946806 -5.764051
v 1.163725 3.041727 -5.718291
v 1.028914 3.018483 -5.484792
v 1.028914 3.018483 -5.484792
v 0.951016 3.018909 -5.349865
v 0.935031 2.857701 -5.322178
v 1.190145 2.946806 -5.764051
v 0.935031 2.857701 -5.322178
v 0.935032 1.040143 -5.322177
v 1.380971 2.984946 -6.094573
v 1.295776 3.009170 -5.947010
v 1.190145 2.946806 -5.764051
v 1.380971 2.984946 -6.094573
v 1.351624 3.044946 -6.043742
v 1.304665 3.044946 -5.962407
v 1.380971 2.984946 -6.094573
v 1.304665 3.044946 -5.962407
v 1.295776 3.009170 -5.947010
v 1.295776 3.009170 -5.947010
v 1.276458 3.044946 -5.913549
v 1.190145 2.946806 -5.764051
v 1.276458 3.044946 -5.913549
v 1.212769 3.044946 -5.803236
v 1.190145 2.946806 -5.764051
v 1.313067 2.984946 -6.133777
v 1.313068 1.007640 -6.133776
v 1.122240 2.946806 -5.803256
v 0.867126 2.857701 -5.361382
v 0.640254 1.007640 -4.968426
v 0.737877 3.006245 -5.137516
v 0.867126 2.857701 -5.361382
v 0.737877 3.006245 -5.137516
v 0.794081 3.055934 -5.234864
v 0.867126 2.857701 -5.361382
v 0.794081 3.055934 -5.234864
v 0.850284 3.044946 -5.332212
v 0.737877 3.006245 -5.137516
v 0.640254 1.007640 -4.968426
v 0.640253 2.984946 -4.968427
v 0.640254 1.007640 -4.968426
v 0.850285 0.947641 -5.332211
v 0.669602 0.947641 -5.019258
v 1.122240 2.946806 -5.803256
v 1.122241 1.091030 -5.803254
v 0.867127 1.040143 -5.361382
v 1.122240 2.946806 -5.803256
v 1.313068 1.007640 -6.133776
v 1.122241 1.091030 -5.803254
v 0.901479 0.947641 -5.420882
v 1.122241 1.091030 -5.803254
v 1.095902 0.950860 -5.757635
v 0.640254 1.007640 -4.968426
v 0.867127 1.040143 -5.361382
v 0.850285 0.947641 -5.332211
v 0.867126 2.857701 -5.361382
v 0.867127 1.040143 -5.361382
v 0.640254 1.007640 -4.968426
v 0.867127 1.040143 -5.361382
v 1.122241 1.091030 -5.803254
v 0.901479 0.947641 -5.420882
v 1.122240 2.946806 -5.803256
v 0.867126 2.857701 -5.361382
v 0.961010 3.018483 -5.523996
v 1.122240 2.946806 -5.803256
v 0.961010 3.018483 -5.523996
v 1.095821 3.041727 -5.757495
v 0.961010 3.018483 -5.523996
v 0.867126 2.857701 -5.361382
v 0.883111 3.018909 -5.389070
v 1.122240 2.946806 -5.803256
v 0.867127 1.040143 -5.361382
v 0.867126 2.857701 -5.361382
v 1.313067 2.984946 -6.133777
v 1.122240 2.946806 -5.803256
v 1.227872 3.009170 -5.986215
v 1.313067 2.984946 -6.133777
v 1.236761 3.044946 -6.001611
v 1.283720 3.044946 -6.082947
v 1.313067 2.984946 -6.133777
v 1.227872 3.009170 -5.986215
v 1.236761 3.044946 -6.001611
v 1.227872 3.009170 -5.986215
v 1.122240 2.946806 -5.803256
v 1.208553 3.044946 -5.952754
v 1.208553 3.044946 -5.952754
v 1.122240 2.946806 -5.803256
v 1.144864 3.044946 -5.842441
v -0.683280 2.559524 4.142800
v -0.000008 1.822773 4.142800
v -0.683280 1.822774 4.142800
v -0.000008 2.726260 4.142800
v -0.000008 1.822773 4.142800
v -0.683280 2.559524 4.142800
v -0.596015 1.133229 3.428499
v -0.683280 1.133229 4.142801
v -0.535140 1.133230 4.142801
v -0.530879 1.958926 3.428506
v -0.683280 2.559524 3.428498
v -0.596015 1.822774 3.428498
v -0.402609 2.096290 3.428498
v -0.683280 2.559524 3.428498
v -0.530879 1.958926 3.428506
v -0.233737 2.204777 3.428498
v -0.683280 2.559524 3.428498
v -0.402609 2.096290 3.428498
v -0.233737 2.204777 3.428498
v -0.000008 2.726262 3.428498
v -0.683280 2.559524 3.428498
v -0.683280 1.133229 4.142801
v -0.596015 1.133229 3.428499
v -0.683280 1.133229 3.428499
v -0.596015 1.822774 3.428498
v -0.683280 2.559524 3.428498
v -0.683280 1.822774 3.428498
v -0.683280 1.822774 4.142800
v -0.535140 1.133230 4.142801
v -0.683280 1.133229 4.142801
v -0.233737 2.204777 3.428498
v -0.000008 2.259962 3.428498
v -0.000008 2.726262 3.428498
v -0.515284 2.231336 3.322412
v -0.676737 2.058434 3.322412
v -0.999800 2.695403 3.322412
v -0.676737 2.058434 3.322412
v -0.770533 1.856711 3.322412
v -0.999800 2.695403 3.322412
v 0.683264 2.559524 4.142800
v 0.683264 1.822774 4.142800
v -0.000008 1.822773 4.142800
v -0.000008 2.726260 4.142800
v 0.683264 2.559524 4.142800
v -0.000008 1.822773 4.142800
v 0.595999 1.133229 3.428499
v 0.535124 1.133230 4.142800
v 0.683264 1.133229 4.142800
v 0.530863 1.958926 3.428506
v 0.595999 1.822774 3.428498
v 0.683264 2.559524 3.428498
v 0.402594 2.096290 3.428498
v 0.530863 1.958926 3.428506
v 0.683264 2.559524 3.428498
v 0.233721 2.204777 3.428498
v 0.402594 2.096290 3.428498
v 0.683264 2.559524 3.428498
v 0.233721 2.204777 3.428498
v 0.683264 2.559524 3.428498
v -0.000008 2.726262 3.428498
v 0.683264 1.133229 4.142800
v 0.683264 1.133229 3.428499
v 0.595999 1.133229 3.428499
v 0.595999 1.822774 3.428498
v 0.683264 1.822774 3.428498
v 0.683264 2.559524 3.428498
v 0.683264 1.822774 4.142800
v 0.683264 1.133229 4.142800
v 0.535124 1.133230 4.142800
v 0.233721 2.204777 3.428498
v -0.000008 2.726262 3.428498
v -0.000008 2.259962 3.428498
v 0.515268 2.231336 3.322412
v 0.999784 2.695403 3.322411
v 0.676722 2.058434 3.322412
v 0.676722 2.058434 3.322412
v 0.999784 2.695403 3.322411
v 0.770517 1.856711 3.322412
v -0.535096 3.921415 3.442284
v -0.464708 6.192134 3.469555
v -0.000008 3.921415 3.442284
v -0.464708 6.192134 3.469555
v 0.464691 6.192134 3.469558
v -0.000008 3.921415 3.442284
v 0.464691 6.192134 3.469558
v 0.535080 3.921415 3.442284
v -0.000008 3.921415 3.442284
v -1.601812 0.890197 -4.665615
v -1.601812 3.890197 -4.665653
v -3.000006 3.890197 -4.665649
v -3.000011 0.890197 -4.665611
v -1.601742 0.890195 -4.787673
v -3.030104 0.890193 -4.787670
v -3.030104 3.890193 -4.787709
v -1.601742 3.890195 -4.787712
v -3.122063 0.890195 -4.589871
v -3.122064 0.890215 -3.165610
v -3.122064 3.890215 -3.165649
v -3.122063 3.890195 -4.589910
v -3.000011 0.890235 -1.665614
v -1.500008 0.890235 -1.665615
v -1.500006 0.890216 -3.165616
v -3.000011 0.890216 -3.165612
v -3.000011 0.890216 -3.165612
v -1.500006 0.890216 -3.165616
v -1.601812 0.890197 -4.665615
v -3.000011 0.890197 -4.665611
v -1.500008 0.890235 -1.665615
v -0.000005 0.890236 -1.665617
v -0.000004 0.890216 -3.165618
v -1.500006 0.890216 -3.165616
v 1.499996 0.890236 -1.665615
v 1.499997 0.890216 -3.165616
v -1.291905 3.890195 -4.787712
v -0.750008 3.140196 -4.787703
v -0.750008 0.890196 -4.787674
v -1.291905 0.890195 -4.787673
v 1.499996 0.890236 -1.665615
v 3.000001 0.890235 -1.665613
v 2.999999 0.890216 -3.165611
v 1.499997 0.890216 -3.165616
v 2.999999 0.890216 -3.165611
v 3.000004 3.890216 -3.165649
v 2.999996 3.890197 -4.665648
v 2.999996 0.890197 -4.665610
v 2.999999 0.890216 -3.165611
v 3.000001 0.890235 -1.665613
v 3.000001 3.890235 -1.665652
v 3.000004 3.890216 -3.165649
v 3.122067 0.890215 -3.165609
v 3.122067 3.890215 -3.165648
v 3.122062 3.890235 -1.665651
v 3.122062 0.890235 -1.665612
v -0.000010 3.890196 -4.787713
v -0.000010 3.140196 -4.787703
v -3.122078 0.890251 -0.321599
v -3.122077 3.890252 -0.321638
v -3.122072 3.890235 -1.665653
v -3.122073 0.890235 -1.665614
v -3.000010 0.890274 1.334387
v -1.500005 0.890274 1.334385
v -1.500009 0.890254 -0.165614
v -3.000011 0.890254 -0.165613
v -3.000011 0.890254 -0.165613
v -1.500009 0.890254 -0.165614
v -1.500008 0.890235 -1.665615
v -3.000011 0.890235 -1.665614
v -1.500005 0.890274 1.334385
v -0.000006 0.890274 1.334385
v -0.000004 0.890255 -0.165616
v -1.500009 0.890254 -0.165614
v 1.499994 0.890275 1.334385
v 1.499997 0.890255 -0.165614
v -1.500009 0.890254 -0.165614
v -0.000004 0.890255 -0.165616
v -0.000005 0.890236 -1.665617
v -1.500008 0.890235 -1.665615
v 1.499997 0.890255 -0.165614
v 1.499996 0.890236 -1.665615
v 1.499994 0.890275 1.334385
v 2.999999 0.890274 1.334386
v 2.999999 0.890255 -0.165613
v 1.499997 0.890255 -0.165614
v 2.999999 0.890255 -0.165613
v 2.999999 3.890254 -0.165652
v 3.000001 3.890235 -1.665652
v 3.000001 0.890235 -1.665613
v 1.499997 0.890255 -0.165614
v 2.999999 0.890255 -0.165613
v 3.000001 0.890235 -1.665613
v 1.499996 0.890236 -1.665615
v -3.000010 0.890294 2.834385
v -1.500005 0.890274 1.334385
v -3.000010 0.890274 1.334387
v -0.000009 0.890186 4.334387
v -0.000005 0.890293 2.834383
v -0.000006 0.890274 1.334385
v -1.500005 0.890274 1.334385
v 1.499994 0.890275 1.334385
v 1.601794 0.890313 4.334385
v 2.999996 0.890313 4.334383
v 2.999996 0.890294 2.834384
v 1.499994 0.890294 2.834384
v 1.499994 0.890294 2.834384
v 2.999996 0.890294 2.834384
v 2.999999 0.890274 1.334386
v 1.499994 0.890275 1.334385
v -0.750008 0.890197 -4.665617
v -0.000002 0.890197 -4.665617
v -0.000003 0.890195 -4.787674
v -0.750008 0.890196 -4.787674
v -0.000002 0.890197 -4.665617
v 0.749990 0.890197 -4.665617
v 0.749994 0.890196 -4.787673
v -0.000003 0.890195 -4.787674
v -0.000010 3.890196 -4.787713
v -1.291905 3.890195 -4.787712
v -1.291905 5.485522 -4.787733
v -0.000010 5.485523 -4.787733
v -3.122073 0.890235 -1.665614
v -3.122075 1.803519 -1.884902
v -3.122066 1.803505 -2.946344
v -3.122064 0.890215 -3.165610
v -3.122064 0.890215 -3.165610
v -3.122066 1.803505 -2.946344
v -3.122066 2.957452 -2.946359
v -3.122064 3.890215 -3.165649
v -3.000009 1.803505 -2.946343
v -3.000015 1.803519 -1.884902
v -3.000011 0.890235 -1.665614
v -3.000011 0.890216 -3.165612
v -3.000009 2.957452 -2.946358
v -3.000009 1.803505 -2.946343
v -3.000011 0.890216 -3.165612
v -3.000007 3.890216 -3.165650
v -1.601814 0.890313 4.334385
v -3.000009 0.890313 4.334383
v -3.000007 3.890314 4.334343
v -1.601814 3.890314 4.334347
v -1.601745 0.890315 4.456445
v -1.601745 3.890315 4.456407
v -3.030105 3.890312 4.456402
v -3.030105 0.890312 4.456441
v -0.000009 0.890060 4.456444
v -0.000009 3.890315 4.456405
v -1.291907 3.890315 4.456406
v -1.291907 0.890315 4.456444
v -0.000009 3.890315 4.456405
v -0.000009 5.485643 4.456384
v -1.291907 5.485641 4.456385
v -1.291907 3.890315 4.456406
v -3.000009 0.890313 4.334383
v 1.601794 0.890313 4.334385
v 1.601794 3.890314 4.334348
v 2.999996 3.890314 4.334343
v 2.999996 0.890313 4.334383
v 1.601726 0.890315 4.456447
v 3.030086 0.890312 4.456442
v 3.030086 3.890312 4.456403
v 1.601726 3.890315 4.456408
v 1.291887 3.890315 4.456405
v 1.291887 0.890315 4.456444
v -0.000009 3.890315 4.456405
v 1.291887 5.485641 4.456384
v -0.000009 5.485643 4.456384
v 1.601794 0.890197 -4.665614
v 2.999996 0.890197 -4.665610
v 2.999996 3.890197 -4.665648
v 1.601794 3.890197 -4.665652
v 1.601724 0.890195 -4.787673
v 1.601724 3.890196 -4.787711
v 3.030086 3.890193 -4.787708
v 3.030086 0.890193 -4.787669
v 0.749994 0.890196 -4.787673
v 0.749989 3.140196 -4.787703
v 1.291886 3.890196 -4.787711
v 1.291886 0.890195 -4.787673
v -0.000010 3.890196 -4.787713
v -0.000010 5.485523 -4.787733
v 1.291886 5.485521 -4.787732
v 1.291886 3.890196 -4.787711
v 2.999999 0.890216 -3.165611
v 2.999996 0.890197 -4.665610
v -0.750008 0.890197 -4.665617
v -0.750008 3.140198 -4.665647
v -1.291905 3.890197 -4.665656
v -1.291905 0.890197 -4.665616
v -0.000010 3.140198 -4.665647
v -0.000010 3.890198 -4.665657
v -0.000010 3.890198 -4.665657
v -0.000010 5.485525 -4.665677
v -1.291905 5.485523 -4.665677
v -1.291905 3.890197 -4.665656
v 1.291886 3.890197 -4.665655
v 0.749989 3.140198 -4.665647
v 0.749990 0.890197 -4.665617
v 1.291886 0.890197 -4.665616
v -0.000010 3.890198 -4.665657
v 1.291886 3.890197 -4.665655
v 1.291886 5.485523 -4.665676
v -0.000010 5.485525 -4.665677
v -1.291907 3.890314 4.334350
v -0.000009 3.890314 4.334349
v -0.000009 0.890186 4.334387
v -1.291908 0.890313 4.334387
v -0.000009 3.890314 4.334349
v -1.291907 3.890314 4.334350
v -1.291907 5.485640 4.334329
v -0.000009 5.485641 4.334328
v 1.291888 3.890314 4.334352
v 1.291888 0.890313 4.334388
v -0.000009 3.890314 4.334349
v -0.000009 5.485641 4.334328
v 1.291888 5.485640 4.334331
v 1.291888 3.890314 4.334352
v -3.000011 0.890216 -3.165612
v -3.000011 0.890197 -4.665611
v -3.000006 3.890197 -4.665649
v -3.000007 3.890216 -3.165650
v -3.000011 0.890254 -0.165613
v -3.000011 0.890235 -1.665614
v -3.000011 3.890235 -1.665653
v -3.000010 3.890254 -0.165652
v -3.122064 0.890310 4.258645
v -3.122064 3.890310 4.258605
v -3.122066 3.890292 2.834344
v -3.122066 0.890293 2.834383
v -3.122078 0.890255 -0.009627
v -3.122072 0.890274 1.334387
v -3.122072 3.890274 1.334349
v -3.122076 3.890255 -0.009666
v -3.122068 1.803578 2.615094
v -3.122075 1.803564 1.553652
v -3.122072 0.890274 1.334387
v -3.122066 0.890293 2.834383
v -3.122068 2.957524 2.615079
v -3.122068 1.803578 2.615094
v -3.122066 0.890293 2.834383
v -3.122066 3.890292 2.834344
v -3.000010 0.890274 1.334387
v -3.000015 1.803564 1.553652
v -3.000011 1.803578 2.615093
v -3.000010 0.890294 2.834385
v -3.000010 0.890294 2.834385
v -3.000011 1.803578 2.615093
v -3.000011 2.957524 2.615078
v -3.000008 3.890294 2.834345
v -3.000010 0.890294 2.834385
v -3.000008 3.890294 2.834345
v -3.000007 3.890314 4.334343
v -3.000009 0.890313 4.334383
v -3.000011 0.890254 -0.165613
v -3.000010 3.890254 -0.165652
v -3.000012 3.890273 1.334349
v -3.000010 0.890274 1.334387
v 2.999996 0.890294 2.834384
v 2.999996 0.890313 4.334383
v 2.999996 3.890314 4.334343
v 3.000003 3.890294 2.834344
v 2.999996 0.890294 2.834384
v 3.000003 3.890294 2.834344
v 3.000002 3.890274 1.334348
v 2.999999 0.890274 1.334386
v 3.122066 0.890293 2.834384
v 3.122061 0.890274 1.334387
v 3.122062 3.890274 1.334348
v 3.122066 3.890293 2.834345
v 2.999999 0.890255 -0.165613
v 2.999999 0.890274 1.334386
v 3.000002 3.890274 1.334348
v 2.999999 3.890254 -0.165652
v 3.122070 0.890195 -4.589869
v 3.122070 3.890195 -4.589909
v 3.122067 3.890215 -3.165648
v 3.122067 0.890215 -3.165609
v 3.122052 0.890251 -0.321598
v 3.122062 0.890235 -1.665612
v 3.122062 3.890235 -1.665651
v 3.122054 3.890252 -0.321637
v 3.122069 0.890310 4.258646
v 3.122066 0.890293 2.834384
v 3.122066 3.890293 2.834345
v 3.122069 3.890310 4.258606
v 3.122054 0.890255 -0.009626
v 3.122056 3.890255 -0.009665
v 3.122062 3.890274 1.334348
v 3.122061 0.890274 1.334387
v -3.009254 0.890255 -0.005475
v -3.009254 4.110864 -0.005517
v -3.329494 3.780792 -0.005513
v -3.329494 0.890255 -0.005475
v -3.329494 0.890255 -0.005475
v -3.329494 3.780792 -0.005513
v -3.329494 3.780787 -0.325792
v -3.329494 0.890251 -0.325754
v -3.329494 0.890251 -0.325754
v -3.329494 3.780787 -0.325792
v -3.009254 4.110859 -0.325796
v -3.009254 0.890251 -0.325754
v -3.009254 3.890259 -0.029805
v -0.000001 3.890258 -0.029805
v -0.000001 4.161923 -0.029808
v -3.009254 4.161925 -0.029809
v -3.009254 4.161925 -0.029809
v -0.000001 4.161923 -0.029808
v -0.000001 4.161920 -0.301507
v -3.009254 4.161922 -0.301507
v -3.009254 4.161922 -0.301507
v -0.000001 4.161920 -0.301507
v -0.000001 3.890254 -0.301503
v -3.009254 3.890255 -0.301504
v -3.009254 3.890255 -0.301504
v -0.000001 3.890254 -0.301503
v -0.000001 3.890258 -0.029805
v -3.009254 3.890259 -0.029805
v -1.570683 4.161919 -0.042279
v -1.323956 4.161919 -0.042279
v -1.323956 5.856668 -0.042301
v -1.570683 5.597159 -0.042298
v -1.323956 4.161919 -0.042279
v -1.323956 4.161916 -0.289036
v -1.323956 5.856665 -0.289059
v -1.323956 5.856668 -0.042301
v -1.323956 4.161916 -0.289036
v -1.570683 4.161916 -0.289036
v -1.570683 5.597156 -0.289056
v -1.323956 5.856665 -0.289059
v -1.570683 4.161916 -0.289036
v -1.570683 4.161919 -0.042279
v -1.570683 5.597159 -0.042298
v -1.570683 5.597156 -0.289056
v -3.806654 3.286579 -0.348850
v -3.806654 3.286583 0.008813
v -3.956046 3.435976 0.008811
v -3.956046 3.435971 -0.348851
v 0.958103 8.145773 -0.372222
v 0.785585 8.318292 -0.372225
v 0.785585 8.318297 0.040804
v 0.958103 8.145779 0.040807
v -3.956046 3.435971 -0.348851
v 0.007445 7.523044 -0.348904
v 0.156838 7.373652 -0.348901
v -3.806654 3.286579 -0.348850
v -3.806654 3.286583 0.008813
v 0.156837 7.373656 0.008761
v 0.007445 7.523048 0.008758
v -3.956046 3.435976 0.008811
v -3.806654 3.286579 -0.348850
v 0.156838 7.373652 -0.348901
v 0.156837 7.373656 0.008761
v -3.806654 3.286583 0.008813
v 0.122436 7.615809 -0.350225
v 0.785585 8.318292 -0.372225
v 0.958103 8.145773 -0.372222
v 0.275855 7.460929 -0.350200
v 0.122436 7.615814 0.018824
v 0.785585 8.318297 0.040804
v 0.785585 8.318292 -0.372225
v 0.122436 7.615809 -0.350225
v 0.275855 7.460934 0.018802
v 0.958103 8.145779 0.040807
v 0.785585 8.318297 0.040804
v 0.122436 7.615814 0.018824
v 0.275855 7.460929 -0.350200
v 0.958103 8.145773 -0.372222
v 0.958103 8.145779 0.040807
v 0.275855 7.460934 0.018802
v 3.009252 0.890255 -0.005474
v 3.329492 0.890255 -0.005474
v 3.329492 3.780792 -0.005511
v 3.009252 4.110864 -0.005515
v 3.329492 0.890255 -0.005474
v 3.329492 0.890251 -0.325753
v 3.329492 3.780787 -0.325790
v 3.329492 3.780792 -0.005511
v 3.329492 0.890251 -0.325753
v 3.009252 0.890251 -0.325753
v 3.009252 4.110859 -0.325794
v 3.329492 3.780787 -0.325790
v 3.009252 3.890259 -0.029804
v 3.009252 4.161925 -0.029807
v 3.009252 4.161925 -0.029807
v 3.009252 4.161922 -0.301506
v 3.009252 4.161922 -0.301506
v 3.009252 3.890255 -0.301502
v 3.009252 3.890255 -0.301502
v 3.009252 3.890259 -0.029804
v 1.570682 4.161919 -0.042278
v 1.570682 5.597159 -0.042298
v 1.323955 5.856668 -0.042301
v 1.323955 4.161919 -0.042278
v 1.323955 4.161919 -0.042278
v 1.323955 5.856668 -0.042301
v 1.323955 5.856665 -0.289059
v 1.323955 4.161916 -0.289036
v 1.323955 4.161916 -0.289036
v 1.323955 5.856665 -0.289059
v 1.570682 5.597156 -0.289056
v 1.570682 4.161916 -0.289036
v 1.570682 4.161916 -0.289036
v 1.570682 5.597156 -0.289056
v 1.570682 5.597159 -0.042298
v 1.570682 4.161919 -0.042278
v 3.806652 3.286579 -0.344475
v 3.956043 3.435971 -0.344477
v 3.956043 3.435976 0.013185
v 3.806652 3.286584 0.013187
v -0.948885 8.151686 -0.372222
v -0.948885 8.151692 0.040806
v -0.776367 8.324211 0.040803
v -0.776367 8.324205 -0.372225
v -0.156839 7.373652 -0.344529
v -0.007447 7.523044 -0.344531
v 3.956043 3.435971 -0.344477
v 3.806652 3.286579 -0.344475
v -0.007447 7.523048 0.013132
v -0.156839 7.373656 0.013133
v 3.806652 3.286584 0.013187
v 3.956043 3.435976 0.013185
v -0.156839 7.373656 0.013133
v -0.156839 7.373652 -0.344529
v 3.806652 3.286579 -0.344475
v 3.806652 3.286584 0.013187
v -0.948885 8.151686 -0.372222
v -0.776367 8.324205 -0.372225
v -0.113217 7.621723 -0.350226
v -0.266637 7.466843 -0.350201
v -0.776367 8.324205 -0.372225
v -0.776367 8.324211 0.040803
v -0.113217 7.621728 0.018823
v -0.113217 7.621723 -0.350226
v -0.776367 8.324211 0.040803
v -0.948885 8.151692 0.040806
v -0.266637 7.466847 0.018802
v -0.113217 7.621728 0.018823
v -0.948885 8.151692 0.040806
v -0.948885 8.151686 -0.372222
v -0.266637 7.466843 -0.350201
v -0.266637 7.466847 0.018802
v -3.009254 0.890195 -4.572870
v -3.009254 4.110804 -4.572912
v -3.329495 3.780732 -4.572908
v -3.329495 0.890195 -4.572871
v -3.329495 0.890195 -4.572871
v -3.329495 3.780732 -4.572908
v -3.329494 3.780728 -4.893187
v -3.329494 0.890191 -4.893150
v -3.329494 0.890191 -4.893150
v -3.329494 3.780728 -4.893187
v -3.009254 4.110800 -4.893191
v -3.009254 0.890191 -4.893149
v -3.009254 0.890191 -4.893149
v -3.009254 4.110800 -4.893191
v -3.009254 4.110804 -4.572912
v -3.009254 0.890195 -4.572870
v -1.607439 0.890199 -4.572870
v -1.287198 0.890199 -4.572870
v -1.287198 5.886933 -4.572935
v -1.607439 5.558386 -4.572931
v -1.287198 0.890199 -4.572870
v -1.287199 0.890194 -4.893149
v -1.287199 5.886929 -4.893214
v -1.287198 5.886933 -4.572935
v -1.287199 0.890194 -4.893149
v -1.607439 0.890194 -4.893149
v -1.607439 5.558382 -4.893210
v -1.287199 5.886929 -4.893214
v -1.607439 0.890194 -4.893149
v -1.607439 0.890199 -4.572870
v -1.607439 5.558386 -4.572931
v -1.607439 5.558382 -4.893210
v -3.009253 3.890199 -4.597199
v -1.607439 3.890198 -4.597199
v -1.607439 4.161864 -4.597203
v -3.009253 4.161866 -4.597203
v -3.009253 4.161866 -4.597203
v -1.607439 4.161864 -4.597203
v -1.607439 4.161860 -4.868902
v -3.009253 4.161862 -4.868902
v -3.009253 4.161862 -4.868902
v -1.607439 4.161860 -4.868902
v -1.607439 3.890195 -4.868898
v -3.009253 3.890196 -4.868898
v -3.009253 3.890196 -4.868898
v -1.607439 3.890195 -4.868898
v -1.607439 3.890198 -4.597199
v -3.009253 3.890199 -4.597199
v -1.287199 5.485525 -4.597220
v -0.000010 5.485525 -4.597219
v -0.000010 5.757189 -4.597223
v -1.287199 5.757191 -4.597223
v -1.287199 5.757191 -4.597223
v -0.000010 5.757189 -4.597223
v -0.000010 5.757186 -4.868922
v -1.287199 5.757188 -4.868922
v -1.287199 5.757188 -4.868922
v -0.000010 5.757186 -4.868922
v -0.000010 5.485521 -4.868918
v -1.287199 5.485521 -4.868919
v -1.287199 5.485521 -4.868919
v -0.000010 5.485521 -4.868918
v -0.000010 5.485525 -4.597219
v -1.287199 5.485525 -4.597220
v -2.926580 3.890227 -2.449352
v -2.926580 4.161892 -2.449355
v -2.926581 4.161922 -0.301507
v -2.926581 3.890255 -0.301503
v -2.926580 4.161892 -2.449355
v -3.198280 4.161892 -2.449355
v -3.198280 4.161922 -0.301507
v -2.926581 4.161922 -0.301507
v -3.198280 4.161892 -2.449355
v -3.198280 3.890227 -2.449352
v -3.198280 3.890255 -0.301503
v -3.198280 4.161922 -0.301507
v -3.198280 3.890227 -2.449352
v -2.926580 3.890227 -2.449352
v -2.926581 3.890255 -0.301503
v -3.198280 3.890255 -0.301503
v -1.538610 -0.000082 -6.420094
v -1.356027 -0.000082 -6.420094
v -1.374834 1.818593 -6.438944
v -1.519781 1.818593 -6.438943
v -1.356027 -0.000082 -6.420094
v -1.356026 -0.000085 -6.602700
v -1.374836 1.818591 -6.583897
v -1.374834 1.818593 -6.438944
v -1.356026 -0.000085 -6.602700
v -1.538610 -0.000085 -6.602700
v -1.519783 1.818591 -6.583898
v -1.374836 1.818591 -6.583897
v -1.538610 -0.000085 -6.602700
v -1.538610 -0.000082 -6.420094
v -1.519781 1.818593 -6.438943
v -1.519783 1.818591 -6.583898
v -1.481744 1.624442 -6.448952
v -1.481737 1.624462 -4.893159
v -1.481737 1.770064 -4.893161
v -1.481744 1.770043 -6.448954
v -1.412899 1.770043 -6.448954
v -1.481744 1.770043 -6.448954
v -1.481737 1.770064 -4.893161
v -1.412894 1.770064 -4.893162
v -1.412899 1.770043 -6.448954
v -1.412894 1.770064 -4.893162
v -1.412894 1.624462 -4.893160
v -1.412899 1.624442 -6.448952
v -1.412894 1.624462 -4.893160
v -1.481737 1.624462 -4.893159
v -1.481744 1.624442 -6.448952
v -1.412899 1.624442 -6.448952
v -3.806652 3.286520 -4.921873
v -3.806652 3.286524 -4.564211
v -3.956044 3.435916 -4.564212
v -3.956044 3.435912 -4.921875
v 1.014820 8.234838 -4.939619
v 0.842302 8.407356 -4.939621
v 0.842302 8.407362 -4.526592
v 1.014820 8.234843 -4.526590
v -3.956044 3.435912 -4.921875
v 0.007446 7.522984 -4.921926
v 0.156839 7.373593 -4.921924
v -3.806652 3.286520 -4.921873
v -3.806652 3.286524 -4.564211
v 0.156839 7.373597 -4.564262
v 0.007447 7.522989 -4.564264
v -3.956044 3.435916 -4.564212
v -3.806652 3.286520 -4.921873
v 0.156839 7.373593 -4.921924
v 0.156839 7.373597 -4.564262
v -3.806652 3.286524 -4.564211
v -1.519781 1.818593 -6.438943
v -1.557074 1.951377 -6.401651
v -1.557075 1.951374 -6.621193
v -1.519783 1.818591 -6.583898
v 0.179153 7.704875 -4.917622
v 0.842302 8.407356 -4.939621
v 1.014820 8.234838 -4.939619
v 0.332573 7.549995 -4.917597
v 0.179153 7.704880 -4.548573
v 0.842302 8.407362 -4.526592
v 0.842302 8.407356 -4.939621
v 0.179153 7.704875 -4.917622
v 0.332573 7.549999 -4.548594
v 1.014820 8.234843 -4.526590
v 0.842302 8.407362 -4.526592
v 0.179153 7.704880 -4.548573
v 0.332573 7.549995 -4.917597
v 1.014820 8.234838 -4.939619
v 1.014820 8.234843 -4.526590
v 0.332573 7.549999 -4.548594
v 3.009233 0.890195 -4.572869
v 3.329473 0.890195 -4.572869
v 3.329473 3.780732 -4.572906
v 3.009233 4.110804 -4.572911
v 3.329473 0.890195 -4.572869
v 3.329473 0.890191 -4.893148
v 3.329473 3.780728 -4.893186
v 3.329473 3.780732 -4.572906
v 3.329473 0.890191 -4.893148
v 3.009233 0.890191 -4.893148
v 3.009233 4.110800 -4.893190
v 3.329473 3.780728 -4.893186
v 3.009233 0.890191 -4.893148
v 3.009233 0.890195 -4.572869
v 3.009233 4.110804 -4.572911
v 3.009233 4.110800 -4.893190
v 1.607418 0.890199 -4.572870
v 1.607418 5.558386 -4.572930
v 1.287178 5.886933 -4.572935
v 1.287178 0.890199 -4.572870
v 1.287178 0.890199 -4.572870
v 1.287178 5.886933 -4.572935
v 1.287178 5.886929 -4.893214
v 1.287178 0.890194 -4.893149
v 1.287178 0.890194 -4.893149
v 1.287178 5.886929 -4.893214
v 1.607418 5.558382 -4.893209
v 1.607418 0.890194 -4.893149
v 1.607418 0.890194 -4.893149
v 1.607418 5.558382 -4.893209
v 1.607418 5.558386 -4.572930
v 1.607418 0.890199 -4.572870
v 3.009231 3.890199 -4.597198
v 3.009231 4.161866 -4.597202
v 1.607419 4.161864 -4.597202
v 1.607418 3.890198 -4.597198
v 3.009231 4.161866 -4.597202
v 3.009232 4.161862 -4.868901
v 1.607419 4.161860 -4.868901
v 1.607419 4.161864 -4.597202
v 3.009232 4.161862 -4.868901
v 3.009232 3.890196 -4.868897
v 1.607418 3.890195 -4.868897
v 1.607419 4.161860 -4.868901
v 3.009232 3.890196 -4.868897
v 3.009231 3.890199 -4.597198
v 1.607418 3.890198 -4.597198
v 1.607418 3.890195 -4.868897
v 1.287180 5.485525 -4.597219
v 1.287180 5.757191 -4.597223
v 1.287180 5.757191 -4.597223
v 1.287180 5.757188 -4.868922
v 1.287180 5.757188 -4.868922
v 1.287180 5.485521 -4.868918
v 1.287180 5.485521 -4.868918
v 1.287180 5.485525 -4.597219
v 2.926558 4.161922 -0.301505
v 2.926559 4.161892 -2.449353
v 2.926559 3.890227 -2.449350
v 2.926558 3.890255 -0.301502
v 3.198256 4.161922 -0.301505
v 3.198258 4.161892 -2.449353
v 2.926559 4.161892 -2.449353
v 2.926558 4.161922 -0.301505
v 3.198256 3.890255 -0.301502
v 3.198258 3.890227 -2.449350
v 3.198258 4.161892 -2.449353
v 3.198256 4.161922 -0.301505
v 2.926558 3.890255 -0.301502
v 2.926559 3.890227 -2.449350
v 3.198258 3.890227 -2.449350
v 3.198256 3.890255 -0.301502
v 1.538590 -0.000082 -6.420094
v 1.519764 1.818593 -6.438944
v 1.374825 1.818593 -6.438944
v 1.356006 -0.000082 -6.420094
v 1.356006 -0.000082 -6.420094
v 1.374825 1.818593 -6.438944
v 1.374824 1.818591 -6.583896
v 1.356006 -0.000085 -6.602700
v 1.356006 -0.000085 -6.602700
v 1.374824 1.818591 -6.583896
v 1.519763 1.818591 -6.583896
v 1.538590 -0.000085 -6.602699
v 1.538590 -0.000085 -6.602699
v 1.519763 1.818591 -6.583896
v 1.519764 1.818593 -6.438944
v 1.538590 -0.000082 -6.420094
v 1.481716 1.770064 -4.893160
v 1.481716 1.624462 -4.893158
v 1.481723 1.624442 -6.448952
v 1.481723 1.770043 -6.448954
v 1.412878 1.770043 -6.448954
v 1.412874 1.770064 -4.893161
v 1.481716 1.770064 -4.893160
v 1.481723 1.770043 -6.448954
v 1.412878 1.770043 -6.448954
v 1.412878 1.624442 -6.448952
v 1.412874 1.624462 -4.893159
v 1.412874 1.770064 -4.893161
v 1.481723 1.624442 -6.448952
v 1.481716 1.624462 -4.893158
v 1.412874 1.624462 -4.893159
v 1.412878 1.624442 -6.448952
v 3.806632 3.286520 -4.911871
v 3.956023 3.435912 -4.911872
v 3.956023 3.435916 -4.554210
v 3.806632 3.286524 -4.554209
v -1.014841 8.234838 -4.939619
v -1.014841 8.234843 -4.526590
v -0.842323 8.407362 -4.526593
v -0.842322 8.407356 -4.939622
v -0.156859 7.373593 -4.911924
v -0.007467 7.522985 -4.911926
v 3.956023 3.435912 -4.911872
v 3.806632 3.286520 -4.911871
v -0.007467 7.522989 -4.554264
v -0.156860 7.373597 -4.554262
v 3.806632 3.286524 -4.554209
v 3.956023 3.435916 -4.554210
v -0.156860 7.373597 -4.554262
v -0.156859 7.373593 -4.911924
v 3.806632 3.286520 -4.911871
v 3.806632 3.286524 -4.554209
v -1.014841 8.234838 -4.939619
v -0.842322 8.407356 -4.939622
v -0.179173 7.704875 -4.917622
v -0.332592 7.549995 -4.917597
v -0.842322 8.407356 -4.939622
v -0.842323 8.407362 -4.526593
v -0.179173 7.704880 -4.548573
v -0.179173 7.704875 -4.917622
v -0.842323 8.407362 -4.526593
v -1.014841 8.234843 -4.526590
v -0.332592 7.549999 -4.548594
v -0.179173 7.704880 -4.548573
v -1.014841 8.234843 -4.526590
v -1.014841 8.234838 -4.939619
v -0.332592 7.549995 -4.917597
v -0.332592 7.549999 -4.548594
v -3.009256 0.890309 4.241643
v -3.329497 0.890309 4.241643
v -3.329497 3.780846 4.241606
v -3.009256 4.110918 4.241601
v -3.329497 0.890309 4.241643
v -3.329497 0.890314 4.561921
v -3.329497 3.780850 4.561884
v -3.329497 3.780846 4.241606
v -3.329497 0.890314 4.561921
v -3.009256 0.890314 4.561922
v -3.009256 4.110922 4.561880
v -3.329497 3.780850 4.561884
v -3.009256 0.890314 4.561922
v -3.009256 0.890309 4.241643
v -3.009256 4.110918 4.241601
v -3.009256 4.110922 4.561880
v -1.607442 0.890313 4.241642
v -1.607442 5.558500 4.241582
v -1.287201 5.887047 4.241579
v -1.287201 0.890313 4.241643
v -1.287201 0.890313 4.241643
v -1.287201 5.887047 4.241579
v -1.287201 5.887052 4.561857
v -1.287201 0.890317 4.561922
v -1.287201 0.890317 4.561922
v -1.287201 5.887052 4.561857
v -1.607442 5.558504 4.561860
v -1.607442 0.890317 4.561921
v -1.607442 0.890317 4.561921
v -1.607442 5.558504 4.561860
v -1.607442 5.558500 4.241582
v -1.607442 0.890313 4.241642
v -3.009255 3.890314 4.265894
v -3.009255 4.161981 4.265891
v -1.607442 4.161979 4.265890
v -1.607441 3.890313 4.265894
v -3.009255 4.161981 4.265891
v -3.009255 4.161984 4.537589
v -1.607442 4.161982 4.537588
v -1.607442 4.161979 4.265890
v -3.009255 4.161984 4.537589
v -3.009255 3.890317 4.537592
v -1.607441 3.890317 4.537592
v -1.607442 4.161982 4.537588
v -3.009255 3.890317 4.537592
v -3.009255 3.890314 4.265894
v -1.607441 3.890313 4.265894
v -1.607441 3.890317 4.537592
v -1.287202 5.485640 4.265874
v -1.287202 5.757306 4.265871
v -0.000013 5.757304 4.265871
v -0.000013 5.485640 4.265874
v -1.287202 5.757306 4.265871
v -1.287202 5.757309 4.537569
v -0.000013 5.757308 4.537569
v -0.000013 5.757304 4.265871
v -1.287202 5.757309 4.537569
v -1.287202 5.485643 4.537572
v -0.000013 5.485643 4.537572
v -0.000013 5.757308 4.537569
v -1.287202 5.485643 4.537572
v -1.287202 5.485640 4.265874
v -0.000013 5.485640 4.265874
v -0.000013 5.485643 4.537572
v -2.926581 4.161925 -0.029806
v -2.926582 4.161952 2.118042
v -2.926582 3.890286 2.118046
v -2.926581 3.890258 -0.029802
v -3.198279 4.161925 -0.029806
v -3.198281 4.161952 2.118042
v -2.926582 4.161952 2.118042
v -2.926581 4.161925 -0.029806
v -3.198279 3.890258 -0.029802
v -3.198281 3.890286 2.118046
v -3.198281 4.161952 2.118042
v -3.198279 4.161925 -0.029806
v -2.926581 3.890258 -0.029802
v -2.926582 3.890286 2.118046
v -3.198281 3.890286 2.118046
v -3.198279 3.890258 -0.029802
v -3.806655 3.286638 4.222917
v -3.806655 3.286643 4.580579
v -3.956047 3.436035 4.580576
v -3.956047 3.436031 4.222914
v 1.014818 8.234957 4.195170
v 0.842300 8.407475 4.195168
v 0.842300 8.407481 4.608196
v 1.014818 8.234962 4.608199
v -3.956047 3.436031 4.222914
v 0.007445 7.523104 4.231307
v 0.156837 7.373712 4.231308
v -3.806655 3.286638 4.222917
v -3.806655 3.286643 4.580579
v 0.156837 7.373716 4.588971
v 0.007445 7.523108 4.588969
v -3.956047 3.436035 4.580576
v -3.806655 3.286638 4.222917
v 0.156837 7.373712 4.231308
v 0.156837 7.373716 4.588971
v -3.806655 3.286643 4.580579
v 0.179150 7.704993 4.217166
v 0.842300 8.407475 4.195168
v 1.014818 8.234957 4.195170
v 0.332569 7.550114 4.217191
v 0.179150 7.704998 4.586215
v 0.842300 8.407481 4.608196
v 0.842300 8.407475 4.195168
v 0.179150 7.704993 4.217166
v 0.332569 7.550118 4.586195
v 1.014818 8.234962 4.608199
v 0.842300 8.407481 4.608196
v 0.179150 7.704998 4.586215
v 0.332569 7.550114 4.217191
v 1.014818 8.234957 4.195170
v 1.014818 8.234962 4.608199
v 0.332569 7.550118 4.586195
v 3.009232 0.890309 4.241644
v 3.009232 4.110918 4.241602
v 3.329472 3.780846 4.241607
v 3.329472 0.890309 4.241644
v 3.329472 0.890309 4.241644
v 3.329472 3.780846 4.241607
v 3.329472 3.780850 4.561885
v 3.329472 0.890314 4.561923
v 3.329472 0.890314 4.561923
v 3.329472 3.780850 4.561885
v 3.009232 4.110922 4.561881
v 3.009232 0.890314 4.561923
v 3.009232 0.890314 4.561923
v 3.009232 4.110922 4.561881
v 3.009232 4.110918 4.241602
v 3.009232 0.890309 4.241644
v 1.607416 0.890313 4.241645
v 1.287176 0.890313 4.241645
v 1.287176 5.887047 4.241580
v 1.607416 5.558500 4.241585
v 1.287176 0.890313 4.241645
v 1.287176 0.890317 4.561923
v 1.287176 5.887052 4.561858
v 1.287176 5.887047 4.241580
v 1.287176 0.890317 4.561923
v 1.607416 0.890317 4.561923
v 1.607416 5.558504 4.561863
v 1.287176 5.887052 4.561858
v 1.607416 0.890317 4.561923
v 1.607416 0.890313 4.241645
v 1.607416 5.558500 4.241585
v 1.607416 5.558504 4.561863
v 3.009230 3.890314 4.265895
v 1.607416 3.890313 4.265896
v 1.607416 4.161979 4.265893
v 3.009230 4.161981 4.265892
v 3.009230 4.161981 4.265892
v 1.607416 4.161979 4.265893
v 1.607416 4.161982 4.537591
v 3.009230 4.161984 4.537590
v 3.009230 4.161984 4.537590
v 1.607416 4.161982 4.537591
v 1.607416 3.890317 4.537594
v 3.009230 3.890317 4.537593
v 3.009230 3.890317 4.537593
v 1.607416 3.890317 4.537594
v 1.607416 3.890313 4.265896
v 3.009230 3.890314 4.265895
v 1.287176 5.485640 4.265875
v 1.287176 5.757306 4.265872
v 1.287176 5.757306 4.265872
v 1.287176 5.757309 4.537570
v 1.287176 5.757309 4.537570
v 1.287176 5.485643 4.537573
v 1.287176 5.485643 4.537573
v 1.287176 5.485640 4.265875
v 2.926558 3.890286 2.118047
v 2.926558 4.161952 2.118043
v 2.926558 4.161925 -0.029804
v 2.926558 3.890258 -0.029801
v 2.926558 4.161952 2.118043
v 3.198256 4.161952 2.118043
v 3.198256 4.161925 -0.029804
v 2.926558 4.161925 -0.029804
v 3.198256 4.161952 2.118043
v 3.198256 3.890286 2.118047
v 3.198256 3.890258 -0.029801
v 3.198256 4.161925 -0.029804
v 3.198256 3.890286 2.118047
v 2.926558 3.890286 2.118047
v 2.926558 3.890258 -0.029801
v 3.198256 3.890258 -0.029801
v 3.806630 3.286638 4.222919
v 3.956023 3.436031 4.222918
v 3.956022 3.436035 4.580580
v 3.806628 3.286643 4.580582
v -1.014843 8.234957 4.195169
v -1.014843 8.234962 4.608198
v -0.842325 8.407481 4.608196
v -0.842325 8.407475 4.195167
v -0.156862 7.373712 4.222864
v -0.007470 7.523104 4.222862
v 3.956023 3.436031 4.222918
v 3.806630 3.286638 4.222919
v -0.007470 7.523108 4.580524
v -0.156862 7.373716 4.580526
v 3.806628 3.286643 4.580582
v 3.956022 3.436035 4.580580
v -0.156862 7.373716 4.580526
v -0.156862 7.373712 4.222864
v 3.806630 3.286638 4.222919
v 3.806628 3.286643 4.580582
v -1.014843 8.234957 4.195169
v -0.842325 8.407475 4.195167
v -0.179176 7.704993 4.217166
v -0.332596 7.550114 4.217191
v -0.842325 8.407475 4.195167
v -0.842325 8.407481 4.608196
v -0.179176 7.704998 4.586215
v -0.179176 7.704993 4.217166
v -0.842325 8.407481 4.608196
v -1.014843 8.234962 4.608198
v -0.332596 7.550118 4.586195
v -0.179176 7.704998 4.586215
v -1.014843 8.234962 4.608198
v -1.014843 8.234957 4.195169
v -0.332596 7.550114 4.217191
v -0.332596 7.550118 4.586195
v -1.519783 1.818591 -6.583898
v -1.557075 1.951374 -6.621193
v -1.337533 1.951374 -6.621193
v -1.374836 1.818591 -6.583897
v -1.374836 1.818591 -6.583897
v -1.337533 1.951374 -6.621193
v -1.337532 1.951377 -6.401652
v -1.374834 1.818593 -6.438944
v -1.374834 1.818593 -6.438944
v -1.337532 1.951377 -6.401652
v -1.557074 1.951377 -6.401651
v -1.519781 1.818593 -6.438943
v 1.374825 1.818593 -6.438944
v 1.337524 1.951377 -6.401651
v 1.337524 1.951374 -6.621193
v 1.374824 1.818591 -6.583896
v 1.374824 1.818591 -6.583896
v 1.337524 1.951374 -6.621193
v 1.557066 1.951374 -6.621192
v 1.519763 1.818591 -6.583896
v 1.519763 1.818591 -6.583896
v 1.557066 1.951374 -6.621192
v 1.557066 1.951377 -6.401651
v 1.519764 1.818593 -6.438944
v 1.519764 1.818593 -6.438944
v 1.557066 1.951377 -6.401651
v 1.337524 1.951377 -6.401651
v 1.374825 1.818593 -6.438944
v -2.926580 3.890198 -4.597200
v -2.926580 4.161864 -4.597203
v -2.926580 4.161892 -2.449355
v -2.926580 4.161864 -4.597203
v -3.198279 4.161864 -4.597203
v -3.198280 4.161892 -2.449355
v -2.926580 4.161892 -2.449355
v -3.198279 4.161864 -4.597203
v -3.198279 3.890198 -4.597200
v -3.198280 4.161892 -2.449355
v -3.198279 3.890198 -4.597200
v -2.926580 3.890198 -4.597200
v -2.926582 4.161979 4.265890
v -2.926582 3.890313 4.265894
v -2.926582 4.161952 2.118042
v -3.198281 4.161979 4.265890
v -2.926582 4.161979 4.265890
v -2.926582 4.161952 2.118042
v -3.198281 4.161952 2.118042
v -3.198281 3.890313 4.265894
v -3.198281 4.161979 4.265890
v -3.198281 4.161952 2.118042
v -2.926582 3.890313 4.265894
v -3.198281 3.890313 4.265894
v 2.926558 3.890313 4.265895
v 2.926558 4.161979 4.265891
v 2.926558 4.161952 2.118043
v 2.926558 4.161979 4.265891
v 3.198256 4.161979 4.265891
v 3.198256 4.161952 2.118043
v 2.926558 4.161952 2.118043
v 3.198256 4.161979 4.265891
v 3.198256 3.890313 4.265895
v 3.198256 4.161952 2.118043
v 3.198256 3.890313 4.265895
v 2.926558 3.890313 4.265895
v 2.926559 4.161864 -4.597202
v 2.926559 3.890198 -4.597198
v 2.926559 4.161892 -2.449353
v 3.198258 4.161864 -4.597202
v 2.926559 4.161864 -4.597202
v 2.926559 4.161892 -2.449353
v 3.198258 4.161892 -2.449353
v 3.198258 3.890198 -4.597198
v 3.198258 4.161864 -4.597202
v 3.198258 4.161892 -2.449353
v 2.926559 3.890198 -4.597198
v 3.198258 3.890198 -4.597198
v -0.000002 0.151173 -7.775836
v -0.000003 0.151177 -7.487175
v -1.412897 0.151177 -7.487175
v -1.412897 0.151173 -7.775836
v -0.000003 0.151177 -7.487175
v -0.000003 0.237179 -7.487176
v -1.412897 0.237179 -7.487176
v -1.412897 0.151177 -7.487175
v -0.000003 0.372932 -7.487178
v -0.000003 0.372936 -7.198516
v -1.412897 0.372936 -7.198516
v -1.412897 0.372932 -7.487178
v -0.000003 0.372936 -7.198516
v -0.000003 0.458938 -7.198518
v -1.412897 0.458938 -7.198517
v -1.412897 0.372936 -7.198516
v -0.000003 0.594691 -7.198519
v -0.000003 0.594694 -6.909857
v -1.412898 0.594694 -6.909857
v -1.412897 0.594691 -7.198519
v -0.000003 0.594694 -6.909857
v -0.000003 0.680696 -6.909858
v -1.412898 0.680696 -6.909858
v -1.412898 0.594694 -6.909857
v -1.386595 -0.000104 -8.064496
v -1.455439 -0.000104 -8.064496
v -1.455439 0.065417 -8.064497
v -1.386595 0.065417 -8.064497
v -1.455434 -0.000098 -7.622591
v -1.386590 -0.000098 -7.622591
v -1.386596 0.795723 -6.586686
v -1.455441 0.795723 -6.586686
v -1.386596 1.200723 -6.586691
v -1.386595 0.065417 -8.064497
v -1.455439 0.065417 -8.064497
v -1.455441 1.200723 -6.586691
v -1.455441 0.795725 -6.436127
v -1.455434 0.795745 -4.893147
v -1.455434 1.200745 -4.893153
v -1.455441 1.200725 -6.436132
v -1.386597 1.200725 -6.436132
v -1.455441 1.200725 -6.436132
v -1.455434 1.200745 -4.893153
v -1.386591 1.200745 -4.893153
v -1.412897 0.151173 -7.775836
v -1.412897 0.237175 -7.775837
v -0.000002 0.237175 -7.775837
v -0.000002 0.151173 -7.775836
v -1.412897 0.237175 -7.775837
v -1.412897 0.237179 -7.487176
v -0.000003 0.237179 -7.487176
v -0.000002 0.237175 -7.775837
v -1.412897 0.372932 -7.487178
v -1.412897 0.458934 -7.487179
v -0.000003 0.458934 -7.487179
v -0.000003 0.372932 -7.487178
v -1.412897 0.458934 -7.487179
v -1.412897 0.458938 -7.198517
v -0.000003 0.458938 -7.198518
v -0.000003 0.458934 -7.487179
v -1.412897 0.594691 -7.198519
v -1.412897 0.680692 -7.198520
v -0.000003 0.680692 -7.198520
v -0.000003 0.594691 -7.198519
v -1.412897 0.680692 -7.198520
v -1.412898 0.680696 -6.909858
v -0.000003 0.680696 -6.909858
v -0.000003 0.680692 -7.198520
v -1.412896 0.804166 -6.909860
v -1.412896 0.890169 -6.909861
v -0.000003 0.890169 -6.909861
v -0.000003 0.804166 -6.909860
v -1.412896 0.890169 -6.909861
v -1.412902 0.890172 -6.586689
v -0.000004 0.890173 -6.586689
v -0.000003 0.890169 -6.909861
v -1.412892 0.795745 -4.893147
v -1.412898 0.804172 -6.506207
v -1.412899 -0.000083 -6.506197
v -1.412892 -0.000063 -4.893136
v -1.386597 1.200725 -6.436132
v -1.386591 1.200745 -4.893153
v -1.386591 0.795745 -4.893148
v -1.386597 0.795725 -6.436127
v -1.412899 -0.000083 -6.506197
v -1.412898 0.804172 -6.506207
v -0.000004 0.804172 -6.506207
v -0.000004 -0.000083 -6.506196
v -1.386591 0.795745 -4.893148
v -1.455434 0.795745 -4.893147
v -1.455441 0.795725 -6.436127
v -1.386597 0.795725 -6.436127
v 1.412892 0.151177 -7.487174
v -0.000003 0.151177 -7.487175
v -0.000002 0.151173 -7.775836
v 1.412892 0.151173 -7.775835
v 1.412892 0.237179 -7.487175
v -0.000003 0.237179 -7.487176
v -0.000003 0.151177 -7.487175
v 1.412892 0.151177 -7.487174
v 1.412892 0.372936 -7.198515
v -0.000003 0.372936 -7.198516
v -0.000003 0.372932 -7.487178
v 1.412892 0.372932 -7.487177
v 1.412892 0.458938 -7.198516
v -0.000003 0.458938 -7.198518
v -0.000003 0.372936 -7.198516
v 1.412892 0.372936 -7.198515
v 1.412893 0.594694 -6.909856
v 1.412892 0.594691 -7.198518
v 1.412893 0.680696 -6.909857
v -0.000003 0.680696 -6.909858
v -0.000003 0.594694 -6.909857
v 1.412893 0.594694 -6.909856
v 1.455434 0.065417 -8.064495
v 1.455434 -0.000104 -8.064494
v 1.386590 -0.000104 -8.064494
v 1.386590 0.065417 -8.064494
v 1.386589 0.795723 -6.586684
v 1.386585 -0.000098 -7.622589
v 1.455429 -0.000098 -7.622589
v 1.455434 0.795723 -6.586684
v 1.386589 1.200723 -6.586689
v 1.455434 1.200723 -6.586689
v 1.455434 0.065417 -8.064495
v 1.386590 0.065417 -8.064494
v 1.455426 1.200745 -4.893151
v 1.455426 0.795745 -4.893146
v 1.455434 0.795725 -6.436125
v 1.455434 1.200725 -6.436131
v 1.386589 1.200725 -6.436131
v 1.386583 1.200745 -4.893152
v 1.455426 1.200745 -4.893151
v 1.455434 1.200725 -6.436131
v -0.000002 0.237175 -7.775837
v 1.412892 0.237175 -7.775836
v 1.412892 0.151173 -7.775835
v -0.000002 0.151173 -7.775836
v -0.000003 0.237179 -7.487176
v 1.412892 0.237179 -7.487175
v 1.412892 0.237175 -7.775836
v -0.000002 0.237175 -7.775837
v -0.000003 0.458934 -7.487179
v 1.412892 0.458934 -7.487178
v 1.412892 0.372932 -7.487177
v -0.000003 0.372932 -7.487178
v -0.000003 0.458938 -7.198518
v 1.412892 0.458938 -7.198516
v 1.412892 0.458934 -7.487178
v -0.000003 0.458934 -7.487179
v -0.000003 0.680692 -7.198520
v 1.412892 0.680692 -7.198519
v 1.412892 0.594691 -7.198518
v -0.000003 0.594691 -7.198519
v 1.412893 0.680696 -6.909857
v 1.412892 0.680692 -7.198519
v -0.000003 0.680692 -7.198520
v -0.000003 0.890169 -6.909861
v 1.412891 0.890169 -6.909860
v 1.412891 0.804166 -6.909858
v -0.000003 0.804166 -6.909860
v -0.000004 0.890173 -6.586689
v 1.412894 0.890172 -6.586687
v 1.412891 0.890169 -6.909860
v -0.000003 0.890169 -6.909861
v 1.412884 0.795745 -4.893145
v 1.412884 -0.000063 -4.893135
v 1.412892 -0.000083 -6.506196
v 1.412891 0.804172 -6.506206
v 1.386589 1.200725 -6.436131
v 1.386589 0.795725 -6.436125
v 1.386583 0.795745 -4.893147
v 1.386583 1.200745 -4.893152
v 1.412892 -0.000083 -6.506196
v -0.000004 -0.000083 -6.506196
v -0.000004 0.804172 -6.506207
v 1.412891 0.804172 -6.506206
v 1.455434 0.795725 -6.436125
v 1.455426 0.795745 -4.893146
v 1.386583 0.795745 -4.893147
v 1.386589 0.795725 -6.436125
v 0.024582 3.064959 -4.592516
v 0.024582 3.307073 -4.592519
v -1.051087 3.341681 -4.544366
v -1.051087 3.030351 -4.544363
v 0.024582 3.064954 -4.929396
v 0.024582 3.064959 -4.592516
v -1.051087 3.030351 -4.544363
v -1.051087 3.030346 -4.977549
v 0.024582 3.307069 -4.929399
v 0.024582 3.064954 -4.929396
v -1.051087 3.030346 -4.977549
v -1.051087 3.341676 -4.977553
v 0.024582 3.307073 -4.592519
v 0.024582 3.307069 -4.929399
v -1.051087 3.341676 -4.977553
v -1.051087 3.341681 -4.544366
v -0.686630 3.041533 -4.639899
v -0.928745 3.041533 -4.639899
v -0.952170 0.890197 -4.616446
v -0.663206 0.890198 -4.616446
v -0.686630 3.041530 -4.882013
v -0.686630 3.041533 -4.639899
v -0.663206 0.890198 -4.616446
v -0.663206 0.890194 -4.905410
v -0.928745 3.041530 -4.882013
v -0.686630 3.041530 -4.882013
v -0.663206 0.890194 -4.905410
v -0.952170 0.890193 -4.905410
v -0.928745 3.041533 -4.639899
v -0.928745 3.041530 -4.882013
v -0.952170 0.890193 -4.905410
v -0.952170 0.890197 -4.616446
v -1.051087 3.341676 -4.977553
v -1.051087 3.030346 -4.977549
v -1.051087 3.030351 -4.544363
v -1.051087 3.341681 -4.544366
v 1.100250 3.341681 -4.544366
v 1.100250 3.030352 -4.544362
v 1.100250 3.030352 -4.544362
v 1.100250 3.030346 -4.977549
v 1.100250 3.030346 -4.977549
v 1.100250 3.341676 -4.977552
v 1.100250 3.341676 -4.977552
v 1.100250 3.341681 -4.544366
v 1.100250 3.030352 -4.544362
v 1.100250 3.030346 -4.977549
v 1.100250 3.341676 -4.977552
v 1.100250 3.341681 -4.544366
v 0.756606 0.890196 -4.696928
v 0.756605 3.081273 -4.696957
v 0.652372 2.979274 -4.696956
v 0.652372 0.890196 -4.696928
v 0.652372 2.979273 -4.775365
v 0.024583 2.979273 -4.775365
v 0.024583 3.081272 -4.775367
v 0.756605 3.081272 -4.775366
v -0.707440 3.081273 -4.696957
v -0.707440 0.890196 -4.696929
v -0.603206 0.890196 -4.696929
v -0.603207 2.979274 -4.696956
v -0.707440 0.890195 -4.775338
v -0.707440 3.081272 -4.775366
v -0.603207 2.979273 -4.775365
v -0.603206 0.890195 -4.775338
v -0.603207 2.979274 -4.696956
v 0.024583 2.979274 -4.696956
v 0.024583 3.081273 -4.696957
v -0.707440 3.081273 -4.696957
v 0.756605 3.081272 -4.775366
v 0.756606 0.890195 -4.775338
v 0.652372 0.890195 -4.775338
v 0.652372 2.979273 -4.775365
v 0.652372 0.890195 -4.775338
v 0.652372 0.890196 -4.696928
v 0.652372 2.979274 -4.696956
v 0.652372 2.979273 -4.775365
v -0.603207 2.979273 -4.775365
v 0.024583 2.979273 -4.775365
v 0.024583 2.979274 -4.696956
v -0.603207 2.979274 -4.696956
v -0.603207 2.979273 -4.775365
v -0.603207 2.979274 -4.696956
v -0.603206 0.890196 -4.696929
v -0.603206 0.890195 -4.775338
v 0.024583 3.081272 -4.775367
v 0.024583 2.979273 -4.775365
v -0.603207 2.979273 -4.775365
v -0.707440 3.081272 -4.775366
v 0.652372 2.979274 -4.696956
v 0.756605 3.081273 -4.696957
v 0.652372 2.979273 -4.775365
v 0.652372 2.979274 -4.696956
v -3.209802 1.929731 -3.024024
v -3.209808 1.929738 -2.415625
v -2.912290 1.929738 -2.415625
v -2.912288 1.929731 -3.024022
v -2.912288 1.795124 -3.024020
v -3.209802 1.795125 -3.024022
v -3.209802 1.929731 -3.024024
v -2.912288 1.929731 -3.024022
v -3.209808 1.795133 -2.415623
v -3.209808 1.929738 -2.415625
v -3.209802 1.929731 -3.024024
v -3.209802 1.795125 -3.024022
v -3.152729 2.884567 -2.892904
v -3.152729 1.929732 -2.892892
v -2.969350 1.929732 -2.892888
v -2.969348 2.884567 -2.892899
v -2.912290 2.884567 -2.870904
v -2.912288 2.988130 -2.742842
v -3.209800 2.988131 -2.742838
v -3.209802 2.884567 -2.870903
v -2.912288 2.988130 -2.742842
v -2.912288 3.040002 -2.610891
v -3.209800 3.040002 -2.610891
v -3.209800 2.988131 -2.742838
v -2.912288 3.040002 -2.610891
v -2.912282 3.067706 -2.415640
v -3.209795 3.067706 -2.415639
v -3.209800 3.040002 -2.610891
v -3.209802 2.977876 -2.946360
v -3.209802 2.884567 -2.870903
v -3.209800 2.988131 -2.742838
v -3.209800 3.093052 -2.803934
v -3.209800 3.093052 -2.803934
v -3.209800 2.988131 -2.742838
v -3.209800 3.040002 -2.610891
v -3.209800 3.156834 -2.641688
v -3.209800 3.156834 -2.641688
v -3.209800 3.040002 -2.610891
v -3.209795 3.067706 -2.415639
v -3.209795 3.188907 -2.415641
v -2.912288 3.093052 -2.803934
v -2.912290 2.977876 -2.946360
v -3.209802 2.977876 -2.946360
v -3.209800 3.093052 -2.803934
v -2.912288 3.156834 -2.641690
v -3.209800 3.156834 -2.641688
v -2.912282 3.188907 -2.415642
v -3.209795 3.188907 -2.415641
v -2.912290 2.977876 -2.946360
v -2.912290 2.977875 -3.024037
v -3.209802 2.977875 -3.024037
v -3.209802 2.977876 -2.946360
v -3.209802 2.884567 -2.870903
v -3.209802 2.884565 -3.024036
v -2.912288 2.884565 -3.024036
v -2.912290 2.884567 -2.870904
v -3.209802 2.977876 -2.946360
v -3.209802 2.977875 -3.024037
v -3.209802 2.884565 -3.024036
v -3.209802 2.884567 -2.870903
v -2.912290 2.977875 -3.024037
v -2.912288 2.884565 -3.024036
v -3.209802 2.884565 -3.024036
v -3.209802 2.977875 -3.024037
v -3.152727 2.884566 -3.001593
v -3.152727 1.929731 -3.001580
v -3.152729 1.929732 -2.892892
v -3.152729 2.884567 -2.892904
v -2.969348 1.929731 -3.001577
v -2.969347 2.884566 -3.001589
v -2.969348 2.884567 -2.892899
v -2.969350 1.929732 -2.892888
v -2.969348 1.929731 -3.001577
v -3.152727 1.929731 -3.001580
v -3.152727 2.884566 -3.001593
v -2.969347 2.884566 -3.001589
v -3.081851 2.864151 -2.444447
v -3.040227 2.864151 -2.444449
v -3.040227 1.929738 -2.444437
v -3.081851 1.929738 -2.444435
v -3.081851 2.864152 -2.386827
v -3.081851 2.864151 -2.444447
v -3.081851 1.929738 -2.444435
v -3.081851 1.929739 -2.386815
v -3.040227 1.929739 -2.386817
v -3.040227 1.929738 -2.444437
v -3.040227 2.864151 -2.444449
v -3.040227 2.864152 -2.386829
v -3.081851 2.864152 -2.386827
v -3.081851 1.929739 -2.386815
v -3.040227 1.929739 -2.386817
v -3.040227 2.864152 -2.386829
v -3.074993 2.451983 -1.960366
v -3.033369 2.451984 -1.960364
v -3.033365 2.451972 -2.870898
v -3.074989 2.451971 -2.870898
v -3.074993 2.394363 -1.960365
v -3.074993 2.451983 -1.960366
v -3.074989 2.451971 -2.870898
v -3.074989 2.394351 -2.870897
v -3.033365 2.394352 -2.870897
v -3.033365 2.451972 -2.870898
v -3.033369 2.451984 -1.960364
v -3.033369 2.394365 -1.960364
v -3.074993 2.394363 -1.960365
v -3.074989 2.394351 -2.870897
v -3.033365 2.394352 -2.870897
v -3.033369 2.394365 -1.960364
v -3.026439 2.864150 -2.415636
v -3.095628 2.864150 -2.415636
v -3.095634 2.864144 -2.870903
v -3.026445 2.864144 -2.870901
v -3.095519 2.884567 -2.870904
v -3.095396 1.929733 -2.870891
v -3.026758 1.929732 -2.870885
v -3.026603 2.884567 -2.870900
v -3.095357 2.884567 -2.892904
v -3.095357 1.929732 -2.892892
v -3.095396 1.929733 -2.870891
v -3.095519 2.884567 -2.870904
v -3.026718 1.929732 -2.892886
v -3.026718 2.884567 -2.892897
v -3.026603 2.884567 -2.870900
v -3.026758 1.929732 -2.870885
v -2.912290 2.977876 -2.946360
v -2.912288 3.093052 -2.803934
v -2.912288 2.988130 -2.742842
v -2.912290 2.884567 -2.870904
v -2.912288 3.093052 -2.803934
v -2.912288 3.156834 -2.641690
v -2.912288 3.040002 -2.610891
v -2.912288 2.988130 -2.742842
v -2.912288 3.156834 -2.641690
v -2.912282 3.188907 -2.415642
v -2.912282 3.067706 -2.415640
v -2.912288 3.040002 -2.610891
v -2.912290 2.977876 -2.946360
v -2.912290 2.884567 -2.870904
v -2.912288 2.884565 -3.024036
v -2.912290 2.977875 -3.024037
v -3.152729 2.884579 -1.938369
v -2.969349 2.884579 -1.938374
v -2.969349 1.929744 -1.938361
v -3.152729 1.929745 -1.938356
v -2.912292 2.884579 -1.960370
v -3.209802 2.884579 -1.960370
v -3.209800 2.988139 -2.088439
v -2.912289 2.988138 -2.088436
v -2.912289 2.988138 -2.088436
v -3.209800 2.988139 -2.088439
v -3.209800 3.040007 -2.220388
v -2.912288 3.040007 -2.220388
v -2.912288 3.040007 -2.220388
v -3.209800 3.040007 -2.220388
v -3.209795 3.067706 -2.415639
v -2.912282 3.067706 -2.415640
v -3.209802 2.977890 -1.884917
v -3.209800 3.093062 -2.027346
v -3.209800 2.988139 -2.088439
v -3.209802 2.884579 -1.960370
v -3.209800 3.093062 -2.027346
v -3.209800 3.156840 -2.189593
v -3.209800 3.040007 -2.220388
v -3.209800 2.988139 -2.088439
v -3.209800 3.156840 -2.189593
v -3.209795 3.188907 -2.415641
v -3.209795 3.067706 -2.415639
v -3.209800 3.040007 -2.220388
v -3.209802 2.977890 -1.884917
v -2.912290 2.977890 -1.884916
v -2.912289 3.093062 -2.027345
v -3.209800 3.093062 -2.027346
v -2.912288 3.156840 -2.189592
v -3.209800 3.156840 -2.189593
v -3.209795 3.188907 -2.415641
v -2.912290 2.977890 -1.884916
v -3.209802 2.977890 -1.884917
v -3.209802 2.977891 -1.807239
v -2.912291 2.977891 -1.807240
v -3.209802 2.884579 -1.960370
v -2.912292 2.884579 -1.960370
v -2.912289 2.884581 -1.807238
v -3.209802 2.884581 -1.807238
v -3.209802 2.977890 -1.884917
v -3.209802 2.884579 -1.960370
v -3.209802 2.884581 -1.807238
v -3.209802 2.977891 -1.807239
v -3.209802 2.884581 -1.807238
v -2.912289 2.884581 -1.807238
v -2.912291 2.977891 -1.807240
v -3.209802 2.977891 -1.807239
v -3.152727 2.884581 -1.829680
v -3.152729 2.884579 -1.938369
v -3.152729 1.929745 -1.938356
v -3.152727 1.929746 -1.829668
v -2.969349 1.929746 -1.829672
v -2.969349 1.929744 -1.938361
v -2.969349 2.884579 -1.938374
v -2.969347 2.884581 -1.829685
v -3.152727 2.884581 -1.829680
v -3.152727 1.929746 -1.829668
v -2.969349 1.929746 -1.829672
v -2.969347 2.884581 -1.829685
v -3.095634 2.864156 -1.960370
v -3.026443 2.864156 -1.960372
v -3.095518 2.884579 -1.960369
v -3.026603 2.884579 -1.960374
v -3.026756 1.929744 -1.960363
v -3.095396 1.929744 -1.960358
v -3.095358 2.884579 -1.938369
v -3.095518 2.884579 -1.960369
v -3.095396 1.929744 -1.960358
v -3.095358 1.929745 -1.938356
v -3.026718 1.929744 -1.938363
v -3.026756 1.929744 -1.960363
v -3.026603 2.884579 -1.960374
v -3.026718 2.884579 -1.938376
v -2.912290 2.977890 -1.884916
v -2.912292 2.884579 -1.960370
v -2.912289 2.988138 -2.088436
v -2.912289 3.093062 -2.027345
v -2.912289 3.093062 -2.027345
v -2.912289 2.988138 -2.088436
v -2.912288 3.040007 -2.220388
v -2.912288 3.156840 -2.189592
v -2.912288 3.156840 -2.189592
v -2.912288 3.040007 -2.220388
v -2.912282 3.067706 -2.415640
v -2.912282 3.188907 -2.415642
v -2.912290 2.977890 -1.884916
v -2.912291 2.977891 -1.807240
v -2.912289 2.884581 -1.807238
v -2.912292 2.884579 -1.960370
v -2.912288 1.795124 -3.024020
v -2.912288 1.929731 -3.024022
v -2.912290 1.929738 -2.415625
v -2.912290 1.795132 -2.415623
v -3.209802 1.795125 -3.024022
v -2.912288 1.795124 -3.024020
v -2.912290 1.795132 -2.415623
v -3.209808 1.795133 -2.415623
v -3.209802 1.929746 -1.807226
v -2.912288 1.929746 -1.807228
v -2.912288 1.795140 -1.807227
v -2.912288 1.929746 -1.807228
v -3.209802 1.929746 -1.807226
v -3.209802 1.795140 -1.807224
v -3.209802 1.929746 -1.807226
v -3.209808 1.929738 -2.415625
v -3.209808 1.795133 -2.415623
v -3.209802 1.795140 -1.807224
v -2.912290 1.929738 -2.415625
v -2.912288 1.929746 -1.807228
v -2.912288 1.795140 -1.807227
v -2.912290 1.795132 -2.415623
v -2.912290 1.795132 -2.415623
v -2.912288 1.795140 -1.807227
v -3.209802 1.795140 -1.807224
v -3.209808 1.795133 -2.415623
v -3.122064 0.890193 -4.787669
v -3.393649 0.890189 -5.059254
v -3.427146 0.485553 -5.092746
v -3.393649 0.890189 -5.059254
v -3.122064 0.890193 -4.787669
v -1.412894 0.890194 -4.785536
v -2.679937 0.890189 -5.060740
v -3.427146 0.485553 -5.092746
v -3.395134 0.890252 -0.163477
v -3.117793 0.890252 -0.163478
v -3.519475 -0.000002 -0.163465
v -3.454634 0.627076 -0.163474
v -3.395134 0.890252 -0.163477
v -3.122035 0.890312 4.450210
v -3.117793 0.890292 2.913030
v -3.395136 0.890307 4.018589
v -3.396484 0.888199 4.724659
v -3.427944 0.484531 4.756125
v 0.000001 0.890315 4.708860
v 0.000001 0.890312 4.445969
v -0.457084 0.000061 4.747489
v 0.000001 0.000062 4.779344
v 0.000001 0.230250 4.767814
v -2.690414 0.890316 4.723311
v -1.584856 0.890312 4.445969
v -3.122035 0.890312 4.450210
v -3.396484 0.888199 4.724659
v -3.427944 0.484531 4.756125
v 0.000001 0.630230 4.782815
v 0.000001 0.890315 4.708860
v 3.122065 0.890193 -4.787669
v 3.393650 0.890189 -5.059254
v 3.427148 0.485553 -5.092746
v 2.679938 0.890189 -5.060740
v 1.412890 0.890194 -4.785534
v 3.122065 0.890193 -4.787669
v 3.393650 0.890189 -5.059254
v 3.427148 0.485553 -5.092746
v 3.117794 0.890252 -0.163477
v 3.395135 0.890252 -0.163477
v 3.454635 0.627076 -0.163474
v 3.519475 -0.000002 -0.163466
v 3.395135 0.890252 -0.163477
v 3.395137 0.890307 4.018589
v 3.117795 0.890292 2.913030
v 3.122037 0.890312 4.450210
v 3.396485 0.888199 4.724659
v 3.427946 0.484531 4.756125
v 0.457085 0.000061 4.747489
v 3.122037 0.890312 4.450210
v 1.584857 0.890312 4.445968
v 2.690415 0.890316 4.723311
v 3.396485 0.888199 4.724659
v 3.427946 0.484531 4.756125
v 1.001330 0.890197 -4.616446
v 0.977906 3.041533 -4.639898
v 0.735791 3.041533 -4.639898
v 0.712367 0.890198 -4.616446
v 0.712367 0.890198 -4.616446
v 0.735791 3.041533 -4.639898
v 0.735791 3.041530 -4.882013
v 0.712367 0.890194 -4.905410
v 0.712367 0.890194 -4.905410
v 0.735791 3.041530 -4.882013
v 0.977906 3.041530 -4.882013
v 1.001330 0.890193 -4.905409
v 1.001330 0.890193 -4.905409
v 0.977906 3.041530 -4.882013
v 0.977906 3.041533 -4.639898
v 1.001330 0.890197 -4.616446
v -0.000003 0.804166 -6.909860
v -0.000004 0.804172 -6.506207
v -1.412898 0.804172 -6.506207
v -1.412896 0.804166 -6.909860
v 1.412891 0.804172 -6.506206
v -0.000004 0.804172 -6.506207
v -0.000003 0.804166 -6.909860
v 1.412891 0.804166 -6.909858
v -3.209802 1.929789 1.475971
v -3.209808 1.929797 2.084370
v -2.912290 1.929797 2.084370
v -2.912288 1.929789 1.475973
v -2.912288 1.795183 1.475975
v -3.209802 1.795183 1.475973
v -3.209802 1.929789 1.475971
v -2.912288 1.929789 1.475973
v -3.209808 1.795191 2.084372
v -3.209808 1.929797 2.084370
v -3.209802 1.929789 1.475971
v -3.209802 1.795183 1.475973
v -3.152729 2.884625 1.607090
v -3.152729 1.929791 1.607103
v -2.969350 1.929790 1.607107
v -2.969348 2.884625 1.607096
v -2.912290 2.884625 1.629090
v -2.912288 2.988188 1.757153
v -3.209800 2.988189 1.757156
v -3.209802 2.884625 1.629092
v -2.912288 2.988188 1.757153
v -2.912288 3.040061 1.889104
v -3.209800 3.040061 1.889104
v -3.209800 2.988189 1.757156
v -2.912288 3.040061 1.889104
v -2.912283 3.067764 2.084355
v -3.209795 3.067764 2.084355
v -3.209800 3.040061 1.889104
v -3.209802 2.977934 1.553635
v -3.209802 2.884625 1.629092
v -3.209800 2.988189 1.757156
v -3.209800 3.093110 1.696061
v -3.209800 3.093110 1.696061
v -3.209800 2.988189 1.757156
v -3.209800 3.040061 1.889104
v -3.209800 3.156892 1.858307
v -3.209800 3.156892 1.858307
v -3.209800 3.040061 1.889104
v -3.209795 3.067764 2.084355
v -3.209795 3.188965 2.084354
v -2.912288 3.093110 1.696060
v -2.912290 2.977934 1.553635
v -3.209802 2.977934 1.553635
v -3.209800 3.093110 1.696061
v -2.912288 3.156892 1.858305
v -3.209800 3.156892 1.858307
v -2.912283 3.188965 2.084353
v -3.209795 3.188965 2.084354
v -2.912290 2.977934 1.553635
v -2.912290 2.977933 1.475958
v -3.209802 2.977933 1.475957
v -3.209802 2.977934 1.553635
v -3.209802 2.884625 1.629092
v -3.209802 2.884624 1.475959
v -2.912288 2.884624 1.475959
v -2.912290 2.884625 1.629090
v -3.209802 2.977934 1.553635
v -3.209802 2.977933 1.475957
v -3.209802 2.884624 1.475959
v -3.209802 2.884625 1.629092
v -2.912290 2.977933 1.475958
v -2.912288 2.884624 1.475959
v -3.209802 2.884624 1.475959
v -3.209802 2.977933 1.475957
v -3.152727 2.884624 1.498402
v -3.152727 1.929789 1.498414
v -3.152729 1.929791 1.607103
v -3.152729 2.884625 1.607090
v -2.969348 1.929789 1.498418
v -2.969347 2.884624 1.498406
v -2.969348 2.884625 1.607096
v -2.969350 1.929790 1.607107
v -2.969348 1.929789 1.498418
v -3.152727 1.929789 1.498414
v -3.152727 2.884624 1.498402
v -2.969347 2.884624 1.498406
v -3.081852 2.864210 2.055547
v -3.040228 2.864210 2.055546
v -3.040228 1.929796 2.055558
v -3.081852 1.929796 2.055560
v -3.081852 2.864211 2.113168
v -3.081852 2.864210 2.055547
v -3.081852 1.929796 2.055560
v -3.081852 1.929797 2.113180
v -3.040228 1.929797 2.113178
v -3.040228 1.929796 2.055558
v -3.040228 2.864210 2.055546
v -3.040228 2.864211 2.113166
v -3.081852 2.864211 2.113168
v -3.081852 1.929797 2.113180
v -3.040228 1.929797 2.113178
v -3.040228 2.864211 2.113166
v -3.074993 2.452041 2.539629
v -3.033369 2.452043 2.539630
v -3.033365 2.452031 1.629097
v -3.074989 2.452029 1.629097
v -3.074993 2.394421 2.539629
v -3.074993 2.452041 2.539629
v -3.074989 2.452029 1.629097
v -3.074989 2.394409 1.629098
v -3.033365 2.394411 1.629098
v -3.033365 2.452031 1.629097
v -3.033369 2.452043 2.539630
v -3.033369 2.394423 2.539631
v -3.074993 2.394421 2.539629
v -3.074989 2.394409 1.629098
v -3.033365 2.394411 1.629098
v -3.033369 2.394423 2.539631
v -3.026439 2.864208 2.084358
v -3.095628 2.864208 2.084358
v -3.095634 2.864202 1.629092
v -3.026445 2.864202 1.629094
v -3.095518 2.884625 1.629090
v -3.095396 1.929791 1.629104
v -3.026758 1.929790 1.629110
v -3.026603 2.884625 1.629095
v -3.095357 2.884625 1.607090
v -3.095357 1.929791 1.607103
v -3.095396 1.929791 1.629104
v -3.095518 2.884625 1.629090
v -3.026718 1.929790 1.607109
v -3.026718 2.884625 1.607098
v -3.026603 2.884625 1.629095
v -3.026758 1.929790 1.629110
v -2.912290 2.977934 1.553635
v -2.912288 3.093110 1.696060
v -2.912288 2.988188 1.757153
v -2.912290 2.884625 1.629090
v -2.912288 3.093110 1.696060
v -2.912288 3.156892 1.858305
v -2.912288 3.040061 1.889104
v -2.912288 2.988188 1.757153
v -2.912288 3.156892 1.858305
v -2.912283 3.188965 2.084353
v -2.912283 3.067764 2.084355
v -2.912288 3.040061 1.889104
v -2.912290 2.977934 1.553635
v -2.912290 2.884625 1.629090
v -2.912288 2.884624 1.475959
v -2.912290 2.977933 1.475958
v -3.152729 2.884638 2.561626
v -2.969349 2.884638 2.561620
v -2.969349 1.929803 2.561634
v -3.152729 1.929803 2.561638
v -2.912292 2.884637 2.539625
v -3.209802 2.884637 2.539625
v -3.209800 2.988197 2.411556
v -2.912289 2.988196 2.411559
v -2.912289 2.988196 2.411559
v -3.209800 2.988197 2.411556
v -3.209800 3.040066 2.279607
v -2.912288 3.040066 2.279607
v -2.912288 3.040066 2.279607
v -3.209800 3.040066 2.279607
v -3.209795 3.067764 2.084355
v -2.912283 3.067764 2.084355
v -3.209802 2.977948 2.615078
v -3.209800 3.093120 2.472649
v -3.209800 2.988197 2.411556
v -3.209802 2.884637 2.539625
v -3.209800 3.093120 2.472649
v -3.209800 3.156898 2.310402
v -3.209800 3.040066 2.279607
v -3.209800 2.988197 2.411556
v -3.209800 3.156898 2.310402
v -3.209795 3.188965 2.084354
v -3.209795 3.067764 2.084355
v -3.209800 3.040066 2.279607
v -3.209802 2.977948 2.615078
v -2.912290 2.977948 2.615078
v -2.912289 3.093120 2.472649
v -3.209800 3.093120 2.472649
v -2.912288 3.156898 2.310403
v -3.209800 3.156898 2.310402
v -3.209795 3.188965 2.084354
v -2.912290 2.977948 2.615078
v -3.209802 2.977948 2.615078
v -3.209802 2.977949 2.692756
v -2.912291 2.977949 2.692755
v -3.209802 2.884637 2.539625
v -2.912292 2.884637 2.539625
v -2.912289 2.884639 2.692756
v -3.209802 2.884639 2.692757
v -3.209802 2.977948 2.615078
v -3.209802 2.884637 2.539625
v -3.209802 2.884639 2.692757
v -3.209802 2.977949 2.692756
v -3.209802 2.884639 2.692757
v -2.912289 2.884639 2.692756
v -2.912291 2.977949 2.692755
v -3.209802 2.977949 2.692756
v -3.152727 2.884639 2.670314
v -3.152729 2.884638 2.561626
v -3.152729 1.929803 2.561638
v -3.152727 1.929804 2.670327
v -2.969349 1.929804 2.670323
v -2.969349 1.929803 2.561634
v -2.969349 2.884638 2.561620
v -2.969347 2.884639 2.670310
v -3.152727 2.884639 2.670314
v -3.152727 1.929804 2.670327
v -2.969349 1.929804 2.670323
v -2.969347 2.884639 2.670310
v -3.095634 2.864214 2.539625
v -3.026443 2.864214 2.539623
v -3.095518 2.884637 2.539626
v -3.026603 2.884637 2.539621
v -3.026756 1.929802 2.539631
v -3.095396 1.929803 2.539637
v -3.095358 2.884638 2.561626
v -3.095518 2.884637 2.539626
v -3.095396 1.929803 2.539637
v -3.095358 1.929803 2.561638
v -3.026718 1.929803 2.561632
v -3.026756 1.929802 2.539631
v -3.026603 2.884637 2.539621
v -3.026718 2.884638 2.561618
v -2.912290 2.977948 2.615078
v -2.912292 2.884637 2.539625
v -2.912289 2.988196 2.411559
v -2.912289 3.093120 2.472649
v -2.912289 3.093120 2.472649
v -2.912289 2.988196 2.411559
v -2.912288 3.040066 2.279607
v -2.912288 3.156898 2.310403
v -2.912288 3.156898 2.310403
v -2.912288 3.040066 2.279607
v -2.912283 3.067764 2.084355
v -2.912283 3.188965 2.084353
v -2.912290 2.977948 2.615078
v -2.912291 2.977949 2.692755
v -2.912289 2.884639 2.692756
v -2.912292 2.884637 2.539625
v -2.912288 1.795183 1.475975
v -2.912288 1.929789 1.475973
v -2.912290 1.929797 2.084370
v -2.912290 1.795190 2.084372
v -3.209802 1.795183 1.475973
v -2.912288 1.795183 1.475975
v -2.912290 1.795190 2.084372
v -3.209808 1.795191 2.084372
v -3.209802 1.929804 2.692769
v -2.912288 1.929804 2.692767
v -2.912288 1.795198 2.692768
v -2.912288 1.929804 2.692767
v -3.209802 1.929804 2.692769
v -3.209802 1.795199 2.692770
v -3.209802 1.929804 2.692769
v -3.209808 1.929797 2.084370
v -3.209808 1.795191 2.084372
v -3.209802 1.795199 2.692770
v -2.912290 1.929797 2.084370
v -2.912288 1.929804 2.692767
v -2.912288 1.795198 2.692768
v -2.912290 1.795190 2.084372
v -2.912290 1.795190 2.084372
v -2.912288 1.795198 2.692768
v -3.209802 1.795199 2.692770
v -3.209808 1.795191 2.084372
v -0.000002 5.458803 -0.051862
v -0.000002 5.730468 -0.051866
v -1.323956 5.730469 -0.051866
v -1.323956 5.458803 -0.051862
v -0.000002 5.730468 -0.051866
v -0.000002 5.730465 -0.279490
v -1.323956 5.730466 -0.279490
v -1.323956 5.730469 -0.051866
v -0.000002 5.730465 -0.279490
v -0.000002 5.458800 -0.279486
v -1.323956 5.458800 -0.279486
v -1.323956 5.730466 -0.279490
v -0.000002 5.458800 -0.279486
v -0.000002 5.458803 -0.051862
v -1.323956 5.458803 -0.051862
v -1.323956 5.458800 -0.279486
v 1.323953 5.730469 -0.051866
v 1.323953 5.458803 -0.051862
v 1.323953 5.730466 -0.279490
v 1.323953 5.730469 -0.051866
v 1.323953 5.458800 -0.279486
v 1.323953 5.730466 -0.279490
v 1.323953 5.458803 -0.051862
v 1.323953 5.458800 -0.279486
v -4.345756 3.721578 -2.819030
v -3.602270 4.273081 -2.759690
v -3.602270 4.368495 -5.353718
v -4.420991 3.658123 -5.472411
v -0.604738 7.521524 -5.353749
v -0.604739 7.355326 -2.759720
v -0.644731 7.455024 -2.766954
v -0.644732 7.621222 -5.368216
v -4.420991 3.658123 -5.472411
v -3.602270 4.368495 -5.353718
v -0.437061 7.353848 -5.461783
v -0.416597 7.385824 -5.510966
v -4.108445 3.185761 -5.472404
v -4.206695 3.309691 -5.564445
v -3.452768 4.209306 -5.490783
v -3.285091 4.041630 -5.353713
v -0.416597 7.385824 -5.510966
v 0.000013 7.602458 -5.493408
v 0.000013 7.347711 -5.353748
v -0.269384 7.186173 -5.353745
v -0.894438 6.534434 -5.278996
v -0.686396 6.751363 -5.278988
v -0.614965 6.682860 -5.278986
v -0.823008 6.465930 -5.278994
v -0.686397 6.751431 -0.165687
v -0.614965 6.682928 -0.165685
v -0.614965 6.682860 -5.278986
v -0.686396 6.751363 -5.278988
v -4.105838 3.187895 -0.165639
v -4.033209 3.170454 -2.819023
v -3.285091 4.041664 -2.759686
v -3.285092 4.041698 -0.165650
v -0.269385 7.186207 -2.759718
v 0.000013 7.347744 -2.759720
v 0.000013 7.347779 -0.165693
v -0.269384 7.186242 -0.165691
v -4.204043 3.311862 -0.165641
v -4.179533 3.279158 -2.816334
v -4.033209 3.170454 -2.819023
v -4.105838 3.187895 -0.165639
v -1.658437 6.294065 -0.165679
v -1.658437 6.308892 -2.759709
v -2.614436 5.504195 -2.759701
v -2.614436 5.489368 -0.165669
v -2.614435 5.599609 -5.353730
v -1.658437 6.404306 -5.353738
v -1.503782 6.241554 -5.490803
v -2.438884 5.438329 -5.548704
v -1.336105 6.073880 -5.353734
v -2.272018 5.097983 -5.353724
v -1.336105 6.073880 -5.353734
v -1.336106 6.073914 -2.759707
v -2.272019 5.098017 -2.759697
v -2.272018 5.097983 -5.353724
v -2.614436 5.489368 -0.165669
v -2.614436 5.504195 -2.759701
v -2.572007 5.322718 -2.759700
v -2.572007 5.307891 -0.165666
v -2.614435 5.599609 -5.353730
v -2.438884 5.438329 -5.548704
v -2.439695 5.265658 -5.490794
v -2.572006 5.418132 -5.353729
v -2.572007 5.307891 -0.165666
v -2.572007 5.322718 -2.759700
v -3.615063 4.460617 -2.759692
v -3.615064 4.445790 -0.165655
v -2.572006 5.418132 -5.353729
v -3.615062 4.556031 -5.353721
v -2.439695 5.265658 -5.490794
v -2.272018 5.097983 -5.353724
v -3.336587 4.249220 -5.548836
v -2.272018 5.097983 -5.353724
v -2.272019 5.098017 -2.759697
v -3.285091 4.041630 -5.353713
v -3.615064 4.445790 -0.165655
v -3.615063 4.460617 -2.759692
v -3.602270 4.273081 -2.759690
v -3.602269 4.258254 -0.165652
v -3.602270 4.368495 -5.353718
v -3.615062 4.556031 -5.353721
v -3.439994 4.394427 -5.548681
v -3.452768 4.209306 -5.490783
v -0.604738 7.269714 -0.165692
v -0.604739 7.355326 -2.759720
v -1.698100 6.474752 -2.759711
v -1.698100 6.459926 -0.165681
v -1.698099 6.570166 -5.353740
v -0.604738 7.521524 -5.353749
v -0.437061 7.353848 -5.461783
v -1.507025 6.410462 -5.549971
v -0.269384 7.186173 -5.353745
v -1.336105 6.073880 -5.353734
v -0.269384 7.186173 -5.353745
v -0.269385 7.186207 -2.759718
v -1.336106 6.073914 -2.759707
v -1.336105 6.073880 -5.353734
v -1.698100 6.459926 -0.165681
v -1.698100 6.474752 -2.759711
v -1.658437 6.308892 -2.759709
v -1.658437 6.294065 -0.165679
v -1.658437 6.404306 -5.353738
v -1.698099 6.570166 -5.353740
v -1.507025 6.410462 -5.549971
v -1.503782 6.241554 -5.490803
v -0.823008 6.465930 -5.278994
v -0.614965 6.682860 -5.278986
v -0.614965 6.682928 -0.165685
v -0.823009 6.465996 -0.165683
v -0.894438 6.534434 -5.278996
v -0.823008 6.465930 -5.278994
v -0.823009 6.465996 -0.165683
v -0.894440 6.534500 -0.165683
v -4.306273 3.435443 -0.165643
v -4.280435 3.424572 -2.821727
v -4.179533 3.279158 -2.816334
v -4.204043 3.311862 -0.165641
v -4.418384 3.660257 -0.165645
v -4.345756 3.721578 -2.819030
v -1.907163 5.478500 -5.279347
v -1.699121 5.695430 -5.279340
v -1.627689 5.626927 -5.279338
v -1.835733 5.409997 -5.279346
v -1.699121 5.695497 -0.165673
v -1.627691 5.626993 -0.165672
v -1.627689 5.626927 -5.279338
v -1.699121 5.695430 -5.279340
v -1.835733 5.409997 -5.279346
v -1.627689 5.626927 -5.279338
v -1.627691 5.626993 -0.165672
v -1.835732 5.410064 -0.165669
v -1.907163 5.478500 -5.279347
v -1.835733 5.409997 -5.279346
v -1.835732 5.410064 -0.165669
v -1.907164 5.478567 -0.165670
v -2.881504 4.462247 -5.278549
v -2.673461 4.679176 -5.278541
v -2.602031 4.610673 -5.278540
v -2.810073 4.393744 -5.278547
v -2.673461 4.679244 -0.165658
v -2.602033 4.610739 -0.165657
v -2.602031 4.610673 -5.278540
v -2.673461 4.679176 -5.278541
v -2.810073 4.393744 -5.278547
v -2.602031 4.610673 -5.278540
v -2.602033 4.610739 -0.165657
v -2.810075 4.393810 -0.165655
v -2.881504 4.462247 -5.278549
v -2.810073 4.393744 -5.278547
v -2.810075 4.393810 -0.165655
v -2.881505 4.462314 -0.165655
v -0.644732 7.369413 -0.165694
v 0.000013 7.725513 -0.165699
v 0.000013 7.811125 -2.759726
v -0.644731 7.455024 -2.766954
v -0.644732 7.621222 -5.368216
v 0.000013 7.977324 -5.353756
v 0.000013 7.602458 -5.493408
v -0.416597 7.385824 -5.510966
v -4.418384 3.660257 -0.165645
v -3.602269 4.258254 -0.165652
v -0.604738 7.269714 -0.165692
v -0.644732 7.369413 -0.165694
v -4.108445 3.185761 -5.472404
v -0.269384 7.186173 -5.353745
v 0.000013 7.347711 -5.353748
v -4.206695 3.309691 -5.564445
v -4.108445 3.185761 -5.472404
v -1.658437 6.404306 -5.353738
v -2.614435 5.599609 -5.353730
v -1.336106 6.073948 -0.165677
v -2.272019 5.098052 -0.165663
v -2.572006 5.418132 -5.353729
v -3.615062 4.556031 -5.353721
v -2.272019 5.098052 -0.165663
v -0.604738 7.521524 -5.353749
v -1.698099 6.570166 -5.353740
v -0.269384 7.186242 -0.165691
v -1.336106 6.073948 -0.165677
v -4.306269 3.435373 -5.575233
v -4.206695 3.309691 -5.564445
v -4.420991 3.658123 -5.472411
v 0.000013 7.977324 -5.353756
v -0.644732 7.621222 -5.368216
v -3.602269 4.368629 5.022409
v -3.602269 4.273149 2.428386
v -4.345752 3.721647 2.487739
v -4.420989 3.658260 5.141120
v -0.604736 7.521658 5.022357
v -0.644730 7.621357 5.036821
v -0.644730 7.455091 2.435566
v -0.604739 7.355393 2.428333
v -3.602269 4.368629 5.022409
v -4.420989 3.658260 5.141120
v -0.437059 7.353984 5.130395
v -0.416595 7.385963 5.179580
v -4.108443 3.185899 5.141126
v -3.285090 4.041764 5.022413
v -3.452767 4.209444 5.159479
v -4.206690 3.309830 5.233163
v 0.000013 7.347845 5.022358
v 0.000013 7.602595 5.162015
v -0.416595 7.385963 5.179580
v -0.269382 7.186307 5.022362
v -0.894436 6.534566 4.947628
v -0.823006 6.466062 4.947628
v -0.614963 6.682992 4.947614
v -0.686394 6.751495 4.947617
v -0.614963 6.682992 4.947614
v -0.614965 6.682928 -0.165685
v -0.686397 6.751431 -0.165687
v -0.686394 6.751495 4.947617
v -3.285090 4.041731 2.428387
v -4.033206 3.170523 2.487746
v 0.000013 7.347812 2.428333
v -0.269385 7.186274 2.428335
v -4.033206 3.170523 2.487746
v -4.185513 3.274759 2.485054
v -2.614434 5.504262 2.428363
v -1.658436 6.308959 2.428349
v -2.614434 5.599743 5.022392
v -2.438883 5.438468 5.217371
v -1.503780 6.241692 5.159446
v -1.658436 6.404440 5.022377
v -2.272017 5.098117 5.022398
v -1.336103 6.074014 5.022382
v -2.272017 5.098084 2.428369
v -1.336106 6.073981 2.428353
v -1.336103 6.074014 5.022382
v -2.272017 5.098117 5.022398
v -2.572005 5.322785 2.428366
v -2.614434 5.504262 2.428363
v -2.439694 5.265796 5.159462
v -2.438883 5.438468 5.217371
v -2.614434 5.599743 5.022392
v -2.572005 5.418266 5.022395
v -3.615063 4.460684 2.428383
v -2.572005 5.322785 2.428366
v -2.572005 5.418266 5.022395
v -3.615061 4.556165 5.022407
v -2.272017 5.098117 5.022398
v -2.439694 5.265796 5.159462
v -3.336586 4.249360 5.217528
v -2.272017 5.098084 2.428369
v -2.272017 5.098117 5.022398
v -3.285090 4.041764 5.022413
v -3.602269 4.273149 2.428386
v -3.615063 4.460684 2.428383
v -3.602269 4.368629 5.022409
v -3.452767 4.209444 5.159479
v -3.439993 4.394567 5.217372
v -3.615061 4.556165 5.022407
v -1.698100 6.474820 2.428346
v -0.604739 7.355393 2.428333
v -1.698097 6.570300 5.022375
v -1.507023 6.410602 5.218610
v -0.437059 7.353984 5.130395
v -0.604736 7.521658 5.022357
v -1.336103 6.074014 5.022382
v -0.269382 7.186307 5.022362
v -1.336106 6.073981 2.428353
v -0.269385 7.186274 2.428335
v -0.269382 7.186307 5.022362
v -1.336103 6.074014 5.022382
v -1.658436 6.308959 2.428349
v -1.698100 6.474820 2.428346
v -1.658436 6.404440 5.022377
v -1.503780 6.241692 5.159446
v -1.507023 6.410602 5.218610
v -1.698097 6.570300 5.022375
v -0.614963 6.682992 4.947614
v -0.823006 6.466062 4.947628
v -0.823009 6.465996 -0.165683
v -0.823006 6.466062 4.947628
v -0.894436 6.534566 4.947628
v -0.894440 6.534500 -0.165683
v -4.185513 3.274759 2.485054
v -4.286416 3.420173 2.490444
v -4.345752 3.721647 2.487739
v -1.907162 5.478632 4.948010
v -1.835732 5.410130 4.948011
v -1.627687 5.627059 4.947997
v -1.699119 5.695562 4.947996
v -1.627687 5.627059 4.947997
v -1.627691 5.626993 -0.165672
v -1.699121 5.695497 -0.165673
v -1.699119 5.695562 4.947996
v -1.627687 5.627059 4.947997
v -1.835732 5.410130 4.948011
v -1.835732 5.410064 -0.165669
v -1.835732 5.410130 4.948011
v -1.907162 5.478632 4.948010
v -1.907164 5.478567 -0.165670
v -2.881503 4.462379 4.947237
v -2.810072 4.393876 4.947239
v -2.602030 4.610805 4.947226
v -2.673460 4.679308 4.947227
v -2.602030 4.610805 4.947226
v -2.602033 4.610739 -0.165657
v -2.673461 4.679244 -0.165658
v -2.673460 4.679308 4.947227
v -2.602030 4.610805 4.947226
v -2.810072 4.393876 4.947239
v -2.810075 4.393810 -0.165655
v -2.810072 4.393876 4.947239
v -2.881503 4.462379 4.947237
v -2.881505 4.462314 -0.165655
v -0.644730 7.455091 2.435566
v 0.000013 7.811192 2.428327
v -0.644730 7.621357 5.036821
v -0.416595 7.385963 5.179580
v 0.000013 7.602595 5.162015
v 0.000013 7.977458 5.022350
v -4.108443 3.185899 5.141126
v 0.000013 7.347845 5.022358
v -0.269382 7.186307 5.022362
v -4.108443 3.185899 5.141126
v -4.206690 3.309830 5.233163
v -2.614434 5.599743 5.022392
v -1.658436 6.404440 5.022377
v -3.615061 4.556165 5.022407
v -2.572005 5.418266 5.022395
v -1.698097 6.570300 5.022375
v -0.604736 7.521658 5.022357
v -4.206690 3.309830 5.233163
v -4.306265 3.435513 5.243948
v -4.420989 3.658260 5.141120
v -0.644730 7.621357 5.036821
v 0.000013 7.977458 5.022350
v -3.745327 3.561737 -5.278537
v -3.537285 3.778666 -5.278530
v -3.465855 3.710163 -5.278528
v -3.673897 3.493233 -5.278535
v -3.537285 3.778734 -0.165646
v -3.465857 3.710229 -0.165646
v -3.465855 3.710163 -5.278528
v -3.537285 3.778666 -5.278530
v -3.673897 3.493233 -5.278535
v -3.465855 3.710163 -5.278528
v -3.465857 3.710229 -0.165646
v -3.673899 3.493300 -0.165643
v -3.745327 3.561737 -5.278537
v -3.673897 3.493233 -5.278535
v -3.673899 3.493300 -0.165643
v -3.745329 3.561804 -0.165644
v -3.745327 3.561869 4.947248
v -3.673896 3.493366 4.947251
v -3.465854 3.710295 4.947237
v -3.537284 3.778799 4.947238
v -3.465854 3.710295 4.947237
v -3.465857 3.710229 -0.165646
v -3.537285 3.778734 -0.165646
v -3.537284 3.778799 4.947238
v -3.465854 3.710295 4.947237
v -3.673896 3.493366 4.947251
v -3.673899 3.493300 -0.165643
v -3.673896 3.493366 4.947251
v -3.745327 3.561869 4.947248
v -3.745329 3.561804 -0.165644
v 0.604765 7.521524 -5.353749
v 0.644758 7.621222 -5.368216
v 0.644757 7.455024 -2.766954
v 0.604764 7.355326 -2.759719
v 0.437088 7.353848 -5.461783
v 0.416624 7.385824 -5.510966
v 0.644758 7.621222 -5.368216
v 0.604765 7.521524 -5.353749
v 0.416624 7.385824 -5.510966
v 0.269411 7.186173 -5.353745
v 0.894464 6.534434 -5.278996
v 0.823034 6.465930 -5.278994
v 0.614992 6.682860 -5.278986
v 0.686422 6.751363 -5.278988
v 0.614992 6.682860 -5.278986
v 0.614992 6.682928 -0.165685
v 0.686423 6.751431 -0.165687
v 0.686422 6.751363 -5.278988
v 0.269411 7.186207 -2.759718
v 0.269411 7.186242 -0.165690
v 2.614461 5.504195 -2.759701
v 1.658463 6.308892 -2.759709
v 1.658463 6.294065 -0.165679
v 2.614463 5.489368 -0.165669
v 2.614461 5.599609 -5.353730
v 2.438910 5.438329 -5.548704
v 1.503809 6.241554 -5.490803
v 1.658463 6.404306 -5.353738
v 2.272044 5.097983 -5.353724
v 1.336132 6.073880 -5.353734
v 2.272045 5.098017 -2.759697
v 1.336132 6.073914 -2.759707
v 1.336132 6.073880 -5.353734
v 2.272044 5.097983 -5.353724
v 2.572032 5.322718 -2.759700
v 2.614461 5.504195 -2.759701
v 2.614463 5.489368 -0.165669
v 2.572034 5.307891 -0.165666
v 2.439721 5.265658 -5.490794
v 2.438910 5.438329 -5.548704
v 2.614461 5.599609 -5.353730
v 2.572032 5.418132 -5.353729
v 3.615089 4.460617 -2.759692
v 2.572032 5.322718 -2.759700
v 2.572034 5.307891 -0.165666
v 3.615090 4.445790 -0.165655
v 3.440021 4.394427 -5.548681
v 2.439721 5.265658 -5.490794
v 2.572032 5.418132 -5.353729
v 3.615088 4.556031 -5.353722
v 3.285118 4.041630 -5.353714
v 2.272044 5.097983 -5.353724
v 3.285118 4.041664 -2.759686
v 2.272045 5.098017 -2.759697
v 2.272044 5.097983 -5.353724
v 3.285118 4.041630 -5.353714
v 3.602296 4.273081 -2.759690
v 3.615089 4.460617 -2.759692
v 3.615090 4.445790 -0.165655
v 3.602297 4.258254 -0.165652
v 3.602297 4.368495 -5.353718
v 3.452795 4.209306 -5.490783
v 3.440021 4.394427 -5.548681
v 3.615088 4.556031 -5.353722
v 1.698125 6.474752 -2.759711
v 0.604764 7.355326 -2.759719
v 0.604765 7.269714 -0.165692
v 1.698127 6.459926 -0.165681
v 1.698126 6.570166 -5.353740
v 1.507051 6.410462 -5.549970
v 0.437088 7.353848 -5.461783
v 0.604765 7.521524 -5.353749
v 1.336132 6.073880 -5.353734
v 0.269411 7.186173 -5.353745
v 1.336132 6.073914 -2.759707
v 0.269411 7.186207 -2.759718
v 0.269411 7.186173 -5.353745
v 1.336132 6.073880 -5.353734
v 1.658463 6.308892 -2.759709
v 1.698125 6.474752 -2.759711
v 1.698127 6.459926 -0.165681
v 1.658463 6.294065 -0.165679
v 1.658463 6.404306 -5.353738
v 1.503809 6.241554 -5.490803
v 1.507051 6.410462 -5.549970
v 1.698126 6.570166 -5.353740
v 0.614992 6.682928 -0.165685
v 0.614992 6.682860 -5.278986
v 0.823034 6.465930 -5.278994
v 0.823035 6.465996 -0.165683
v 0.823035 6.465996 -0.165683
v 0.823034 6.465930 -5.278994
v 0.894464 6.534434 -5.278996
v 0.894466 6.534500 -0.165683
v 1.907189 5.478500 -5.279347
v 1.835759 5.409997 -5.279346
v 1.627716 5.626927 -5.279337
v 1.699147 5.695430 -5.279340
v 1.627716 5.626927 -5.279337
v 1.627718 5.626993 -0.165672
v 1.699148 5.695497 -0.165673
v 1.699147 5.695430 -5.279340
v 1.627718 5.626993 -0.165672
v 1.627716 5.626927 -5.279337
v 1.835759 5.409997 -5.279346
v 1.835759 5.410064 -0.165668
v 1.835759 5.410064 -0.165668
v 1.835759 5.409997 -5.279346
v 1.907189 5.478500 -5.279347
v 1.907190 5.478567 -0.165670
v 2.881530 4.462247 -5.278549
v 2.810100 4.393744 -5.278547
v 2.602057 4.610673 -5.278540
v 2.673488 4.679176 -5.278541
v 2.602057 4.610673 -5.278540
v 2.602059 4.610739 -0.165657
v 2.673488 4.679244 -0.165658
v 2.673488 4.679176 -5.278541
v 2.602059 4.610739 -0.165657
v 2.602057 4.610673 -5.278540
v 2.810100 4.393744 -5.278547
v 2.810102 4.393810 -0.165655
v 2.810102 4.393810 -0.165655
v 2.810100 4.393744 -5.278547
v 2.881530 4.462247 -5.278549
v 2.881532 4.462314 -0.165655
v 0.644758 7.369413 -0.165694
v 0.644757 7.455024 -2.766954
v 0.644758 7.621222 -5.368216
v 0.416624 7.385824 -5.510966
v 0.644758 7.369413 -0.165694
v 0.604765 7.269714 -0.165692
v 0.269411 7.186173 -5.353745
v 2.614461 5.599609 -5.353730
v 1.658463 6.404306 -5.353738
v 2.272046 5.098052 -0.165663
v 1.336133 6.073948 -0.165677
v 3.615088 4.556031 -5.353722
v 2.572032 5.418132 -5.353729
v 3.285120 4.041698 -0.165650
v 2.272046 5.098052 -0.165663
v 1.698126 6.570166 -5.353740
v 0.604765 7.521524 -5.353749
v 1.336133 6.073948 -0.165677
v 0.269411 7.186242 -0.165690
v 0.644758 7.621222 -5.368216
v 0.604763 7.521658 5.022357
v 0.604765 7.355393 2.428332
v 0.644756 7.455091 2.435565
v 0.644756 7.621357 5.036821
v 0.437086 7.353984 5.130395
v 0.604763 7.521658 5.022357
v 0.644756 7.621357 5.036821
v 0.416622 7.385963 5.179580
v 0.416622 7.385963 5.179580
v 0.269409 7.186307 5.022362
v 0.894463 6.534566 4.947628
v 0.686421 6.751495 4.947618
v 0.614990 6.682992 4.947615
v 0.823032 6.466062 4.947629
v 0.686423 6.751431 -0.165687
v 0.614992 6.682928 -0.165685
v 0.614990 6.682992 4.947615
v 0.686421 6.751495 4.947618
v 0.269411 7.186274 2.428335
v 1.658462 6.308959 2.428349
v 2.614460 5.504262 2.428363
v 2.614460 5.599743 5.022392
v 1.658463 6.404440 5.022377
v 1.503807 6.241692 5.159447
v 2.438910 5.438468 5.217371
v 1.336130 6.074014 5.022383
v 2.272043 5.098117 5.022398
v 1.336130 6.074014 5.022383
v 1.336132 6.073981 2.428353
v 2.272043 5.098084 2.428369
v 2.272043 5.098117 5.022398
v 2.614460 5.504262 2.428363
v 2.572031 5.322785 2.428366
v 2.614460 5.599743 5.022392
v 2.438910 5.438468 5.217371
v 2.439720 5.265796 5.159462
v 2.572031 5.418266 5.022395
v 2.572031 5.322785 2.428366
v 3.615089 4.460684 2.428383
v 2.572031 5.418266 5.022395
v 2.439720 5.265796 5.159462
v 3.440020 4.394567 5.217372
v 3.615088 4.556165 5.022407
v 2.272043 5.098117 5.022398
v 3.285117 4.041764 5.022414
v 2.272043 5.098117 5.022398
v 2.272043 5.098084 2.428369
v 3.285117 4.041731 2.428387
v 3.285117 4.041764 5.022414
v 3.615089 4.460684 2.428383
v 3.602295 4.273149 2.428385
v 3.602296 4.368629 5.022410
v 3.615088 4.556165 5.022407
v 3.440020 4.394567 5.217372
v 3.452794 4.209444 5.159480
v 0.604765 7.355393 2.428332
v 1.698125 6.474820 2.428346
v 1.698124 6.570300 5.022375
v 0.604763 7.521658 5.022357
v 0.437086 7.353984 5.130395
v 1.507050 6.410602 5.218610
v 0.269409 7.186307 5.022362
v 1.336130 6.074014 5.022383
v 0.269409 7.186307 5.022362
v 0.269411 7.186274 2.428335
v 1.336132 6.073981 2.428353
v 1.336130 6.074014 5.022383
v 1.698125 6.474820 2.428346
v 1.658462 6.308959 2.428349
v 1.658463 6.404440 5.022377
v 1.698124 6.570300 5.022375
v 1.507050 6.410602 5.218610
v 1.503807 6.241692 5.159447
v 0.823032 6.466062 4.947629
v 0.614990 6.682992 4.947615
v 0.894463 6.534566 4.947628
v 0.823032 6.466062 4.947629
v 0.823035 6.465996 -0.165683
v 0.894466 6.534500 -0.165683
v 1.907189 5.478632 4.948010
v 1.699146 5.695562 4.947996
v 1.627714 5.627059 4.947997
v 1.835758 5.410130 4.948011
v 1.699148 5.695497 -0.165673
v 1.627718 5.626993 -0.165672
v 1.627714 5.627059 4.947997
v 1.699146 5.695562 4.947996
v 1.835758 5.410130 4.948011
v 1.627714 5.627059 4.947997
v 1.907189 5.478632 4.948010
v 1.835758 5.410130 4.948011
v 1.835759 5.410064 -0.165668
v 1.907190 5.478567 -0.165670
v 2.881529 4.462379 4.947237
v 2.673487 4.679308 4.947227
v 2.602057 4.610805 4.947226
v 2.810099 4.393876 4.947239
v 2.673488 4.679244 -0.165658
v 2.602059 4.610739 -0.165657
v 2.602057 4.610805 4.947226
v 2.673487 4.679308 4.947227
v 2.810099 4.393876 4.947239
v 2.602057 4.610805 4.947226
v 2.881529 4.462379 4.947237
v 2.810099 4.393876 4.947239
v 2.810102 4.393810 -0.165655
v 2.881532 4.462314 -0.165655
v 0.644756 7.455091 2.435565
v 0.644756 7.621357 5.036821
v 0.416622 7.385963 5.179580
v 0.269409 7.186307 5.022362
v 1.658463 6.404440 5.022377
v 2.614460 5.599743 5.022392
v 2.572031 5.418266 5.022395
v 3.615088 4.556165 5.022407
v 0.604763 7.521658 5.022357
v 1.698124 6.570300 5.022375
v 0.644756 7.621357 5.036821
v 3.602297 4.368495 -5.353718
v 3.602296 4.273081 -2.759690
v 4.345784 3.721578 -2.819030
v 4.421020 3.658123 -5.472411
v 3.452795 4.209306 -5.490783
v 3.602297 4.368495 -5.353718
v 4.421020 3.658123 -5.472411
v 4.306297 3.435373 -5.575233
v 4.108473 3.185761 -5.472404
v 4.105866 3.187895 -0.165638
v 4.033236 3.170454 -2.819023
v 4.204072 3.311862 -0.165640
v 4.105866 3.187895 -0.165638
v 4.033236 3.170454 -2.819023
v 4.210704 3.255903 -2.816336
v 4.210704 3.255903 -2.816336
v 4.311607 3.401318 -2.821729
v 4.306302 3.435443 -0.165643
v 4.204072 3.311862 -0.165640
v 4.345784 3.721578 -2.819030
v 4.418412 3.660257 -0.165645
v 3.602297 4.258254 -0.165652
v 4.418412 3.660257 -0.165645
v 4.108473 3.185761 -5.472404
v 4.108473 3.185761 -5.472404
v 4.206723 3.309690 -5.564445
v 4.206723 3.309690 -5.564445
v 4.306297 3.435373 -5.575233
v 4.421020 3.658123 -5.472411
v 4.345780 3.721647 2.487739
v 3.602295 4.273149 2.428385
v 3.602296 4.368629 5.022410
v 4.421017 3.658260 5.141120
v 3.452794 4.209444 5.159480
v 4.306293 3.435513 5.243948
v 4.421017 3.658260 5.141120
v 3.602296 4.368629 5.022410
v 4.108471 3.185898 5.141127
v 4.033234 3.170522 2.487746
v 4.200849 3.263329 2.485057
v 4.033234 3.170522 2.487746
v 4.301751 3.408743 2.490446
v 4.200849 3.263329 2.485057
v 4.345780 3.721647 2.487739
v 4.108471 3.185898 5.141127
v 4.206718 3.309830 5.233164
v 4.108471 3.185898 5.141127
v 4.306293 3.435513 5.243948
v 4.206718 3.309830 5.233164
v 4.421017 3.658260 5.141120
v 3.745356 3.561736 -5.278537
v 3.673925 3.493233 -5.278536
v 3.465883 3.710162 -5.278528
v 3.537313 3.778666 -5.278530
v 3.465883 3.710162 -5.278528
v 3.465884 3.710229 -0.165645
v 3.537313 3.778733 -0.165646
v 3.537313 3.778666 -5.278530
v 3.465884 3.710229 -0.165645
v 3.465883 3.710162 -5.278528
v 3.673925 3.493233 -5.278536
v 3.673926 3.493300 -0.165642
v 3.673926 3.493300 -0.165642
v 3.673925 3.493233 -5.278536
v 3.745356 3.561736 -5.278537
v 3.745357 3.561804 -0.165643
v 3.745355 3.561869 4.947248
v 3.537313 3.778798 4.947240
v 3.465882 3.710295 4.947238
v 3.673924 3.493366 4.947251
v 3.537313 3.778733 -0.165646
v 3.465884 3.710229 -0.165645
v 3.465882 3.710295 4.947238
v 3.537313 3.778798 4.947240
v 3.673924 3.493366 4.947251
v 3.465882 3.710295 4.947238
v 3.745355 3.561869 4.947248
v 3.673924 3.493366 4.947251
v 3.673926 3.493300 -0.165642
v 3.745357 3.561804 -0.165643
v -3.000010 0.890274 1.334387
v -3.000012 3.890273 1.334349
v -3.000014 2.957510 1.553637
v -3.000015 1.803564 1.553652
v -3.000011 0.890235 -1.665614
v -3.000015 1.803519 -1.884902
v -3.000014 2.957466 -1.884917
v -3.000011 3.890235 -1.665653
v -3.122073 2.957510 1.553637
v -3.122072 3.890274 1.334349
v -3.122072 0.890274 1.334387
v -3.122075 1.803564 1.553652
v -3.122073 0.890235 -1.665614
v -3.122072 3.890235 -1.665653
v -3.122073 2.957466 -1.884917
v -3.122075 1.803519 -1.884902
v -3.164221 2.869909 2.493025
v -3.141220 2.869909 2.532864
v -3.141224 1.929733 2.532865
v -3.164221 1.929733 2.493025
v -3.141224 1.929733 2.532865
v -3.554552 1.929733 2.771500
v -3.577549 1.929733 2.731660
v -3.164221 1.929733 2.493025
v -3.554547 2.869909 2.771502
v -3.577550 2.869909 2.731659
v -3.577549 1.929733 2.731660
v -3.554552 1.929733 2.771500
v -3.554547 2.869909 2.771502
v -3.554552 1.929733 2.771500
v -3.141224 1.929733 2.532865
v -3.180635 2.869909 2.555621
v -3.577550 2.869909 2.731659
v -3.554547 2.869909 2.771502
v -3.554545 3.033122 2.771504
v -3.577550 3.033122 2.731659
v -3.577550 3.033122 2.731659
v -3.554545 3.033122 2.771504
v -3.381321 3.008435 2.671489
v -3.404326 3.008435 2.631644
v -3.279479 2.962207 2.612694
v -3.302484 2.962207 2.572848
v -3.180635 2.869909 2.555621
v -3.203635 2.869909 2.515777
v -3.577549 1.929733 2.731660
v -3.577550 2.869909 2.731659
v -3.203635 2.869909 2.515777
v -3.164221 1.929733 2.493025
v -3.203635 2.869909 2.515777
v -3.180635 2.869909 2.555621
v -3.141220 2.869909 2.532864
v -3.164221 2.869909 2.493025
v -3.164222 2.869909 1.611577
v -3.164222 1.929733 1.611577
v -3.141224 1.929733 1.571737
v -3.141221 2.869909 1.571738
v -3.141224 1.929733 1.571737
v -3.164222 1.929733 1.611577
v -3.577550 1.929733 1.372942
v -3.554553 1.929733 1.333102
v -3.577550 1.929733 1.372942
v -3.577550 2.869909 1.372943
v -3.554547 2.869909 1.333100
v -3.554553 1.929733 1.333102
v -3.141224 1.929733 1.571737
v -3.554553 1.929733 1.333102
v -3.554547 2.869909 1.333100
v -3.180636 2.869909 1.548981
v -3.554545 3.033122 1.333097
v -3.554547 2.869909 1.333100
v -3.577550 2.869909 1.372943
v -3.577550 3.033122 1.372943
v -3.381322 3.008435 1.433113
v -3.554545 3.033122 1.333097
v -3.577550 3.033122 1.372943
v -3.404327 3.008435 1.472958
v -3.279480 2.962207 1.491908
v -3.302484 2.962206 1.531754
v -3.180636 2.869909 1.548981
v -3.203635 2.869909 1.588825
v -3.203635 2.869909 1.588825
v -3.577550 2.869909 1.372943
v -3.577550 1.929733 1.372942
v -3.164222 1.929733 1.611577
v -3.141221 2.869909 1.571738
v -3.180636 2.869909 1.548981
v -3.203635 2.869909 1.588825
v -3.164222 2.869909 1.611577
v -3.164222 2.869909 -1.968531
v -3.141221 2.869909 -1.928692
v -3.141224 1.929732 -1.928691
v -3.164222 1.929732 -1.968531
v -3.141224 1.929732 -1.928691
v -3.554552 1.929732 -1.690056
v -3.577550 1.929732 -1.729896
v -3.164222 1.929732 -1.968531
v -3.554547 2.869908 -1.690054
v -3.577550 2.869908 -1.729897
v -3.577550 1.929732 -1.729896
v -3.554552 1.929732 -1.690056
v -3.554547 2.869908 -1.690054
v -3.554552 1.929732 -1.690056
v -3.141224 1.929732 -1.928691
v -3.180635 2.869909 -1.905935
v -3.577550 2.869908 -1.729897
v -3.554547 2.869908 -1.690054
v -3.554545 3.033121 -1.690051
v -3.577550 3.033121 -1.729897
v -3.577550 3.033121 -1.729897
v -3.554545 3.033121 -1.690051
v -3.381322 3.008434 -1.790067
v -3.404326 3.008434 -1.829912
v -3.279479 2.962206 -1.848862
v -3.302484 2.962206 -1.888708
v -3.180635 2.869909 -1.905935
v -3.203635 2.869909 -1.945779
v -3.577550 1.929732 -1.729896
v -3.577550 2.869908 -1.729897
v -3.203635 2.869909 -1.945779
v -3.164222 1.929732 -1.968531
v -3.203635 2.869909 -1.945779
v -3.180635 2.869909 -1.905935
v -3.141221 2.869909 -1.928692
v -3.164222 2.869909 -1.968531
v -3.164222 2.869909 -2.849979
v -3.164222 1.929732 -2.849979
v -3.141224 1.929732 -2.889819
v -3.141221 2.869909 -2.889817
v -3.141224 1.929732 -2.889819
v -3.164222 1.929732 -2.849979
v -3.577550 1.929733 -3.088614
v -3.554553 1.929732 -3.128454
v -3.577550 1.929733 -3.088614
v -3.577550 2.869908 -3.088614
v -3.554547 2.869908 -3.128456
v -3.554553 1.929732 -3.128454
v -3.141224 1.929732 -2.889819
v -3.554553 1.929732 -3.128454
v -3.554547 2.869908 -3.128456
v -3.180636 2.869908 -2.912575
v -3.554546 3.033121 -3.128459
v -3.554547 2.869908 -3.128456
v -3.577550 2.869908 -3.088614
v -3.577550 3.033121 -3.088614
v -3.381322 3.008434 -3.028443
v -3.554546 3.033121 -3.128459
v -3.577550 3.033121 -3.088614
v -3.404327 3.008434 -2.988598
v -3.279480 2.962206 -2.969648
v -3.302485 2.962206 -2.929803
v -3.180636 2.869908 -2.912575
v -3.203636 2.869909 -2.872731
v -3.203636 2.869909 -2.872731
v -3.577550 2.869908 -3.088614
v -3.577550 1.929733 -3.088614
v -3.164222 1.929732 -2.849979
v -3.141221 2.869909 -2.889817
v -3.180636 2.869908 -2.912575
v -3.203636 2.869909 -2.872731
v -3.164222 2.869909 -2.849979
v 0.749837 1.332873 -4.873001
v 0.763135 1.332873 -4.896035
v 0.763135 1.499965 -4.896035
v 0.749837 1.499965 -4.873003
v 0.756249 1.332873 -4.921727
v 0.756249 1.499965 -4.921728
v 0.733215 1.332873 -4.935025
v 0.707521 1.332873 -4.928144
v 0.707521 1.499965 -4.928144
v 0.733215 1.499965 -4.935027
v 0.707521 1.332873 -4.928144
v 0.694223 1.332873 -4.905110
v 0.694223 1.499965 -4.905111
v 0.707521 1.499965 -4.928144
v 0.701110 1.332873 -4.879418
v 0.701110 1.499965 -4.879418
v 0.701110 1.332873 -4.879418
v 0.724144 1.332874 -4.866119
v 0.724144 1.499965 -4.866120
v 0.701110 1.499965 -4.879418
v 0.749837 1.332873 -4.873001
v 0.749837 1.499965 -4.873003
v 0.756249 1.499965 -4.921728
v 0.756249 1.332873 -4.921727
v 0.749837 2.312003 -4.873002
v 0.763135 2.312003 -4.896036
v 0.763135 2.479095 -4.896035
v 0.749837 2.479095 -4.873003
v 0.756249 2.312003 -4.921727
v 0.756249 2.479095 -4.921728
v 0.733214 2.312003 -4.935026
v 0.707522 2.312003 -4.928144
v 0.707522 2.479095 -4.928144
v 0.733215 2.479095 -4.935027
v 0.707522 2.312003 -4.928144
v 0.694223 2.312003 -4.905110
v 0.694224 2.479095 -4.905111
v 0.707522 2.479095 -4.928144
v 0.701109 2.312003 -4.879418
v 0.701109 2.479095 -4.879418
v 0.701109 2.312003 -4.879418
v 0.724144 2.312003 -4.866119
v 0.724144 2.479095 -4.866119
v 0.701109 2.479095 -4.879418
v 0.749837 2.312003 -4.873002
v 0.749837 2.479095 -4.873003
v 0.756249 2.479095 -4.921728
v 0.756249 2.312003 -4.921727
v 0.733228 1.465835 -4.935031
v 0.733228 1.367002 -4.935031
v 0.887967 1.367002 -5.203046
v 0.887967 1.465836 -5.203046
v 0.733228 1.367002 -4.935031
v 0.707536 1.352858 -4.928145
v 0.871580 1.352858 -5.212276
v 0.887967 1.367002 -5.203046
v 0.707535 1.479980 -4.928145
v 0.733228 1.465835 -4.935031
v 0.887967 1.465836 -5.203046
v 0.871579 1.479980 -5.212276
v 0.887967 1.465836 -5.203046
v 0.887967 1.367002 -5.203046
v 0.952648 1.409467 -5.315078
v 0.952648 1.423371 -5.315077
v 0.871580 1.352858 -5.212276
v 0.947988 1.407477 -5.344618
v 0.952648 1.409467 -5.315078
v 0.887967 1.367002 -5.203046
v 0.871579 1.479980 -5.212276
v 0.887967 1.465836 -5.203046
v 0.952648 1.423371 -5.315077
v 0.947987 1.425361 -5.344619
v 0.947988 1.407477 -5.344618
v 0.947987 1.425361 -5.344619
v 0.952648 1.423371 -5.315077
v 0.952648 1.409467 -5.315078
v 0.733227 2.444965 -4.935031
v 0.733227 2.346132 -4.935031
v 0.887966 2.346132 -5.203047
v 0.887966 2.444965 -5.203046
v 0.733227 2.346132 -4.935031
v 0.707536 2.331988 -4.928145
v 0.871579 2.331988 -5.212276
v 0.887966 2.346132 -5.203047
v 0.707535 2.459110 -4.928145
v 0.733227 2.444965 -4.935031
v 0.887966 2.444965 -5.203046
v 0.871578 2.459110 -5.212277
v 0.887966 2.444965 -5.203046
v 0.887966 2.346132 -5.203047
v 0.952648 2.388597 -5.315078
v 0.952648 2.402501 -5.315078
v 0.871579 2.331988 -5.212276
v 0.947987 2.386607 -5.344619
v 0.952648 2.388597 -5.315078
v 0.887966 2.346132 -5.203047
v 0.871578 2.459110 -5.212277
v 0.887966 2.444965 -5.203046
v 0.952648 2.402501 -5.315078
v 0.947986 2.404491 -5.344619
v 0.947987 2.386607 -5.344619
v 0.947986 2.404491 -5.344619
v 0.952648 2.402501 -5.315078
v 0.952648 2.388597 -5.315078
v 1.236761 3.044946 -6.001611
v 1.304665 3.044946 -5.962407
v 1.351624 3.044946 -6.043742
v 1.283720 3.044946 -6.082947
v 1.122240 2.946806 -5.803256
v 1.190145 2.946806 -5.764051
v 1.212769 3.044946 -5.803236
v 1.144864 3.044946 -5.842441
v 1.095821 3.041727 -5.757495
v 1.163725 3.041727 -5.718291
v 1.190145 2.946806 -5.764051
v 1.122240 2.946806 -5.803256
v 0.794081 3.055934 -5.234864
v 0.861985 3.055934 -5.195660
v 0.918189 3.044947 -5.293007
v 0.850284 3.044946 -5.332212
v 0.883111 3.018909 -5.389070
v 0.951016 3.018909 -5.349865
v 1.028914 3.018483 -5.484792
v 0.961010 3.018483 -5.523996
v 0.961010 3.018483 -5.523996
v 1.028914 3.018483 -5.484792
v 1.163725 3.041727 -5.718291
v 1.095821 3.041727 -5.757495
v 0.850284 3.044946 -5.332212
v 0.918189 3.044947 -5.293007
v 0.935031 2.857701 -5.322178
v 0.867126 2.857701 -5.361382
v 1.351624 3.044946 -6.043742
v 1.380971 2.984946 -6.094573
v 1.313067 2.984946 -6.133777
v 1.283720 3.044946 -6.082947
v 0.669601 3.044946 -5.019259
v 0.640253 2.984946 -4.968427
v 0.708157 2.984946 -4.929223
v 0.737505 3.044946 -4.980054
v 1.313067 2.984946 -6.133777
v 1.380971 2.984946 -6.094573
v 1.380972 1.007640 -6.094572
v 1.313068 1.007640 -6.133776
v 1.351625 0.947641 -6.043741
v 1.203517 0.947641 -5.787208
v 1.135611 0.947641 -5.826411
v 1.283721 0.947641 -6.082946
v 1.203517 0.947641 -5.787208
v 1.190146 1.091030 -5.764050
v 1.122241 1.091030 -5.803254
v 1.135611 0.947641 -5.826411
v 1.190146 1.091030 -5.764050
v 1.163808 0.950860 -5.718429
v 1.095902 0.950860 -5.757635
v 1.122241 1.091030 -5.803254
v 0.918190 0.947641 -5.293007
v 0.737506 0.947641 -4.980053
v 0.669602 0.947641 -5.019258
v 0.850285 0.947641 -5.332211
v 0.969384 0.947641 -5.381677
v 0.935032 1.040143 -5.322177
v 0.867127 1.040143 -5.361382
v 0.901479 0.947641 -5.420882
v 1.163808 0.950860 -5.718429
v 0.969384 0.947641 -5.381677
v 0.901479 0.947641 -5.420882
v 1.095902 0.950860 -5.757635
v 0.935032 1.040143 -5.322177
v 0.918190 0.947641 -5.293007
v 0.850285 0.947641 -5.332211
v 0.867127 1.040143 -5.361382
v 1.351625 0.947641 -6.043741
v 1.283721 0.947641 -6.082946
v 1.313068 1.007640 -6.133776
v 1.380972 1.007640 -6.094572
v 0.669602 0.947641 -5.019258
v 0.737506 0.947641 -4.980053
v 0.708158 1.007640 -4.929222
v 0.640254 1.007640 -4.968426
v 0.708157 2.984946 -4.929223
v 0.640253 2.984946 -4.968427
v 0.640254 1.007640 -4.968426
v 0.708158 1.007640 -4.929222
v 0.669601 3.044946 -5.019259
v 0.737505 3.044946 -4.980054
v 0.787957 3.044947 -5.067441
v 0.720053 3.044947 -5.106645
v 0.720053 3.044947 -5.106645
v 0.787957 3.044947 -5.067441
v 0.805781 3.006245 -5.098311
v 0.737877 3.006245 -5.137516
v 0.737877 3.006245 -5.137516
v 0.805781 3.006245 -5.098311
v 0.861985 3.055934 -5.195660
v 0.794081 3.055934 -5.234864
v 0.867126 2.857701 -5.361382
v 0.935031 2.857701 -5.322178
v 0.951016 3.018909 -5.349865
v 0.883111 3.018909 -5.389070
v 0.805781 3.006245 -5.098311
v 0.787957 3.044947 -5.067441
v 0.737505 3.044946 -4.980054
v 0.708157 2.984946 -4.929223
v 1.190146 1.091030 -5.764050
v 1.203517 0.947641 -5.787208
v 1.351625 0.947641 -6.043741
v 1.380972 1.007640 -6.094572
v 1.208553 3.044946 -5.952754
v 1.276458 3.044946 -5.913549
v 1.295776 3.009170 -5.947010
v 1.227872 3.009170 -5.986215
v 1.227872 3.009170 -5.986215
v 1.295776 3.009170 -5.947010
v 1.304665 3.044946 -5.962407
v 1.236761 3.044946 -6.001611
v 1.144864 3.044946 -5.842441
v 1.212769 3.044946 -5.803236
v 1.276458 3.044946 -5.913549
v 1.208553 3.044946 -5.952754
v 0.737877 3.006245 -5.137516
v 0.640253 2.984946 -4.968427
v 0.669601 3.044946 -5.019259
v 0.720053 3.044947 -5.106645
v 1.122241 1.091030 -5.803254
v 1.313068 1.007640 -6.133776
v 1.283721 0.947641 -6.082946
v 1.135611 0.947641 -5.826411
v 1.351431 2.218849 -6.043407
v 1.308765 2.218849 -5.969506
v 1.335009 2.203964 -5.966088
v 1.367514 2.203964 -6.022388
v 1.308765 2.134410 -5.969507
v 1.335009 2.149295 -5.966088
v 1.335009 2.203964 -5.966088
v 1.308765 2.218849 -5.969506
v 1.362016 2.144232 -5.974502
v 1.373731 2.144232 -5.994792
v 1.391209 2.035237 -5.998900
v 1.367198 2.035237 -5.957310
v 1.392069 2.156458 -5.984204
v 1.380355 2.156458 -5.963914
v 1.388375 2.035237 -5.945084
v 1.412385 2.035237 -5.986674
v 1.373731 2.144232 -5.994792
v 1.392069 2.156458 -5.984204
v 1.412385 2.035237 -5.986674
v 1.391209 2.035237 -5.998900
v 1.367514 2.203964 -6.022388
v 1.335009 2.203964 -5.966088
v 1.335009 2.149295 -5.966088
v 1.367514 2.149295 -6.022388
v 1.351431 2.218849 -6.043407
v 1.367514 2.203964 -6.022388
v 1.367514 2.149295 -6.022388
v 1.351431 2.134410 -6.043407
v 1.367198 2.035237 -5.957310
v 1.388375 2.035237 -5.945084
v 1.380355 2.156458 -5.963914
v 1.362016 2.144232 -5.974502
v 1.351431 2.134410 -6.043407
v 1.367514 2.149295 -6.022388
v 1.335009 2.149295 -5.966088
v 1.308765 2.134410 -5.969507
v 1.373731 2.144232 -5.994792
v 1.362016 2.144232 -5.974502
v 1.339256 2.160502 -5.973443
v 1.363267 2.160501 -6.015033
v 1.380355 2.156458 -5.963914
v 1.392069 2.156458 -5.984204
v 1.363267 2.190920 -6.015033
v 1.339256 2.190920 -5.973443
v 1.392069 2.156458 -5.984204
v 1.373731 2.144232 -5.994792
v 1.363267 2.160501 -6.015033
v 1.363267 2.190920 -6.015033
v 1.362016 2.144232 -5.974502
v 1.380355 2.156458 -5.963914
v 1.339256 2.190920 -5.973443
v 1.339256 2.160502 -5.973443
v 1.351433 1.851626 -6.043407
v 1.367515 1.866511 -6.022388
v 1.335010 1.866511 -5.966087
v 1.308766 1.851626 -5.969505
v 1.335010 1.866511 -5.966087
v 1.335010 1.921180 -5.966087
v 1.308766 1.936065 -5.969505
v 1.308766 1.851626 -5.969505
v 1.373731 1.926243 -5.994792
v 1.362016 1.926243 -5.974501
v 1.380355 1.914017 -5.963913
v 1.392070 1.914017 -5.984204
v 1.392070 1.914017 -5.984204
v 1.373731 1.926243 -5.994792
v 1.335010 1.921180 -5.966087
v 1.335010 1.866511 -5.966087
v 1.367515 1.866511 -6.022388
v 1.367515 1.921180 -6.022388
v 1.367515 1.921180 -6.022388
v 1.367515 1.866511 -6.022388
v 1.351433 1.851626 -6.043407
v 1.351433 1.936065 -6.043407
v 1.380355 1.914017 -5.963913
v 1.362016 1.926243 -5.974501
v 1.335010 1.921180 -5.966087
v 1.367515 1.921180 -6.022388
v 1.351433 1.936065 -6.043407
v 1.308766 1.936065 -5.969505
v 1.373731 1.926243 -5.994792
v 1.363268 1.909973 -6.015033
v 1.339256 1.909973 -5.973443
v 1.362016 1.926243 -5.974501
v 1.380355 1.914017 -5.963913
v 1.339256 1.879555 -5.973443
v 1.363268 1.879555 -6.015032
v 1.392070 1.914017 -5.984204
v 1.392070 1.914017 -5.984204
v 1.363268 1.879555 -6.015032
v 1.363268 1.909973 -6.015033
v 1.373731 1.926243 -5.994792
v 1.362016 1.926243 -5.974501
v 1.339256 1.909973 -5.973443
v 1.339256 1.879555 -5.973443
v 1.380355 1.914017 -5.963913
v 1.283526 2.218849 -6.082611
v 1.257283 2.203964 -6.086031
v 1.224777 2.203964 -6.029730
v 1.240860 2.218849 -6.008713
v 1.224777 2.203964 -6.029730
v 1.224778 2.149295 -6.029730
v 1.240860 2.134410 -6.008713
v 1.240860 2.218849 -6.008713
v 1.225094 2.035237 -6.094807
v 1.230275 2.144232 -6.077617
v 1.218560 2.144232 -6.057326
v 1.201083 2.035237 -6.053217
v 1.179907 2.035237 -6.065444
v 1.200222 2.156458 -6.067914
v 1.211937 2.156458 -6.088204
v 1.203918 2.035237 -6.107033
v 1.203918 2.035237 -6.107033
v 1.211937 2.156458 -6.088204
v 1.230275 2.144232 -6.077617
v 1.225094 2.035237 -6.094807
v 1.224778 2.149295 -6.029730
v 1.224777 2.203964 -6.029730
v 1.257283 2.203964 -6.086031
v 1.257283 2.149295 -6.086030
v 1.257283 2.149295 -6.086030
v 1.257283 2.203964 -6.086031
v 1.283526 2.218849 -6.082611
v 1.283526 2.134410 -6.082612
v 1.200222 2.156458 -6.067914
v 1.179907 2.035237 -6.065444
v 1.201083 2.035237 -6.053217
v 1.218560 2.144232 -6.057326
v 1.224778 2.149295 -6.029730
v 1.257283 2.149295 -6.086030
v 1.283526 2.134410 -6.082612
v 1.240860 2.134410 -6.008713
v 1.230275 2.144232 -6.077617
v 1.253036 2.160501 -6.078675
v 1.229024 2.160501 -6.037086
v 1.218560 2.144232 -6.057326
v 1.200222 2.156458 -6.067914
v 1.229024 2.190919 -6.037086
v 1.253036 2.190919 -6.078675
v 1.211937 2.156458 -6.088204
v 1.211937 2.156458 -6.088204
v 1.253036 2.190919 -6.078675
v 1.253036 2.160501 -6.078675
v 1.230275 2.144232 -6.077617
v 1.218560 2.144232 -6.057326
v 1.229024 2.160501 -6.037086
v 1.229024 2.190919 -6.037086
v 1.200222 2.156458 -6.067914
v 1.283528 1.851626 -6.082612
v 1.240860 1.851626 -6.008710
v 1.224779 1.866511 -6.029729
v 1.257284 1.866511 -6.086030
v 1.240860 1.936065 -6.008710
v 1.224779 1.921180 -6.029730
v 1.224779 1.866511 -6.029729
v 1.240860 1.851626 -6.008710
v 1.218562 1.926243 -6.057325
v 1.230277 1.926243 -6.077616
v 1.211938 1.914017 -6.088204
v 1.200223 1.914017 -6.067913
v 1.230277 1.926243 -6.077616
v 1.211938 1.914017 -6.088204
v 1.257284 1.866511 -6.086030
v 1.224779 1.866511 -6.029729
v 1.224779 1.921180 -6.029730
v 1.257284 1.921180 -6.086030
v 1.283528 1.851626 -6.082612
v 1.257284 1.866511 -6.086030
v 1.257284 1.921180 -6.086030
v 1.283528 1.936065 -6.082612
v 1.200223 1.914017 -6.067913
v 1.218562 1.926243 -6.057325
v 1.283528 1.936065 -6.082612
v 1.257284 1.921180 -6.086030
v 1.224779 1.921180 -6.029730
v 1.240860 1.936065 -6.008710
v 1.230277 1.926243 -6.077616
v 1.218562 1.926243 -6.057325
v 1.229025 1.909973 -6.037085
v 1.253037 1.909973 -6.078674
v 1.200223 1.914017 -6.067913
v 1.211938 1.914017 -6.088204
v 1.253037 1.879555 -6.078674
v 1.229025 1.879555 -6.037085
v 1.211938 1.914017 -6.088204
v 1.230277 1.926243 -6.077616
v 1.253037 1.909973 -6.078674
v 1.253037 1.879555 -6.078674
v 1.218562 1.926243 -6.057325
v 1.200223 1.914017 -6.067913
v 1.229025 1.879555 -6.037085
v 1.229025 1.909973 -6.037085
v 0.139238 8.135441 4.058242
v 0.139238 8.135441 3.760001
v -0.139254 8.135441 3.760001
v -0.139254 8.135441 4.058242
v -0.394320 8.462853 3.496825
v -0.489695 8.652532 3.397101
v 0.489679 8.652531 3.397101
v 0.394304 8.462852 3.496825
v 0.394304 8.462852 3.496825
v 0.489679 8.652531 3.397101
v 0.489679 8.652531 4.421142
v 0.394304 8.462853 4.321418
v -0.489695 8.652532 3.397101
v -0.489695 8.968754 3.397101
v 0.489679 8.968753 3.397101
v 0.489679 8.652531 3.397101
v 0.489679 8.652531 3.397101
v 0.489679 8.968753 3.397101
v 0.489679 8.968753 4.421142
v 0.489679 8.652531 4.421142
v -0.489695 8.968754 3.397101
v -0.249724 8.968754 3.641700
v 0.249708 8.968754 3.641700
v 0.489679 8.968753 3.397101
v 0.489679 8.968753 3.397101
v 0.249708 8.968754 3.641700
v 0.249708 8.968754 4.176543
v 0.489679 8.968753 4.421142
v -0.249724 8.968754 3.641700
v -0.139254 8.135441 3.760001
v 0.139238 8.135441 3.760001
v 0.249708 8.968754 3.641700
v 0.249708 8.968754 3.641700
v 0.139238 8.135441 3.760001
v 0.139238 8.135441 4.058242
v 0.249708 8.968754 4.176543
v 0.394304 8.462853 4.321418
v 0.489679 8.652531 4.421142
v -0.489695 8.652532 4.421142
v -0.394320 8.462854 4.321418
v -0.394320 8.462854 4.321418
v -0.489695 8.652532 4.421142
v -0.489695 8.652532 3.397101
v -0.394320 8.462853 3.496825
v 0.489679 8.652531 4.421142
v 0.489679 8.968753 4.421142
v -0.489695 8.968753 4.421142
v -0.489695 8.652532 4.421142
v -0.489695 8.652532 4.421142
v -0.489695 8.968753 4.421142
v -0.489695 8.968754 3.397101
v -0.489695 8.652532 3.397101
v 0.489679 8.968753 4.421142
v 0.249708 8.968754 4.176543
v -0.249724 8.968754 4.176543
v -0.489695 8.968753 4.421142
v -0.489695 8.968753 4.421142
v -0.249724 8.968754 4.176543
v -0.249724 8.968754 3.641700
v -0.489695 8.968754 3.397101
v 0.249708 8.968754 4.176543
v 0.139238 8.135441 4.058242
v -0.139254 8.135441 4.058242
v -0.249724 8.968754 4.176543
v -0.249724 8.968754 4.176543
v -0.139254 8.135441 4.058242
v -0.139254 8.135441 3.760001
v -0.249724 8.968754 3.641700
v -0.999800 2.695402 4.334382
v -0.999800 2.695403 3.322412
v -0.999800 1.133228 3.322412
v -0.999800 1.133231 4.334383
v -0.535096 3.156415 4.334382
v -0.535096 3.921415 4.334382
v -0.535096 3.921415 3.442284
v -0.535096 3.156415 3.442284
v -0.770533 1.856711 3.322412
v -0.770533 1.133229 3.322412
v -0.999800 1.133228 3.322412
v -0.999800 2.695403 3.322412
v -0.770537 1.856709 3.162835
v -0.770533 1.856711 3.322412
v -0.676737 2.058434 3.322412
v -0.676737 2.058434 3.162835
v -0.515284 2.231336 3.322412
v -0.515280 2.231337 3.162827
v -0.515280 2.231337 3.162827
v -0.515284 2.231336 3.322412
v -0.302924 2.367759 3.322412
v -0.302922 2.367759 3.162827
v -0.000008 2.439280 3.322411
v -0.000008 2.439280 3.162827
v -0.770537 1.133232 3.162836
v -0.770533 1.133229 3.322412
v -0.530879 1.958926 3.428506
v -0.596015 1.822774 3.428498
v -0.596018 1.822773 3.162827
v -0.530879 1.958926 3.162835
v -0.402609 2.096290 3.428498
v -0.402606 2.096291 3.162835
v -0.233737 2.204777 3.428498
v -0.402609 2.096290 3.428498
v -0.402606 2.096291 3.162835
v -0.233737 2.204777 3.162827
v -0.000008 2.259962 3.428498
v -0.000008 2.259962 3.162827
v -0.596015 1.133229 3.428499
v -0.596018 1.133232 3.162828
v -0.596018 1.822773 3.162827
v -0.596015 1.822774 3.428498
v -0.676737 2.058434 3.162835
v -0.530879 1.958926 3.162835
v -0.596018 1.822773 3.162827
v -0.770537 1.856709 3.162835
v -0.515280 2.231337 3.162827
v -0.402606 2.096291 3.162835
v -0.530879 1.958926 3.162835
v -0.676737 2.058434 3.162835
v -0.302922 2.367759 3.162827
v -0.233737 2.204777 3.162827
v -0.402606 2.096291 3.162835
v -0.515280 2.231337 3.162827
v -0.000008 2.439280 3.162827
v -0.000008 2.259962 3.162827
v -0.233737 2.204777 3.162827
v -0.302922 2.367759 3.162827
v -0.770537 1.856709 3.162835
v -0.596018 1.822773 3.162827
v -0.596018 1.133232 3.162828
v -0.770537 1.133232 3.162836
v -0.683280 1.822774 3.428498
v -0.683280 1.822774 4.142800
v -0.683280 1.133229 4.142801
v -0.683280 1.133229 3.428499
v -0.000008 1.133229 4.142800
v -0.535140 1.133230 4.142801
v -0.683280 1.822774 4.142800
v -0.000008 1.822773 4.142800
v -0.535143 1.013409 3.162829
v -0.535142 1.133230 3.162829
v -0.535140 1.133230 4.142801
v -0.535143 0.964520 4.142800
v -0.806654 1.013409 3.022568
v -0.806654 1.160782 3.022568
v -0.000008 1.160784 3.022567
v -0.000008 1.013407 3.022567
v -0.000008 1.013409 3.162828
v -0.000008 1.160784 3.162828
v -0.806654 1.160784 3.162835
v -0.806654 1.013410 3.162835
v -0.000008 1.160784 3.022567
v -0.806654 1.160782 3.022568
v -0.806654 1.160784 3.162835
v -0.000008 1.160784 3.162828
v -0.806654 1.013409 3.022568
v -0.806654 1.013410 3.162835
v -0.806654 1.160784 3.162835
v -0.806654 1.160782 3.022568
v -0.000008 3.156415 3.442284
v -0.535096 3.156415 3.442284
v -0.535096 3.921415 3.442284
v -0.000008 3.921415 3.442284
v -0.535140 1.133230 4.142801
v -0.000008 1.133229 4.142800
v -0.000008 0.964520 4.142801
v -0.535143 0.964520 4.142800
v -0.000008 1.013409 3.162829
v -0.535143 1.013409 3.162829
v -0.535143 0.964520 4.142800
v -0.000008 0.964520 4.142801
v -0.999800 2.695402 4.334382
v -0.535096 3.156415 4.334382
v -0.535096 3.156415 3.442284
v -0.999800 2.695403 3.322412
v -0.770534 1.133232 3.162835
v -1.101797 1.133229 3.162835
v -0.999798 1.133228 3.322411
v -0.770530 1.133229 3.322412
v -0.535142 1.133230 3.162829
v -0.596018 1.133232 3.162828
v -0.596015 1.133229 3.428499
v -0.535140 1.133230 4.142801
v -0.683280 1.822774 3.428498
v -0.683280 2.559524 3.428498
v -0.683280 2.559524 4.142800
v -0.683280 1.822774 4.142800
v -0.000008 2.726260 4.142800
v -0.683280 2.559524 4.142800
v -0.683280 2.559524 3.428498
v -0.000008 2.726262 3.428498
v -0.596015 1.133229 3.428499
v -0.596015 1.822774 3.428498
v -0.683280 1.822774 3.428498
v -0.683280 1.133229 3.428499
v -0.535096 3.156415 3.442284
v -0.000008 3.156415 3.442284
v -0.000008 2.695402 3.322411
v -0.999800 2.695403 3.322412
v -1.031644 2.530705 3.258988
v -1.031644 2.530706 4.334390
v -1.031644 2.695403 4.334389
v -1.031644 2.695403 3.258988
v -1.031644 2.530705 3.258988
v -1.031644 2.695403 3.258988
v -0.000008 2.695403 3.258988
v -0.000008 2.530705 3.258988
v -1.031644 2.530706 4.334390
v -1.031644 2.530705 3.258988
v -0.999800 2.530705 3.322412
v -0.999800 2.530706 4.334390
v -1.031644 2.530705 3.258988
v -0.000008 2.530705 3.258988
v -0.000008 2.530705 3.322412
v -0.999800 2.530705 3.322412
v -0.000008 2.695403 3.258988
v -1.031644 2.695403 3.258988
v -0.999800 2.695403 3.322412
v -0.000008 2.695403 3.322412
v -1.031644 2.695403 3.258988
v -1.031644 2.695403 4.334389
v -0.999800 2.695403 4.334389
v -0.999800 2.695403 3.322412
v -1.101797 0.890293 4.334382
v -1.101797 1.133231 4.334382
v -1.101797 1.133229 3.162835
v -1.101797 0.890292 3.162836
v -1.101797 1.133229 3.162835
v -0.770534 1.133232 3.162835
v -0.770534 0.890295 3.162835
v -1.101797 0.890292 3.162836
v -1.101797 1.133229 3.162835
v -1.101797 1.133231 4.334382
v -0.999798 1.133231 4.334382
v -0.999798 1.133228 3.322411
v -0.973760 0.890292 2.788261
v -0.973760 1.038401 2.840729
v -0.000008 1.038403 2.840729
v -0.000008 0.890290 2.788260
v -0.000008 1.038403 2.840729
v -0.973760 1.038401 2.840729
v -0.973760 1.038402 3.162837
v -0.000008 1.038403 3.162830
v -0.973760 0.890292 2.788261
v -0.973760 0.890292 3.162837
v -0.973760 1.038402 3.162837
v -0.973760 1.038401 2.840729
v -0.394320 8.462853 3.496825
v 0.394304 8.462852 3.496825
v 0.464691 6.192134 3.469558
v -0.464708 6.192134 3.469555
v 0.394304 8.462852 3.496825
v 0.394304 8.462853 4.321418
v 0.464691 6.192135 4.327900
v 0.464691 6.192134 3.469558
v 0.999784 1.133228 3.322412
v 0.999784 2.695403 3.322411
v 0.999784 2.695402 4.334382
v 0.999784 1.133231 4.334382
v 0.535080 3.921415 3.442284
v 0.535080 3.921415 4.334382
v 0.535080 3.156415 4.334382
v 0.535080 3.156415 3.442284
v 0.770517 1.856711 3.322412
v 0.999784 2.695403 3.322411
v 0.999784 1.133228 3.322412
v 0.770517 1.133229 3.322412
v 0.770521 1.856709 3.162835
v 0.676722 2.058434 3.162835
v 0.676722 2.058434 3.322412
v 0.770517 1.856711 3.322412
v 0.515265 2.231337 3.162827
v 0.515268 2.231336 3.322412
v 0.302906 2.367759 3.162827
v 0.302908 2.367759 3.322411
v -0.000008 2.439280 3.162827
v -0.000008 2.439280 3.322411
v 0.302908 2.367759 3.322411
v 0.770517 1.133229 3.322412
v 0.770521 1.133232 3.162835
v 0.530863 1.958926 3.428506
v 0.530863 1.958926 3.162835
v 0.596003 1.822773 3.162827
v 0.595999 1.822774 3.428498
v 0.402594 2.096290 3.428498
v 0.402590 2.096291 3.162835
v 0.233721 2.204777 3.428498
v 0.233721 2.204777 3.162827
v -0.000008 2.259962 3.428498
v -0.000008 2.259962 3.162827
v 0.233721 2.204777 3.428498
v 0.595999 1.133229 3.428499
v 0.595999 1.822774 3.428498
v 0.596003 1.822773 3.162827
v 0.596003 1.133232 3.162828
v 0.676722 2.058434 3.162835
v 0.770521 1.856709 3.162835
v 0.596003 1.822773 3.162827
v 0.530863 1.958926 3.162835
v 0.515265 2.231337 3.162827
v 0.676722 2.058434 3.162835
v 0.530863 1.958926 3.162835
v 0.402590 2.096291 3.162835
v 0.302906 2.367759 3.162827
v 0.515265 2.231337 3.162827
v 0.402590 2.096291 3.162835
v 0.233721 2.204777 3.162827
v -0.000008 2.439280 3.162827
v 0.302906 2.367759 3.162827
v 0.233721 2.204777 3.162827
v -0.000008 2.259962 3.162827
v 0.770521 1.856709 3.162835
v 0.770521 1.133232 3.162835
v 0.596003 1.133232 3.162828
v 0.596003 1.822773 3.162827
v 0.683264 1.822774 3.428498
v 0.683264 1.133229 3.428499
v 0.683264 1.133229 4.142800
v 0.683264 1.822774 4.142800
v 0.683264 1.822774 4.142800
v 0.535124 1.133230 4.142800
v -0.000008 1.133229 4.142800
v -0.000008 1.822773 4.142800
v 0.535124 1.133230 4.142800
v 0.535126 1.133230 3.162829
v 0.535128 1.013409 3.162829
v 0.535128 0.964520 4.142801
v -0.000008 1.160784 3.022567
v 0.806639 1.160782 3.022568
v 0.806639 1.013409 3.022568
v -0.000008 1.013408 3.022567
v 0.806639 1.160784 3.162834
v -0.000008 1.160784 3.162828
v -0.000008 1.013409 3.162828
v 0.806639 1.013410 3.162835
v 0.806639 1.160784 3.162834
v 0.806639 1.160782 3.022568
v -0.000008 1.160784 3.022567
v -0.000008 1.160784 3.162828
v 0.806639 1.160784 3.162834
v 0.806639 1.013410 3.162835
v 0.806639 1.013409 3.022568
v 0.806639 1.160782 3.022568
v 0.535080 3.921415 3.442284
v 0.535080 3.156415 3.442284
v -0.000008 3.156415 3.442284
v -0.000008 3.921415 3.442284
v -0.000008 0.964520 4.142801
v -0.000008 1.133229 4.142800
v 0.535124 1.133230 4.142800
v 0.535128 0.964520 4.142801
v 0.535128 0.964520 4.142801
v 0.535128 1.013409 3.162829
v -0.000008 1.013409 3.162829
v -0.000008 0.964520 4.142801
v 0.535080 3.156415 3.442284
v 0.535080 3.156415 4.334382
v 0.999784 2.695402 4.334382
v 0.999784 2.695403 3.322411
v 0.770519 1.133232 3.162835
v 0.770515 1.133229 3.322412
v 0.999783 1.133228 3.322412
v 1.101782 1.133229 3.162835
v 0.535124 1.133230 4.142800
v 0.595999 1.133229 3.428499
v 0.596003 1.133232 3.162828
v 0.683264 1.822774 3.428498
v 0.683264 1.822774 4.142800
v 0.683264 2.559524 4.142800
v 0.683264 2.559524 3.428498
v 0.683264 2.559524 3.428498
v 0.683264 2.559524 4.142800
v -0.000008 2.726260 4.142800
v -0.000008 2.726262 3.428498
v 0.683264 1.822774 3.428498
v 0.595999 1.822774 3.428498
v 0.595999 1.133229 3.428499
v 0.683264 1.133229 3.428499
v -0.000008 2.695402 3.322411
v -0.000008 3.156415 3.442284
v 0.535080 3.156415 3.442284
v 0.999784 2.695403 3.322411
v 1.031628 2.530705 3.258988
v 1.031628 2.695403 3.258988
v 1.031628 2.695403 4.334390
v 1.031628 2.530706 4.334390
v -0.000008 2.695403 3.258988
v 1.031628 2.695403 3.258988
v 1.031628 2.530705 3.258988
v -0.000008 2.530705 3.258988
v 1.031628 2.530706 4.334390
v 0.999784 2.530706 4.334390
v 0.999784 2.530705 3.322411
v 1.031628 2.530705 3.258988
v 1.031628 2.530705 3.258988
v 0.999784 2.530705 3.322411
v -0.000008 2.530705 3.322411
v -0.000008 2.530705 3.258988
v -0.000008 2.695403 3.258988
v -0.000008 2.695403 3.322411
v 0.999784 2.695403 3.322411
v 1.031628 2.695403 3.258988
v 1.031628 2.695403 3.258988
v 0.999784 2.695403 3.322411
v 0.999784 2.695403 4.334390
v 1.031628 2.695403 4.334390
v 1.101782 1.133229 3.162835
v 1.101782 1.133231 4.334382
v 1.101782 0.890293 4.334383
v 1.101782 0.890292 3.162835
v 1.101782 1.133229 3.162835
v 1.101782 0.890292 3.162835
v 0.770519 0.890295 3.162835
v 0.770519 1.133232 3.162835
v 1.101782 1.133229 3.162835
v 0.999783 1.133228 3.322412
v 0.999783 1.133231 4.334382
v 1.101782 1.133231 4.334382
v -0.000008 1.038403 2.840729
v 0.973745 1.038401 2.840730
v 0.973745 0.890292 2.788260
v -0.000008 0.890290 2.788260
v 0.973745 1.038402 3.162836
v 0.973745 1.038401 2.840730
v -0.000008 1.038403 2.840729
v -0.000008 1.038403 3.162830
v 0.973745 1.038402 3.162836
v 0.973745 0.890292 3.162837
v 0.973745 0.890292 2.788260
v 0.973745 1.038401 2.840730
v 0.394304 8.462853 4.321418
v -0.394320 8.462854 4.321418
v -0.464708 6.192135 4.327900
v 0.464691 6.192135 4.327900
v -0.394320 8.462854 4.321418
v -0.394320 8.462853 3.496825
v -0.464708 6.192134 3.469555
v -0.464708 6.192135 4.327900
v 0.464691 6.192134 3.469558
v 0.464691 6.192135 4.327900
v 0.535080 3.921415 4.334382
v 0.535080 3.921415 3.442284
v 0.464691 6.192135 4.327900
v -0.464708 6.192135 4.327900
v -0.535096 3.921415 4.334382
v 0.535080 3.921415 4.334382
v -0.464708 6.192135 4.327900
v -0.464708 6.192134 3.469555
v -0.535096 3.921415 3.442284
v -0.535096 3.921415 4.334382
v -1.412902 0.890172 -6.586689
v -1.412894 0.890194 -4.785536
v -0.750008 0.890196 -4.787674
v -0.000003 0.890195 -4.787674
v -0.000004 0.890173 -6.586689
v -1.455439 0.065417 -8.064497
v -1.455439 -0.000104 -8.064496
v -1.455434 -0.000098 -7.622591
v -1.455441 0.795723 -6.586686
v -1.455441 1.200723 -6.586691
v -1.386590 -0.000098 -7.622591
v -1.386595 -0.000104 -8.064496
v -1.386595 0.065417 -8.064497
v -1.386596 1.200723 -6.586691
v -1.386596 0.795723 -6.586686
v 1.412894 0.890172 -6.586687
v -0.000004 0.890173 -6.586689
v -0.000003 0.890195 -4.787674
v 0.749994 0.890196 -4.787673
v 1.412890 0.890194 -4.785534
v 1.455434 0.065417 -8.064495
v 1.455434 1.200723 -6.586689
v 1.455434 0.795723 -6.586684
v 1.455429 -0.000098 -7.622589
v 1.455434 -0.000104 -8.064494
v 1.386585 -0.000098 -7.622589
v 1.386589 0.795723 -6.586684
v 1.386589 1.200723 -6.586689
v 1.386590 0.065417 -8.064494
v 1.386590 -0.000104 -8.064494
v -0.999800 2.695403 3.322412
v -0.000008 2.695402 3.322411
v -0.000008 2.439280 3.322411
v -0.302924 2.367759 3.322412
v -0.515284 2.231336 3.322412
v 0.999784 2.695403 3.322411
v 0.515268 2.231336 3.322412
v 0.302908 2.367759 3.322411
v -0.000008 2.439280 3.322411
v -0.000008 2.695402 3.322411
v 0.000000 0.000000 -1.000000
v -0.195090 0.000000 -0.980785
v -0.382683 0.000000 -0.923879
v -0.555570 0.000000 -0.831470
v -0.707107 0.000000 -0.707107
v -0.831470 0.000000 -0.555570
v -0.923880 0.000000 -0.382683
v -0.980785 0.000000 -0.195090
v -1.000000 0.000000 0.000000
v -0.980785 0.000000 0.195090
v -0.923880 0.000000 0.382683
v -0.831470 0.000000 0.555570
v -0.707107 0.000000 0.707107
v -0.555570 0.000000 0.831470
v -0.382683 0.000000 0.923880
v -0.195090 0.000000 0.980785
v -0.000000 0.000000 1.000000
v 0.195090 0.000000 0.980785
v 0.382683 0.000000 0.923880
v 0.555570 0.000000 0.831470
v 0.707107 0.000000 0.707107
v 0.831470 0.000000 0.555570
v 0.923880 0.000000 0.382683
v 0.980785 0.000000 0.195090
v 1.000000 0.000000 0.000000
v 0.980785 0.000000 -0.195090
v 0.923880 0.000000 -0.382683
v 0.831470 0.000000 -0.555570
v 0.707107 0.000000 -0.707107
v 0.555570 0.000000 -0.831470
v 0.382683 0.000000 -0.923879
v 0.195090 0.000000 -0.980785
v -0.540585 -0.000000 -10.219265
v -0.540585 1.094506 -10.219266
v -0.540585 -0.000000 -10.924845
v -0.540585 1.094506 -10.924845
v 0.192439 -0.000000 -10.219266
v 0.192439 1.094506 -10.219265
v 0.192439 -0.000000 -10.924845
v 0.192439 1.094506 -10.924845
vn -0.0000 1.0000 -0.0000
vn -0.0000 -0.0000 -1.0000
vn -1.0000 -0.0000 -0.0000
vn 1.0000 -0.0000 -0.0000
vn -0.0000 -0.0000 1.0000
vn -0.8483 0.5295 -0.0000
vn -0.0000 0.5295 -0.8483
vn 0.8483 0.5295 -0.0000
vn -0.0000 0.5295 0.8483
vn -1.0000 0.0057 -0.0054
vn -1.0000 -0.0002 0.0001
vn 0.9999 0.0077 -0.0075
vn 1.0000 0.0002 -0.0001
vn -1.0000 0.0057 0.0055
vn -1.0000 -0.0002 -0.0001
vn 0.9999 0.0078 0.0076
vn 1.0000 0.0001 -0.0000
vn -0.9996 0.0117 0.0267
vn -0.8392 0.5437 -0.0109
vn -0.9658 0.2589 -0.0118
vn -0.9909 0.1320 0.0252
vn -0.9985 0.0322 0.0432
vn -0.9966 0.0789 0.0222
vn -0.9792 0.2028 0.0108
vn -0.9928 0.1190 0.0164
vn -0.9681 0.1704 0.1837
vn -0.9960 0.0847 0.0293
vn -0.9611 0.2761 0.0087
vn -0.9880 0.1535 -0.0160
vn -0.9800 0.1991 0.0052
vn -0.9899 0.1416 0.0014
vn -0.9789 0.1567 0.1310
vn -0.9964 0.0556 -0.0641
vn -0.9948 0.0990 -0.0216
vn -0.9999 0.0033 -0.0152
vn -0.9953 0.0952 -0.0170
vn -0.9770 0.1500 0.1515
vn -0.9787 0.1902 0.0772
vn -0.9991 0.0411 -0.0072
vn -0.9951 0.0962 0.0209
vn -0.9921 0.1114 0.0580
vn -0.9847 0.1733 -0.0202
vn -0.9959 -0.0001 -0.0900
vn -0.9810 0.1865 -0.0528
vn 0.0299 0.2159 -0.9760
vn -0.0260 0.2635 -0.9643
vn -0.0109 0.5437 -0.8392
vn 0.0190 0.2952 -0.9552
vn -0.0406 0.1288 -0.9908
vn -0.0329 0.3385 -0.9404
vn 0.0170 0.1184 -0.9928
vn 0.0068 -0.0235 -0.9997
vn -0.0447 0.1100 -0.9929
vn -0.0000 0.6405 -0.7679
vn -0.0540 0.3169 -0.9469
vn 0.0649 0.1328 -0.9890
vn 0.0341 0.0301 -0.9990
vn 0.1366 0.1002 -0.9856
vn -0.0682 -0.0439 -0.9967
vn -0.0900 -0.0001 -0.9959
vn 0.0769 0.1902 -0.9787
vn -0.0528 0.1865 -0.9810
vn -0.9275 0.3565 -0.1123
vn -0.1123 0.3564 -0.9276
vn -0.9996 0.0104 -0.0268
vn -0.9670 0.2544 0.0118
vn -0.8446 0.5353 0.0090
vn -0.9909 0.1320 -0.0252
vn -0.9985 0.0322 -0.0432
vn -0.9966 0.0789 -0.0223
vn -0.9928 0.1190 -0.0164
vn -0.9792 0.2028 -0.0108
vn -0.9681 0.1704 -0.1837
vn -0.9960 0.0847 -0.0293
vn -0.9611 0.2761 -0.0087
vn -0.9800 0.1991 -0.0052
vn -0.9880 0.1535 0.0160
vn -0.9899 0.1417 -0.0015
vn -0.9789 0.1570 -0.1308
vn -0.9964 0.0556 0.0641
vn -0.9948 0.0990 0.0216
vn -0.9999 0.0033 0.0152
vn -0.9953 0.0952 0.0170
vn -0.9769 0.1508 -0.1517
vn -0.9787 0.1902 -0.0768
vn -0.9991 0.0411 0.0072
vn -0.9951 0.0962 -0.0209
vn -0.9921 0.1114 -0.0580
vn -0.9847 0.1733 0.0202
vn -0.9960 -0.0046 0.0889
vn -0.9279 0.3553 0.1129
vn -0.9815 0.1838 0.0533
vn 0.0268 0.0104 0.9996
vn -0.0091 0.5353 0.8446
vn -0.0118 0.2545 0.9670
vn 0.0252 0.1320 0.9909
vn 0.0432 0.0322 0.9985
vn 0.0222 0.0789 0.9966
vn 0.0108 0.2028 0.9792
vn 0.0164 0.1190 0.9928
vn 0.1837 0.1704 0.9681
vn 0.0293 0.0847 0.9960
vn 0.1308 0.1571 0.9789
vn 0.1517 0.1508 0.9769
vn 0.0767 0.1902 0.9787
vn -0.0182 0.0034 0.9998
vn -0.0175 0.0515 0.9985
vn 0.0209 0.0962 0.9951
vn 0.0156 0.1869 0.9823
vn -0.0889 -0.0045 0.9960
vn -0.1129 0.3553 0.9279
vn -0.0533 0.1838 0.9815
vn 0.9996 0.0117 0.0267
vn 0.9658 0.2589 -0.0118
vn 0.8392 0.5437 -0.0109
vn 0.9909 0.1320 0.0252
vn 0.9985 0.0322 0.0432
vn 0.9966 0.0789 0.0222
vn 0.9928 0.1190 0.0164
vn 0.9792 0.2028 0.0108
vn 0.9681 0.1704 0.1837
vn 0.9960 0.0847 0.0293
vn 0.9611 0.2761 0.0087
vn 0.9800 0.1991 0.0052
vn 0.9880 0.1535 -0.0160
vn 0.9899 0.1417 0.0015
vn 0.9789 0.1567 0.1309
vn 0.9964 0.0556 -0.0641
vn 0.9948 0.0990 -0.0216
vn 0.9999 0.0033 -0.0152
vn 0.9953 0.0952 -0.0170
vn 0.9770 0.1500 0.1515
vn 0.9787 0.1903 0.0772
vn 0.9991 0.0411 -0.0072
vn 0.9951 0.0962 0.0209
vn 0.9921 0.1114 0.0580
vn 0.9847 0.1733 -0.0202
vn 0.9959 -0.0001 -0.0900
vn 0.9810 0.1865 -0.0528
vn -0.0299 0.2159 -0.9760
vn 0.0109 0.5437 -0.8392
vn 0.0260 0.2635 -0.9643
vn -0.0190 0.2952 -0.9552
vn 0.0329 0.3385 -0.9404
vn 0.0406 0.1288 -0.9908
vn -0.0068 -0.0235 -0.9997
vn -0.0170 0.1184 -0.9928
vn 0.0447 0.1100 -0.9929
vn 0.0540 0.3169 -0.9469
vn -0.0649 0.1328 -0.9890
vn -0.0341 0.0301 -0.9990
vn -0.1366 0.1002 -0.9856
vn 0.0682 -0.0439 -0.9967
vn -0.0769 0.1902 -0.9787
vn 0.0900 -0.0001 -0.9959
vn 0.0528 0.1865 -0.9810
vn 0.9276 0.3564 -0.1123
vn 0.1123 0.3564 -0.9275
vn 0.9996 0.0104 -0.0268
vn 0.8446 0.5353 0.0090
vn 0.9670 0.2544 0.0118
vn 0.9909 0.1320 -0.0252
vn 0.9985 0.0322 -0.0432
vn 0.9966 0.0789 -0.0223
vn 0.9792 0.2028 -0.0108
vn 0.9928 0.1190 -0.0165
vn 0.9681 0.1704 -0.1837
vn 0.9960 0.0847 -0.0293
vn 0.9611 0.2761 -0.0087
vn 0.9880 0.1535 0.0160
vn 0.9800 0.1991 -0.0052
vn 0.9899 0.1415 -0.0014
vn 0.9789 0.1570 -0.1308
vn 0.9964 0.0556 0.0641
vn 0.9948 0.0990 0.0216
vn 0.9999 0.0033 0.0152
vn 0.9953 0.0952 0.0170
vn 0.9769 0.1508 -0.1517
vn 0.9788 0.1902 -0.0767
vn 0.9991 0.0411 0.0072
vn 0.9951 0.0962 -0.0209
vn 0.9921 0.1114 -0.0580
vn 0.9847 0.1733 0.0202
vn 0.9960 -0.0046 0.0889
vn 0.9279 0.3553 0.1129
vn 0.9815 0.1838 0.0533
vn -0.0268 0.0104 0.9996
vn 0.0118 0.2545 0.9670
vn 0.0091 0.5353 0.8446
vn -0.0252 0.1320 0.9909
vn -0.0432 0.0322 0.9985
vn -0.0222 0.0789 0.9966
vn -0.0165 0.1190 0.9928
vn -0.0108 0.2028 0.9792
vn -0.1837 0.1704 0.9681
vn -0.0293 0.0847 0.9960
vn -0.1308 0.1570 0.9789
vn -0.1517 0.1508 0.9769
vn -0.0767 0.1902 0.9787
vn 0.0175 0.0516 0.9985
vn 0.0182 0.0034 0.9998
vn -0.0209 0.0962 0.9951
vn -0.0156 0.1869 0.9823
vn 0.0889 -0.0045 0.9960
vn 0.1129 0.3553 0.9279
vn 0.0533 0.1838 0.9815
vn -1.0000 -0.0003 -0.0001
vn 0.9999 0.0079 0.0076
vn -0.4620 -0.4533 -0.7623
vn -0.2818 -0.5249 -0.8032
vn -0.1627 -0.7169 -0.6779
vn -0.4240 -0.4101 -0.8075
vn -0.2517 -0.4852 -0.8374
vn -0.1155 -0.6954 -0.7093
vn -0.4108 -0.4670 -0.7830
vn -0.2466 -0.5083 -0.8251
vn -0.1058 -0.6906 -0.7154
vn 0.0969 0.0644 -0.9932
vn 0.2885 -0.1657 -0.9430
vn -0.0514 0.1779 -0.9827
vn 0.0639 0.0320 -0.9974
vn 0.3112 -0.2443 -0.9184
vn -0.1700 0.2535 -0.9523
vn 0.0490 0.0466 -0.9977
vn 0.3119 -0.2488 -0.9170
vn -0.1782 0.2600 -0.9490
vn 0.0669 0.0232 -0.9975
vn 0.2866 -0.2096 -0.9349
vn -0.1532 0.2435 -0.9577
vn -0.4107 -0.4670 -0.7831
vn -0.6702 -0.2436 -0.7010
vn -0.2467 -0.5083 -0.8251
vn -0.7073 -0.2222 -0.6711
vn -0.2818 -0.5248 -0.8032
vn -0.4240 -0.4100 -0.8076
vn -0.6611 -0.1485 -0.7355
vn -0.2518 -0.4851 -0.8374
vn -0.3310 -0.7223 -0.6073
vn -0.5410 -0.5832 -0.6059
vn -0.5971 -0.5346 -0.5981
vn -0.4620 -0.4533 0.7623
vn -0.1627 -0.7169 0.6779
vn -0.2818 -0.5249 0.8032
vn -0.4240 -0.4100 0.8075
vn -0.1155 -0.6953 0.7093
vn -0.2517 -0.4852 0.8374
vn -0.4107 -0.4670 0.7831
vn -0.1058 -0.6906 0.7154
vn -0.2466 -0.5083 0.8251
vn 0.0969 0.0644 0.9932
vn -0.0514 0.1779 0.9827
vn 0.2885 -0.1656 0.9430
vn 0.0639 0.0320 0.9974
vn -0.1700 0.2535 0.9523
vn 0.3112 -0.2443 0.9184
vn 0.0489 0.0466 0.9977
vn -0.1782 0.2600 0.9490
vn 0.3120 -0.2487 0.9170
vn 0.0669 0.0232 0.9975
vn -0.1532 0.2435 0.9577
vn 0.2866 -0.2095 0.9349
vn -0.4107 -0.4669 0.7831
vn -0.2466 -0.5082 0.8252
vn -0.6702 -0.2436 0.7010
vn -0.2819 -0.5248 0.8032
vn -0.7073 -0.2222 0.6711
vn -0.4240 -0.4100 0.8076
vn -0.2517 -0.4851 0.8374
vn -0.6611 -0.1485 0.7355
vn -0.3310 -0.7222 0.6073
vn -0.5971 -0.5345 0.5981
vn -0.5410 -0.5832 0.6059
vn 0.4620 -0.4533 -0.7623
vn 0.1627 -0.7169 -0.6779
vn 0.2818 -0.5249 -0.8032
vn 0.4239 -0.4101 -0.8075
vn 0.1155 -0.6954 -0.7093
vn 0.2517 -0.4852 -0.8374
vn 0.4107 -0.4670 -0.7831
vn 0.1058 -0.6906 -0.7154
vn 0.2466 -0.5083 -0.8251
vn -0.0639 0.0320 -0.9974
vn 0.1700 0.2535 -0.9523
vn -0.3112 -0.2443 -0.9184
vn -0.0489 0.0466 -0.9977
vn 0.1782 0.2600 -0.9490
vn -0.3120 -0.2488 -0.9169
vn -0.0669 0.0231 -0.9975
vn 0.1532 0.2435 -0.9577
vn -0.2866 -0.2096 -0.9349
vn 0.6702 -0.2436 -0.7010
vn 0.2818 -0.5248 -0.8032
vn 0.7073 -0.2222 -0.6711
vn 0.6611 -0.1485 -0.7355
vn 0.3310 -0.7223 -0.6073
vn 0.5971 -0.5346 -0.5981
vn 0.5410 -0.5832 -0.6059
vn 0.4620 -0.4533 0.7623
vn 0.2818 -0.5249 0.8032
vn 0.1627 -0.7169 0.6779
vn 0.4239 -0.4100 0.8076
vn 0.2517 -0.4851 0.8374
vn 0.1155 -0.6953 0.7093
vn 0.4107 -0.4670 0.7831
vn 0.2466 -0.5083 0.8251
vn 0.1058 -0.6906 0.7154
vn -0.0639 0.0320 0.9974
vn -0.3112 -0.2443 0.9184
vn 0.1700 0.2535 0.9523
vn -0.0490 0.0466 0.9977
vn -0.3120 -0.2487 0.9169
vn 0.1782 0.2600 0.9490
vn -0.0669 0.0232 0.9975
vn -0.2866 -0.2095 0.9349
vn 0.1532 0.2435 0.9577
vn 0.6702 -0.2436 0.7011
vn 0.4620 -0.4532 0.7623
vn 0.7073 -0.2222 0.6711
vn 0.2818 -0.5248 0.8032
vn 0.6611 -0.1485 0.7355
vn 0.3310 -0.7222 0.6073
vn 0.5410 -0.5832 0.6059
vn 0.5971 -0.5345 0.5981
vn -0.0969 0.0644 -0.9932
vn 0.0513 0.1778 -0.9827
vn -0.2885 -0.1657 -0.9430
vn -0.0969 0.0645 0.9932
vn -0.2885 -0.1657 0.9430
vn 0.0513 0.1778 0.9827
vn -0.4999 -0.0000 -0.8661
vn 0.5000 -0.0000 0.8660
vn 0.5000 0.0002 0.8660
vn 0.5000 -0.0001 0.8660
vn -0.5000 -0.0000 -0.8660
vn -0.5000 -0.0002 -0.8660
vn -0.4999 -0.0000 0.8661
vn 0.5000 -0.0000 -0.8660
vn 0.5000 0.0002 -0.8660
vn 0.5000 -0.0001 -0.8660
vn -0.5000 -0.0000 0.8660
vn -0.5000 -0.0002 0.8660
vn 0.2512 0.9109 0.3273
vn 0.4091 0.9109 0.0538
vn 0.3273 0.9109 -0.2512
vn 0.0539 0.9109 -0.4091
vn -0.2512 0.9109 -0.3273
vn -0.4091 0.9109 -0.0538
vn -0.3273 0.9109 0.2512
vn -0.0539 0.9109 0.4091
vn 0.2348 -0.9226 0.3061
vn -0.0000 -1.0000 -0.0000
vn 0.3825 -0.9226 0.0503
vn 0.3061 -0.9226 -0.2349
vn 0.0504 -0.9226 -0.3825
vn -0.2349 -0.9226 -0.3061
vn -0.3825 -0.9226 -0.0503
vn -0.3061 -0.9226 0.2349
vn -0.0504 -0.9226 0.3825
vn 0.2349 -0.9226 0.3061
vn 0.8660 -0.0000 0.5000
vn -0.8660 -0.0000 -0.5000
vn -0.0001 -0.0000 1.0000
vn 0.0001 -0.0000 1.0000
vn -0.0000 0.0120 -0.9999
vn 0.0001 1.0000 0.0001
vn -0.0000 1.0000 0.0001
vn -0.0001 1.0000 -0.0000
vn -0.7071 -0.7071 -0.0000
vn 0.7071 0.7071 -0.0000
vn 0.7179 -0.6962 -0.0000
vn -0.0161 -0.0161 -0.9997
vn -0.7272 0.6865 -0.0000
vn -0.0161 -0.0161 0.9997
vn 0.7084 -0.7058 -0.0000
vn 0.7071 -0.7071 -0.0000
vn -0.7071 0.7071 -0.0000
vn -0.7179 -0.6962 -0.0000
vn 0.0161 -0.0161 -0.9997
vn 0.7272 0.6865 -0.0000
vn 0.0161 -0.0161 0.9997
vn -0.7084 -0.7058 -0.0000
vn -0.0000 0.0104 0.9999
vn 0.9999 0.0103 -0.0000
vn -0.0000 0.0103 -0.9999
vn -0.9999 0.0104 -0.0000
vn -0.9627 -0.2704 -0.0000
vn -0.9628 -0.2704 -0.0000
vn -0.9999 0.0103 -0.0000
vn 0.9999 0.0104 -0.0000
vn 0.0010 0.0010 -1.0000
vn 0.0011 0.0010 -1.0000
vn -0.0011 -0.0010 1.0000
vn -0.0010 -0.0010 1.0000
vn -0.0000 -0.2704 -0.9627
vn 0.9627 -0.2705 -0.0000
vn 0.9627 -0.2704 -0.0000
vn -0.0000 -0.2704 0.9628
vn -0.0000 -0.2704 0.9627
vn -0.0000 -0.7930 0.6092
vn -0.0000 0.7930 -0.6092
vn 0.0447 -0.0000 0.9990
vn 0.0322 -0.9995 -0.0000
vn 0.0447 -0.0000 -0.9990
vn 0.0322 0.9995 -0.0000
vn -0.0000 0.0109 0.9999
vn 0.9999 0.0109 -0.0000
vn -0.0000 0.0109 -0.9999
vn -0.9999 0.0109 -0.0000
vn -0.0447 -0.0000 0.9990
vn -0.0322 -0.9995 -0.0000
vn -0.0447 -0.0000 -0.9990
vn -0.0322 0.9995 -0.0000
vn -0.0000 -0.7776 0.6288
vn -0.0000 -0.9307 0.3659
vn -0.0000 -0.9901 0.1405
vn -0.0000 -1.0000 0.0001
vn -0.0000 0.8642 -0.5032
vn -0.0000 0.7776 -0.6288
vn -0.0000 0.9670 -0.2549
vn -0.0000 1.0000 -0.0001
vn -1.0000 -0.0001 -0.0046
vn -1.0000 -0.0001 -0.0045
vn 1.0000 -0.0001 -0.0017
vn 1.0000 -0.0001 -0.0018
vn -0.0000 -0.7776 -0.6288
vn -0.0000 -0.9307 -0.3658
vn -0.0000 -0.9901 -0.1405
vn -0.0000 0.7776 0.6288
vn -0.0000 0.8642 0.5032
vn -0.0000 0.9670 0.2549
vn -0.0001 -0.0000 -1.0000
vn -1.0000 -0.0001 0.0045
vn -1.0000 -0.0001 0.0046
vn 1.0000 -0.0001 0.0017
vn 1.0000 -0.0001 0.0018
vn -0.9713 0.2330 -0.0478
vn -0.0478 0.2330 -0.9713
vn -0.9934 0.1151 -0.0000
vn -0.9875 0.1579 -0.0000
vn -0.9824 0.1870 -0.0000
vn -0.0015 1.0000 0.0009
vn -0.9710 0.2341 0.0483
vn -0.0147 0.0995 0.9949
vn -0.0000 0.0402 0.9992
vn -0.0000 -0.0153 0.9999
vn -0.0009 1.0000 0.0014
vn -0.0009 1.0000 0.0015
vn -0.0483 0.2341 0.9710
vn -0.0000 0.0638 0.9980
vn -0.0000 0.1981 0.9802
vn 0.9713 0.2330 -0.0478
vn 0.0478 0.2330 -0.9713
vn 0.9875 0.1579 -0.0000
vn 0.9934 0.1151 -0.0000
vn 0.9824 0.1870 -0.0000
vn 0.0015 1.0000 0.0009
vn 0.9710 0.2341 0.0483
vn 0.0147 0.0995 0.9949
vn 0.0010 1.0000 0.0015
vn 0.0009 1.0000 0.0015
vn 0.0483 0.2341 0.9710
vn -0.6122 0.7906 0.0088
vn -0.6109 0.7917 0.0085
vn -0.5193 0.6956 -0.4964
vn -0.4814 0.6576 -0.5795
vn -0.8513 -0.3926 -0.3481
vn -0.9274 -0.3737 -0.0177
vn -0.9275 -0.3734 -0.0185
vn -0.8979 -0.3898 -0.2046
vn -0.4815 0.6576 -0.5794
vn -0.5411 -0.5831 -0.6059
vn -0.5972 -0.5345 -0.5981
vn 0.4246 -0.2874 -0.8586
vn 0.2886 -0.1657 -0.9430
vn 0.4465 -0.3427 -0.8266
vn 0.0302 0.0013 -0.9995
vn -0.0000 0.0676 -0.9977
vn -0.0000 -0.4802 -0.8772
vn 0.3596 -0.4233 -0.8316
vn 0.6922 0.7217 -0.0000
vn 0.7396 -0.6731 -0.0000
vn 0.7400 -0.6726 -0.0004
vn 0.7309 -0.6825 0.0002
vn 0.7307 -0.6827 -0.0000
vn 0.6235 -0.7818 -0.0000
vn -0.7431 -0.6692 -0.0012
vn -0.7476 -0.6642 0.0004
vn -0.6899 -0.7239 0.0007
vn -0.6815 -0.7318 -0.0009
vn -0.6440 0.7651 -0.0000
vn -0.6439 0.7649 0.0164
vn -0.6439 0.7650 0.0161
vn -0.5767 0.6987 -0.4234
vn -0.5668 0.6877 -0.4536
vn -0.1701 0.2535 -0.9523
vn 0.4606 -0.3980 -0.7934
vn 0.4728 -0.4125 -0.7787
vn 0.7217 -0.6922 -0.0000
vn -0.9737 -0.2277 -0.0000
vn -0.9737 -0.2277 -0.0049
vn -0.9737 -0.2277 -0.0048
vn -0.9499 -0.2219 -0.2203
vn -0.9094 -0.2123 -0.3576
vn -0.6371 0.7708 -0.0000
vn -0.6370 0.7707 0.0165
vn -0.6370 0.7707 0.0163
vn -0.5685 0.6963 -0.4382
vn -0.5765 0.7054 -0.4125
vn 0.0489 0.0466 -0.9977
vn 0.4727 -0.4125 -0.7787
vn 0.4465 -0.3427 -0.8265
vn 0.3120 -0.2488 -0.9169
vn 0.7314 -0.6820 -0.0065
vn -0.9977 -0.0681 -0.0000
vn -0.9977 -0.0681 -0.0015
vn -0.9977 -0.0681 -0.0014
vn -0.9105 -0.0923 -0.4030
vn -0.9599 -0.0854 -0.2670
vn -0.6611 -0.1485 -0.7354
vn -0.4240 -0.4100 -0.8075
vn -0.6116 0.7912 -0.0000
vn -0.6271 0.7785 0.0272
vn -0.6267 0.7788 0.0269
vn -0.5708 0.6934 -0.4397
vn -0.5563 0.6772 -0.4816
vn -0.1532 0.2436 -0.9577
vn 0.6236 -0.7818 -0.0000
vn -0.9726 -0.2326 -0.0000
vn -0.9726 -0.2326 -0.0050
vn -0.9726 -0.2326 -0.0049
vn -0.8955 -0.2272 -0.3826
vn -0.9430 -0.2335 -0.2373
vn -0.6703 -0.2436 -0.7010
vn -0.4108 -0.4670 -0.7831
vn -0.6922 -0.7217 -0.0000
vn -0.8855 -0.4646 -0.0011
vn -0.8834 -0.4687 0.0003
vn -0.9488 -0.3158 -0.0007
vn -0.9452 -0.3264 -0.0000
vn -0.4835 0.8753 -0.0000
vn -0.0000 0.9988 0.0485
vn -0.4834 0.8744 0.0422
vn -0.4123 0.7779 -0.4741
vn -0.0000 0.8870 -0.4618
vn 0.0302 0.0014 -0.9995
vn -0.5934 0.8049 -0.0000
vn -0.9280 -0.3726 -0.0000
vn 0.7402 -0.6722 -0.0126
vn -0.7632 -0.6461 0.0047
vn -0.6905 -0.7233 0.0069
vn -0.5765 0.7054 -0.4124
vn -0.5563 0.6771 -0.4816
vn -0.8755 -0.4831 0.0112
vn -0.9434 -0.3311 0.0209
vn -0.4122 0.7780 -0.4742
vn -0.5193 0.6956 0.4964
vn -0.6109 0.7917 -0.0085
vn -0.6122 0.7906 -0.0088
vn -0.4814 0.6576 0.5794
vn -0.8513 -0.3926 0.3481
vn -0.8978 -0.3899 0.2048
vn -0.9275 -0.3734 0.0185
vn -0.9274 -0.3736 0.0177
vn -0.4814 0.6577 0.5794
vn -0.5411 -0.5831 0.6059
vn -0.5972 -0.5345 0.5981
vn 0.4246 -0.2874 0.8586
vn 0.4465 -0.3427 0.8266
vn 0.2886 -0.1657 0.9430
vn -0.0000 -0.4802 0.8772
vn -0.0000 0.0676 0.9977
vn 0.0302 0.0013 0.9995
vn 0.3596 -0.4233 0.8316
vn 0.7309 -0.6825 -0.0002
vn 0.7400 -0.6726 0.0005
vn -0.6739 -0.7389 -0.0006
vn -0.7401 -0.6725 -0.0005
vn -0.6439 0.7650 -0.0162
vn -0.6439 0.7649 -0.0164
vn -0.5767 0.6987 0.4234
vn -0.1700 0.2536 0.9523
vn 0.0640 0.0320 0.9974
vn -0.5668 0.6877 0.4536
vn 0.4728 -0.4125 0.7787
vn 0.4606 -0.3980 0.7934
vn -0.9737 -0.2277 0.0048
vn -0.9737 -0.2277 0.0049
vn -0.9499 -0.2219 0.2203
vn -0.9094 -0.2123 0.3577
vn -0.6370 0.7707 -0.0163
vn -0.6370 0.7707 -0.0165
vn -0.5685 0.6963 0.4382
vn -0.5764 0.7054 0.4124
vn 0.4727 -0.4125 0.7787
vn 0.7313 -0.6820 0.0065
vn -0.9977 -0.0681 0.0014
vn -0.9977 -0.0681 0.0015
vn -0.9105 -0.0923 0.4030
vn -0.6611 -0.1485 0.7354
vn -0.9599 -0.0854 0.2670
vn -0.6267 0.7788 -0.0269
vn -0.6271 0.7785 -0.0272
vn -0.5708 0.6934 0.4397
vn -0.1532 0.2436 0.9577
vn -0.5564 0.6772 0.4816
vn -0.9726 -0.2326 0.0049
vn -0.9726 -0.2326 0.0050
vn -0.8955 -0.2272 0.3826
vn -0.4108 -0.4670 0.7831
vn -0.6703 -0.2436 0.7010
vn -0.9430 -0.2335 0.2373
vn -0.7402 -0.6724 -0.0004
vn -0.8863 -0.4631 -0.0003
vn -0.9494 -0.3141 -0.0000
vn 0.6922 0.7218 -0.0000
vn -0.0000 0.0001 1.0000
vn -0.4834 0.8744 -0.0422
vn -0.0000 0.9988 -0.0485
vn -0.4123 0.7780 0.4741
vn -0.0000 0.0677 0.9977
vn -0.0000 0.8870 0.4618
vn 0.7402 -0.6722 0.0126
vn -0.6743 -0.7384 -0.0051
vn -0.7576 -0.6527 -0.0023
vn -0.5767 0.6987 0.4233
vn -0.5668 0.6878 0.4536
vn -0.5765 0.7054 0.4124
vn -0.5563 0.6772 0.4816
vn -0.8783 -0.4780 -0.0091
vn -0.9477 -0.3186 -0.0195
vn -0.4123 0.7779 0.4742
vn 0.8513 -0.3926 -0.3481
vn 0.8979 -0.3898 -0.2046
vn 0.9274 -0.3737 -0.0185
vn 0.9275 -0.3733 -0.0177
vn 0.5411 -0.5832 -0.6059
vn 0.5972 -0.5345 -0.5981
vn 0.8979 -0.3898 -0.2047
vn -0.0302 0.0013 -0.9995
vn -0.3595 -0.4233 -0.8316
vn -0.6922 0.7217 -0.0000
vn -0.6235 -0.7818 -0.0000
vn 0.6439 0.7650 0.0161
vn 0.6439 0.7649 0.0164
vn 0.6440 0.7651 -0.0000
vn 0.5767 0.6987 -0.4234
vn 0.1700 0.2536 -0.9523
vn -0.0640 0.0320 -0.9974
vn 0.5668 0.6877 -0.4536
vn -0.4728 -0.4125 -0.7787
vn -0.4606 -0.3980 -0.7934
vn -0.7217 -0.6922 -0.0000
vn 0.9737 -0.2277 -0.0048
vn 0.9737 -0.2277 -0.0049
vn 0.9737 -0.2277 -0.0000
vn 0.9499 -0.2219 -0.2203
vn 0.9094 -0.2122 -0.3577
vn 0.6370 0.7707 0.0163
vn 0.6370 0.7707 0.0165
vn 0.6371 0.7708 -0.0000
vn 0.1783 0.2600 -0.9490
vn -0.0490 0.0466 -0.9977
vn 0.5685 0.6963 -0.4382
vn 0.5764 0.7054 -0.4125
vn -0.4465 -0.3428 -0.8265
vn -0.4727 -0.4125 -0.7787
vn -0.7309 -0.6825 0.0002
vn -0.7314 -0.6820 -0.0065
vn 0.9977 -0.0681 -0.0014
vn 0.9977 -0.0681 -0.0015
vn 0.9977 -0.0681 -0.0000
vn 0.9105 -0.0923 -0.4030
vn 0.4240 -0.4100 -0.8075
vn 0.6611 -0.1485 -0.7354
vn 0.9599 -0.0854 -0.2670
vn 0.6266 0.7789 0.0269
vn 0.6271 0.7785 0.0272
vn 0.6116 0.7912 -0.0000
vn 0.5708 0.6934 -0.4397
vn 0.1532 0.2436 -0.9577
vn -0.0669 0.0232 -0.9975
vn 0.5564 0.6772 -0.4816
vn -0.3596 -0.4233 -0.8316
vn -0.6236 -0.7818 -0.0000
vn 0.9726 -0.2326 -0.0049
vn 0.9726 -0.2326 -0.0050
vn 0.9726 -0.2326 -0.0000
vn 0.8955 -0.2272 -0.3826
vn 0.4108 -0.4670 -0.7831
vn 0.6703 -0.2436 -0.7010
vn 0.9430 -0.2335 -0.2373
vn 0.6922 -0.7217 -0.0000
vn 0.4835 0.8753 -0.0000
vn 0.4834 0.8744 0.0422
vn 0.4123 0.7779 -0.4741
vn 0.9279 -0.3727 -0.0000
vn 0.9280 -0.3726 -0.0000
vn 0.5765 0.7054 -0.4124
vn -0.7307 -0.6827 -0.0000
vn 0.5563 0.6771 -0.4816
vn 0.4123 0.7779 -0.4742
vn 0.8513 -0.3926 0.3481
vn 0.9275 -0.3733 0.0177
vn 0.9275 -0.3734 0.0185
vn 0.8979 -0.3898 0.2046
vn 0.5411 -0.5831 0.6059
vn 0.8979 -0.3898 0.2047
vn 0.5972 -0.5345 0.5981
vn -0.0302 0.0013 0.9995
vn -0.3596 -0.4233 0.8316
vn 0.6439 0.7649 -0.0164
vn 0.6439 0.7650 -0.0162
vn 0.5767 0.6987 0.4234
vn 0.5668 0.6877 0.4536
vn 0.1701 0.2536 0.9523
vn -0.4606 -0.3980 0.7934
vn -0.4728 -0.4125 0.7787
vn 0.9737 -0.2277 0.0049
vn 0.9737 -0.2277 0.0048
vn 0.9499 -0.2219 0.2203
vn 0.9094 -0.2122 0.3577
vn 0.6370 0.7707 -0.0165
vn 0.6370 0.7707 -0.0163
vn 0.5685 0.6963 0.4382
vn -0.0489 0.0466 0.9977
vn 0.5764 0.7054 0.4124
vn -0.4727 -0.4125 0.7787
vn -0.4465 -0.3427 0.8266
vn -0.7309 -0.6825 -0.0002
vn -0.7313 -0.6820 0.0065
vn 0.9977 -0.0681 0.0015
vn 0.9977 -0.0681 0.0014
vn 0.9105 -0.0923 0.4030
vn 0.9599 -0.0854 0.2670
vn 0.6611 -0.1484 0.7354
vn 0.4240 -0.4100 0.8076
vn 0.6271 0.7785 -0.0272
vn 0.6266 0.7789 -0.0269
vn 0.5708 0.6934 0.4397
vn 0.5563 0.6772 0.4816
vn 0.1532 0.2436 0.9577
vn 0.9726 -0.2326 0.0050
vn 0.9726 -0.2326 0.0049
vn 0.8955 -0.2272 0.3826
vn 0.9430 -0.2335 0.2373
vn 0.6703 -0.2436 0.7010
vn 0.4108 -0.4670 0.7831
vn -0.6922 0.7218 -0.0000
vn 0.4834 0.8744 -0.0422
vn 0.4123 0.7779 0.4741
vn 0.5668 0.6878 0.4536
vn 0.5767 0.6987 0.4233
vn 0.5765 0.7054 0.4124
vn 0.5563 0.6771 0.4816
vn 0.4122 0.7780 0.4742
vn 0.5193 0.6956 -0.4964
vn 0.6109 0.7917 0.0085
vn 0.6122 0.7906 0.0088
vn 0.4814 0.6576 -0.5795
vn 0.4814 0.6576 -0.5794
vn 0.0514 0.1779 -0.9827
vn -0.4246 -0.2874 -0.8586
vn -0.4465 -0.3427 -0.8266
vn -0.7396 -0.6731 -0.0000
vn -0.7400 -0.6726 -0.0004
vn 0.7151 -0.6990 0.0019
vn 0.6186 -0.7857 0.0014
vn 0.6046 -0.7965 0.0006
vn 0.7089 -0.7053 0.0008
vn 0.7090 -0.7052 0.0007
vn 0.8981 -0.4397 0.0003
vn 0.8968 -0.4425 0.0017
vn 0.9648 -0.2630 0.0001
vn 0.9631 -0.2690 0.0011
vn 0.5934 0.8049 -0.0000
vn -0.7402 -0.6722 -0.0126
vn 0.6044 -0.7967 -0.0022
vn 0.7342 -0.6789 -0.0076
vn 0.8894 -0.4571 0.0001
vn 0.9636 -0.2670 0.0139
vn 0.6122 0.7906 -0.0088
vn 0.6109 0.7917 -0.0085
vn 0.5193 0.6957 0.4964
vn 0.4814 0.6576 0.5794
vn -0.0969 0.0644 0.9932
vn 0.0514 0.1779 0.9827
vn 0.4815 0.6576 0.5794
vn 0.5193 0.6956 0.4964
vn -0.4246 -0.2874 0.8586
vn -0.7400 -0.6726 0.0005
vn 0.7211 -0.6928 -0.0006
vn 0.6319 -0.7750 -0.0006
vn 0.8936 -0.4488 -0.0003
vn 0.7212 -0.6927 -0.0006
vn 0.9592 -0.2829 -0.0001
vn -0.7402 -0.6722 0.0126
vn 0.7434 -0.6689 0.0037
vn 0.6320 -0.7749 -0.0006
vn 0.8852 -0.4653 -0.0036
vn 0.9578 -0.2870 -0.0161
vn 0.8660 -0.0000 -0.5000
vn 0.8661 -0.0000 -0.4999
vn -0.8660 -0.0000 0.5000
vn -0.8661 -0.0000 0.4999
vn 0.1061 0.9925 -0.0613
vn 0.2131 0.9692 -0.1231
vn 0.4358 0.8642 -0.2516
vn 0.5446 0.7776 -0.3144
vn 0.5446 0.7776 -0.3143
vn 0.8661 -0.0000 0.4999
vn -0.8661 -0.0000 -0.4999
vn 0.2131 0.9692 0.1231
vn 0.1061 0.9925 0.0612
vn 0.4358 0.8642 0.2516
vn 0.5446 0.7776 0.3143
vn 0.6088 -0.0000 0.7934
vn 0.9915 -0.0000 0.1305
vn 0.7933 -0.0000 -0.6088
vn 0.7934 -0.0000 -0.6088
vn 0.1306 -0.0000 -0.9914
vn -0.6087 -0.0000 -0.7934
vn -0.6088 -0.0000 -0.7934
vn -0.9915 -0.0000 -0.1305
vn -0.7933 -0.0000 0.6088
vn -0.7934 -0.0000 0.6088
vn -0.1306 -0.0000 0.9914
vn 0.6087 -0.0000 0.7934
vn 0.9914 -0.0000 0.1305
vn -0.9914 -0.0000 -0.1305
vn -0.6088 -0.0000 -0.7933
vn -0.7934 -0.0000 0.6087
vn -0.1305 -0.0000 0.9914
vn 0.5205 -0.7992 0.3005
vn 0.5205 0.7992 0.3005
vn 0.5875 -0.8090 0.0178
vn 0.5875 -0.8091 0.0177
vn 0.5875 0.8091 0.0178
vn 0.5875 0.8090 0.0178
vn 0.5874 0.8091 0.0177
vn 0.9878 -0.0000 -0.1559
vn 0.9878 -0.0000 -0.1558
vn 0.5206 -0.7992 0.3005
vn 0.5875 -0.8091 0.0178
vn 0.5875 0.8091 0.0177
vn -0.4541 0.4187 0.7865
vn 0.4369 0.4864 -0.7567
vn 0.0486 0.9953 -0.0842
vn 0.0014 1.0000 -0.0024
vn -0.0429 0.9963 0.0744
vn 0.4921 0.1770 -0.8523
vn 0.3574 0.6993 -0.6191
vn -0.3574 0.6993 0.6191
vn -0.4915 -0.1833 0.8514
vn 0.4680 -0.3518 -0.8107
vn -0.4014 -0.5963 0.6952
vn 0.0041 -1.0000 -0.0072
vn 0.4698 -0.3422 -0.8138
vn 0.4698 -0.3422 -0.8137
vn 0.3574 -0.6993 -0.6191
vn -0.3574 -0.6993 0.6191
vn 0.3678 0.6775 -0.6370
vn -0.2022 0.9146 0.3501
vn -0.4905 0.1945 0.8495
vn -0.4904 0.1945 0.8495
vn 0.3397 0.7338 -0.5884
vn 0.3397 0.7337 -0.5884
vn -0.4478 0.4450 0.7755
vn -0.4478 0.4450 0.7756
vn 0.4505 0.8540 0.2601
vn -0.1292 -0.0000 0.9916
vn -0.1291 -0.0000 0.9916
vn -0.8599 -0.1192 -0.4964
vn -0.8598 -0.1192 -0.4964
vn 0.8582 0.1338 0.4955
vn 0.4733 0.1027 -0.8749
vn 0.4758 -0.0000 -0.8795
vn 0.4759 -0.0000 -0.8795
vn 0.7942 -0.0000 -0.6077
vn -0.5237 -0.0000 0.8519
vn -0.5238 -0.0000 0.8519
vn -0.5210 0.1027 0.8474
vn 0.4505 -0.8540 0.2601
vn -0.5602 -0.7626 -0.3234
vn 0.5624 0.7604 0.3247
vn 0.5624 0.7605 0.3247
vn 0.7148 -0.1371 -0.6858
vn 0.7148 -0.1372 -0.6858
vn -0.2365 -0.1371 0.9619
vn -0.8599 0.1192 -0.4964
vn 0.8582 -0.1337 0.4955
vn 0.4733 -0.1027 -0.8749
vn -0.5210 -0.1027 0.8473
vn -0.5602 0.7626 -0.3234
vn 0.5624 -0.7605 0.3247
vn 0.7148 0.1371 -0.6858
vn 0.7148 0.1372 -0.6858
vn -0.2365 0.1371 0.9619
vn -0.2366 0.1371 0.9619
vn -0.4505 0.8540 -0.2601
vn -0.7942 -0.0000 0.6077
vn 0.8598 -0.1192 0.4965
vn 0.8598 -0.1192 0.4964
vn -0.8583 0.1337 -0.4955
vn 0.5237 -0.0000 -0.8519
vn 0.5210 0.1027 -0.8474
vn 0.5210 0.1027 -0.8473
vn 0.5238 -0.0000 -0.8519
vn 0.1292 -0.0000 -0.9916
vn 0.1291 -0.0000 -0.9916
vn -0.4733 0.1027 0.8749
vn -0.4759 -0.0000 0.8795
vn -0.4505 -0.8540 -0.2601
vn 0.5602 -0.7626 0.3234
vn -0.5624 0.7605 -0.3247
vn 0.2365 -0.1371 -0.9619
vn 0.2365 -0.1372 -0.9619
vn -0.7148 -0.1371 0.6858
vn -0.7147 -0.1371 0.6858
vn -0.7942 -0.0000 0.6076
vn 0.8599 0.1192 0.4964
vn 0.8598 0.1192 0.4964
vn -0.8583 -0.1337 -0.4955
vn 0.5210 -0.1027 -0.8474
vn 0.5210 -0.1027 -0.8473
vn -0.4733 -0.1027 0.8749
vn 0.5602 0.7626 0.3234
vn -0.5624 -0.7604 -0.3247
vn -0.5624 -0.7605 -0.3247
vn 0.2365 0.1371 -0.9619
vn 0.2365 0.1372 -0.9619
vn -0.7148 0.1371 0.6858
vn -0.7147 0.1371 0.6858
vn -0.0000 -0.4654 -0.8851
vn 0.8934 -0.4492 -0.0000
vn -0.0000 0.1406 0.9901
vn -0.9913 0.1314 -0.0000
vn -0.0000 -0.4654 0.8851
vn -0.8934 -0.4492 -0.0000
vn -0.0000 0.1406 -0.9901
vn 0.9913 0.1314 -0.0000
vn -0.9764 0.2159 -0.0000
vn -0.8292 0.5590 -0.0000
vn -0.8291 0.5590 -0.0000
vn -0.6407 0.7678 -0.0000
vn -0.6406 0.7679 -0.0000
vn -0.3907 0.9205 -0.0000
vn -0.2298 0.9732 -0.0000
vn 0.8261 -0.5636 -0.0000
vn 0.8678 -0.1969 0.4562
vn 0.9752 -0.2213 -0.0000
vn 0.6407 -0.7678 -0.0000
vn 0.3908 -0.9205 -0.0000
vn 0.6406 -0.7679 -0.0000
vn 0.3907 -0.9205 -0.0000
vn 0.2298 -0.9732 -0.0000
vn 0.4158 0.8089 0.4157
vn 0.9752 -0.2212 -0.0000
vn 0.9985 0.0540 -0.0000
vn -0.0000 0.9988 0.0498
vn -0.7043 0.7099 -0.0000
vn 0.2371 -0.9715 -0.0000
vn 0.4157 0.8089 0.4157
vn -0.0000 0.2517 -0.9678
vn -0.0000 0.3339 -0.9426
vn 0.9995 0.0310 -0.0000
vn 0.9764 0.2159 -0.0000
vn 0.8291 0.5590 -0.0000
vn 0.8292 0.5590 -0.0000
vn 0.6406 0.7679 -0.0000
vn 0.6406 0.7678 -0.0000
vn 0.3908 0.9205 -0.0000
vn 0.3907 0.9205 -0.0000
vn 0.2298 0.9732 -0.0000
vn -0.8261 -0.5636 -0.0000
vn -0.9752 -0.2213 -0.0000
vn -0.8678 -0.1969 0.4562
vn -0.6406 -0.7678 -0.0000
vn -0.6406 -0.7679 -0.0000
vn -0.3908 -0.9205 -0.0000
vn -0.2298 -0.9732 -0.0000
vn -0.3907 -0.9205 -0.0000
vn -0.4158 0.8089 0.4157
vn -0.9752 -0.2212 -0.0000
vn -0.9985 0.0540 -0.0000
vn 0.7043 0.7099 -0.0000
vn -0.2371 -0.9715 -0.0000
vn -0.4157 0.8089 0.4157
vn -0.0000 0.0029 1.0000
vn -0.9995 0.0310 -0.0000
vt 0.248033 0.750138
vt 0.232658 0.626110
vt 0.248033 0.626110
vt 0.125000 0.750138
vt 0.187500 0.626110
vt 0.125000 0.626110
vt 0.116517 0.626110
vt 0.116516 0.626110
vt 0.125000 0.750000
vt 0.232658 0.626110
vt 0.248033 0.750000
vt 0.232658 0.626110
vt 0.187500 0.626110
vt 0.250865 0.001949
vt 0.136410 0.001949
vt 0.250866 0.120426
vt 0.131234 0.120513
vt 0.245829 0.120514
vt 0.131233 0.002356
vt 0.375000 0.125000
vt 0.356727 0.202731
vt 0.312500 0.185145
vt 0.250001 0.125000
vt 0.268274 0.202731
vt 0.250001 0.125000
vt 0.312500 0.185145
vt 0.268274 0.202730
vt 0.375000 0.125000
vt 0.356727 0.202730
vt 0.116516 0.626110
vt 0.136410 0.001949
vt 0.232659 0.626110
vt 0.116516 0.626110
vt 0.934147 0.525895
vt 0.949732 0.496461
vt 0.965318 0.525895
vt 0.949733 0.496461
vt 0.357163 0.614879
vt 0.357163 0.584737
vt 0.289746 0.614879
vt 0.308710 0.596519
vt 0.289746 0.611855
vt 0.328249 0.588838
vt 0.308711 0.596519
vt 0.083858 0.405515
vt 0.014451 0.404629
vt 0.018155 0.415102
vt 0.147519 0.406559
vt 0.076303 0.418451
vt 0.192062 0.378356
vt 0.192042 0.405779
vt 0.313896 0.378356
vt 0.358339 0.403625
vt 0.422101 0.404874
vt 0.313987 0.406773
vt 0.443777 0.378356
vt 0.465734 0.404919
vt 0.139804 0.497669
vt 0.205908 0.497669
vt 0.201634 0.470481
vt 0.056810 0.469095
vt 0.143639 0.447011
vt 0.405697 0.431353
vt 0.454403 0.442958
vt 0.043068 0.449422
vt 0.373591 0.497669
vt 0.443996 0.497669
vt 0.304538 0.470452
vt 0.302049 0.497669
vt 0.056128 0.497669
vt 0.028374 0.470220
vt 0.300511 0.431304
vt 0.000968 0.497231
vt 0.008596 0.415397
vt 0.207453 0.378356
vt 0.162728 0.404708
vt 0.207510 0.404160
vt 0.132431 0.497669
vt 0.207382 0.469664
vt 0.207438 0.497669
vt 0.141499 0.468481
vt 0.149528 0.441908
vt 0.207795 0.412650
vt 0.089577 0.434916
vt 0.056100 0.497669
vt 0.207710 0.430526
vt 0.003991 0.458975
vt 0.752702 0.857595
vt 0.745298 0.844435
vt 0.721165 0.857595
vt 0.737397 0.950299
vt 0.750448 0.950299
vt 0.755685 0.721500
vt 0.756893 0.838836
vt 0.721166 0.721500
vt 0.755686 0.721500
vt 0.755686 0.704776
vt 0.369398 0.547768
vt 0.481457 0.553877
vt 0.481457 0.547768
vt 0.481457 0.610977
vt 0.481457 0.553878
vt 0.500910 0.610977
vt 0.492457 0.569200
vt 0.497967 0.584986
vt 0.369398 0.547769
vt 0.481457 0.547768
vt 0.327428 0.572638
vt 0.327428 0.558148
vt 0.309937 0.565393
vt 0.317182 0.547902
vt 0.302692 0.547902
vt 0.292446 0.558148
vt 0.292446 0.572638
vt 0.302692 0.582884
vt 0.317182 0.582884
vt 0.327428 0.572638
vt 0.327428 0.558148
vt 0.317182 0.547902
vt 0.302692 0.547902
vt 0.292446 0.558148
vt 0.292446 0.572638
vt 0.302692 0.582884
vt 0.317182 0.582884
vt 0.403446 0.642374
vt 0.365928 0.646042
vt 0.403446 0.832519
vt 0.315770 0.654610
vt 0.290359 0.640326
vt 0.271166 0.832519
vt 0.301409 0.637348
vt 0.312459 0.637348
vt 0.271166 0.642374
vt 0.276935 0.838134
vt 0.312459 0.838134
vt 0.315770 0.829393
vt 0.365928 0.824500
vt 0.322524 0.838134
vt 0.360750 0.838134
vt 0.334229 0.637348
vt 0.360734 0.637348
vt 0.318913 0.637348
vt 0.386696 0.640045
vt 0.397676 0.637348
vt 0.388444 0.637348
vt 0.382898 0.637348
vt 0.370376 0.637348
vt 0.315770 0.829393
vt 0.360749 0.838134
vt 0.318913 0.637348
vt 0.457031 0.750395
vt 0.415327 0.795694
vt 0.457031 0.795694
vt 0.415327 0.740439
vt 0.500022 0.842911
vt 0.457031 0.837864
vt 0.457043 0.846431
vt 0.549476 0.891844
vt 0.560965 0.857395
vt 0.553525 0.900309
vt 0.541501 0.883303
vt 0.532593 0.875802
vt 0.521933 0.844474
vt 0.500015 0.837864
vt 0.560965 0.900309
vt 0.447971 0.837864
vt 0.519423 0.871366
vt 0.302163 0.892956
vt 0.315804 0.907565
vt 0.343100 0.853747
vt 0.323729 0.924608
vt 0.499643 0.735817
vt 0.499643 0.625138
vt 0.478561 0.735817
vt 0.457478 0.625138
vt 0.457478 0.735817
vt 0.125000 0.375000
vt 0.125000 0.125000
vt 0.250000 0.125000
vt 0.250000 0.375000
vt 0.125000 0.375000
vt 0.250001 0.375000
vt 0.250001 0.125000
vt 0.625000 0.375000
vt 0.500000 0.375000
vt 0.500000 0.125000
vt 0.625000 0.125000
vt 0.001768 0.750000
vt 0.125000 0.875000
vt 0.001768 0.875000
vt 0.001768 0.750138
vt 0.001768 0.626110
vt 0.248033 0.875000
vt 0.072491 0.187500
vt 0.072491 0.375000
vt 0.500000 0.375000
vt 0.500000 0.125000
vt 0.625000 0.125000
vt 0.625000 0.375000
vt 0.375000 0.375000
vt 0.375000 0.125000
vt 0.001840 0.125000
vt 0.001840 0.187500
vt 0.375000 0.375000
vt 0.500000 0.125000
vt 0.500000 0.375000
vt 0.125000 0.636379
vt 0.188179 0.636379
vt 0.248033 0.636379
vt 0.125000 0.002274
vt 0.001840 0.002274
vt 0.250001 0.375000
vt 0.268274 0.298893
vt 0.356727 0.298893
vt 0.375000 0.375000
vt 0.268274 0.298893
vt 0.356727 0.298893
vt 0.375000 0.375000
vt 0.001840 0.375000
vt 0.500000 0.125000
vt 0.635084 0.427008
vt 0.635084 0.125335
vt 0.665080 0.156253
vt 0.665080 0.427008
vt 0.695080 0.156253
vt 0.695080 0.427008
vt 0.725076 0.125335
vt 0.725076 0.427008
vt 0.691338 0.443349
vt 0.873699 0.443349
vt 0.873699 0.468556
vt 0.691338 0.468556
vt 0.873698 0.493734
vt 0.691338 0.493734
vt 0.873699 0.518973
vt 0.691338 0.518973
vt 0.873699 0.544188
vt 0.691338 0.544188
vt 0.691338 0.518944
vt 0.867786 0.493734
vt 0.840920 0.518954
vt 0.867931 0.468556
vt 0.840933 0.443349
vt 0.840933 0.544188
vt 0.933819 0.492468
vt 0.900443 0.492468
vt 0.900443 0.512183
vt 0.933819 0.512183
vt 0.933819 0.030515
vt 0.933819 0.009732
vt 0.900443 0.009732
vt 0.900443 0.030515
vt 0.953532 0.492165
vt 0.953531 0.030515
vt 0.880731 0.030515
vt 0.880731 0.492165
vt 0.953531 0.123591
vt 0.933819 0.123591
vt 0.988044 0.123591
vt 0.988044 0.030515
vt 0.900443 0.123591
vt 0.880731 0.123591
vt 0.635084 0.427008
vt 0.665080 0.156253
vt 0.635084 0.125335
vt 0.695080 0.156253
vt 0.933819 0.492468
vt 0.933819 0.512183
vt 0.900443 0.512183
vt 0.900443 0.492468
vt 0.953531 0.492165
vt 0.880731 0.030515
vt 0.880731 0.492165
vt 0.743990 0.308384
vt 0.743990 0.008571
vt 0.775925 0.039298
vt 0.775925 0.308384
vt 0.807864 0.039299
vt 0.807864 0.308384
vt 0.839800 0.008571
vt 0.839800 0.308384
vt 0.871740 0.008571
vt 0.871740 0.308384
vt 0.734721 0.005670
vt 0.734721 0.034134
vt 0.265278 0.034134
vt 0.296145 0.005670
vt 0.734721 0.062607
vt 0.265153 0.062498
vt 0.734721 0.091071
vt 0.296145 0.091071
vt 0.734721 0.119543
vt 0.296145 0.119543
vt 0.874755 0.408919
vt 0.731588 0.408919
vt 0.731588 0.438431
vt 0.874755 0.438432
vt 0.874755 0.320373
vt 0.731588 0.320373
vt 0.731588 0.349890
vt 0.874755 0.349890
vt 0.731588 0.379403
vt 0.874755 0.379402
vt 0.755577 0.408919
vt 0.755577 0.438431
vt 0.874755 0.438432
vt 0.874755 0.320373
vt 0.755577 0.320374
vt 0.755577 0.350084
vt 0.874755 0.350084
vt 0.755577 0.379403
vt 0.873699 0.443349
vt 0.873698 0.468556
vt 0.650678 0.643704
vt 0.663916 0.643704
vt 0.663916 0.440441
vt 0.650678 0.440441
vt 0.635587 0.643704
vt 0.650679 0.643704
vt 0.650679 0.440441
vt 0.635587 0.440441
vt 0.663916 0.643704
vt 0.663916 0.440441
vt 0.975236 0.492321
vt 0.975236 0.637335
vt 0.989044 0.637335
vt 0.989044 0.492321
vt 0.995573 0.492321
vt 0.995573 0.637335
vt 0.989044 0.637335
vt 0.975237 0.637335
vt 0.968708 0.637335
vt 0.968707 0.492321
vt 0.939442 0.545478
vt 0.960023 0.545478
vt 0.296145 0.005670
vt 0.265153 0.062498
vt 0.296145 0.091071
vt 0.296145 0.119543
vt 0.775925 0.039298
vt 0.731588 0.320374
vt 0.775925 0.039299
vt 0.296145 0.005670
vt 0.296145 0.091071
vt 0.296145 0.119543
vt 0.873699 0.468556
vt 0.873699 0.493734
vt 0.549798 0.507035
vt 0.510523 0.507035
vt 0.510523 0.378995
vt 0.549798 0.378995
vt 0.612475 0.507031
vt 0.601222 0.507032
vt 0.601222 0.378992
vt 0.612474 0.378992
vt 0.549797 0.507037
vt 0.510522 0.507039
vt 0.510522 0.378999
vt 0.549797 0.378998
vt 0.612475 0.507035
vt 0.601222 0.507035
vt 0.601222 0.378995
vt 0.612475 0.378995
vt 0.549798 0.507034
vt 0.612475 0.507031
vt 0.612475 0.378992
vt 0.169313 0.575636
vt 0.169313 0.561196
vt 0.163653 0.561196
vt 0.163757 0.575636
vt 0.136604 0.526191
vt 0.136559 0.511509
vt 0.027959 0.511509
vt 0.027945 0.526191
vt 0.006750 0.575636
vt 0.006762 0.561196
vt 0.687975 0.643473
vt 0.827154 0.643472
vt 0.827153 0.606941
vt 0.687974 0.606942
vt 0.687974 0.600731
vt 0.827153 0.600731
vt 0.561498 0.378993
vt 0.561498 0.507033
vt 0.561498 0.378997
vt 0.561498 0.507036
vt 0.561499 0.378993
vt 0.561499 0.507033
vt 0.549797 0.378998
vt 0.561498 0.378997
vt 0.561498 0.507037
vt 0.549797 0.507038
vt 0.455168 0.415711
vt 0.288163 0.415711
vt 0.288163 0.497677
vt 0.455168 0.497677
vt 0.827153 0.564200
vt 0.687974 0.564200
vt 0.144955 0.415711
vt 0.144955 0.497677
vt 0.827153 0.557990
vt 0.687974 0.557989
vt 0.027842 0.511509
vt 0.687974 0.606942
vt 0.687974 0.600731
vt 0.687974 0.564200
vt 0.687974 0.557989
vt 0.931735 0.645917
vt 0.959082 0.645917
vt 0.959082 0.549659
vt 0.931735 0.549659
vt 0.899875 0.645917
vt 0.899875 0.549659
vt 0.870757 0.645917
vt 0.870757 0.549659
vt 0.830841 0.645917
vt 0.830841 0.549659
vt 0.624827 0.440441
vt 0.650678 0.440441
vt 0.650678 0.643704
vt 0.624827 0.643704
vt 0.681450 0.440441
vt 0.681450 0.643704
vt 0.878815 0.516644
vt 0.878815 0.545761
vt 0.918288 0.545761
vt 0.918288 0.516644
vt 0.995495 0.469171
vt 0.995495 0.130383
vt 0.981973 0.146153
vt 0.981973 0.469170
vt 0.971817 0.146153
vt 0.971817 0.254004
vt 0.958291 0.254004
vt 0.958291 0.130383
vt 0.995495 0.469171
vt 0.981973 0.469171
vt 0.958291 0.469171
vt 0.971817 0.469171
vt 0.981973 0.254004
vt 0.995495 0.254004
vt 0.971817 0.469170
vt 0.542517 0.566503
vt 0.614573 0.566503
vt 0.614573 0.531265
vt 0.542517 0.531265
vt 0.526574 0.531265
vt 0.526574 0.566502
vt 0.614573 0.582446
vt 0.542517 0.582446
vt 0.212519 0.503720
vt 0.212519 0.621167
vt 0.235075 0.621167
vt 0.235075 0.503720
vt 0.452424 0.536303
vt 0.469361 0.536303
vt 0.469361 0.505708
vt 0.452425 0.505708
vt 0.483941 0.536303
vt 0.483941 0.505708
vt 0.504221 0.536304
vt 0.504221 0.505709
vt 0.508826 0.551826
vt 0.496525 0.561773
vt 0.510178 0.578656
vt 0.524009 0.570602
vt 0.517016 0.596051
vt 0.532417 0.591991
vt 0.520667 0.621790
vt 0.536645 0.621790
vt 0.400259 0.536303
vt 0.419095 0.536303
vt 0.419095 0.505708
vt 0.400259 0.505708
vt 0.382332 0.536303
vt 0.382331 0.505708
vt 0.358853 0.536304
vt 0.358853 0.505709
vt 0.427082 0.536303
vt 0.427082 0.505708
vt 0.436677 0.505708
vt 0.436677 0.536303
vt 0.508826 0.541586
vt 0.496525 0.541586
vt 0.199150 0.503720
vt 0.199150 0.621167
vt 0.248444 0.621167
vt 0.248444 0.503720
vt 0.176594 0.621167
vt 0.176594 0.503720
vt 0.259835 0.505369
vt 0.254649 0.505369
vt 0.254649 0.609797
vt 0.259835 0.609797
vt 0.267015 0.505369
vt 0.267015 0.609797
vt 0.259835 0.609797
vt 0.267016 0.609797
vt 0.267016 0.505369
vt 0.259835 0.505369
vt 0.254649 0.505369
vt 0.259836 0.607129
vt 0.254649 0.607129
vt 0.254649 0.505369
vt 0.259836 0.505369
vt 0.267015 0.607129
vt 0.267015 0.505369
vt 0.259836 0.505369
vt 0.267016 0.505369
vt 0.259835 0.607129
vt 0.254649 0.607129
vt 0.254650 0.505369
vt 0.357163 0.625165
vt 0.289746 0.625165
vt 0.274131 0.505369
vt 0.274140 0.612085
vt 0.282884 0.612085
vt 0.282893 0.505369
vt 0.271338 0.505369
vt 0.271338 0.612085
vt 0.285686 0.612085
vt 0.285686 0.505368
vt 0.510178 0.578656
vt 0.496525 0.561773
vt 0.517016 0.596051
vt 0.520667 0.621790
vt 0.496525 0.541586
vt 0.235075 0.621168
vt 0.212519 0.621168
vt 0.452424 0.536303
vt 0.452425 0.505708
vt 0.469361 0.505708
vt 0.504221 0.505709
vt 0.504221 0.536304
vt 0.419095 0.505708
vt 0.419095 0.536303
vt 0.400259 0.536303
vt 0.400259 0.505708
vt 0.358853 0.505709
vt 0.427082 0.505708
vt 0.427082 0.536303
vt 0.436677 0.505708
vt 0.199150 0.503720
vt 0.199150 0.621167
vt 0.248444 0.621168
vt 0.176594 0.621167
vt 0.176594 0.503720
vt 0.289746 0.625165
vt 0.508826 0.551826
vt 0.508826 0.541586
vt 0.496525 0.541586
vt 0.542517 0.515322
vt 0.614573 0.515322
vt 0.542517 0.617683
vt 0.614573 0.617683
vt 0.041463 0.378356
vt 0.010663 0.445242
vt 0.492180 0.404815
vt 0.492180 0.378356
vt 0.492180 0.497669
vt 0.492180 0.431173
vt 0.341847 0.404462
vt 0.341727 0.378356
vt 0.342041 0.497669
vt 0.342001 0.470630
vt 0.342060 0.431325
vt 0.787152 0.443349
vt 0.787152 0.468556
vt 0.787152 0.493734
vt 0.787152 0.518973
vt 0.787152 0.544188
vt 0.997225 0.950299
vt 0.997225 0.857595
vt 0.783105 0.857595
vt 0.783105 0.950299
vt 0.783105 0.721500
vt 0.997225 0.721500
vt 0.997225 0.704776
vt 0.783105 0.704776
vt 0.721165 0.950299
vt 0.755686 0.650963
vt 0.721166 0.650963
vt 0.900916 0.503359
vt 0.933900 0.503361
vt 0.933901 0.493034
vt 0.900918 0.493033
vt 0.941259 0.188849
vt 0.933904 0.188848
vt 0.941255 0.493035
vt 0.709377 0.950299
vt 0.571681 0.950299
vt 0.571679 0.857600
vt 0.709373 0.857604
vt 0.571680 0.721500
vt 0.571679 0.650963
vt 0.709371 0.650963
vt 0.709372 0.721500
vt 0.783014 0.984264
vt 0.997225 0.984264
vt 0.997225 0.997276
vt 0.783105 0.997276
vt 0.997225 0.837445
vt 0.783105 0.837445
vt 0.721165 0.721500
vt 0.571679 0.721500
vt 0.571679 0.857604
vt 0.721165 0.857604
vt 0.571679 0.721500
vt 0.571680 0.857604
vt 0.721166 0.857604
vt 0.900920 0.188848
vt 0.893562 0.493033
vt 0.893566 0.188848
vt 0.783014 0.971069
vt 0.997225 0.971069
vt 0.783105 0.650963
vt 0.997225 0.650963
vt 0.775838 0.984264
vt 0.709372 0.721500
vt 0.709373 0.721500
vt 0.775838 0.971069
vt 0.481457 0.542542
vt 0.369398 0.542542
vt 0.369398 0.610977
vt 0.363773 0.610977
vt 0.363773 0.547768
vt 0.481457 0.616140
vt 0.369398 0.616139
vt 0.369398 0.610978
vt 0.500910 0.616140
vt 0.505874 0.610945
vt 0.502931 0.584949
vt 0.497421 0.569151
vt 0.486420 0.553819
vt 0.486420 0.547709
vt 0.355303 0.524964
vt 0.355303 0.533533
vt 0.290862 0.533533
vt 0.290862 0.524964
vt 0.355303 0.542118
vt 0.290862 0.542118
vt 0.355303 0.533544
vt 0.355303 0.524964
vt 0.290862 0.533544
vt 0.355303 0.516397
vt 0.290862 0.516397
vt 0.355303 0.507835
vt 0.290862 0.507835
vt 0.355303 0.507835
vt 0.355303 0.516397
vt 0.290862 0.507835
vt 0.612140 0.624172
vt 0.612140 0.643774
vt 0.556291 0.643774
vt 0.556290 0.624172
vt 0.618459 0.647450
vt 0.555786 0.647434
vt 0.618459 0.620496
vt 0.555785 0.620512
vt 0.512824 0.635350
vt 0.512824 0.632596
vt 0.503153 0.636280
vt 0.503153 0.631666
vt 0.388444 0.631095
vt 0.397676 0.631095
vt 0.339526 0.631095
vt 0.339526 0.637348
vt 0.355516 0.637348
vt 0.355516 0.631095
vt 0.328847 0.631095
vt 0.328847 0.637348
vt 0.301409 0.631095
vt 0.312459 0.631095
vt 0.318913 0.631095
vt 0.334229 0.631095
vt 0.360734 0.631095
vt 0.318913 0.631095
vt 0.337516 0.637348
vt 0.337516 0.631095
vt 0.410916 0.642374
vt 0.410939 0.634119
vt 0.263300 0.634086
vt 0.263300 0.642374
vt 0.276935 0.637348
vt 0.410916 0.832519
vt 0.397676 0.838134
vt 0.368557 0.838134
vt 0.368557 0.845832
vt 0.397676 0.845832
vt 0.356716 0.838134
vt 0.339861 0.838134
vt 0.339861 0.845832
vt 0.356716 0.845832
vt 0.322524 0.845832
vt 0.276935 0.845832
vt 0.312459 0.845832
vt 0.347329 0.838134
vt 0.333920 0.838134
vt 0.333920 0.845832
vt 0.347329 0.845832
vt 0.360750 0.845832
vt 0.410916 0.841247
vt 0.332320 0.845832
vt 0.332320 0.838134
vt 0.263300 0.832519
vt 0.276935 0.631095
vt 0.286855 0.637348
vt 0.286855 0.631095
vt 0.324109 0.637348
vt 0.324108 0.631095
vt 0.336341 0.637348
vt 0.336341 0.631095
vt 0.353590 0.637348
vt 0.353590 0.631095
vt 0.370376 0.631095
vt 0.375590 0.637348
vt 0.375590 0.631095
vt 0.379518 0.637348
vt 0.379518 0.631095
vt 0.382898 0.631095
vt 0.368557 0.838134
vt 0.350864 0.212013
vt 0.325553 0.212024
vt 0.328534 0.215791
vt 0.347817 0.215783
vt 0.325553 0.236975
vt 0.328534 0.231945
vt 0.286610 0.213906
vt 0.280055 0.213906
vt 0.276615 0.244399
vt 0.290050 0.244399
vt 0.311349 0.212012
vt 0.305266 0.212012
vt 0.301934 0.244175
vt 0.314681 0.244175
vt 0.317635 0.212965
vt 0.320997 0.244175
vt 0.347817 0.231937
vt 0.350864 0.236965
vt 0.295618 0.244175
vt 0.298980 0.212965
vt 0.290050 0.209354
vt 0.276615 0.209354
vt 0.315109 0.198208
vt 0.301506 0.198207
vt 0.319937 0.205218
vt 0.296678 0.205218
vt 0.350864 0.236965
vt 0.347817 0.231937
vt 0.328534 0.231945
vt 0.325553 0.236975
vt 0.328534 0.215791
vt 0.325553 0.212023
vt 0.280055 0.274892
vt 0.286610 0.274892
vt 0.305266 0.276338
vt 0.311349 0.276338
vt 0.317635 0.275385
vt 0.347817 0.215783
vt 0.350864 0.212013
vt 0.298979 0.275385
vt 0.276615 0.279443
vt 0.290050 0.279443
vt 0.301505 0.290143
vt 0.315109 0.290143
vt 0.319938 0.283132
vt 0.296676 0.283132
vt 0.558568 0.819222
vt 0.558568 0.844555
vt 0.533235 0.844555
vt 0.533235 0.819222
vt 0.684441 0.998145
vt 0.678377 0.984800
vt 0.740642 0.984800
vt 0.734578 0.998145
vt 0.678346 0.963035
vt 0.740673 0.963035
vt 0.678346 0.963035
vt 0.693280 0.952405
vt 0.725739 0.952405
vt 0.533590 0.994481
vt 0.560899 0.984057
vt 0.560899 0.951909
vt 0.533590 0.941484
vt 0.428601 0.853747
vt 0.343100 0.985735
vt 0.428601 0.985735
vt 0.296703 0.946813
vt 0.296703 0.891512
vt 0.225332 0.891512
vt 0.225332 0.946813
vt 0.323729 0.985735
vt 0.524695 0.746796
vt 0.508297 0.747526
vt 0.508297 0.725346
vt 0.524695 0.724556
vt 0.508297 0.701837
vt 0.524695 0.701816
vt 0.508297 0.676782
vt 0.524695 0.677567
vt 0.508297 0.645002
vt 0.524695 0.646470
vt 0.524695 0.815791
vt 0.508297 0.815791
vt 0.558747 0.721915
vt 0.558747 0.737697
vt 0.542430 0.738903
vt 0.542430 0.722651
vt 0.558747 0.701589
vt 0.542430 0.701582
vt 0.558747 0.679850
vt 0.542430 0.679047
vt 0.558747 0.654777
vt 0.542430 0.653434
vt 0.558747 0.815791
vt 0.542430 0.815790
vt 0.542430 0.750002
vt 0.558747 0.750002
vt 0.500015 0.795694
vt 0.415298 0.837864
vt 0.515401 0.853338
vt 0.515391 0.846409
vt 0.457057 0.856187
vt 0.508172 0.898625
vt 0.508172 0.886510
vt 0.434004 0.886509
vt 0.434004 0.898626
vt 0.434004 0.861497
vt 0.434004 0.873613
vt 0.508172 0.873613
vt 0.508172 0.861497
vt 0.520288 0.886510
vt 0.520287 0.873613
vt 0.179321 0.946813
vt 0.179321 0.891512
vt 0.415269 0.845001
vt 0.447971 0.845001
vt 0.134279 0.951810
vt 0.173887 0.951810
vt 0.173887 0.887824
vt 0.134279 0.887824
vt 0.296703 0.995156
vt 0.215742 0.995156
vt 0.434444 0.963264
vt 0.461017 0.963264
vt 0.452835 0.954366
vt 0.434444 0.954366
vt 0.515386 0.842888
vt 0.500015 0.750395
vt 0.457031 0.794401
vt 0.500015 0.794401
vt 0.553525 0.943181
vt 0.560965 0.943181
vt 0.175352 0.959214
vt 0.133817 0.959214
vt 0.133817 0.994694
vt 0.211423 0.994694
vt 0.567088 0.981907
vt 0.675196 0.981907
vt 0.675196 0.965350
vt 0.567088 0.965350
vt 0.567088 0.981907
vt 0.670796 0.965350
vt 0.670796 0.981907
vt 0.572792 0.988944
vt 0.675196 0.988944
vt 0.670796 0.988944
vt 0.570736 0.988944
vt 0.569073 0.958313
vt 0.670796 0.958313
vt 0.675196 0.958313
vt 0.573014 0.958313
vt 0.528951 0.977197
vt 0.528950 0.963264
vt 0.461017 0.977197
vt 0.434444 0.977197
vt 0.529081 0.957197
vt 0.470400 0.957404
vt 0.527709 0.948187
vt 0.527709 0.933959
vt 0.434166 0.933960
vt 0.434166 0.948189
vt 0.527708 0.903017
vt 0.434166 0.903018
vt 0.541937 0.933959
vt 0.541936 0.903016
vt 0.413279 0.625138
vt 0.413279 0.735817
vt 0.125000 0.785644
vt 0.001768 0.785644
vt 0.058500 0.626110
vt 0.166991 0.553161
vt 0.137068 0.608563
vt 0.027805 0.608563
vt 0.167251 0.580256
vt 0.284221 0.881430
vt 0.258628 0.875387
vt 0.258628 0.853747
vt 0.375000 0.000000
vt 0.625000 0.000000
vt 0.625000 0.250000
vt 0.375000 0.250000
vt 0.625000 0.500000
vt 0.375000 0.500000
vt 0.625000 0.750000
vt 0.375000 0.750000
vt 0.625000 1.000000
vt 0.375000 1.000000
vt 0.125000 0.500000
vt 0.875000 0.500000
vt 0.875000 0.750000
s 0
usemtl Village1_WoodenHouse1
f 1/1/1 2/2/1 3/3/1
f 4/4/1 5/5/1 6/6/1
f 7/4/1 8/7/1 9/6/1
f 10/8/1 11/6/1 12/9/1
f 13/10/1 14/3/1 15/11/1
f 16/1/1 17/12/1 5/5/1
f 1/1/1 4/4/1 18/13/1
f 4/4/1 16/1/1 5/5/1
f 4/4/1 6/6/1 18/13/1
f 19/14/2 20/15/2 21/16/2
f 22/17/2 23/18/2 24/19/2
f 25/20/3 26/21/3 27/22/3
f 28/23/3 29/22/3 30/24/3
f 31/23/3 32/20/3 33/22/3
f 34/25/4 35/26/4 36/27/4
f 37/28/4 38/29/4 39/26/4
f 40/28/4 41/26/4 42/25/4
f 1/1/1 18/13/1 2/2/1
f 43/4/1 44/6/1 45/30/1
f 46/14/5 47/16/5 48/31/5
f 49/17/5 50/19/5 51/18/5
f 52/11/1 53/3/1 54/32/1
f 55/14/5 56/15/5 57/16/5
f 58/17/5 59/18/5 60/19/5
f 61/9/1 62/6/1 63/33/1
f 64/14/2 65/16/2 66/15/2
f 67/17/2 68/19/2 69/18/2
f 16/1/1 70/3/1 17/12/1
f 71/14/5 72/16/5 73/15/5
f 74/17/5 75/19/5 76/18/5
f 77/14/5 78/15/5 79/16/5
f 80/17/5 81/18/5 82/19/5
f 83/14/2 84/31/2 85/16/2
f 86/17/2 87/18/2 88/19/2
f 89/14/2 90/16/2 91/15/2
f 92/17/2 93/19/2 94/18/2
f 95/20/3 96/22/3 97/21/3
f 98/23/3 99/24/3 100/22/3
f 101/23/3 102/22/3 103/20/3
f 104/25/4 105/27/4 106/26/4
f 107/28/4 108/26/4 109/29/4
f 110/28/4 111/25/4 112/26/4
f 113/34/6 114/35/6 115/36/6
f 116/36/7 117/37/7 118/34/7
f 119/34/8 120/35/8 121/36/8
f 122/36/9 123/37/9 124/34/9
f 125/34/6 126/35/6 127/36/6
f 128/36/7 129/37/7 130/34/7
f 131/34/8 132/35/8 133/36/8
f 134/36/9 135/37/9 136/34/9
f 137/38/3 138/39/3 139/40/3
f 140/41/10 141/42/10 142/40/10
f 143/41/11 144/39/11 145/43/11
f 146/40/3 147/39/3 148/41/3
f 149/38/4 150/40/4 151/39/4
f 152/44/12 153/40/12 154/42/12
f 155/44/13 156/43/13 157/39/13
f 158/40/4 159/44/4 160/39/4
f 161/38/3 162/40/3 163/39/3
f 164/41/14 165/40/14 166/42/14
f 167/41/15 168/43/15 169/39/15
f 170/40/3 171/41/3 172/39/3
f 173/38/4 174/39/4 175/40/4
f 176/44/16 177/42/16 178/40/16
f 179/44/17 180/39/17 181/43/17
f 182/40/4 183/39/4 184/44/4
s 1
f 185/45/18 186/46/19 187/47/20
f 188/48/21 185/45/18 189/49/22
s 0
f 190/45/1 191/48/1 192/50/1
f 191/48/1 193/51/1 192/50/1
f 194/52/1 195/53/1 196/54/1
f 193/51/1 197/55/1 194/52/1
f 194/52/1 197/55/1 195/53/1
f 198/56/1 196/54/1 199/57/1
f 193/51/1 194/52/1 192/50/1
f 196/54/1 198/56/1 194/52/1
s 1
f 200/58/23 201/59/24 202/60/25
f 203/61/26 204/62/27 189/49/22
f 205/53/28 206/63/29 207/54/30
f 207/54/30 206/63/29 208/64/31
f 187/47/20 189/49/22 185/45/18
f 209/65/32 203/61/26 189/49/22
f 210/66/33 211/67/34 206/63/29
f 212/68/35 213/69/36 210/66/33
f 203/61/26 214/70/37 200/58/23
f 203/61/26 209/65/32 215/71/38
f 202/60/25 212/68/35 216/72/39
f 217/51/40 216/72/39 218/55/41
f 218/55/41 216/72/39 205/53/28
f 219/57/42 207/54/30 208/64/31
f 211/67/34 208/64/31 206/63/29
f 206/63/29 212/68/35 210/66/33
f 189/49/22 187/47/20 209/65/32
f 216/72/39 217/51/40 202/60/25
f 204/62/27 202/60/25 217/51/40
f 200/58/23 204/62/27 203/61/26
f 202/60/25 204/62/27 200/58/23
f 217/51/40 188/48/21 204/62/27
f 189/49/22 204/62/27 188/48/21
f 214/70/37 215/71/38 220/73/43
f 203/61/26 215/71/38 214/70/37
f 221/74/44 187/47/20 186/46/19
f 222/45/45 223/47/46 224/46/47
s 0
f 225/45/1 226/75/1 227/76/1
f 228/76/1 229/75/1 230/77/1
s 1
f 231/78/48 232/79/49 233/80/50
f 232/79/49 234/81/51 235/82/52
f 236/76/53 237/77/54 238/83/55
f 239/65/56 240/84/57 234/81/51
f 234/81/51 231/78/48 241/85/58
f 240/84/57 239/65/56 223/47/46
f 235/82/52 238/83/55 242/86/59
f 222/45/45 236/76/53 240/84/57
f 223/47/46 222/45/45 240/84/57
f 232/79/49 231/78/48 234/81/51
f 238/83/55 235/82/52 236/76/53
f 240/84/57 236/76/53 235/82/52
f 242/86/59 232/79/49 235/82/52
f 241/85/58 239/65/56 234/81/51
f 235/82/52 234/81/51 240/84/57
f 241/85/58 243/73/60 244/71/61
f 239/65/56 241/85/58 244/71/61
f 245/74/62 224/46/47 223/47/46
f 215/71/38 246/87/63 220/73/43
f 243/73/60 247/87/64 244/71/61
f 206/63/29 216/72/39 212/68/35
f 206/63/29 205/53/28 216/72/39
f 248/45/65 249/47/66 250/46/67
f 251/48/68 252/49/69 248/45/65
s 0
f 253/45/1 254/50/1 255/48/1
f 255/48/1 254/50/1 256/51/1
f 257/52/1 258/54/1 259/53/1
f 256/51/1 257/52/1 260/55/1
f 257/52/1 259/53/1 260/55/1
f 261/56/1 262/57/1 258/54/1
f 256/51/1 254/50/1 257/52/1
f 258/54/1 257/52/1 261/56/1
s 1
f 263/58/70 264/60/71 265/59/72
f 266/61/73 252/49/69 267/62/74
f 268/53/75 269/54/76 270/63/77
f 269/54/76 271/64/78 270/63/77
f 249/47/66 248/45/65 252/49/69
f 272/65/79 252/49/69 266/61/73
f 273/66/80 270/63/77 274/67/81
f 275/68/82 273/66/80 276/69/83
f 266/61/73 263/58/70 277/70/84
f 266/61/73 278/71/85 272/65/79
f 264/60/71 279/72/86 275/68/82
f 280/51/87 281/55/88 279/72/86
f 281/55/88 268/53/75 279/72/86
f 282/57/89 271/64/78 269/54/76
f 274/67/81 270/63/77 271/64/78
f 270/63/77 273/66/80 275/68/82
f 252/49/69 272/65/79 249/47/66
f 279/72/86 264/60/71 280/51/87
f 267/62/74 280/51/87 264/60/71
f 263/58/70 266/61/73 267/62/74
f 264/60/71 263/58/70 267/62/74
f 280/51/87 267/62/74 251/48/68
f 252/49/69 251/48/68 267/62/74
f 277/70/84 283/73/90 278/71/85
f 266/61/73 277/70/84 278/71/85
f 278/71/85 283/73/90 284/87/91
f 270/63/77 275/68/82 279/72/86
f 270/63/77 279/72/86 268/53/75
f 250/46/67 249/47/66 285/74/92
f 286/45/93 287/46/94 288/47/95
f 289/48/96 286/45/93 290/49/97
s 0
f 291/45/1 292/48/1 293/50/1
f 292/48/1 294/51/1 293/50/1
f 294/51/1 295/55/1 296/52/1
f 294/51/1 296/52/1 293/50/1
s 1
f 297/58/98 298/59/99 299/60/100
f 300/61/101 301/62/102 290/49/97
f 288/47/95 290/49/97 286/45/93
f 302/65/103 300/61/101 290/49/97
f 300/61/101 303/70/104 297/58/98
f 300/61/101 302/65/103 304/71/105
f 299/60/100 305/68/106 306/72/107
f 307/51/108 306/72/107 308/55/109
f 290/49/97 288/47/95 302/65/103
f 306/72/107 307/51/108 299/60/100
f 301/62/102 299/60/100 307/51/108
f 297/58/98 301/62/102 300/61/101
f 299/60/100 301/62/102 297/58/98
f 307/51/108 289/48/96 301/62/102
f 290/49/97 301/62/102 289/48/96
f 303/70/104 304/71/105 309/73/110
f 300/61/101 304/71/105 303/70/104
f 304/71/105 310/87/111 309/73/110
f 287/46/94 311/74/112 288/47/95
f 312/45/113 313/47/114 314/46/115
f 315/48/116 316/49/117 312/45/113
s 0
f 317/45/1 318/50/1 319/48/1
f 319/48/1 318/50/1 320/51/1
f 321/52/1 322/54/1 323/53/1
f 320/51/1 321/52/1 324/55/1
f 321/52/1 323/53/1 324/55/1
f 325/56/1 326/57/1 322/54/1
f 320/51/1 318/50/1 321/52/1
f 322/54/1 321/52/1 325/56/1
s 1
f 327/58/118 328/60/119 329/59/120
f 330/61/121 316/49/117 331/62/122
f 332/53/123 333/54/124 334/63/125
f 333/54/124 335/64/126 334/63/125
f 313/47/114 312/45/113 316/49/117
f 336/65/127 316/49/117 330/61/121
f 337/66/128 334/63/125 338/67/129
f 339/68/130 337/66/128 340/69/131
f 330/61/121 327/58/118 341/70/132
f 330/61/121 342/71/133 336/65/127
f 328/60/119 343/72/134 339/68/130
f 344/51/135 345/55/136 343/72/134
f 345/55/136 332/53/123 343/72/134
f 346/57/137 335/64/126 333/54/124
f 338/67/129 334/63/125 335/64/126
f 334/63/125 337/66/128 339/68/130
f 316/49/117 336/65/127 313/47/114
f 343/72/134 328/60/119 344/51/135
f 331/62/122 344/51/135 328/60/119
f 327/58/118 330/61/121 331/62/122
f 328/60/119 327/58/118 331/62/122
f 344/51/135 331/62/122 315/48/116
f 316/49/117 315/48/116 331/62/122
f 341/70/132 347/73/138 342/71/133
f 330/61/121 341/70/132 342/71/133
f 348/74/139 314/46/115 313/47/114
f 349/45/140 350/46/141 351/47/142
s 0
f 352/45/1 353/76/1 354/75/1
f 355/76/1 356/77/1 357/75/1
s 1
f 358/78/143 359/80/144 360/79/145
f 360/79/145 361/82/146 362/81/147
f 363/76/148 364/83/149 365/77/54
f 366/65/150 362/81/147 367/84/151
f 362/81/147 368/85/152 358/78/143
f 367/84/151 351/47/142 366/65/150
f 361/82/146 369/86/153 364/83/149
f 349/45/140 367/84/151 363/76/148
f 351/47/142 367/84/151 349/45/140
f 360/79/145 362/81/147 358/78/143
f 364/83/149 363/76/148 361/82/146
f 367/84/151 361/82/146 363/76/148
f 369/86/153 361/82/146 360/79/145
f 368/85/152 362/81/147 366/65/150
f 361/82/146 367/84/151 362/81/147
f 368/85/152 370/71/154 371/73/155
f 366/65/150 370/71/154 368/85/152
f 372/74/156 351/47/142 350/46/141
f 342/71/133 347/73/138 373/87/157
f 371/73/155 370/71/154 374/87/158
f 334/63/125 339/68/130 343/72/134
f 334/63/125 343/72/134 332/53/123
f 375/45/159 376/46/160 377/47/161
f 378/48/162 375/45/159 379/49/163
s 0
f 380/45/1 381/48/1 382/50/1
f 381/48/1 383/51/1 382/50/1
f 384/52/1 385/53/1 386/54/1
f 383/51/1 387/55/1 384/52/1
f 384/52/1 387/55/1 385/53/1
f 388/56/1 386/54/1 389/57/1
f 383/51/1 384/52/1 382/50/1
f 386/54/1 388/56/1 384/52/1
s 1
f 390/58/164 391/59/165 392/60/166
f 393/61/167 394/62/168 379/49/163
f 395/53/169 396/63/170 397/54/171
f 397/54/171 396/63/170 398/64/172
f 377/47/161 379/49/163 375/45/159
f 399/65/173 393/61/167 379/49/163
f 400/66/174 401/67/175 396/63/170
f 402/68/176 403/69/177 400/66/174
f 393/61/167 404/70/178 390/58/164
f 393/61/167 399/65/173 405/71/179
f 392/60/166 402/68/176 406/72/180
f 407/51/181 406/72/180 408/55/182
f 408/55/182 406/72/180 395/53/169
f 409/57/183 397/54/171 398/64/172
f 401/67/175 398/64/172 396/63/170
f 396/63/170 402/68/176 400/66/174
f 379/49/163 377/47/161 399/65/173
f 406/72/180 407/51/181 392/60/166
f 394/62/168 392/60/166 407/51/181
f 390/58/164 394/62/168 393/61/167
f 392/60/166 394/62/168 390/58/164
f 407/51/181 378/48/162 394/62/168
f 379/49/163 394/62/168 378/48/162
f 404/70/178 405/71/179 410/73/184
f 393/61/167 405/71/179 404/70/178
f 405/71/179 411/87/185 410/73/184
f 396/63/170 406/72/180 402/68/176
f 396/63/170 395/53/169 406/72/180
f 376/46/160 412/74/186 377/47/161
f 413/45/187 414/47/188 415/46/189
f 416/48/190 417/49/191 413/45/187
s 0
f 418/45/1 419/50/1 420/48/1
f 420/48/1 419/50/1 421/51/1
f 421/51/1 422/52/1 423/55/1
f 421/51/1 419/50/1 422/52/1
s 1
f 424/58/192 425/60/193 426/59/194
f 427/61/195 417/49/191 428/62/196
f 414/47/188 413/45/187 417/49/191
f 429/65/197 417/49/191 427/61/195
f 427/61/195 424/58/192 430/70/198
f 427/61/195 431/71/199 429/65/197
f 425/60/193 432/72/200 433/68/201
f 434/51/202 435/55/203 432/72/200
f 417/49/191 429/65/197 414/47/188
f 432/72/200 425/60/193 434/51/202
f 428/62/196 434/51/202 425/60/193
f 424/58/192 427/61/195 428/62/196
f 425/60/193 424/58/192 428/62/196
f 434/51/202 428/62/196 416/48/190
f 417/49/191 416/48/190 428/62/196
f 430/70/198 436/73/204 431/71/199
f 427/61/195 430/70/198 431/71/199
f 431/71/199 436/73/204 437/87/205
f 415/46/189 414/47/188 438/74/206
s 0
f 439/38/3 440/39/3 441/40/3
f 442/41/10 443/42/10 444/40/10
f 445/41/11 446/39/11 447/43/11
f 448/40/3 449/39/3 450/41/3
f 451/38/4 452/40/4 453/39/4
f 454/44/12 455/40/12 456/42/12
f 457/44/13 458/43/13 459/39/13
f 460/40/4 461/44/4 462/39/4
f 463/38/3 464/40/3 465/39/3
f 466/41/14 467/40/14 468/42/14
f 469/41/207 470/43/207 471/39/207
f 472/40/3 473/41/3 474/39/3
f 475/38/4 476/39/4 477/40/4
f 478/44/208 479/42/208 480/40/208
f 481/44/17 482/39/17 483/43/17
f 484/40/4 485/39/4 486/44/4
s 1
f 487/88/209 488/89/210 489/90/211
f 490/88/212 491/89/213 492/90/214
f 493/88/215 494/89/216 495/90/217
f 496/88/218 497/91/219 498/92/220
f 499/93/221 500/89/222 501/94/223
f 502/93/224 503/89/225 504/94/226
f 505/93/227 506/89/228 507/94/229
f 508/88/230 509/94/231 510/89/232
f 511/88/209 512/94/233 513/89/234
f 514/88/235 515/94/236 516/89/237
f 517/95/238 518/96/239 519/97/240
f 520/88/241 521/90/242 522/89/243
f 523/88/244 524/90/245 525/89/246
f 526/88/247 527/90/248 528/89/249
f 529/88/250 530/92/251 531/91/252
f 532/93/253 533/94/254 534/89/255
f 535/93/256 536/94/257 537/89/258
f 538/93/259 539/94/260 540/89/261
f 541/88/262 542/89/263 543/94/264
f 544/88/241 545/89/265 546/94/266
f 547/88/267 548/89/268 549/94/269
f 550/95/270 551/97/271 552/96/272
f 553/88/273 554/90/274 555/89/275
f 556/88/276 557/90/277 558/89/278
f 559/88/279 560/90/280 561/89/281
f 562/93/282 563/94/283 564/89/284
f 565/93/285 566/94/286 567/89/287
f 568/93/288 569/94/289 570/89/290
f 559/88/279 561/89/281 571/94/291
f 572/88/273 573/89/292 574/94/293
f 556/88/276 558/89/278 575/94/294
f 576/95/295 577/97/296 578/96/297
f 579/88/298 580/89/299 581/90/300
f 582/88/301 583/89/302 584/90/303
f 585/88/304 586/89/305 587/90/306
f 588/93/307 589/89/308 590/94/309
f 591/93/310 592/89/311 593/94/312
f 594/93/313 595/89/314 596/94/315
f 585/88/304 597/94/316 586/89/305
f 598/88/317 599/94/318 600/89/319
f 582/88/301 601/94/320 583/89/302
f 602/95/321 603/96/322 604/97/323
f 605/88/324 606/92/325 607/91/326
f 608/88/327 609/91/328 610/92/329
s 0
f 611/98/330 612/99/330 613/100/330
f 614/101/331 615/102/331 616/103/331
f 617/104/332 618/105/332 619/103/332
f 620/102/333 621/104/333 622/103/333
f 623/101/334 624/103/334 625/99/334
f 626/104/335 627/103/335 628/105/335
f 629/99/334 630/103/334 631/104/334
f 632/106/331 633/107/331 634/102/331
f 635/98/336 636/100/336 637/99/336
f 638/101/337 639/103/337 640/102/337
f 641/104/338 642/103/338 643/105/338
s 1
f 644/102/339 645/103/339 646/104/339
s 0
f 647/101/340 648/99/340 649/103/340
f 650/104/341 651/105/341 652/103/341
f 653/99/340 654/104/340 655/103/340
f 656/106/337 657/102/337 658/107/337
f 659/98/330 660/99/330 661/100/330
f 662/101/331 663/102/331 664/103/331
f 665/104/332 666/105/332 667/103/332
f 668/102/333 669/104/333 670/103/333
f 671/101/334 672/103/334 673/99/334
f 674/104/335 675/103/335 676/105/335
f 677/99/334 678/103/334 679/104/334
f 680/106/331 681/107/331 682/102/331
f 683/98/336 684/100/336 685/99/336
f 686/101/337 687/103/337 688/102/337
f 689/104/338 690/103/338 691/105/338
f 692/102/339 693/103/339 694/104/339
f 695/101/340 696/99/340 697/103/340
f 698/104/341 699/105/341 700/103/341
f 701/99/340 702/104/340 703/103/340
f 704/106/337 705/102/337 706/107/337
s 1
f 707/108/342 708/109/343 709/110/1
f 708/109/343 710/111/344 709/110/1
f 710/111/344 711/112/345 709/110/1
f 711/112/345 712/113/346 709/110/1
f 712/113/346 713/114/347 709/110/1
f 713/114/347 714/115/348 709/110/1
f 714/115/348 715/116/349 709/110/1
f 715/116/349 707/108/342 709/110/1
f 716/117/350 717/110/351 718/118/352
f 718/118/352 717/110/351 719/119/353
f 719/119/353 717/110/351 720/120/354
f 720/120/354 717/110/351 721/121/355
f 721/121/355 717/110/351 722/122/356
f 722/122/356 717/110/351 723/123/357
f 723/123/357 717/110/351 724/124/358
f 724/124/358 717/110/351 716/117/350
f 725/108/342 726/109/343 727/110/1
f 726/109/343 728/111/344 727/110/1
f 728/111/344 729/112/345 727/110/1
f 729/112/345 730/113/346 727/110/1
f 730/113/346 731/114/347 727/110/1
f 731/114/347 732/115/348 727/110/1
f 732/115/348 733/116/349 727/110/1
f 733/116/349 725/108/342 727/110/1
f 734/117/359 735/110/351 736/118/352
f 736/118/352 735/110/351 737/119/353
f 737/119/353 735/110/351 738/120/354
f 738/120/354 735/110/351 739/121/355
f 739/121/355 735/110/351 740/122/356
f 740/122/356 735/110/351 741/123/357
f 741/123/357 735/110/351 742/124/358
f 742/124/358 735/110/351 734/117/359
s 0
f 743/125/360 744/126/360 745/127/360
f 746/128/360 747/129/360 748/130/360
f 749/128/360 750/131/360 751/129/360
f 752/128/360 753/132/360 754/131/360
f 755/129/360 756/133/360 757/130/360
f 758/130/360 759/134/360 760/135/360
f 761/126/360 762/136/360 763/137/360
f 764/126/360 765/137/360 766/127/360
f 767/138/360 768/139/360 769/137/360
f 770/130/360 771/135/360 772/136/360
f 773/128/360 774/130/360 775/136/360
f 776/136/360 777/138/360 778/137/360
f 779/126/360 780/140/360 781/128/360
f 782/126/360 783/141/360 784/140/360
f 785/140/360 786/142/360 787/128/360
f 788/126/360 789/128/360 790/136/360
f 791/125/360 792/143/360 793/126/360
f 794/125/360 795/144/360 796/145/360
f 797/125/360 798/145/360 799/143/360
s 1
f 800/143/360 801/146/360 802/126/360
s 0
f 803/146/360 804/147/360 805/126/360
f 806/125/361 807/127/361 808/126/361
f 809/128/361 810/130/361 811/129/361
f 812/128/361 813/129/361 814/131/361
f 815/128/361 816/131/361 817/132/361
f 818/129/361 819/130/361 820/133/361
f 821/130/361 822/135/361 823/134/361
f 824/126/361 825/137/361 826/148/361
f 827/126/361 828/127/361 829/137/361
f 830/138/361 831/137/361 832/149/361
f 833/130/361 834/148/361 835/135/361
f 836/128/361 837/148/361 838/130/361
f 839/148/361 840/137/361 841/138/361
f 842/126/361 843/128/361 844/140/361
s 1
f 845/126/361 846/140/361 847/141/361
s 0
f 848/140/361 849/128/361 850/150/361
s 1
f 851/126/361 852/148/361 853/128/361
s 0
f 854/125/361 855/126/361 856/143/361
f 857/125/361 858/145/361 859/144/361
s 1
f 860/125/361 861/143/361 862/145/361
s 0
f 863/143/361 864/126/361 865/146/361
f 866/146/361 867/126/361 868/147/361
f 869/151/2 870/152/2 871/153/2
f 872/154/2 873/152/2 874/151/2
f 875/155/1 876/156/1 877/157/1
f 878/158/362 879/159/362 880/160/362
f 881/161/5 882/159/5 883/158/5
f 884/162/5 885/159/5 886/161/5
f 887/162/5 888/163/5 889/159/5
f 890/156/1 891/155/1 892/164/1
f 893/160/5 894/159/5 895/165/5
f 896/153/2 897/166/2 898/156/2
f 899/162/5 900/167/5 901/163/5
f 902/168/2 903/169/2 904/170/2
f 905/169/2 906/171/2 907/170/2
f 908/151/2 909/153/2 910/152/2
f 911/154/2 912/151/2 913/152/2
f 914/155/1 915/157/1 916/156/1
f 917/158/363 918/160/363 919/159/363
f 920/161/5 921/158/5 922/159/5
f 923/162/5 924/161/5 925/159/5
f 926/162/5 927/159/5 928/163/5
f 929/156/1 930/164/1 931/155/1
f 932/160/5 933/165/5 934/159/5
f 935/153/2 936/156/2 937/166/2
f 938/162/5 939/163/5 940/167/5
f 941/168/2 942/170/2 943/169/2
f 944/169/2 945/170/2 946/171/2
f 947/172/364 948/173/364 949/174/364
f 950/173/364 951/175/364 952/174/364
f 953/175/364 954/176/364 955/174/364
f 956/177/5 957/178/5 958/179/5
f 956/177/5 958/179/5 959/180/5
f 960/181/2 961/182/2 962/183/2
f 960/181/2 962/183/2 963/178/2
f 964/184/3 965/185/3 966/186/3
f 964/184/3 966/186/3 967/187/3
f 968/188/1 969/9/1 970/189/1
f 968/188/1 970/189/1 971/190/1
f 972/191/1 973/4/1 974/30/1
f 972/191/1 974/30/1 975/192/1
f 976/11/1 977/9/1 978/189/1
f 976/11/1 978/189/1 979/193/1
f 977/9/1 980/11/1 981/193/1
f 977/9/1 981/193/1 978/189/1
f 982/178/2 983/194/2 984/195/2
f 982/178/2 984/195/2 985/181/2
f 986/9/1 987/188/1 988/190/1
f 986/9/1 988/190/1 989/189/1
f 990/196/3 991/197/3 992/198/3
f 990/196/3 992/198/3 993/199/3
f 994/200/3 995/196/3 996/197/3
f 994/200/3 996/197/3 997/201/3
f 998/196/4 999/197/4 1000/201/4
f 998/196/4 1000/201/4 1001/200/4
f 1002/202/2 1003/203/2 983/194/2
f 1002/202/2 983/194/2 982/178/2
f 1004/184/3 1005/187/3 1006/186/3
f 1004/184/3 1006/186/3 1007/185/3
f 1008/188/1 1009/9/1 1010/189/1
f 1008/188/1 1010/189/1 1011/190/1
f 1012/188/1 1013/9/1 1014/189/1
f 1012/188/1 1014/189/1 1015/190/1
f 1016/11/1 1017/9/1 1018/189/1
f 1016/11/1 1018/189/1 1019/193/1
f 1017/9/1 1020/11/1 1021/193/1
f 1017/9/1 1021/193/1 1018/189/1
f 1022/11/1 1023/9/1 1024/189/1
f 1022/11/1 1024/189/1 1025/193/1
f 1023/9/1 1026/11/1 1027/193/1
f 1023/9/1 1027/193/1 1024/189/1
f 1028/9/1 1029/188/1 1030/190/1
f 1028/9/1 1030/190/1 1031/189/1
f 1032/204/3 1033/201/3 1034/205/3
f 1032/204/3 1034/205/3 1035/206/3
f 1036/9/1 1037/188/1 1038/190/1
f 1036/9/1 1038/190/1 1039/189/1
f 1040/188/1 12/9/1 1041/189/1
f 1040/188/1 1041/189/1 1042/190/1
f 54/32/365 1043/6/365 1044/9/365
f 54/32/1 1044/9/1 52/11/1
f 52/11/1 1044/9/1 1045/189/1
f 52/11/1 1045/189/1 1046/193/1
f 1044/9/1 15/11/1 1047/193/1
f 1044/9/1 1047/193/1 1045/189/1
f 1048/33/1 1049/192/1 1050/188/1
f 1048/33/1 1050/188/1 1051/9/1
f 1052/9/1 1053/188/1 1054/190/1
f 1052/9/1 1054/190/1 1055/189/1
f 1056/13/1 1057/6/1 1058/207/1
f 1056/13/1 1058/207/1 1059/208/1
f 1060/3/1 1061/13/1 1062/208/1
f 1060/3/1 1062/208/1 1063/209/1
f 1064/202/2 1065/178/2 1066/210/2
f 1064/202/2 1066/210/2 1067/211/2
f 1068/212/3 1069/213/3 1070/214/3
f 1068/212/3 1070/214/3 1071/215/3
f 1072/215/3 1073/214/3 1074/21/3
f 1072/215/3 1074/21/3 1075/20/3
f 1076/216/4 1077/217/4 1078/218/4
f 1076/216/4 1078/218/4 1079/182/4
f 1080/27/4 1081/216/4 1082/182/4
f 1080/27/4 1082/182/4 1083/25/4
f 1084/177/2 1085/180/2 1086/179/2
f 1084/177/2 1086/179/2 1087/178/2
f 1088/181/5 1089/178/5 1090/183/5
f 1088/181/5 1090/183/5 1091/182/5
f 1092/219/5 1093/202/5 1094/178/5
f 1092/219/5 1094/178/5 1095/181/5
f 1096/202/5 1097/211/5 1098/210/5
f 1096/202/5 1098/210/5 1099/178/5
f 12/9/1 1040/188/1 1100/192/1
f 12/9/1 1100/192/1 10/8/1
f 1101/177/2 1102/178/2 1103/179/2
f 1101/177/2 1103/179/2 1104/180/2
f 1105/181/5 1106/182/5 1107/183/5
f 1105/181/5 1107/183/5 1108/178/5
f 1109/178/5 1093/202/5 1092/219/5
f 1109/178/5 1092/219/5 1110/181/5
f 1111/202/5 1109/178/5 1112/210/5
f 1111/202/5 1112/210/5 1113/211/5
f 15/11/366 1044/9/366 1043/6/366
f 15/11/367 1043/6/367 13/10/367
f 1114/177/5 1115/180/5 1116/179/5
f 1114/177/5 1116/179/5 1117/178/5
f 1118/181/2 1119/178/2 1120/183/2
f 1118/181/2 1120/183/2 1121/182/2
f 1122/195/2 1123/194/2 1124/178/2
f 1122/195/2 1124/178/2 1125/181/2
f 1123/194/2 1003/203/2 1002/202/2
f 1123/194/2 1002/202/2 1124/178/2
f 1126/202/2 1127/211/2 1128/210/2
f 1126/202/2 1128/210/2 1129/178/2
f 7/4/1 1130/191/1 1131/192/1
f 7/4/1 1131/192/1 8/7/1
f 1132/195/5 1133/194/5 1134/178/5
f 1132/195/5 1134/178/5 1135/181/5
f 1133/194/5 1136/203/5 1137/202/5
f 1133/194/5 1137/202/5 1134/178/5
f 1138/202/5 1139/211/5 1140/210/5
f 1138/202/5 1140/210/5 1141/178/5
f 1142/178/5 1143/194/5 1144/195/5
f 1142/178/5 1144/195/5 1145/181/5
f 1137/202/5 1136/203/5 1143/194/5
f 1137/202/5 1143/194/5 1142/178/5
f 1146/202/5 1147/178/5 1148/210/5
f 1146/202/5 1148/210/5 1149/211/5
f 1150/178/2 1151/202/2 1152/219/2
f 1150/178/2 1152/219/2 1153/181/2
f 1154/202/2 1155/178/2 1156/210/2
f 1154/202/2 1156/210/2 1157/211/2
f 1152/219/2 1151/202/2 1158/178/2
f 1152/219/2 1158/178/2 1159/181/2
f 1160/202/2 1161/211/2 1162/210/2
f 1160/202/2 1162/210/2 1163/178/2
f 1164/196/4 1165/199/4 1166/198/4
f 1164/196/4 1166/198/4 1167/197/4
f 1168/206/4 1169/218/4 1170/28/4
f 1168/206/4 1170/28/4 1171/220/4
f 1172/184/3 1173/187/3 1174/186/3
f 1172/184/3 1174/186/3 1175/185/3
f 1176/184/3 1177/185/3 1178/186/3
f 1176/184/3 1178/186/3 1179/187/3
f 1180/214/3 1181/213/3 1182/212/3
f 1180/214/3 1182/212/3 1183/215/3
f 1184/21/3 1185/214/3 1186/215/3
f 1184/21/3 1186/215/3 1187/20/3
f 1188/218/4 1189/217/4 1190/216/4
f 1188/218/4 1190/216/4 1191/182/4
f 1192/182/4 1193/216/4 1194/27/4
f 1192/182/4 1194/27/4 1195/25/4
f 1196/196/4 1197/197/4 1198/198/4
f 1196/196/4 1198/198/4 1199/199/4
f 1200/206/4 1201/220/4 1202/28/4
f 1200/206/4 1202/28/4 1203/218/4
f 1204/196/3 1205/199/3 1206/198/3
f 1204/196/3 1206/198/3 1207/197/3
f 1208/200/3 1209/201/3 1210/197/3
f 1208/200/3 1210/197/3 1211/196/3
f 1212/196/4 1213/200/4 1214/201/4
f 1212/196/4 1214/201/4 1215/197/4
f 1216/204/3 1217/206/3 1218/205/3
f 1216/204/3 1218/205/3 1219/201/3
f 1220/184/4 1221/187/4 1222/186/4
f 1220/184/4 1222/186/4 1223/185/4
f 1224/184/4 1225/185/4 1226/186/4
f 1224/184/4 1226/186/4 1227/187/4
f 1228/184/4 1229/185/4 1230/186/4
f 1228/184/4 1230/186/4 1231/187/4
f 1232/184/4 1233/187/4 1234/186/4
f 1232/184/4 1234/186/4 1235/185/4
f 1236/221/5 1237/222/5 1238/223/5
f 1236/221/5 1238/223/5 1239/224/5
f 1240/224/3 1241/223/3 1242/225/3
f 1240/224/3 1242/225/3 1243/226/3
f 1244/226/2 1245/225/2 1246/227/2
f 1244/226/2 1246/227/2 1247/228/2
f 1248/229/5 1249/230/5 1250/231/5
f 1248/229/5 1250/231/5 1251/232/5
f 1252/232/1 1253/231/1 1254/233/1
f 1252/232/1 1254/233/1 1255/234/1
f 1256/234/2 1257/233/2 1258/235/2
f 1256/234/2 1258/235/2 1259/236/2
f 1260/236/351 1261/235/351 1262/237/351
f 1260/236/351 1262/237/351 1263/238/351
f 1264/239/5 1265/234/5 1266/240/5
f 1264/239/5 1266/240/5 1267/241/5
f 1268/234/4 1269/232/4 1270/242/4
f 1268/234/4 1270/242/4 1271/240/4
f 1272/232/2 1273/229/2 1274/243/2
f 1272/232/2 1274/243/2 1275/242/2
f 1276/238/3 1277/239/3 1278/241/3
f 1276/238/3 1278/241/3 1279/244/3
f 1280/245/368 1281/246/368 1282/247/368
f 1280/245/368 1282/247/368 1283/248/368
f 1284/249/369 1285/250/369 1286/251/369
f 1284/249/369 1286/251/369 1287/252/369
f 1288/253/2 1289/254/2 1290/249/2
f 1288/253/2 1290/249/2 1291/245/2
f 1292/246/5 1293/252/5 1294/255/5
f 1292/246/5 1294/255/5 1295/256/5
s 1
f 1296/245/370 1297/249/370 1298/252/370
s 0
f 1296/245/370 1298/252/370 1299/246/370
f 1300/257/371 1301/254/371 1302/249/371
f 1300/257/371 1302/249/371 1303/258/371
f 1304/259/372 1305/260/372 1306/254/372
f 1304/259/372 1306/254/372 1307/257/372
f 1308/261/373 1309/252/373 1310/255/373
f 1308/261/373 1310/255/373 1311/262/373
f 1312/258/374 1313/249/374 1314/252/374
f 1312/258/374 1314/252/374 1315/261/374
f 1316/263/5 1317/224/5 1318/264/5
f 1316/263/5 1318/264/5 1319/265/5
f 1320/224/4 1321/226/4 1322/266/4
f 1320/224/4 1322/266/4 1323/264/4
f 1324/226/2 1325/228/2 1326/227/2
f 1324/226/2 1326/227/2 1327/266/2
f 1328/229/5 1329/232/5 1250/231/5
f 1328/229/5 1250/231/5 1249/230/5
f 1330/232/1 1331/234/1 1254/233/1
f 1330/232/1 1254/233/1 1253/231/1
f 1332/234/2 1333/236/2 1258/235/2
f 1332/234/2 1258/235/2 1257/233/2
f 1334/236/351 1335/238/351 1262/237/351
f 1334/236/351 1262/237/351 1261/235/351
f 1336/239/5 1337/241/5 1338/240/5
f 1336/239/5 1338/240/5 1339/234/5
f 1340/234/3 1341/240/3 1342/242/3
f 1340/234/3 1342/242/3 1343/232/3
f 1344/232/2 1345/242/2 1346/243/2
f 1344/232/2 1346/243/2 1347/229/2
f 1348/238/4 1349/244/4 1350/241/4
f 1348/238/4 1350/241/4 1351/239/4
f 1352/267/375 1353/268/375 1354/269/375
f 1352/267/375 1354/269/375 1355/270/375
f 1356/249/376 1357/252/376 1358/251/376
f 1356/249/376 1358/251/376 1359/250/376
f 1360/249/2 1361/254/2 1362/271/2
f 1360/249/2 1362/271/2 1363/267/2
f 1364/272/5 1365/252/5 1366/270/5
f 1364/272/5 1366/270/5 1367/273/5
f 1368/252/377 1369/249/377 1370/267/377
f 1368/252/377 1370/267/377 1371/270/377
f 1372/249/378 1373/254/378 1374/257/378
f 1372/249/378 1374/257/378 1375/258/378
f 1376/254/379 1377/260/379 1378/259/379
f 1376/254/379 1378/259/379 1379/257/379
f 1380/255/380 1381/252/380 1382/261/380
f 1380/255/380 1382/261/380 1383/262/380
f 1384/252/381 1385/249/381 1386/258/381
f 1384/252/381 1386/258/381 1387/261/381
f 1388/274/5 1389/275/5 1390/276/5
f 1388/274/5 1390/276/5 1391/277/5
f 1392/277/3 1393/276/3 1394/278/3
f 1392/277/3 1394/278/3 1395/279/3
f 1396/279/2 1397/278/2 1398/280/2
f 1396/279/2 1398/280/2 1399/281/2
f 1400/281/4 1401/280/4 1402/282/4
f 1400/281/4 1402/282/4 1403/283/4
f 1404/284/5 1405/285/5 1406/286/5
f 1404/284/5 1406/286/5 1407/287/5
f 1408/285/4 1409/288/4 1410/289/4
f 1408/285/4 1410/289/4 1411/286/4
f 1412/288/2 1413/290/2 1414/291/2
f 1412/288/2 1414/291/2 1415/289/2
f 1416/290/3 1417/292/3 1418/293/3
f 1416/290/3 1418/293/3 1419/291/3
f 1420/294/5 1421/295/5 1422/296/5
f 1420/294/5 1422/296/5 1423/297/5
f 1424/298/1 1425/299/1 1426/300/1
f 1424/298/1 1426/300/1 1427/301/1
f 1428/301/2 1429/300/2 1430/302/2
f 1428/301/2 1430/302/2 1431/303/2
f 1432/303/351 1433/302/351 1434/295/351
f 1432/303/351 1434/295/351 1435/294/351
f 1436/294/5 1437/304/5 1438/305/5
f 1436/294/5 1438/305/5 1439/306/5
f 1440/307/1 1441/308/1 1442/309/1
f 1440/307/1 1442/309/1 1443/310/1
f 1444/310/2 1445/309/2 1446/311/2
f 1444/310/2 1446/311/2 1447/303/2
f 1448/303/351 1449/311/351 1450/304/351
f 1448/303/351 1450/304/351 1451/294/351
f 1452/312/4 1453/313/4 1454/232/4
f 1452/312/4 1454/232/4 1455/229/4
f 1456/313/1 1457/233/1 1458/234/1
f 1456/313/1 1458/234/1 1459/232/1
f 1460/233/3 1461/235/3 1462/236/3
f 1460/233/3 1462/236/3 1463/234/3
f 1464/235/351 1465/237/351 1466/238/351
f 1464/235/351 1466/238/351 1467/236/351
f 1468/314/382 1469/315/382 1470/316/382
f 1468/314/382 1470/316/382 1471/317/382
f 1472/318/383 1473/319/383 1474/320/383
f 1472/318/383 1474/320/383 1475/321/383
f 1476/319/384 1477/322/384 1478/323/384
f 1476/319/384 1478/323/384 1479/320/384
f 1480/318/385 1481/314/385 1482/317/385
f 1480/318/385 1482/317/385 1483/321/385
f 1484/324/3 1485/325/3 1486/326/3
f 1484/324/3 1486/326/3 1487/327/3
f 1488/327/1 1489/328/1 1490/329/1
f 1488/327/1 1490/329/1 1491/330/1
f 1492/327/4 1493/330/4 1494/331/4
f 1492/327/4 1494/331/4 1495/324/4
f 1496/331/351 1497/332/351 1498/333/351
f 1496/331/351 1498/333/351 1499/324/351
f 1500/267/368 1501/270/368 1502/269/368
f 1500/267/368 1502/269/368 1503/268/368
f 1504/249/369 1505/250/369 1506/251/369
f 1504/249/369 1506/251/369 1507/252/369
f 1508/271/2 1509/254/2 1510/249/2
f 1508/271/2 1510/249/2 1511/267/2
f 1512/270/5 1513/252/5 1514/272/5
f 1512/270/5 1514/272/5 1515/273/5
f 1516/267/370 1517/249/370 1518/252/370
f 1516/267/370 1518/252/370 1519/270/370
f 1520/334/386 1521/34/386 1522/36/386
f 1520/334/387 1522/36/387 1523/335/387
f 1524/257/371 1525/254/371 1526/249/371
f 1524/257/371 1526/249/371 1527/258/371
f 1528/259/372 1529/260/372 1530/254/372
s 1
f 1528/259/372 1530/254/372 1531/257/372
s 0
f 1532/261/373 1533/252/373 1534/255/373
f 1532/261/373 1534/255/373 1535/262/373
f 1536/258/374 1537/249/374 1538/252/374
s 1
f 1536/258/374 1538/252/374 1539/261/374
s 0
f 1540/274/5 1541/277/5 1542/276/5
f 1540/274/5 1542/276/5 1543/275/5
f 1544/277/4 1545/279/4 1546/278/4
f 1544/277/4 1546/278/4 1547/276/4
f 1548/279/2 1549/281/2 1550/280/2
f 1548/279/2 1550/280/2 1551/278/2
f 1552/281/3 1553/283/3 1554/282/3
f 1552/281/3 1554/282/3 1555/280/3
f 1556/284/5 1557/336/5 1558/286/5
f 1556/284/5 1558/286/5 1559/285/5
f 1560/285/3 1561/286/3 1562/337/3
f 1560/285/3 1562/337/3 1563/288/3
f 1564/288/2 1565/337/2 1566/338/2
f 1564/288/2 1566/338/2 1567/290/2
f 1568/290/4 1569/338/4 1570/339/4
f 1568/290/4 1570/339/4 1571/292/4
f 1572/294/5 1573/297/5 1574/296/5
f 1572/294/5 1574/296/5 1575/295/5
f 1576/298/1 1577/301/1 1578/300/1
f 1576/298/1 1578/300/1 1579/299/1
f 1580/301/2 1581/303/2 1582/302/2
f 1580/301/2 1582/302/2 1583/300/2
f 1584/303/351 1585/294/351 1586/295/351
f 1584/303/351 1586/295/351 1587/302/351
f 1588/294/5 1589/306/5 1438/305/5
f 1588/294/5 1438/305/5 1437/304/5
f 1590/307/1 1591/310/1 1442/309/1
f 1590/307/1 1442/309/1 1441/308/1
f 1592/310/2 1593/303/2 1446/311/2
f 1592/310/2 1446/311/2 1445/309/2
f 1594/303/351 1595/294/351 1450/304/351
f 1594/303/351 1450/304/351 1449/311/351
f 1596/232/3 1597/313/3 1598/312/3
f 1596/232/3 1598/312/3 1599/229/3
f 1600/234/1 1601/233/1 1602/313/1
f 1600/234/1 1602/313/1 1603/232/1
f 1604/236/4 1605/235/4 1606/233/4
f 1604/236/4 1606/233/4 1607/234/4
f 1608/238/351 1609/237/351 1610/235/351
f 1608/238/351 1610/235/351 1611/236/351
f 1612/314/382 1613/317/382 1614/316/382
f 1612/314/382 1614/316/382 1615/315/382
f 1616/318/388 1617/321/388 1618/320/388
f 1616/318/388 1618/320/388 1619/319/388
f 1620/319/384 1621/320/384 1622/323/384
f 1620/319/384 1622/323/384 1623/322/384
f 1624/318/389 1625/321/389 1626/317/389
f 1624/318/389 1626/317/389 1627/314/389
f 1628/326/4 1629/325/4 1630/324/4
f 1628/326/4 1630/324/4 1631/327/4
f 1632/327/1 1633/330/1 1634/329/1
f 1632/327/1 1634/329/1 1635/328/1
f 1636/327/3 1637/324/3 1638/331/3
f 1636/327/3 1638/331/3 1639/330/3
f 1640/333/351 1641/332/351 1642/331/351
f 1640/333/351 1642/331/351 1643/324/351
f 1644/267/375 1645/268/375 1646/269/375
f 1644/267/375 1646/269/375 1647/270/375
f 1648/249/376 1649/252/376 1650/251/376
f 1648/249/376 1650/251/376 1651/250/376
f 1652/249/2 1653/254/2 1654/253/2
f 1652/249/2 1654/253/2 1655/267/2
f 1656/255/5 1657/252/5 1658/270/5
f 1656/255/5 1658/270/5 1659/256/5
f 1660/252/377 1661/249/377 1662/267/377
f 1660/252/377 1662/267/377 1663/270/377
f 1664/249/378 1665/254/378 1666/257/378
f 1664/249/378 1666/257/378 1667/258/378
f 1668/254/379 1669/260/379 1670/259/379
f 1668/254/379 1670/259/379 1671/257/379
f 1672/255/380 1673/252/380 1674/261/380
f 1672/255/380 1674/261/380 1675/262/380
f 1676/252/381 1677/249/381 1678/258/381
f 1676/252/381 1678/258/381 1679/261/381
f 1680/274/2 1681/277/2 1682/340/2
f 1680/274/2 1682/340/2 1683/275/2
f 1684/277/3 1685/279/3 1686/278/3
f 1684/277/3 1686/278/3 1687/340/3
f 1688/279/5 1689/281/5 1690/280/5
f 1688/279/5 1690/280/5 1691/278/5
f 1692/281/4 1693/283/4 1694/282/4
f 1692/281/4 1694/282/4 1695/280/4
f 1696/284/2 1697/287/2 1698/286/2
f 1696/284/2 1698/286/2 1699/285/2
f 1700/285/4 1701/286/4 1702/289/4
f 1700/285/4 1702/289/4 1703/288/4
f 1704/288/5 1705/289/5 1706/291/5
f 1704/288/5 1706/291/5 1707/290/5
f 1708/290/3 1709/291/3 1710/293/3
f 1708/290/3 1710/293/3 1711/292/3
f 1712/294/2 1713/306/2 1714/296/2
f 1712/294/2 1714/296/2 1715/295/2
f 1716/307/1 1717/301/1 1718/300/1
f 1716/307/1 1718/300/1 1719/341/1
f 1720/301/5 1721/303/5 1722/302/5
f 1720/301/5 1722/302/5 1723/300/5
f 1724/303/351 1725/294/351 1726/295/351
f 1724/303/351 1726/295/351 1727/302/351
f 1728/294/2 1729/306/2 1730/305/2
f 1728/294/2 1730/305/2 1731/304/2
f 1732/307/1 1733/310/1 1734/309/1
f 1732/307/1 1734/309/1 1735/308/1
f 1736/310/5 1737/303/5 1738/311/5
f 1736/310/5 1738/311/5 1739/309/5
f 1740/303/351 1741/294/351 1742/304/351
f 1740/303/351 1742/304/351 1743/311/351
f 1744/232/4 1745/313/4 1746/312/4
f 1744/232/4 1746/312/4 1747/229/4
f 1748/234/1 1749/233/1 1750/313/1
f 1748/234/1 1750/313/1 1751/232/1
f 1752/236/3 1753/235/3 1754/233/3
f 1752/236/3 1754/233/3 1755/234/3
f 1756/238/351 1757/237/351 1758/235/351
f 1756/238/351 1758/235/351 1759/236/351
f 1760/267/368 1761/270/368 1762/269/368
f 1760/267/368 1762/269/368 1763/268/368
f 1764/249/369 1765/250/369 1766/251/369
f 1764/249/369 1766/251/369 1767/252/369
f 1768/271/390 1769/254/390 1770/249/390
f 1768/271/391 1770/249/391 1771/267/391
f 1772/270/392 1773/252/392 1774/272/392
f 1772/270/393 1774/272/393 1775/273/393
f 1776/267/370 1777/249/370 1778/252/370
f 1776/267/370 1778/252/370 1779/270/370
f 1780/257/371 1781/254/371 1782/249/371
f 1780/257/371 1782/249/371 1783/258/371
f 1784/259/372 1785/260/372 1786/254/372
f 1784/259/372 1786/254/372 1787/257/372
f 1788/261/373 1789/252/373 1790/255/373
f 1788/261/373 1790/255/373 1791/262/373
f 1792/258/374 1793/249/374 1794/252/374
f 1792/258/374 1794/252/374 1795/261/374
f 1796/274/2 1797/275/2 1798/342/2
f 1796/274/2 1798/342/2 1799/277/2
f 1800/277/4 1801/342/4 1802/278/4
f 1800/277/4 1802/278/4 1803/279/4
f 1804/279/5 1805/278/5 1806/280/5
f 1804/279/5 1806/280/5 1807/281/5
f 1808/281/3 1809/280/3 1810/282/3
f 1808/281/3 1810/282/3 1811/283/3
f 1812/284/2 1813/285/2 1814/286/2
f 1812/284/2 1814/286/2 1815/343/2
f 1816/285/3 1817/288/3 1818/337/3
f 1816/285/3 1818/337/3 1819/286/3
f 1820/288/5 1821/290/5 1822/344/5
f 1820/288/5 1822/344/5 1823/337/5
f 1824/290/4 1825/292/4 1826/345/4
f 1824/290/4 1826/345/4 1827/344/4
f 1828/294/2 1829/295/2 1830/296/2
f 1828/294/2 1830/296/2 1831/306/2
f 1832/307/1 1833/341/1 1834/300/1
f 1832/307/1 1834/300/1 1835/301/1
f 1836/301/5 1837/300/5 1838/302/5
f 1836/301/5 1838/302/5 1839/303/5
f 1840/303/351 1841/302/351 1842/295/351
f 1840/303/351 1842/295/351 1843/294/351
f 1844/294/2 1731/304/2 1730/305/2
f 1844/294/2 1730/305/2 1845/306/2
f 1846/307/1 1735/308/1 1734/309/1
f 1846/307/1 1734/309/1 1847/310/1
f 1848/310/5 1739/309/5 1738/311/5
f 1848/310/5 1738/311/5 1849/303/5
f 1850/303/351 1743/311/351 1742/304/351
f 1850/303/351 1742/304/351 1851/294/351
f 1852/312/3 1853/313/3 1854/232/3
f 1852/312/3 1854/232/3 1855/229/3
f 1856/313/1 1857/233/1 1858/234/1
f 1856/313/1 1858/234/1 1859/232/1
f 1860/233/4 1861/235/4 1862/236/4
f 1860/233/4 1862/236/4 1863/234/4
f 1864/235/351 1865/237/351 1866/238/351
f 1864/235/351 1866/238/351 1867/236/351
f 1868/267/375 1869/268/375 1870/269/375
f 1868/267/375 1870/269/375 1871/270/375
f 1872/249/376 1873/252/376 1874/251/376
f 1872/249/376 1874/251/376 1875/250/376
f 1876/249/2 1877/254/2 1878/253/2
f 1876/249/2 1878/253/2 1879/267/2
f 1880/255/5 1881/252/5 1882/270/5
f 1880/255/5 1882/270/5 1883/256/5
f 1884/252/377 1885/249/377 1886/267/377
f 1884/252/377 1886/267/377 1887/270/377
f 1888/249/378 1889/254/378 1890/257/378
f 1888/249/378 1890/257/378 1891/258/378
f 1892/254/379 1893/260/379 1894/259/379
f 1892/254/379 1894/259/379 1895/257/379
f 1896/255/380 1897/252/380 1898/261/380
f 1896/255/380 1898/261/380 1899/262/380
f 1900/252/381 1901/249/381 1902/258/381
f 1900/252/381 1902/258/381 1903/261/381
f 1904/335/394 1905/36/394 1906/34/394
f 1904/335/394 1906/34/394 1907/334/394
f 1908/334/395 1909/34/395 1910/36/395
f 1908/334/396 1910/36/396 1911/335/396
f 1912/335/397 1913/36/397 1914/34/397
f 1912/335/397 1914/34/397 1915/334/397
f 1916/334/386 1917/34/386 1918/36/386
f 1916/334/386 1918/36/386 1919/335/386
f 1920/335/394 1921/36/394 1922/34/394
f 1920/335/394 1922/34/394 1923/334/394
f 1924/334/395 1925/34/395 1926/36/395
f 1924/334/395 1926/36/395 1927/335/395
f 1928/335/398 1929/36/398 1930/34/398
f 1928/335/397 1930/34/397 1931/334/397
f 1932/229/4 1933/232/4 1934/346/4
f 1932/229/4 1934/346/4 1452/312/4
f 1935/232/1 1936/234/1 1937/347/1
f 1935/232/1 1937/347/1 1938/346/1
f 1939/234/3 1940/236/3 1461/235/3
f 1939/234/3 1461/235/3 1941/347/3
f 1942/236/351 1943/238/351 1465/237/351
f 1942/236/351 1465/237/351 1464/235/351
f 1944/232/4 1945/229/4 1746/312/4
f 1944/232/4 1746/312/4 1946/346/4
f 1947/234/1 1948/232/1 1949/346/1
f 1947/234/1 1949/346/1 1950/347/1
f 1951/236/3 1952/234/3 1953/347/3
f 1951/236/3 1953/347/3 1753/235/3
f 1954/238/351 1955/236/351 1758/235/351
f 1954/238/351 1758/235/351 1757/237/351
f 1956/229/3 1957/232/3 1958/346/3
f 1956/229/3 1958/346/3 1852/312/3
f 1959/232/1 1960/234/1 1961/347/1
f 1959/232/1 1961/347/1 1962/346/1
f 1963/234/4 1964/236/4 1861/235/4
f 1963/234/4 1861/235/4 1965/347/4
f 1966/236/351 1967/238/351 1865/237/351
f 1966/236/351 1865/237/351 1864/235/351
f 1968/232/3 1969/229/3 1598/312/3
f 1968/232/3 1598/312/3 1970/346/3
f 1971/234/1 1972/232/1 1973/346/1
f 1971/234/1 1973/346/1 1974/347/1
f 1975/236/4 1976/234/4 1977/347/4
f 1975/236/4 1977/347/4 1605/235/4
f 1978/238/351 1979/236/351 1610/235/351
f 1978/238/351 1610/235/351 1609/237/351
f 1980/348/351 1981/349/351 1982/350/351
f 1980/348/351 1982/350/351 1983/351/351
f 1984/352/5 1985/353/5 1986/354/5
f 1984/352/5 1986/354/5 1987/355/5
f 1988/356/351 1989/357/351 1990/358/351
f 1988/356/351 1990/358/351 1991/359/351
f 1992/360/5 1993/361/5 1994/362/5
f 1992/360/5 1994/362/5 1995/363/5
f 1996/364/351 1997/349/351 1998/350/351
f 1996/364/351 1998/350/351 1999/351/351
f 2000/365/5 2001/353/5 2002/354/5
f 2000/365/5 2002/354/5 2003/366/5
f 2004/367/2 2005/368/2 2006/369/2
f 2004/367/2 2006/369/2 2007/370/2
f 2008/371/399 2009/372/399 2010/373/399
f 2008/371/399 2010/373/399 2011/374/399
f 2012/375/400 2013/370/400 2014/369/400
f 2012/375/400 2014/369/400 2015/376/400
f 2016/377/3 2017/378/3 2018/379/3
f 2016/377/3 2018/379/3 2019/380/3
f 2020/381/1 2021/380/1 2022/379/1
f 2020/381/1 2022/379/1 2023/382/1
f 2024/351/2 2025/383/2 2026/384/2
f 2024/351/2 2026/384/2 2027/348/2
f 2028/383/1 2029/354/1 2030/353/1
f 2028/383/1 2030/353/1 2031/384/1
f 2032/359/2 2033/385/2 2034/386/2
f 2032/359/2 2034/386/2 2035/356/2
f 2036/385/1 2037/362/1 2038/361/1
f 2036/385/1 2038/361/1 2039/386/1
f 2040/351/2 2041/387/2 2042/388/2
f 2040/351/2 2042/388/2 2043/364/2
f 2044/387/1 2045/354/1 2046/353/1
f 2044/387/1 2046/353/1 2047/388/1
f 2048/389/2 2049/390/2 2050/391/2
f 2048/389/2 2050/391/2 2051/392/2
f 2052/390/1 2053/362/1 2054/361/1
f 2052/390/1 2054/361/1 2055/391/1
f 2056/393/3 2057/394/3 2058/395/3
f 2056/393/3 2058/395/3 2059/396/3
f 2060/381/4 2061/382/4 2062/397/4
f 2060/381/4 2062/397/4 2063/398/4
f 2064/395/2 2065/394/2 2066/399/2
f 2064/395/2 2066/399/2 2067/400/2
f 2068/397/351 2069/401/351 2070/402/351
f 2068/397/351 2070/402/351 2071/398/351
f 2072/350/351 2073/349/351 2074/348/351
f 2072/350/351 2074/348/351 2075/351/351
f 2076/354/5 2077/353/5 2078/352/5
f 2076/354/5 2078/352/5 2079/355/5
f 2080/358/351 2081/357/351 2082/356/351
f 2080/358/351 2082/356/351 2083/359/351
f 2084/362/5 2085/361/5 2086/360/5
f 2084/362/5 2086/360/5 2087/363/5
f 2088/350/351 1997/349/351 1996/364/351
f 2088/350/351 1996/364/351 2089/351/351
f 2090/354/5 2091/353/5 2092/365/5
f 2090/354/5 2092/365/5 2093/366/5
f 2094/369/2 2095/368/2 2096/367/2
f 2094/369/2 2096/367/2 2097/370/2
f 2098/403/399 2099/372/399 2100/371/399
f 2098/403/399 2100/371/399 2101/374/399
f 2102/375/400 2103/376/400 2104/369/400
f 2102/375/400 2104/369/400 2105/370/400
f 2106/379/4 2107/378/4 2108/377/4
f 2106/379/4 2108/377/4 2109/404/4
f 2110/405/1 2111/382/1 2112/379/1
f 2110/405/1 2112/379/1 2113/404/1
f 2114/384/2 2115/383/2 2116/351/2
f 2114/384/2 2116/351/2 2117/348/2
f 2118/353/1 2119/354/1 2120/383/1
f 2118/353/1 2120/383/1 2121/384/1
f 2122/386/2 2123/385/2 2124/359/2
f 2122/386/2 2124/359/2 2125/356/2
f 2126/361/1 2127/362/1 2128/385/1
f 2126/361/1 2128/385/1 2129/386/1
f 2130/388/2 2131/387/2 2132/351/2
f 2130/388/2 2132/351/2 2133/364/2
f 2046/353/1 2134/354/1 2135/387/1
f 2046/353/1 2135/387/1 2136/388/1
f 2137/391/2 2138/390/2 2139/389/2
f 2137/391/2 2139/389/2 2140/392/2
f 2141/361/1 2142/362/1 2143/390/1
f 2141/361/1 2143/390/1 2144/391/1
f 2145/393/4 2146/396/4 2147/395/4
f 2145/393/4 2147/395/4 2148/394/4
f 2149/405/3 2150/406/3 2151/397/3
f 2149/405/3 2151/397/3 2152/382/3
f 2153/395/2 2154/400/2 2155/399/2
f 2153/395/2 2155/399/2 2156/394/2
f 2157/407/351 2158/401/351 2159/397/351
f 2157/407/351 2159/397/351 2160/406/351
s 1
f 2161/408/5 2162/409/5 2163/410/401
f 2161/408/5 2163/410/401 2164/411/401
f 2165/412/351 2166/408/351 2167/411/402
f 2165/412/351 2167/411/402 2168/413/402
f 2169/414/2 2170/412/2 2171/413/403
f 2169/414/2 2171/413/403 2172/415/403
f 2173/416/1 2174/414/1 2175/415/404
f 2173/416/1 2175/415/404 2176/417/404
s 0
f 2177/418/405 2178/419/405 2179/420/405
f 2177/418/405 2179/420/405 2180/421/405
f 2181/419/406 2182/418/406 2183/421/406
f 2181/419/406 2183/421/406 2184/420/406
f 2185/422/407 2186/419/407 2187/420/407
f 2185/422/407 2187/420/407 2188/423/407
f 2189/419/408 2190/418/408 2191/421/408
f 2189/419/408 2191/421/408 2192/420/408
f 2193/424/3 2194/425/3 2195/426/3
f 2193/424/3 2195/426/3 2196/427/3
s 1
f 2197/410/409 2162/409/5 2161/408/5
f 2197/410/409 2161/408/5 2198/411/409
f 2199/411/410 2166/408/351 2165/412/351
f 2199/411/410 2165/412/351 2200/413/410
f 2201/413/411 2170/412/2 2169/414/2
f 2201/413/411 2169/414/2 2202/415/411
f 2203/415/412 2174/414/1 2173/416/1
f 2203/415/412 2173/416/1 2204/417/412
s 0
f 2205/426/4 2206/425/4 2207/424/4
f 2205/426/4 2207/424/4 2208/427/4
f 2209/428/5 2210/429/5 2211/430/5
f 2209/428/5 2211/430/5 2212/431/5
f 2213/432/2 2214/433/2 2215/434/2
f 2213/432/2 2215/434/2 2216/435/2
f 2217/429/5 2218/436/5 2219/437/5
f 2217/429/5 2219/437/5 2220/430/5
f 2221/438/2 2222/435/2 2223/432/2
f 2221/438/2 2223/432/2 2224/439/2
f 2225/430/5 2226/440/5 2227/441/5
f 2225/430/5 2227/441/5 2228/429/5
f 2229/435/2 2230/438/2 2231/442/2
f 2229/435/2 2231/442/2 2232/432/2
f 2233/442/3 2234/431/3 2235/430/3
f 2233/442/3 2235/430/3 2236/432/3
f 2237/432/351 2238/433/351 2239/440/351
f 2237/432/351 2239/440/351 2240/430/351
f 2241/432/4 2242/430/4 2243/437/4
f 2241/432/4 2243/437/4 2244/439/4
f 2245/434/2 2246/433/2 2247/432/2
f 2245/434/2 2247/432/2 2248/435/2
f 2227/441/5 2226/440/5 2249/430/5
f 2227/441/5 2249/430/5 2250/429/5
f 2238/433/351 2251/432/351 2252/430/351
f 2238/433/351 2252/430/351 2239/440/351
f 2253/443/1 2254/444/1 2255/445/1
f 2253/443/1 2255/445/1 2256/446/1
f 2257/447/2 2258/448/2 2259/443/2
f 2257/447/2 2259/443/2 2260/446/2
f 2261/449/3 2262/444/3 2263/443/3
f 2261/449/3 2263/443/3 2264/450/3
f 2265/451/5 2266/452/5 2267/453/5
f 2265/451/5 2267/453/5 2268/454/5
f 2269/455/413 2270/456/413 2271/457/413
f 2269/455/413 2271/457/413 2272/458/413
f 2273/456/414 2274/459/414 2275/460/414
f 2273/456/414 2275/460/414 2276/457/414
s 1
f 2277/459/415 2278/461/416 2279/462/416
f 2277/459/415 2279/462/416 2280/460/415
s 0
f 2281/463/3 2282/464/3 2283/465/3
f 2281/463/3 2283/465/3 2284/466/3
f 2285/466/3 2286/465/3 2287/467/3
f 2285/466/3 2287/467/3 2288/468/3
f 2289/468/3 2290/467/3 2291/469/3
f 2289/468/3 2291/469/3 2292/470/3
s 1
f 2293/471/417 2294/472/418 2295/473/418
f 2293/471/417 2295/473/418 2296/474/417
f 2297/475/419 2293/471/417 2296/474/417
f 2297/475/419 2296/474/417 2298/476/419
f 2299/477/420 2297/475/419 2298/476/419
f 2299/477/420 2298/476/419 2300/478/420
s 0
f 2301/472/1 2302/479/1 2303/480/1
f 2301/472/1 2303/480/1 2304/473/1
f 2305/458/351 2306/481/351 2307/482/351
f 2305/458/351 2307/482/351 2308/455/351
f 2309/463/3 2310/483/3 2311/484/3
f 2309/463/3 2311/484/3 2312/464/3
f 2313/479/2 2314/482/2 2315/481/2
f 2313/479/2 2315/481/2 2316/480/2
f 2317/485/3 2318/486/3 2319/452/3
f 2317/485/3 2319/452/3 2320/451/3
f 2321/487/4 2322/488/4 2323/454/4
f 2321/487/4 2323/454/4 2324/453/4
f 2325/489/2 2326/486/2 2327/485/2
f 2325/489/2 2327/485/2 2328/490/2
f 2329/491/2 2330/492/2 2331/493/2
f 2329/491/2 2331/493/2 2332/494/2
f 2333/495/3 2334/491/3 2335/494/3
f 2333/495/3 2335/494/3 2336/496/3
f 2337/497/4 2338/498/4 2339/499/4
f 2337/497/4 2339/499/4 2340/500/4
f 2341/501/5 2342/493/5 2343/497/5
f 2341/501/5 2343/497/5 2344/500/5
f 2345/502/1 2346/503/1 2347/504/1
f 2345/502/1 2347/504/1 2348/505/1
f 2349/506/3 2350/502/3 2351/505/3
f 2349/506/3 2351/505/3 2352/507/3
f 2353/508/4 2354/509/4 2355/506/4
f 2353/508/4 2355/506/4 2356/510/4
f 2357/511/351 2358/512/351 2359/508/351
f 2357/511/351 2359/508/351 2360/510/351
f 2361/513/351 2362/38/351 2363/40/351
f 2361/513/351 2363/40/351 2364/514/351
f 2365/515/362 2366/516/362 2367/517/362
f 2365/515/362 2367/517/362 2368/518/362
s 1
f 2369/519/421 2370/520/422 2371/516/422
f 2369/519/421 2371/516/422 2372/515/422
f 2373/521/423 2374/522/424 2375/518/423
f 2373/521/423 2375/518/423 2376/517/423
s 0
f 2377/463/4 2378/466/4 2379/523/4
f 2377/463/4 2379/523/4 2380/524/4
f 2381/466/4 2382/468/4 2383/525/4
f 2381/466/4 2383/525/4 2384/523/4
f 2385/468/4 2386/470/4 2387/526/4
f 2385/468/4 2387/526/4 2388/525/4
f 2389/463/4 2390/524/4 2391/527/4
f 2389/463/4 2391/527/4 2392/483/4
f 2393/451/2 2394/454/2 2395/528/2
f 2393/451/2 2395/528/2 2396/529/2
f 2397/530/425 2398/531/425 2399/532/425
f 2397/530/425 2399/532/425 2400/456/425
f 2401/456/426 2402/532/426 2403/460/426
f 2401/456/426 2403/460/426 2404/459/426
s 1
f 2405/459/427 2406/460/427 2407/533/351
f 2405/459/427 2407/533/351 2408/534/351
s 0
f 2409/463/3 2410/466/3 2411/465/3
f 2409/463/3 2411/465/3 2412/464/3
f 2413/466/3 2414/468/3 2415/467/3
f 2413/466/3 2415/467/3 2416/465/3
f 2417/468/3 2418/470/3 2419/469/3
f 2417/468/3 2419/469/3 2420/467/3
s 1
f 2421/535/428 2422/536/428 2423/537/429
f 2421/535/428 2423/537/429 2424/538/429
f 2424/538/429 2423/537/429 2425/475/430
f 2424/538/429 2425/475/430 2426/476/430
f 2426/476/430 2425/475/430 2299/477/1
f 2426/476/430 2299/477/1 2427/539/1
s 0
f 2428/536/1 2429/535/1 2430/540/1
f 2428/536/1 2430/540/1 2431/541/1
f 2432/531/351 2433/530/351 2434/482/351
f 2432/531/351 2434/482/351 2435/542/351
f 2436/463/3 2437/464/3 2438/484/3
f 2436/463/3 2438/484/3 2439/483/3
f 2440/542/5 2441/482/5 2442/541/5
f 2440/542/5 2442/541/5 2443/540/5
f 2444/543/3 2445/451/3 2446/529/3
f 2444/543/3 2446/529/3 2447/544/3
f 2448/545/4 2449/528/4 2450/454/4
f 2448/545/4 2450/454/4 2451/488/4
f 2452/543/5 2453/544/5 2454/546/5
f 2452/543/5 2454/546/5 2455/547/5
f 2456/40/351 2362/38/351 2361/513/351
f 2456/40/351 2361/513/351 2457/548/351
f 2458/515/431 2459/518/431 2460/517/431
f 2458/515/431 2460/517/431 2461/516/431
s 1
f 2462/519/432 2463/515/433 2464/516/432
f 2462/519/432 2464/516/432 2465/520/432
f 2466/521/434 2467/517/434 2468/518/434
f 2466/521/434 2468/518/434 2469/522/435
s 0
f 2470/549/4 2471/524/4 2472/523/4
f 2470/549/4 2472/523/4 2473/466/4
f 2474/466/4 2475/523/4 2476/525/4
f 2474/466/4 2476/525/4 2477/468/4
f 2478/468/4 2479/525/4 2480/526/4
f 2478/468/4 2480/526/4 2481/470/4
f 2482/549/4 2483/550/4 2484/551/4
f 2482/549/4 2484/551/4 2485/524/4
f 2486/552/4 2487/446/4 2488/445/4
f 2486/552/4 2488/445/4 2489/553/4
f 2490/450/351 2491/554/351 2492/555/351
f 2490/450/351 2492/555/351 2493/449/351
f 2255/445/1 2254/444/1 2494/443/1
f 2255/445/1 2494/443/1 2495/446/1
f 2496/447/5 2497/446/5 2498/443/5
f 2496/447/5 2498/443/5 2499/448/5
f 2500/443/3 2501/444/3 2502/449/3
f 2500/443/3 2502/449/3 2503/450/3
f 2504/445/4 2505/446/4 2506/552/4
f 2504/445/4 2506/552/4 2507/553/4
f 2508/555/351 2509/554/351 2510/450/351
f 2508/555/351 2510/450/351 2511/449/351
f 192/50/1 2512/556/1 2513/46/1
f 192/50/1 2513/46/1 190/45/1
s 1
f 212/68/35 202/60/25 201/59/24
f 212/68/35 201/59/24 213/69/36
f 246/87/63 215/71/38 209/65/32
f 246/87/63 209/65/32 2514/557/436
f 2514/557/436 209/65/32 187/47/20
f 2514/557/436 187/47/20 221/74/44
s 0
f 2515/46/1 2516/556/1 2517/75/1
f 2515/46/1 2517/75/1 2518/45/1
s 1
f 247/87/64 2519/557/437 239/65/56
f 247/87/64 239/65/56 244/71/61
f 2519/557/437 245/74/62 223/47/46
f 2519/557/437 223/47/46 239/65/56
s 0
f 199/57/1 2520/558/1 2521/559/1
f 199/57/1 2521/559/1 198/56/1
s 1
f 208/64/31 211/67/34 2522/560/438
f 208/64/31 2522/560/438 2523/561/439
f 2524/558/440 219/57/42 208/64/31
f 2524/558/440 208/64/31 2523/561/439
f 265/59/72 264/60/71 275/68/82
f 265/59/72 275/68/82 276/69/83
s 0
f 262/57/1 261/56/1 2521/559/1
f 262/57/1 2521/559/1 2520/558/1
s 1
f 271/64/78 2523/561/439 2522/560/438
f 271/64/78 2522/560/438 274/67/81
f 2524/558/440 2523/561/439 271/64/78
f 2524/558/440 271/64/78 282/57/89
f 2525/556/441 2526/50/441 2527/45/441
f 2525/556/441 2527/45/441 2528/46/441
f 2529/557/442 272/65/79 278/71/85
f 2529/557/442 278/71/85 284/87/91
f 249/47/66 272/65/79 2529/557/442
f 249/47/66 2529/557/442 285/74/92
s 0
f 296/52/1 295/55/1 2530/562/1
f 296/52/1 2530/562/1 2531/563/1
s 1
f 2532/69/443 2533/564/444 2534/565/445
f 2532/69/443 2534/565/445 305/68/106
f 305/68/106 299/60/100 298/59/99
f 305/68/106 298/59/99 2532/69/443
f 2535/45/446 2536/50/446 2537/556/447
f 2535/45/446 2537/556/447 2538/46/447
f 2539/557/448 310/87/111 304/71/105
f 2539/557/448 304/71/105 302/65/103
f 2539/557/448 302/65/103 288/47/95
f 2539/557/448 288/47/95 311/74/112
f 306/72/107 305/68/106 2534/565/445
f 306/72/107 2534/565/445 2540/566/449
f 2541/562/450 308/55/109 306/72/107
f 2541/562/450 306/72/107 2540/566/449
s 0
f 2542/556/1 318/50/1 317/45/1
f 2542/556/1 317/45/1 2543/46/1
s 1
f 329/59/120 328/60/119 339/68/130
f 329/59/120 339/68/130 340/69/131
f 373/87/157 2544/557/451 336/65/127
f 373/87/157 336/65/127 342/71/133
f 2544/557/451 348/74/139 313/47/114
f 2544/557/451 313/47/114 336/65/127
s 0
f 2545/45/1 2546/75/1 2547/556/1
f 2545/45/1 2547/556/1 2548/46/1
s 1
f 374/87/158 370/71/154 366/65/150
f 374/87/158 366/65/150 2549/557/452
f 2549/557/452 366/65/150 351/47/142
f 2549/557/452 351/47/142 372/74/156
s 0
f 326/57/1 325/56/1 2550/559/1
f 326/57/1 2550/559/1 2551/558/1
s 1
f 335/64/126 2552/561/453 2553/560/454
f 335/64/126 2553/560/454 338/67/129
f 2554/558/455 2552/561/453 335/64/126
f 2554/558/455 335/64/126 346/57/137
f 402/68/176 392/60/166 391/59/165
f 402/68/176 391/59/165 403/69/177
s 0
f 389/57/1 2551/558/1 2550/559/1
f 389/57/1 2550/559/1 388/56/1
s 1
f 398/64/172 401/67/175 2553/560/454
f 398/64/172 2553/560/454 2552/561/453
f 2554/558/455 409/57/183 398/64/172
f 2554/558/455 398/64/172 2552/561/453
f 2555/45/456 2556/50/456 2557/556/456
f 2555/45/456 2557/556/456 2558/46/456
f 2559/557/457 411/87/185 405/71/179
f 2559/557/457 405/71/179 399/65/173
f 2559/557/457 399/65/173 377/47/161
f 2559/557/457 377/47/161 412/74/186
s 0
f 422/52/1 2531/563/1 2530/562/1
f 422/52/1 2530/562/1 423/55/1
s 1
f 2534/565/445 2533/564/444 2560/69/458
f 2534/565/445 2560/69/458 433/68/201
f 426/59/194 425/60/193 433/68/201
f 426/59/194 433/68/201 2560/69/458
f 2561/556/459 2562/50/460 2563/45/460
f 2561/556/459 2563/45/460 2564/46/460
f 2565/557/461 429/65/197 431/71/199
f 2565/557/461 431/71/199 437/87/205
f 414/47/188 429/65/197 2565/557/461
f 414/47/188 2565/557/461 438/74/206
f 2534/565/445 433/68/201 432/72/200
f 2534/565/445 432/72/200 2540/566/449
f 432/72/200 435/55/203 2541/562/450
f 432/72/200 2541/562/450 2540/566/449
s 0
f 2566/420/405 2567/419/405 2568/418/405
f 2566/420/405 2568/418/405 2569/421/405
f 2570/421/408 2571/418/408 2572/419/408
f 2570/421/408 2572/419/408 2573/420/408
f 2574/420/407 2575/419/407 2576/422/407
f 2574/420/407 2576/422/407 2577/423/407
f 2578/421/406 2579/418/406 2580/419/406
f 2578/421/406 2580/419/406 2581/420/406
f 2582/364/351 2583/349/351 2584/350/351
f 2582/364/351 2584/350/351 2585/351/351
f 2586/350/351 2587/349/351 2588/364/351
f 2586/350/351 2588/364/351 2589/351/351
f 2590/443/1 2591/444/1 2592/445/1
f 2590/443/1 2592/445/1 2593/446/1
f 2594/447/2 2595/448/2 2596/443/2
f 2594/447/2 2596/443/2 2597/446/2
f 2598/449/3 2599/444/3 2600/443/3
f 2598/449/3 2600/443/3 2601/450/3
f 2602/451/5 2603/452/5 2604/453/5
f 2602/451/5 2604/453/5 2605/454/5
f 2606/455/413 2607/456/413 2608/457/413
f 2606/455/413 2608/457/413 2609/458/413
f 2610/456/414 2611/459/414 2612/460/414
f 2610/456/414 2612/460/414 2613/457/414
s 1
f 2614/459/415 2615/461/416 2616/462/416
f 2614/459/415 2616/462/416 2617/460/415
s 0
f 2618/463/3 2619/464/3 2620/465/3
f 2618/463/3 2620/465/3 2621/466/3
f 2622/466/3 2623/465/3 2624/467/3
f 2622/466/3 2624/467/3 2625/468/3
f 2626/468/3 2627/467/3 2628/469/3
f 2626/468/3 2628/469/3 2629/470/3
s 1
f 2630/471/417 2631/472/418 2632/473/418
f 2630/471/417 2632/473/418 2633/474/417
f 2634/475/419 2630/471/417 2633/474/417
f 2634/475/419 2633/474/417 2635/476/419
f 2636/477/420 2634/475/419 2635/476/419
f 2636/477/420 2635/476/419 2637/478/420
s 0
f 2638/472/1 2639/479/1 2640/480/1
f 2638/472/1 2640/480/1 2641/473/1
f 2642/458/351 2643/481/351 2644/482/351
f 2642/458/351 2644/482/351 2645/455/351
f 2646/463/3 2647/483/3 2648/484/3
f 2646/463/3 2648/484/3 2649/464/3
f 2650/479/2 2651/482/2 2652/481/2
f 2650/479/2 2652/481/2 2653/480/2
f 2654/485/3 2655/486/3 2656/452/3
f 2654/485/3 2656/452/3 2657/451/3
f 2658/487/4 2659/488/4 2660/454/4
f 2658/487/4 2660/454/4 2661/453/4
f 2662/489/2 2663/486/2 2664/485/2
f 2662/489/2 2664/485/2 2665/490/2
f 2666/491/2 2667/492/2 2668/493/2
f 2666/491/2 2668/493/2 2669/494/2
f 2670/495/3 2671/491/3 2672/494/3
f 2670/495/3 2672/494/3 2673/496/3
f 2674/497/4 2675/498/4 2676/499/4
f 2674/497/4 2676/499/4 2677/500/4
f 2678/501/5 2679/493/5 2680/497/5
f 2678/501/5 2680/497/5 2681/500/5
f 2682/502/1 2683/503/1 2684/504/1
f 2682/502/1 2684/504/1 2685/505/1
f 2686/506/3 2687/502/3 2688/505/3
f 2686/506/3 2688/505/3 2689/507/3
f 2690/508/4 2691/509/4 2692/506/4
f 2690/508/4 2692/506/4 2693/510/4
f 2694/511/351 2695/512/351 2696/508/351
f 2694/511/351 2696/508/351 2697/510/351
f 2698/513/351 2699/38/351 2700/40/351
f 2698/513/351 2700/40/351 2701/514/351
f 2702/515/362 2703/516/362 2704/517/362
f 2702/515/362 2704/517/362 2705/518/362
s 1
f 2706/519/422 2707/520/422 2708/516/422
f 2706/519/422 2708/516/422 2709/515/422
f 2710/521/423 2711/522/423 2712/518/423
f 2710/521/423 2712/518/423 2713/517/423
s 0
f 2714/463/4 2715/466/4 2716/523/4
f 2714/463/4 2716/523/4 2717/524/4
f 2718/466/4 2719/468/4 2720/525/4
f 2718/466/4 2720/525/4 2721/523/4
f 2722/468/4 2723/470/4 2724/526/4
f 2722/468/4 2724/526/4 2725/525/4
f 2726/463/4 2727/524/4 2728/527/4
f 2726/463/4 2728/527/4 2729/483/4
f 2730/451/2 2731/454/2 2732/528/2
f 2730/451/2 2732/528/2 2733/529/2
f 2734/530/425 2735/531/425 2736/532/425
f 2734/530/425 2736/532/425 2737/456/425
f 2738/456/426 2739/532/426 2740/460/426
f 2738/456/426 2740/460/426 2741/459/426
s 1
f 2742/459/427 2743/460/427 2744/533/351
f 2742/459/427 2744/533/351 2745/534/351
s 0
f 2746/463/3 2747/466/3 2748/465/3
f 2746/463/3 2748/465/3 2749/464/3
f 2750/466/3 2751/468/3 2752/467/3
f 2750/466/3 2752/467/3 2753/465/3
f 2754/468/3 2755/470/3 2756/469/3
f 2754/468/3 2756/469/3 2757/467/3
s 1
f 2758/535/428 2759/536/428 2760/537/429
f 2758/535/428 2760/537/429 2761/538/429
f 2761/538/429 2760/537/429 2762/475/430
f 2761/538/429 2762/475/430 2763/476/430
f 2763/476/430 2762/475/430 2636/477/1
f 2763/476/430 2636/477/1 2764/539/1
s 0
f 2765/536/1 2766/535/1 2767/540/1
f 2765/536/1 2767/540/1 2768/541/1
f 2769/531/351 2770/530/351 2771/482/351
f 2769/531/351 2771/482/351 2772/542/351
f 2773/463/3 2774/464/3 2775/484/3
f 2773/463/3 2775/484/3 2776/483/3
f 2777/542/5 2778/482/5 2779/541/5
f 2777/542/5 2779/541/5 2780/540/5
f 2781/543/3 2782/451/3 2783/529/3
f 2781/543/3 2783/529/3 2784/544/3
f 2785/545/4 2786/528/4 2787/454/4
f 2785/545/4 2787/454/4 2788/488/4
f 2789/543/5 2790/544/5 2791/546/5
f 2789/543/5 2791/546/5 2792/547/5
f 2793/40/351 2699/38/351 2698/513/351
f 2793/40/351 2698/513/351 2794/548/351
f 2795/515/431 2796/518/431 2797/517/431
f 2795/515/431 2797/517/431 2798/516/431
s 1
f 2799/519/432 2800/515/432 2801/516/432
f 2799/519/432 2801/516/432 2802/520/432
f 2803/521/434 2804/517/434 2805/518/434
f 2803/521/434 2805/518/434 2806/522/435
s 0
f 2807/549/4 2808/524/4 2809/523/4
f 2807/549/4 2809/523/4 2810/466/4
f 2811/466/4 2812/523/4 2813/525/4
f 2811/466/4 2813/525/4 2814/468/4
f 2815/468/4 2816/525/4 2817/526/4
f 2815/468/4 2817/526/4 2818/470/4
f 2819/549/4 2820/550/4 2821/551/4
f 2819/549/4 2821/551/4 2822/524/4
f 2823/552/4 2824/446/4 2825/445/4
f 2823/552/4 2825/445/4 2826/553/4
f 2827/450/351 2828/554/351 2829/555/351
f 2827/450/351 2829/555/351 2830/449/351
f 2592/445/1 2591/444/1 2831/443/1
f 2592/445/1 2831/443/1 2832/446/1
f 2833/447/5 2834/446/5 2835/443/5
f 2833/447/5 2835/443/5 2836/448/5
f 2837/443/3 2838/444/3 2839/449/3
f 2837/443/3 2839/449/3 2840/450/3
f 2841/445/4 2842/446/4 2843/552/4
f 2841/445/4 2843/552/4 2844/553/4
f 2845/555/351 2846/554/351 2847/450/351
f 2845/555/351 2847/450/351 2848/449/351
f 2849/567/5 2850/568/5 2851/232/5
f 2849/567/5 2851/232/5 2852/229/5
f 2853/568/1 2854/569/1 2855/234/1
f 2853/568/1 2855/234/1 2856/232/1
f 2857/569/2 2858/570/2 2859/236/2
f 2857/569/2 2859/236/2 2860/234/2
f 2861/570/351 2862/571/351 2863/238/351
f 2861/570/351 2863/238/351 2864/236/351
f 2865/232/5 2850/568/5 2849/567/5
f 2865/232/5 2849/567/5 2866/229/5
f 2867/234/1 2854/569/1 2853/568/1
f 2867/234/1 2853/568/1 2868/232/1
f 2869/236/2 2858/570/2 2857/569/2
f 2869/236/2 2857/569/2 2870/234/2
f 2871/238/351 2862/571/351 2861/570/351
f 2871/238/351 2861/570/351 2872/236/351
s 1
f 2873/572/462 2874/573/463 2875/574/464
f 2873/572/462 2875/574/464 2876/575/465
f 2877/576/466 2878/577/467 2879/578/468
f 2877/576/466 2879/578/468 2880/579/469
f 496/88/218 498/92/220 2881/575/470
f 496/88/218 2881/575/470 2882/574/464
f 2883/96/471 2877/576/466 2880/579/469
f 2883/96/471 2880/579/469 2884/97/472
f 2885/580/473 2886/91/474 2887/88/218
f 2885/580/473 2887/88/218 2888/90/475
f 2889/97/476 2890/581/477 2891/582/478
f 2889/97/476 2891/582/478 2892/95/479
s 0
f 2893/583/2 2894/584/2 2895/585/2
f 2893/583/2 2895/585/2 2896/586/2
f 2897/587/480 2898/588/480 2899/585/480
f 2897/587/480 2899/585/480 2900/589/480
s 1
f 2901/590/481 2902/591/482 2903/592/483
f 2901/590/481 2903/592/483 2904/593/484
f 2905/594/485 2906/595/351 2907/596/351
f 2905/594/485 2907/596/351 2908/597/485
f 2909/598/486 2910/599/487 2911/600/488
f 2909/598/486 2911/600/488 2912/601/489
f 2913/576/490 2914/577/491 2915/602/492
f 2913/576/490 2915/602/492 2916/603/490
f 2917/603/493 2918/576/494 2919/93/221
f 2917/603/493 2919/93/221 2920/94/495
f 499/93/221 2921/604/496 2922/90/497
f 499/93/221 2922/90/497 500/89/222
s 0
f 2923/604/498 2924/605/498 2925/606/498
f 2923/604/498 2925/606/498 2926/607/498
s 1
f 2927/603/499 2928/602/500 2929/573/501
f 2927/603/499 2929/573/501 2930/574/499
f 2931/603/502 2932/94/233 2933/88/209
f 2931/603/502 2933/88/209 2934/574/503
f 2935/576/504 2936/577/505 2937/602/506
f 2935/576/504 2937/602/506 2938/603/504
f 2939/576/507 502/93/224 504/94/226
f 2939/576/507 504/94/226 2940/603/508
f 2941/93/509 2942/604/510 2888/90/511
f 2941/93/509 2888/90/511 2943/89/512
f 2944/604/498 2945/608/498 2903/592/483
f 2944/604/498 2903/592/483 2946/90/513
f 2947/603/514 2948/602/515 2949/573/516
f 2947/603/514 2949/573/516 2950/574/514
f 2951/574/517 2952/603/518 2953/94/519
f 2951/574/517 2953/94/519 2954/88/520
f 2955/576/521 2956/577/522 2957/602/523
f 2955/576/521 2957/602/523 2958/603/521
f 2959/603/524 2960/576/525 2961/93/227
f 2959/603/524 2961/93/227 2962/94/526
f 505/93/227 2963/604/479 2964/90/496
f 505/93/227 2964/90/496 506/89/228
f 2965/95/527 2966/594/527 2967/609/498
f 2965/95/527 2967/609/498 2968/610/498
f 2969/603/528 2970/602/529 2971/573/530
f 2969/603/528 2971/573/530 2972/574/528
f 2973/574/531 2974/603/532 2975/94/533
f 2973/574/531 2975/94/533 2976/88/534
s 0
f 2977/586/498 2978/585/498 2979/588/498
f 2977/586/498 2979/588/498 2980/611/498
f 2981/612/535 2982/586/535 2983/611/535
f 2981/612/535 2983/611/535 2984/613/535
s 1
f 2985/614/536 2986/615/537 2987/599/487
f 2985/614/536 2987/599/487 2988/598/486
f 2985/614/536 2989/575/538 2990/572/539
f 2985/614/536 2990/572/539 2986/615/537
s 0
f 2991/583/2 2992/584/2 2993/585/2
f 2991/583/2 2993/585/2 2994/586/2
f 2995/587/480 2996/588/480 2997/585/480
f 2995/587/480 2997/585/480 2998/589/480
f 2999/586/498 3000/585/498 3001/588/498
f 2999/586/498 3001/588/498 3002/611/498
f 3003/612/535 3004/586/535 3005/611/535
f 3003/612/535 3005/611/535 3006/613/535
f 3007/583/2 3008/584/2 3009/585/2
f 3007/583/2 3009/585/2 3010/586/2
f 3011/587/480 3012/588/480 3013/585/480
f 3011/587/480 3013/585/480 3014/589/480
s 1
f 3015/586/498 3016/585/498 3017/588/498
s 0
f 3015/586/498 3017/588/498 3018/611/498
f 3019/612/535 3020/586/535 3021/611/535
f 3019/612/535 3021/611/535 3022/613/535
s 1
f 3023/579/540 3024/616/1 3025/617/541
f 3023/579/540 3025/617/541 3026/578/542
f 3027/579/543 3028/616/544 3029/581/477
f 3027/579/543 3029/581/477 3030/97/545
f 3031/575/546 3032/574/546 2874/573/463
f 3031/575/546 2874/573/463 2873/572/462
f 3033/576/547 3034/579/547 2879/578/468
f 3033/576/547 2879/578/468 2878/577/467
f 2902/591/482 3035/580/548 2946/90/513
f 2902/591/482 2946/90/513 2903/592/483
f 2905/594/485 3036/95/485 3037/582/351
f 2905/594/485 3037/582/351 2906/595/351
f 2910/599/487 3038/618/549 3039/601/550
f 2910/599/487 3039/601/550 2911/600/488
f 3040/576/494 3041/603/493 2915/602/492
f 3040/576/494 2915/602/492 2914/577/491
s 0
f 3042/619/498 3043/593/498 2925/606/498
f 3042/619/498 2925/606/498 2924/605/498
s 1
f 2931/603/502 2934/574/503 2929/573/501
f 2931/603/502 2929/573/501 2928/602/500
f 3044/576/507 3045/603/551 2937/602/506
f 3044/576/507 2937/602/506 2936/577/505
f 3046/620/498 2904/593/484 2903/592/483
f 3046/620/498 2903/592/483 2945/608/498
f 2952/603/518 2951/574/517 2949/573/516
f 2952/603/518 2949/573/516 2948/602/515
f 2956/577/522 3047/576/552 3048/603/524
f 2956/577/522 3048/603/524 2957/602/523
f 3049/597/527 3050/593/498 2967/609/498
f 3049/597/527 2967/609/498 2966/594/527
f 2974/603/532 2973/574/531 2971/573/530
f 2974/603/532 2971/573/530 2970/602/529
f 2986/615/537 3051/621/553 3052/618/549
f 2986/615/537 3052/618/549 2987/599/487
f 3053/575/554 3051/621/553 2986/615/537
f 3053/575/554 2986/615/537 2990/572/539
f 3025/617/541 3054/616/544 3055/579/555
f 3025/617/541 3055/579/555 3026/578/542
f 3056/574/556 3057/573/557 3058/572/558
f 3056/574/556 3058/572/558 3059/575/559
f 3060/576/560 3061/579/561 3062/578/562
f 3060/576/560 3062/578/562 3063/577/563
f 529/88/250 3064/574/556 3065/575/564
f 529/88/250 3065/575/564 530/92/251
f 3066/96/565 3067/97/566 3061/579/561
f 3066/96/565 3061/579/561 3060/576/560
f 3068/580/567 3069/90/568 3070/88/250
f 3068/580/567 3070/88/250 3071/91/569
f 3072/582/570 3073/581/571 3074/97/572
f 3072/582/570 3074/97/572 3075/95/573
s 0
f 3076/583/5 3077/586/5 3078/585/5
f 3076/583/5 3078/585/5 3079/584/5
f 3080/585/480 3081/588/480 3082/587/480
f 3080/585/480 3082/587/480 3083/589/480
s 1
f 2901/590/481 2904/593/484 3084/592/574
f 2901/590/481 3084/592/574 3085/591/575
f 2907/596/351 3086/595/351 3087/594/485
f 2907/596/351 3087/594/485 2908/597/485
f 2909/598/486 2912/601/489 3088/600/576
f 2909/598/486 3088/600/576 3089/599/577
f 3090/602/578 3091/577/579 2913/576/490
f 3090/602/578 2913/576/490 2916/603/490
f 3092/603/580 3093/94/581 3094/93/582
f 3092/603/580 3094/93/582 3095/576/583
f 3096/90/584 3097/604/585 532/93/253
f 3096/90/584 532/93/253 534/89/255
s 0
f 3098/606/498 3099/605/498 3100/604/498
f 3098/606/498 3100/604/498 3101/607/498
s 1
f 3102/573/586 3103/602/587 2927/603/499
f 3102/573/586 2927/603/499 2930/574/499
f 3104/88/241 3105/94/266 3106/603/588
f 3104/88/241 3106/603/588 3107/574/589
f 3108/602/590 3109/577/591 2935/576/504
f 3108/602/590 2935/576/504 2938/603/504
f 536/94/257 535/93/256 3110/576/592
f 536/94/257 3110/576/592 3111/603/593
f 3069/90/568 3112/604/594 3113/93/256
f 3069/90/568 3113/93/256 3114/89/258
f 3084/592/574 3115/608/498 3116/604/498
f 3084/592/574 3116/604/498 3117/90/595
f 3118/573/596 3119/602/597 2947/603/514
f 3118/573/596 2947/603/514 2950/574/514
f 3120/574/598 3121/88/244 3122/94/599
f 3120/574/598 3122/94/599 3123/603/600
f 3124/602/601 3125/577/602 2955/576/521
f 3124/602/601 2955/576/521 2958/603/521
f 3126/603/603 3127/94/604 3128/93/259
f 3126/603/603 3128/93/259 3129/576/605
f 3130/90/585 3131/604/573 538/93/259
f 3130/90/585 538/93/259 540/89/261
f 3132/609/498 3133/594/527 3134/95/527
f 3132/609/498 3134/95/527 3135/610/498
f 3136/573/606 3137/602/607 2969/603/528
f 3136/573/606 2969/603/528 2972/574/528
f 3138/574/608 3139/88/609 3140/94/610
f 3138/574/608 3140/94/610 3141/603/611
s 0
f 2979/588/498 3142/585/498 3143/586/498
f 2979/588/498 3143/586/498 2980/611/498
f 3144/611/535 3145/586/535 3146/612/535
f 3144/611/535 3146/612/535 3147/613/535
s 1
f 3148/599/612 3149/615/613 2985/614/536
f 3148/599/612 2985/614/536 2988/598/486
f 2985/614/536 3149/615/613 3150/572/614
f 2985/614/536 3150/572/614 2989/575/538
s 0
f 3151/583/5 3152/586/5 3153/585/5
f 3151/583/5 3153/585/5 3154/584/5
f 3155/585/480 3156/588/480 3157/587/480
f 3155/585/615 3157/587/615 3158/589/615
f 3001/588/498 3159/585/498 3160/586/498
f 3001/588/498 3160/586/498 3002/611/498
f 3161/611/535 3162/586/535 3163/612/535
f 3161/611/535 3163/612/535 3164/613/535
f 3165/583/616 3166/586/616 3167/585/616
f 3165/583/5 3167/585/5 3168/584/5
f 3169/585/480 3170/588/480 3171/587/480
f 3169/585/480 3171/587/480 3172/589/480
s 1
f 3017/588/498 3173/585/498 3174/586/498
s 0
f 3017/588/498 3174/586/498 3018/611/498
f 3175/611/535 3176/586/535 3177/612/535
f 3175/611/535 3177/612/535 3178/613/535
s 1
f 3023/579/540 3179/578/617 3180/617/618
f 3023/579/540 3180/617/618 3024/616/1
f 3181/579/619 3182/97/572 3183/581/620
f 3181/579/619 3183/581/620 3184/616/621
f 3057/573/557 3032/574/546 3031/575/546
f 3057/573/557 3031/575/546 3058/572/558
f 3062/578/562 3034/579/547 3033/576/547
f 3062/578/562 3033/576/547 3063/577/563
f 3085/591/575 3084/592/574 3117/90/595
f 3085/591/575 3117/90/595 3185/580/622
f 3087/594/485 3086/595/351 3186/582/351
f 3087/594/485 3186/582/351 3187/95/485
f 3089/599/577 3088/600/576 3188/601/623
f 3089/599/577 3188/601/623 3189/618/624
f 3090/602/578 3190/603/625 3191/576/626
f 3090/602/578 3191/576/626 3091/577/579
s 0
f 3098/606/498 3043/593/498 3042/619/498
f 3098/606/498 3042/619/498 3099/605/498
s 1
f 3102/573/586 3107/574/589 3106/603/588
f 3102/573/586 3106/603/588 3103/602/587
f 3108/602/590 3192/603/627 3193/576/592
f 3108/602/590 3193/576/592 3109/577/591
f 3084/592/574 2904/593/484 3046/620/498
f 3084/592/574 3046/620/498 3115/608/498
f 3118/573/596 3120/574/598 3123/603/600
f 3118/573/596 3123/603/600 3119/602/597
f 3125/577/602 3124/602/601 3194/603/603
f 3125/577/602 3194/603/603 3195/576/628
f 3132/609/498 3050/593/498 3049/597/527
f 3132/609/498 3049/597/527 3133/594/527
f 3136/573/606 3138/574/608 3141/603/611
f 3136/573/606 3141/603/611 3137/602/607
f 3149/615/613 3148/599/612 3196/618/624
f 3149/615/613 3196/618/624 3197/621/629
f 3149/615/613 3197/621/629 3198/575/630
f 3149/615/613 3198/575/630 3150/572/614
f 3199/579/631 3200/616/621 3180/617/618
f 3199/579/631 3180/617/618 3179/578/617
s 0
f 3201/583/2 3202/584/2 3203/585/2
f 3201/583/2 3203/585/2 3204/586/2
f 3205/587/480 3206/588/480 3207/585/480
f 3205/587/480 3207/585/480 3208/589/480
f 3209/586/498 3210/585/498 3211/588/498
f 3209/586/498 3211/588/498 3212/611/498
f 3213/612/535 3214/586/535 3215/611/535
f 3213/612/535 3215/611/535 3216/613/535
f 3217/583/616 3218/586/616 3219/585/616
f 3217/583/5 3219/585/5 3220/584/5
f 3221/585/480 3222/588/480 3223/587/480
f 3221/585/480 3223/587/480 3224/589/480
f 3211/588/498 3225/585/498 3226/586/498
f 3211/588/498 3226/586/498 3212/611/498
f 3227/611/535 3228/586/535 3229/612/535
f 3227/611/535 3229/612/535 3230/613/535
s 1
f 3231/576/632 3232/579/633 3233/578/634
f 3231/576/632 3233/578/634 3234/577/635
f 3235/96/636 3236/97/637 3237/579/638
f 3235/96/636 3237/579/638 3238/576/632
f 2891/582/478 2890/581/477 3239/97/639
f 2891/582/478 3239/97/639 3240/95/640
s 0
f 3241/583/2 3242/586/2 3243/585/2
f 3241/583/2 3243/585/2 3244/584/2
f 3245/585/641 3246/588/641 3247/587/641
f 3245/585/641 3247/587/641 3248/589/641
s 1
f 2907/596/351 2906/595/351 3249/594/642
f 2907/596/351 3249/594/642 3250/597/642
f 3251/602/643 3252/577/644 3253/576/645
f 3251/602/643 3253/576/645 3254/603/645
f 3255/603/646 3256/94/647 3257/93/648
f 3255/603/646 3257/93/648 3258/576/649
f 3259/90/650 3260/604/651 562/93/282
f 3259/90/650 562/93/282 564/89/284
s 0
f 3261/606/652 3262/605/652 3263/604/652
f 3261/606/652 3263/604/652 3264/607/652
s 1
f 3265/573/653 3266/602/654 3267/603/655
f 3265/573/653 3267/603/655 3268/574/655
f 3269/88/273 3270/94/293 3271/603/656
f 3269/88/273 3271/603/656 3272/574/657
f 3273/602/658 3274/577/659 3275/576/660
f 3273/602/658 3275/576/660 3276/603/660
f 3277/94/661 3278/93/662 3279/576/663
f 3277/94/661 3279/576/663 3280/603/664
f 3281/90/665 3282/604/666 565/93/285
f 3281/90/665 565/93/285 567/89/287
f 3283/592/667 3284/608/652 3285/604/652
f 3283/592/667 3285/604/652 3286/90/668
f 3287/573/669 3288/602/670 3289/603/671
f 3287/573/669 3289/603/671 3290/574/671
f 3291/574/672 3292/88/673 3293/94/674
f 3291/574/672 3293/94/674 3294/603/675
f 3295/602/676 3296/577/677 3297/576/678
f 3295/602/676 3297/576/678 3298/603/678
f 3299/603/679 3300/94/680 3301/93/681
f 3299/603/679 3301/93/681 3302/576/682
f 3303/90/651 3304/604/683 568/93/288
f 3303/90/651 568/93/288 570/89/290
f 3305/609/652 3306/594/684 3307/95/684
f 3305/609/652 3307/95/684 3308/610/652
f 3309/573/685 3310/602/686 3311/603/687
f 3309/573/685 3311/603/687 3312/574/687
f 3313/574/688 3314/88/689 3315/94/690
f 3313/574/688 3315/94/690 3316/603/691
s 0
f 3317/588/652 3318/585/652 3319/586/652
f 3317/588/652 3319/586/652 3320/611/652
f 3321/611/692 3322/586/692 3323/612/692
f 3321/611/692 3323/612/692 3324/613/692
f 3325/583/2 3326/586/2 3327/585/2
f 3325/583/2 3327/585/2 3328/584/2
f 3329/585/641 3330/588/641 3331/587/641
f 3329/585/641 3331/587/641 3332/589/641
f 3333/588/652 3334/585/652 3335/586/652
f 3333/588/652 3335/586/652 3336/611/652
s 1
f 3337/611/692 3338/586/692 3339/612/692
f 3337/611/692 3339/612/692 3340/613/692
s 0
f 3341/583/2 3342/586/2 3343/585/2
f 3341/583/2 3343/585/2 3344/584/2
s 1
f 3345/585/641 3346/588/641 3347/587/641
s 0
f 3345/585/641 3347/587/641 3348/589/641
f 3349/588/652 3350/585/652 3351/586/652
f 3349/588/652 3351/586/652 3352/611/652
f 3353/611/692 3354/586/692 3355/612/692
s 1
f 3353/611/692 3355/612/692 3356/613/692
f 3357/579/693 3358/578/694 3025/617/541
f 3357/579/693 3025/617/541 3024/616/1
f 3359/579/695 3360/97/639 3029/581/477
f 3359/579/695 3029/581/477 3028/616/544
f 3233/578/634 3361/579/696 3362/576/697
f 3233/578/634 3362/576/697 3234/577/635
f 3249/594/642 2906/595/351 3037/582/351
f 3249/594/642 3037/582/351 3363/95/642
f 3251/602/643 3364/603/646 3365/576/649
f 3251/602/643 3365/576/649 3252/577/644
s 0
f 3261/606/652 3366/593/652 3367/619/652
f 3261/606/652 3367/619/652 3262/605/652
s 1
f 3265/573/653 3272/574/657 3271/603/656
f 3265/573/653 3271/603/656 3266/602/654
f 3273/602/658 3368/603/698 3369/576/663
f 3273/602/658 3369/576/663 3274/577/659
f 3283/592/667 3370/593/699 3371/620/652
f 3283/592/667 3371/620/652 3284/608/652
f 3287/573/669 3291/574/672 3294/603/675
f 3287/573/669 3294/603/675 3288/602/670
f 3296/577/677 3295/602/676 3372/603/679
f 3296/577/677 3372/603/679 3373/576/700
f 3305/609/652 3374/593/652 3375/597/684
f 3305/609/652 3375/597/684 3306/594/684
f 3309/573/685 3313/574/688 3316/603/691
f 3309/573/685 3316/603/691 3310/602/686
f 3025/617/541 3358/578/694 3376/579/701
f 3025/617/541 3376/579/701 3054/616/544
f 3377/576/702 3378/577/703 3379/578/704
f 3377/576/702 3379/578/704 3380/579/705
f 3381/96/706 3382/576/702 3383/579/707
f 3381/96/706 3383/579/707 3384/97/708
f 3385/97/709 3073/581/571 3072/582/570
f 3385/97/709 3072/582/570 3386/95/710
s 0
f 3387/583/5 3388/584/5 3389/585/5
f 3387/583/5 3389/585/5 3390/586/5
f 3391/587/641 3392/588/641 3393/585/641
f 3391/587/641 3393/585/641 3394/589/641
s 1
f 3395/594/642 3086/595/351 2907/596/351
f 3395/594/642 2907/596/351 3250/597/642
f 3253/576/645 3396/577/711 3397/602/712
f 3253/576/645 3397/602/712 3254/603/645
f 3398/603/713 3399/576/714 3400/93/307
f 3398/603/713 3400/93/307 3401/94/715
f 588/93/307 3402/604/716 3403/90/717
f 588/93/307 3403/90/717 589/89/308
s 0
f 3404/604/652 3405/605/652 3406/606/652
f 3404/604/652 3406/606/652 3407/607/652
s 1
f 3267/603/655 3408/602/718 3409/573/719
f 3267/603/655 3409/573/719 3268/574/655
f 3410/603/720 3411/94/318 3412/88/317
f 3410/603/720 3412/88/317 3413/574/721
f 3275/576/660 3414/577/722 3415/602/723
f 3275/576/660 3415/602/723 3276/603/660
f 3416/576/724 3417/93/725 3418/94/312
f 3416/576/724 3418/94/312 3419/603/726
f 591/93/310 3420/604/727 3421/90/728
f 591/93/310 3421/90/728 592/89/311
f 3422/604/652 3423/608/652 3424/592/729
f 3422/604/652 3424/592/729 3425/90/730
f 3289/603/671 3426/602/731 3427/573/732
f 3289/603/671 3427/573/732 3290/574/671
f 3428/574/733 3429/603/734 3430/94/735
f 3428/574/733 3430/94/735 3431/88/736
f 3297/576/678 3432/577/737 3433/602/738
f 3297/576/678 3433/602/738 3298/603/678
f 3434/603/739 3435/576/740 3436/93/313
f 3434/603/739 3436/93/313 3437/94/741
f 594/93/313 3438/604/710 3439/90/716
f 594/93/313 3439/90/716 595/89/314
f 3440/95/684 3441/594/684 3442/609/652
f 3440/95/684 3442/609/652 3443/610/652
f 3311/603/687 3444/602/742 3445/573/743
f 3311/603/687 3445/573/743 3312/574/687
f 3446/574/744 3447/603/745 3448/94/746
f 3446/574/744 3448/94/746 3449/88/747
s 0
f 3450/586/652 3451/585/652 3317/588/652
f 3450/586/652 3317/588/652 3320/611/652
f 3452/612/692 3453/586/692 3454/611/692
f 3452/612/692 3454/611/692 3455/613/692
f 3456/583/5 3457/584/5 3458/585/5
f 3456/583/5 3458/585/5 3459/586/5
f 3460/587/641 3461/588/641 3462/585/641
f 3460/587/748 3462/585/748 3463/589/748
f 3464/586/652 3465/585/652 3333/588/652
f 3464/586/652 3333/588/652 3336/611/652
f 3466/612/692 3467/586/692 3468/611/692
f 3466/612/692 3468/611/692 3469/613/692
f 3470/583/5 3471/584/5 3472/585/5
f 3470/583/616 3472/585/616 3473/586/616
f 3474/587/641 3475/588/641 3476/585/641
f 3474/587/641 3476/585/641 3477/589/641
f 3478/586/652 3479/585/652 3349/588/652
f 3478/586/652 3349/588/652 3352/611/652
f 3480/612/692 3481/586/692 3482/611/692
f 3480/612/692 3482/611/692 3483/613/692
s 1
f 3357/579/693 3024/616/1 3180/617/618
f 3357/579/693 3180/617/618 3484/578/749
f 3485/579/750 3184/616/621 3183/581/620
f 3485/579/750 3183/581/620 3486/97/709
f 3362/576/697 3361/579/696 3379/578/704
f 3362/576/697 3379/578/704 3378/577/703
f 3395/594/642 3487/95/642 3186/582/351
f 3395/594/642 3186/582/351 3086/595/351
f 3488/576/751 3489/603/752 3397/602/712
f 3488/576/751 3397/602/712 3396/577/711
f 3367/619/652 3366/593/652 3406/606/652
f 3367/619/652 3406/606/652 3405/605/652
f 3410/603/720 3413/574/721 3409/573/719
f 3410/603/720 3409/573/719 3408/602/718
f 3490/576/724 3491/603/753 3415/602/723
f 3490/576/724 3415/602/723 3414/577/722
f 3371/620/652 3370/593/699 3424/592/729
f 3371/620/652 3424/592/729 3423/608/652
f 3429/603/734 3428/574/733 3427/573/732
f 3429/603/734 3427/573/732 3426/602/731
f 3432/577/737 3492/576/754 3493/603/739
f 3432/577/737 3493/603/739 3433/602/738
f 3375/597/684 3374/593/652 3442/609/652
f 3375/597/684 3442/609/652 3441/594/684
f 3447/603/745 3446/574/744 3445/573/743
f 3447/603/745 3445/573/743 3444/602/742
f 3180/617/618 3200/616/621 3494/579/755
f 3180/617/618 3494/579/755 3484/578/749
f 3495/574/756 3496/573/757 3497/572/758
f 3495/574/756 3497/572/758 3498/575/759
f 3499/88/324 3500/574/756 3501/575/760
f 3499/88/324 3501/575/760 3502/92/761
f 3503/580/762 3281/90/763 605/88/324
f 3503/580/762 605/88/324 607/91/326
f 3504/590/764 3370/593/699 3283/592/667
f 3504/590/764 3283/592/667 3505/591/765
f 3506/598/766 3507/601/767 3508/600/768
f 3506/598/766 3508/600/768 3509/599/769
f 3510/599/770 3511/615/771 3512/614/772
f 3510/599/770 3512/614/772 3513/598/766
f 3512/614/772 3511/615/771 3514/572/773
f 3512/614/772 3514/572/773 3515/575/774
f 3496/573/757 3516/574/775 3517/575/775
f 3496/573/757 3517/575/775 3497/572/758
f 3505/591/765 3283/592/667 3286/90/668
f 3505/591/765 3286/90/668 3518/580/776
f 3509/599/769 3508/600/768 3519/601/777
f 3509/599/769 3519/601/777 3520/618/778
f 3511/615/771 3510/599/770 3521/618/778
f 3511/615/771 3521/618/778 3522/621/779
f 3511/615/771 3522/621/779 3523/575/780
f 3511/615/771 3523/575/780 3514/572/773
f 3524/572/781 3525/573/782 3526/574/783
f 3524/572/781 3526/574/783 3527/575/784
f 3528/88/785 3529/92/786 3530/575/787
f 3528/88/785 3530/575/787 3531/574/788
f 3532/580/789 609/91/328 608/88/327
f 3532/580/789 608/88/327 3421/90/728
f 3504/590/764 3533/591/790 3424/592/729
f 3504/590/764 3424/592/729 3370/593/699
f 3506/598/766 3534/599/791 3535/600/792
f 3506/598/766 3535/600/792 3507/601/767
f 3512/614/772 3536/615/793 3537/599/794
f 3512/614/772 3537/599/794 3513/598/766
f 3512/614/772 3515/575/774 3538/572/795
f 3512/614/772 3538/572/795 3536/615/793
f 3517/575/775 3516/574/775 3525/573/782
f 3517/575/775 3525/573/782 3524/572/781
f 3533/591/790 3539/580/796 3425/90/730
f 3533/591/790 3425/90/730 3424/592/729
f 3534/599/791 3540/618/797 3541/601/798
f 3534/599/791 3541/601/798 3535/600/792
f 3536/615/793 3542/621/799 3543/618/797
f 3536/615/793 3543/618/797 3537/599/794
f 3544/575/800 3542/621/799 3536/615/793
f 3544/575/800 3536/615/793 3538/572/795
s 0
f 3545/583/2 3546/586/2 3547/585/2
f 3545/583/2 3547/585/2 3548/584/2
f 3549/585/641 3550/588/641 3551/587/641
f 3549/585/641 3551/587/641 3552/589/641
f 3553/588/652 3554/585/652 3555/586/652
f 3553/588/652 3555/586/652 3556/611/652
f 3557/611/692 3558/586/692 3559/612/692
f 3557/611/692 3559/612/692 3560/613/692
f 3561/583/5 3562/584/5 3563/585/5
f 3561/583/5 3563/585/5 3564/586/5
f 3565/587/641 3566/588/641 3567/585/641
f 3565/587/641 3567/585/641 3568/589/641
f 3569/586/652 3570/585/652 3553/588/652
f 3569/586/652 3553/588/652 3556/611/652
f 3571/612/692 3572/586/692 3573/611/692
f 3571/612/692 3573/611/692 3574/613/692
f 3575/218/4 3576/28/4 3577/29/4
f 3575/218/4 3577/29/4 3578/217/4
f 3579/218/4 3580/217/4 3581/29/4
f 3579/218/4 3581/29/4 3582/28/4
f 3583/24/3 3584/23/3 3585/212/3
f 3583/24/3 3585/212/3 3586/213/3
f 3587/212/3 3588/23/3 3589/24/3
f 3587/212/3 3589/24/3 3590/213/3
f 3591/622/801 3592/107/801 3593/98/801
f 3591/622/802 3593/98/802 3594/623/802
f 3595/98/351 3596/624/351 3597/625/351
f 3595/98/351 3597/625/351 3598/626/351
f 3599/101/803 3600/627/803 3601/628/803
f 3599/101/804 3601/628/804 3602/624/804
f 3603/101/331 3604/629/331 3605/106/331
f 3603/101/331 3605/106/331 3606/102/331
f 3607/627/803 3608/101/803 3609/103/803
f 3607/627/803 3609/103/803 3610/630/803
s 1
f 3611/631/805 3612/103/805 3613/105/806
f 3611/631/805 3613/105/806 3614/632/806
f 3614/632/806 3613/105/806 3615/104/807
f 3614/632/806 3615/104/807 3616/633/807
f 3616/633/807 3615/104/807 3617/102/808
f 3616/633/807 3617/102/808 3618/634/809
s 0
f 3619/624/334 3620/101/334 3621/99/334
f 3619/624/334 3621/99/334 3622/98/334
f 3623/634/1 3624/102/1 3625/107/1
f 3623/634/1 3625/107/1 3626/635/1
f 3627/622/810 3628/623/810 3629/98/810
f 3627/622/360 3629/98/360 3630/107/360
f 3631/98/351 3632/626/351 3633/625/351
f 3631/98/351 3633/625/351 3634/624/351
f 3635/628/361 3636/627/361 3637/101/361
f 3635/628/811 3637/101/811 3638/624/811
f 3639/106/337 3640/629/337 3641/101/337
f 3639/106/337 3641/101/337 3642/102/337
f 3643/103/361 3644/101/361 3645/627/361
f 3643/103/361 3645/627/361 3646/630/361
s 1
f 3647/105/812 3648/103/813 3649/631/813
f 3647/105/812 3649/631/813 3650/632/812
f 3651/104/814 3647/105/812 3650/632/812
f 3651/104/814 3650/632/812 3652/633/814
f 3653/102/815 3651/104/814 3652/633/814
f 3653/102/815 3652/633/814 3654/634/815
s 0
f 3655/99/340 3656/101/340 3657/624/340
f 3655/99/340 3657/624/340 3658/98/340
f 3659/107/1 3660/102/1 3661/634/1
f 3659/107/1 3661/634/1 3662/635/1
f 3663/622/801 3664/107/801 3665/98/801
s 1
f 3663/622/802 3665/98/802 3666/623/802
s 0
f 3667/98/351 3668/624/351 3669/625/351
f 3667/98/351 3669/625/351 3670/626/351
f 3671/101/803 3672/627/803 3673/628/803
f 3671/101/804 3673/628/804 3674/624/804
f 3675/101/331 3676/629/331 3677/106/331
f 3675/101/331 3677/106/331 3678/102/331
f 3679/627/803 3680/101/803 3681/103/803
f 3679/627/803 3681/103/803 3682/630/803
s 1
f 3683/631/805 3684/103/805 3685/105/806
f 3683/631/805 3685/105/806 3686/632/806
f 3686/632/806 3685/105/806 3687/104/807
f 3686/632/806 3687/104/807 3688/633/807
f 3688/633/807 3687/104/807 3689/102/809
f 3688/633/807 3689/102/809 3690/634/809
s 0
f 3691/624/334 3692/101/334 3693/99/334
f 3691/624/334 3693/99/334 3694/98/334
f 3695/634/1 3696/102/1 3697/107/1
f 3695/634/1 3697/107/1 3698/635/1
f 3699/622/810 3700/623/810 3701/98/810
f 3699/622/360 3701/98/360 3702/107/360
f 3703/98/351 3704/626/351 3705/625/351
f 3703/98/351 3705/625/351 3706/624/351
f 3707/628/361 3708/627/361 3709/101/361
f 3707/628/811 3709/101/811 3710/624/811
f 3711/106/337 3712/629/337 3713/101/337
f 3711/106/337 3713/101/337 3714/102/337
f 3715/103/361 3716/101/361 3717/627/361
f 3715/103/361 3717/627/361 3718/630/361
s 1
f 3719/105/812 3720/103/813 3721/631/813
f 3719/105/812 3721/631/813 3722/632/812
f 3723/104/814 3719/105/812 3722/632/812
f 3723/104/814 3722/632/812 3724/633/814
f 3725/102/815 3723/104/814 3724/633/814
f 3725/102/815 3724/633/814 3726/634/815
s 0
f 3727/99/340 3728/101/340 3729/624/340
f 3727/99/340 3729/624/340 3730/98/340
f 3731/107/1 3732/102/1 3733/634/1
f 3731/107/1 3733/634/1 3734/635/1
s 1
f 3735/636/816 3736/637/817 3737/638/817
f 3735/636/816 3737/638/817 3738/639/816
f 3736/637/817 3739/640/818 3740/641/819
f 3736/637/817 3740/641/819 3737/638/817
f 3741/642/820 3742/643/821 3743/639/821
f 3741/642/820 3743/639/821 3744/644/820
f 3745/643/822 3746/645/823 3747/646/823
f 3745/643/822 3747/646/823 3748/639/822
f 3746/645/823 3749/647/824 3750/648/825
f 3746/645/823 3750/648/825 3747/646/823
f 3751/649/824 3752/650/826 3753/646/826
f 3751/649/824 3753/646/826 3754/651/824
f 3752/650/826 3755/636/827 3756/639/827
f 3752/650/826 3756/639/827 3753/646/826
f 3741/642/820 3744/644/820 3757/641/818
f 3741/642/820 3757/641/818 3758/640/818
f 3759/636/827 3760/637/828 3761/638/828
f 3759/636/827 3761/638/828 3762/639/816
f 3760/637/828 3763/640/819 3764/641/818
f 3760/637/828 3764/641/818 3761/638/828
f 3765/642/820 3766/643/821 3767/639/821
f 3765/642/820 3767/639/821 3768/644/820
f 3769/643/821 3770/645/829 3771/646/829
f 3769/643/821 3771/646/829 3772/639/830
f 3770/645/829 3773/647/831 3774/648/824
f 3770/645/829 3774/648/824 3771/646/829
f 3775/649/824 3776/650/826 3777/646/832
f 3775/649/824 3777/646/832 3778/651/824
f 3776/650/826 3779/636/827 3780/639/827
f 3776/650/826 3780/639/827 3777/646/832
f 3765/642/820 3768/644/820 3781/641/818
f 3765/642/820 3781/641/818 3782/640/818
s 0
f 3783/652/360 3784/653/360 3785/654/360
f 3783/652/360 3785/654/360 3786/655/360
f 3787/653/833 3788/656/833 3789/657/833
f 3787/653/833 3789/657/833 3790/654/833
f 3791/658/834 3792/652/834 3793/655/834
f 3791/658/834 3793/655/834 3794/659/834
f 3795/655/360 3796/654/360 3797/660/360
f 3795/655/360 3797/660/360 3798/661/360
s 1
f 3799/657/835 3800/662/835 3801/660/836
f 3799/657/835 3801/660/836 3802/654/835
f 3803/659/837 3804/655/838 3805/661/839
f 3803/659/837 3805/661/839 3806/663/837
s 0
f 3807/662/840 3808/663/840 3809/661/840
f 3807/662/841 3809/661/841 3810/660/841
f 3811/652/360 3812/653/360 3813/654/360
f 3811/652/360 3813/654/360 3814/655/360
f 3815/653/842 3816/656/842 3817/657/842
f 3815/653/833 3817/657/833 3818/654/833
f 3819/658/834 3820/652/834 3821/655/834
f 3819/658/834 3821/655/834 3822/659/834
f 3823/655/360 3824/654/360 3825/660/360
f 3823/655/360 3825/660/360 3826/661/360
s 1
f 3827/657/835 3828/662/835 3829/660/843
f 3827/657/835 3829/660/843 3830/654/835
f 3831/659/837 3832/655/838 3833/661/844
f 3831/659/837 3833/661/844 3834/663/837
s 0
f 3835/662/840 3836/663/840 3837/661/840
f 3835/662/841 3837/661/841 3838/660/841
f 3839/664/1 3840/145/1 3841/144/1
f 3839/664/1 3841/144/1 3842/665/1
f 3843/666/845 3844/667/845 3845/668/845
f 3843/666/845 3845/668/845 3846/669/845
f 3847/670/846 3848/671/846 3849/667/846
f 3847/670/846 3849/667/846 3850/666/846
f 3851/672/847 3852/131/847 3853/132/847
f 3851/672/847 3853/132/847 3854/673/847
f 3855/674/848 3856/142/848 3857/140/848
f 3855/674/848 3857/140/848 3858/675/848
f 3859/675/849 3860/140/849 3861/141/849
f 3859/675/849 3861/141/849 3862/676/849
f 3863/677/850 3864/150/850 3865/678/850
f 3863/677/850 3865/678/850 3866/679/850
f 3867/144/851 3868/125/851 3869/680/851
f 3867/144/851 3869/680/851 3870/681/851
f 3871/682/852 3872/683/852 3873/133/852
f 3871/682/852 3873/133/852 3874/684/852
f 3875/680/337 3876/125/337 3877/127/337
f 3875/680/337 3877/127/337 3878/685/337
f 3879/686/351 3880/687/351 3881/688/351
f 3879/686/351 3881/688/351 3882/689/351
s 1
f 3883/690/853 3884/691/853 3885/692/853
s 0
f 3883/690/853 3885/692/853 3886/693/853
s 1
f 3887/691/854 3888/138/854 3889/694/854
f 3887/691/854 3889/694/854 3890/692/854
s 0
f 3891/135/351 3892/134/351 3893/695/351
f 3891/135/351 3893/695/351 3894/696/351
f 3895/697/855 3896/698/855 3897/699/855
f 3895/697/855 3897/699/855 3898/700/855
f 3899/139/856 3900/138/856 3901/694/856
f 3899/139/856 3901/694/856 3902/701/856
f 3903/698/857 3904/138/857 3905/694/857
f 3903/698/858 3905/694/858 3906/699/858
f 3907/686/859 3908/702/859 3909/685/859
f 3907/686/859 3909/685/859 3910/127/859
f 3911/703/860 3912/704/860 3913/138/860
s 1
f 3911/703/860 3913/138/860 3914/694/860
s 0
f 3915/133/340 3916/683/340 3917/705/340
f 3915/133/340 3917/705/340 3918/130/340
f 3919/706/1 3920/684/1 3921/707/1
f 3919/706/1 3921/707/1 3922/708/1
f 3923/674/861 3924/150/861 3925/709/861
s 1
f 3923/674/861 3925/709/861 3926/710/861
s 0
f 3927/710/862 3928/709/862 3929/711/862
f 3927/710/862 3929/711/862 3930/712/862
f 3931/679/863 3932/678/863 3933/713/863
f 3931/679/864 3933/713/864 3934/714/864
f 3935/129/360 3936/707/360 3937/684/360
f 3935/129/360 3937/684/360 3938/133/360
f 3939/137/360 3940/687/360 3941/686/360
f 3939/137/360 3941/686/360 3942/127/360
f 3943/715/865 3944/147/865 3945/716/865
f 3943/715/866 3945/716/866 3946/717/866
f 3947/717/867 3948/716/867 3949/718/867
f 3947/717/868 3949/718/868 3950/719/868
f 3951/715/1 3952/147/1 3953/146/1
f 3951/715/1 3953/146/1 3954/720/1
f 3955/129/361 3956/133/361 3957/684/361
f 3955/129/361 3957/684/361 3958/707/361
f 3959/137/361 3960/127/361 3961/686/361
f 3959/137/361 3961/686/361 3962/721/361
f 3963/722/869 3964/723/869 3965/724/869
f 3963/722/869 3965/724/869 3966/725/869
f 3967/726/870 3968/727/870 3969/724/870
f 3967/726/871 3969/724/871 3970/723/871
s 1
f 3971/728/872 3972/729/873 3973/730/361
f 3971/728/872 3973/730/361 3974/731/361
f 3975/732/874 3976/733/874 3977/734/360
f 3975/732/874 3977/734/360 3978/735/360
f 3979/736/875 3980/732/875 3981/735/876
f 3979/736/875 3981/735/876 3982/737/877
s 0
f 3983/725/360 3984/724/360 3985/727/360
f 3983/725/360 3985/727/360 3986/738/360
f 3987/722/878 3988/725/878 3989/738/878
f 3987/722/878 3989/738/878 3990/739/878
s 1
f 3991/740/879 3992/734/880 3993/733/881
f 3991/740/879 3993/733/881 3994/741/881
s 0
f 3995/739/882 3996/738/882 3997/727/882
f 3995/739/882 3997/727/882 3998/726/882
f 3999/729/883 4000/728/883 4001/742/883
f 3999/729/883 4001/742/883 4002/743/883
f 4003/733/884 4004/732/884 4005/744/884
f 4003/733/885 4005/744/885 4006/745/885
s 1
f 4007/732/886 4008/736/887 4009/746/886
f 4007/732/886 4009/746/886 4010/744/886
f 4011/741/888 4012/733/888 4013/745/888
f 4011/741/888 4013/745/888 4014/747/888
f 4015/748/882 4016/749/882 4017/750/882
s 0
f 4015/748/882 4017/750/882 4018/751/882
f 4019/750/870 4020/752/870 4021/753/870
f 4019/750/871 4021/753/871 4022/751/871
s 1
f 3973/730/361 4023/754/889 4024/755/889
f 3973/730/361 4024/755/889 3974/731/361
f 3977/734/360 4025/756/890 4026/757/890
f 3977/734/360 4026/757/890 3978/735/360
f 3981/735/876 4027/757/891 4028/758/891
f 3981/735/876 4028/758/891 3982/737/877
s 0
f 4029/752/360 4030/750/360 4031/749/360
f 4029/752/360 4031/749/360 4032/759/360
f 4033/759/878 4034/749/878 4035/748/878
f 4033/759/878 4035/748/878 4036/760/878
s 1
f 4037/756/892 3992/734/880 3991/740/879
f 4037/756/892 3991/740/879 4038/761/892
s 0
f 4039/752/869 4040/759/869 4041/760/869
f 4039/752/869 4041/760/869 4042/753/869
f 4043/754/893 4044/762/893 4045/763/893
f 4043/754/893 4045/763/893 4046/755/893
f 4047/756/894 4048/764/894 4049/765/894
f 4047/756/894 4049/765/894 4050/757/894
s 1
f 4051/757/895 4052/765/895 4053/766/895
f 4051/757/895 4053/766/895 4054/758/896
f 4055/761/897 4056/767/897 4057/764/897
f 4055/761/897 4057/764/897 4058/756/898
s 0
f 4059/722/899 4060/725/899 4061/724/899
f 4059/722/899 4061/724/899 4062/723/899
f 4063/724/900 4064/727/900 4065/726/900
f 4063/724/900 4065/726/900 4066/723/900
s 1
f 4067/730/360 4068/729/901 4069/728/902
f 4067/730/360 4069/728/902 4070/731/360
f 4071/734/361 4072/733/903 4073/732/903
f 4071/734/361 4073/732/903 4074/735/361
f 4075/735/904 4076/732/905 4077/736/906
f 4075/735/904 4077/736/906 4078/737/907
s 0
f 4079/727/361 4080/724/361 4081/725/361
f 4079/727/361 4081/725/361 4082/738/361
f 4083/738/908 4084/725/908 4085/722/908
f 4083/738/909 4085/722/909 4086/739/909
s 1
f 4087/733/910 4088/734/911 4089/740/911
f 4087/733/910 4089/740/911 4090/741/910
s 0
f 4091/727/912 4092/738/912 4093/739/912
s 1
f 4091/727/912 4093/739/912 4094/726/912
s 0
f 4095/729/913 4096/743/913 4097/742/913
f 4095/729/913 4097/742/913 4098/728/913
s 1
f 4099/733/914 4100/745/914 4101/744/914
f 4099/733/914 4101/744/914 4102/732/914
f 4103/732/915 4104/744/915 4105/746/915
f 4103/732/915 4105/746/915 4106/736/916
f 4107/741/917 4108/747/917 4109/745/917
f 4107/741/917 4109/745/917 4110/733/918
s 0
f 4111/748/912 4112/751/912 4113/750/912
f 4111/748/912 4113/750/912 4114/749/912
f 4115/753/919 4116/752/919 4117/750/919
f 4115/753/919 4117/750/919 4118/751/919
s 1
f 4119/755/920 4120/754/921 4067/730/360
f 4119/755/920 4067/730/360 4070/731/360
f 4121/757/922 4122/756/922 4071/734/361
f 4121/757/922 4071/734/361 4074/735/361
f 4123/758/923 4124/757/924 4075/735/904
f 4123/758/923 4075/735/904 4078/737/907
s 0
f 4125/749/361 4126/750/361 4127/752/361
f 4125/749/361 4127/752/361 4128/759/361
f 4129/748/909 4130/749/909 4131/759/909
f 4129/748/909 4131/759/909 4132/760/909
s 1
f 4089/740/911 4088/734/911 4133/756/925
f 4089/740/911 4133/756/925 4134/761/925
s 0
f 4135/760/899 4136/759/899 4137/752/899
f 4135/760/899 4137/752/899 4138/753/899
f 4139/754/926 4140/755/926 4141/763/926
f 4139/754/926 4141/763/926 4142/762/926
f 4143/756/927 4144/757/927 4145/765/927
f 4143/756/928 4145/765/928 4146/764/928
s 1
f 4147/757/929 4148/758/930 4149/766/929
f 4147/757/929 4149/766/929 4150/765/929
f 4151/761/931 4152/756/932 4153/764/931
f 4151/761/931 4153/764/931 4154/767/931
s 0
f 4155/768/1 4156/769/1 4157/770/1
f 4155/768/1 4157/770/1 4158/771/1
f 4159/772/933 4160/773/933 4161/774/933
f 4159/772/933 4161/774/933 4162/775/933
f 4163/775/934 4164/774/934 4165/773/934
f 4163/775/934 4165/773/934 4166/772/934
f 4167/773/2 4168/776/2 4169/777/2
f 4167/773/2 4169/777/2 4170/774/2
f 4171/774/4 4172/777/4 4173/778/4
f 4171/774/4 4173/778/4 4174/773/4
f 4175/776/1 4176/779/1 4177/780/1
f 4175/776/1 4177/780/1 4178/777/1
f 4179/777/1 4180/780/1 4181/779/1
f 4179/777/1 4181/779/1 4182/778/1
f 4183/781/935 4184/782/935 4185/783/935
f 4183/781/935 4185/783/935 4186/784/935
f 4187/784/936 4188/783/936 4189/782/936
f 4187/784/936 4189/782/936 4190/781/936
f 4191/772/937 4192/773/937 4193/774/937
f 4191/772/937 4193/774/937 4194/775/937
s 1
f 4195/775/938 4196/774/938 4197/773/938
s 0
f 4195/775/938 4197/773/938 4198/772/938
f 4199/773/5 4200/776/5 4201/777/5
f 4199/773/5 4201/777/5 4202/774/5
f 4203/774/3 4204/777/3 4205/778/3
f 4203/774/3 4205/778/3 4206/773/3
f 4207/776/1 4208/779/1 4209/780/1
f 4207/776/1 4209/780/1 4210/777/1
f 4211/777/1 4212/780/1 4213/779/1
f 4211/777/1 4213/779/1 4214/778/1
f 4215/781/939 4216/782/939 4217/783/939
f 4215/781/939 4217/783/939 4218/784/939
f 4219/784/940 4220/783/940 4221/782/940
f 4219/784/940 4221/782/940 4222/781/940
f 4223/785/3 4224/170/3 4225/786/3
f 4223/785/3 4225/786/3 4226/787/3
f 4227/788/3 4228/789/3 4229/790/3
f 4227/788/3 4229/790/3 4230/791/3
f 4231/171/2 4232/792/2 4233/786/2
f 4231/171/2 4233/786/2 4234/170/2
s 1
f 4235/793/941 4236/794/941 4237/795/942
f 4235/793/941 4237/795/942 4238/796/943
f 4238/796/943 4237/795/942 4239/797/944
f 4238/796/943 4239/797/944 4240/798/944
f 4241/798/945 4242/797/945 4243/799/946
f 4241/798/945 4243/799/946 4244/800/946
f 4244/800/946 4243/799/946 4245/801/947
f 4244/800/946 4245/801/947 4246/802/947
f 4235/793/941 4247/803/3 4248/804/3
f 4235/793/941 4248/804/3 4236/794/941
f 4249/805/948 4250/806/949 4251/807/950
f 4249/805/948 4251/807/950 4252/808/948
f 4253/809/951 4249/805/948 4252/808/948
f 4253/809/951 4252/808/948 4254/810/951
f 4255/811/952 4256/809/953 4257/810/953
f 4255/811/952 4257/810/953 4258/812/954
f 4259/813/955 4255/811/952 4258/812/954
f 4259/813/955 4258/812/954 4260/814/955
f 4261/815/956 4262/816/369 4263/817/957
f 4261/815/956 4263/817/957 4264/818/949
s 0
f 4265/796/2 4266/808/2 4267/807/2
f 4265/796/2 4267/807/2 4268/793/2
f 4269/798/2 4270/810/2 4271/808/2
f 4269/798/2 4271/808/2 4272/796/2
f 4273/800/2 4274/812/2 4275/810/2
f 4273/800/2 4275/810/2 4276/798/2
f 4277/802/2 4278/814/2 4279/812/2
f 4277/802/2 4279/812/2 4280/800/2
f 4281/793/2 4282/817/2 4283/816/2
f 4281/793/2 4283/816/2 4284/803/2
f 4285/819/4 4286/153/4 4287/156/4
f 4285/819/4 4287/156/4 4288/164/4
f 4289/820/2 4290/166/2 4291/153/2
f 4289/820/2 4291/153/2 4292/152/2
s 1
f 4293/821/4 4294/822/369 4295/157/958
f 4293/821/4 4295/157/958 4296/823/4
s 0
f 4297/824/2 4298/825/2 4299/826/2
f 4297/824/2 4299/826/2 4300/827/2
f 4301/828/5 4302/829/5 4303/830/5
f 4301/828/5 4303/830/5 4304/831/5
f 4305/826/1 4306/825/1 4307/830/1
f 4305/826/1 4307/830/1 4308/829/1
f 4309/832/3 4310/833/3 4311/830/3
f 4309/832/3 4311/830/3 4312/825/3
f 4313/834/2 4314/791/2 4315/790/2
f 4313/834/2 4315/790/2 4316/835/2
f 4317/166/2 4318/820/2 4319/836/2
f 4317/166/2 4319/836/2 4320/837/2
f 4321/838/959 4322/839/959 4323/840/959
f 4321/838/959 4323/840/959 4324/841/959
f 4325/842/960 4326/788/960 4327/791/960
f 4325/842/960 4327/791/960 4328/843/960
f 4329/844/1 4330/845/1 4331/846/1
f 4329/844/1 4331/846/1 4332/847/1
s 1
f 4333/822/369 4334/848/369 4335/155/956
f 4333/822/369 4335/155/956 4336/157/958
s 0
f 4337/819/4 4338/849/4 4339/151/4
f 4337/819/4 4339/151/4 4340/153/4
f 4341/850/961 4342/151/961 4343/849/961
f 4341/850/961 4343/849/961 4344/851/961
s 1
f 4345/852/962 4346/160/949 4347/165/5
f 4345/852/962 4347/165/5 4348/853/5
s 0
f 4349/854/963 4350/855/963 4351/856/963
f 4349/854/963 4351/856/963 4352/857/963
f 4353/858/3 4354/859/3 4355/860/3
f 4353/858/3 4355/860/3 4356/861/3
f 4357/862/2 4358/861/2 4359/863/2
f 4357/862/2 4359/863/2 4360/864/2
f 4361/859/351 4362/858/351 4363/865/351
f 4361/859/351 4363/865/351 4364/866/351
f 4365/862/351 4366/864/351 4367/867/351
f 4365/862/351 4367/867/351 4368/868/351
f 4369/863/1 4370/861/1 4371/869/1
f 4369/863/1 4371/869/1 4372/870/1
f 4373/861/1 4374/860/1 4375/871/1
f 4373/861/1 4375/871/1 4376/872/1
f 4377/873/3 4378/874/3 4379/845/3
f 4377/873/3 4379/845/3 4380/875/3
f 4381/845/2 4382/844/2 4383/876/2
f 4381/845/2 4383/876/2 4384/875/2
f 4385/845/1 4386/874/1 4387/877/1
f 4385/845/1 4387/877/1 4388/878/1
f 4389/879/964 4390/880/964 4391/881/964
f 4389/879/964 4391/881/964 4392/882/964
f 4393/881/1 4394/880/1 4395/883/1
f 4393/881/1 4395/883/1 4396/884/1
f 4397/885/3 4398/886/3 4399/883/3
f 4397/885/3 4399/883/3 4400/880/3
f 4401/173/364 4402/175/364 4403/176/364
f 4401/173/364 4403/176/364 4404/172/364
f 4405/175/965 4406/887/965 4407/888/965
f 4405/175/965 4407/888/965 4408/176/965
f 4409/786/4 4410/170/4 4411/785/4
f 4409/786/4 4411/785/4 4412/787/4
f 4413/790/4 4414/789/4 4415/788/4
f 4413/790/4 4415/788/4 4416/791/4
f 4417/171/2 4418/170/2 4419/786/2
f 4417/171/2 4419/786/2 4420/792/2
s 1
f 4421/793/966 4422/796/967 4423/795/968
f 4421/793/966 4423/795/968 4424/794/966
f 4422/796/967 4425/798/969 4426/797/970
f 4422/796/967 4426/797/970 4423/795/968
f 4425/798/969 4427/800/971 4428/799/971
f 4425/798/969 4428/799/971 4426/797/970
f 4427/800/972 4429/802/973 4430/801/973
f 4427/800/972 4430/801/973 4431/799/972
f 4421/793/966 4424/794/966 4432/804/4
f 4421/793/966 4432/804/4 4433/803/4
f 4434/805/974 4435/808/974 4436/807/975
f 4434/805/974 4436/807/975 4437/806/976
f 4438/809/977 4439/810/978 4435/808/974
f 4438/809/977 4435/808/974 4434/805/974
f 4440/811/979 4441/812/979 4439/810/978
f 4440/811/979 4439/810/978 4438/809/977
f 4442/813/980 4443/814/980 4441/812/981
f 4442/813/980 4441/812/981 4444/811/981
f 4445/815/982 4446/818/976 4447/817/983
f 4445/815/982 4447/817/983 4448/816/376
s 0
f 4449/796/2 4450/793/2 4451/807/2
f 4449/796/2 4451/807/2 4452/808/2
f 4453/798/2 4454/796/2 4455/808/2
f 4453/798/2 4455/808/2 4456/810/2
f 4457/800/2 4458/798/2 4459/810/2
f 4457/800/2 4459/810/2 4460/812/2
f 4461/802/2 4462/800/2 4463/812/2
f 4461/802/2 4463/812/2 4464/814/2
f 4465/793/2 4466/803/2 4467/816/2
f 4465/793/2 4467/816/2 4468/817/2
f 4469/819/3 4470/164/3 4471/156/3
f 4469/819/3 4471/156/3 4472/153/3
f 4473/153/2 4474/166/2 4475/820/2
f 4473/153/2 4475/820/2 4476/152/2
s 1
f 4477/157/984 4478/822/376 4479/821/3
f 4477/157/984 4479/821/3 4480/823/3
s 0
f 4481/826/2 4482/825/2 4483/824/2
f 4481/826/2 4483/824/2 4484/827/2
f 4485/830/5 4486/829/5 4487/828/5
f 4485/830/5 4487/828/5 4488/831/5
f 4489/830/1 4490/825/1 4491/826/1
f 4489/830/1 4491/826/1 4492/829/1
f 4493/830/4 4494/833/4 4495/832/4
f 4493/830/4 4495/832/4 4496/825/4
f 4497/790/2 4498/791/2 4499/834/2
f 4497/790/2 4499/834/2 4500/835/2
f 4501/836/2 4502/820/2 4503/166/2
f 4501/836/2 4503/166/2 4504/837/2
f 4505/840/959 4506/839/959 4507/838/959
f 4505/840/959 4507/838/959 4508/841/959
f 4509/791/985 4510/788/985 4511/842/985
f 4509/791/985 4511/842/985 4512/843/985
f 4513/844/1 4514/847/1 4515/846/1
f 4513/844/1 4515/846/1 4516/845/1
s 1
f 4478/822/376 4517/157/984 4518/155/982
f 4478/822/376 4518/155/982 4519/848/376
s 0
f 4520/819/3 4521/153/3 4522/151/3
f 4520/819/3 4522/151/3 4523/849/3
f 4524/849/986 4525/151/986 4526/850/986
f 4524/849/986 4526/850/986 4527/851/986
s 1
f 4528/165/5 4529/160/976 4530/852/987
f 4528/165/5 4530/852/987 4531/853/5
s 0
f 4532/856/963 4533/855/963 4534/854/963
f 4532/856/963 4534/854/963 4535/857/963
f 4536/858/4 4537/861/4 4538/860/4
f 4536/858/4 4538/860/4 4539/859/4
f 4540/863/2 4541/861/2 4542/862/2
f 4540/863/2 4542/862/2 4543/864/2
f 4544/859/351 4545/866/351 4546/865/351
f 4544/859/351 4546/865/351 4547/858/351
f 4548/862/351 4549/868/351 4550/867/351
f 4548/862/351 4550/867/351 4551/864/351
f 4552/863/1 4553/870/1 4554/869/1
f 4552/863/1 4554/869/1 4555/861/1
f 4556/861/1 4557/872/1 4558/871/1
f 4556/861/1 4558/871/1 4559/860/1
f 4560/845/4 4561/874/4 4562/873/4
f 4560/845/4 4562/873/4 4563/875/4
f 4564/845/2 4565/875/2 4566/876/2
f 4564/845/2 4566/876/2 4567/844/2
f 4568/845/1 4569/878/1 4570/877/1
f 4568/845/1 4570/877/1 4571/874/1
f 4572/881/964 4573/880/964 4574/879/964
f 4572/881/964 4574/879/964 4575/882/964
f 4576/883/1 4577/880/1 4578/881/1
f 4576/883/1 4578/881/1 4579/884/1
f 4580/883/4 4581/886/4 4582/885/4
f 4580/883/4 4582/885/4 4583/880/4
f 4584/173/988 4585/175/988 4586/176/988
f 4584/173/988 4586/176/988 4587/172/988
f 4588/175/989 4589/887/989 4590/888/989
f 4588/175/989 4590/888/989 4591/176/989
f 4592/175/965 4593/887/965 4594/888/965
f 4592/175/965 4594/888/965 4595/176/965
f 4596/173/988 4597/175/988 4598/176/988
f 4596/173/988 4598/176/988 4599/172/988
f 4600/175/989 4601/887/989 4602/888/989
f 4600/175/989 4602/888/989 4603/176/989
f 4605/192/1 4608/889/1 4604/890/1
f 4608/889/1 4605/192/1 4606/891/1
f 4608/889/1 4606/891/1 4607/6/1
f 4609/369/3 4612/374/3 4613/376/3
f 4612/374/3 4609/369/3 4611/371/3
f 4611/371/3 4609/369/3 4610/892/3
f 4614/893/4 4617/375/4 4618/894/4
f 4617/375/4 4614/893/4 4616/370/4
f 4616/370/4 4614/893/4 4615/895/4
f 4621/6/1 4619/890/1 4620/889/1
f 4619/890/1 4621/6/1 4622/891/1
f 4619/890/1 4622/891/1 4623/192/1
f 4627/371/4 4625/376/4 4626/374/4
f 4625/376/4 4627/371/4 4624/369/4
f 4624/369/4 4627/371/4 4628/892/4
f 4632/370/3 4630/894/3 4631/375/3
f 4630/894/3 4632/370/3 4629/893/3
f 4629/893/3 4632/370/3 4633/895/3
f 4634/170/2 4637/896/2 4638/168/2
f 4637/896/2 4634/170/2 4636/897/2
f 4636/897/2 4634/170/2 4635/898/2
f 4641/896/2 4639/170/2 4640/168/2
f 4639/170/2 4641/896/2 4642/897/2
f 4639/170/2 4642/897/2 4643/898/2
f 4676/899/3 4677/900/3 4679/901/3 4678/902/3
f 4678/902/2 4679/901/2 4683/903/2 4682/904/2
f 4682/904/4 4683/903/4 4681/905/4 4680/906/4
f 4680/906/5 4681/905/5 4677/907/5 4676/908/5
f 4678/909/351 4682/904/351 4680/906/351 4676/9/351
f 4683/903/1 4679/910/1 4677/911/1 4681/905/1
l 4645 4644
l 4646 4645
l 4647 4646
l 4648 4647
l 4649 4648
l 4650 4649
l 4651 4650
l 4652 4651
l 4653 4652
l 4654 4653
l 4655 4654
l 4656 4655
l 4657 4656
l 4658 4657
l 4659 4658
l 4660 4659
l 4661 4660
l 4662 4661
l 4663 4662
l 4664 4663
l 4665 4664
l 4666 4665
l 4667 4666
l 4668 4667
l 4669 4668
l 4670 4669
l 4671 4670
l 4672 4671
l 4673 4672
l 4674 4673
l 4675 4674
l 4644 4675
