# Blender 5.2.0 LTS
# www.blender.org
mtllib gmanJAKE.mtl
o Object_7
v 6.150476 39.780056 -0.820271
v 3.888281 39.515446 2.458046
v 6.621617 33.462967 0.049227
v 4.687607 33.582706 2.229818
v 2.377471 33.466698 3.025000
v 5.172897 27.110430 2.981557
v 2.782734 27.108252 3.048771
v 5.313016 20.235142 2.724666
v 3.052575 20.240906 2.952219
v 3.018286 18.422567 2.844475
v 1.255309 19.031549 1.055409
v 1.255309 19.031549 1.055409
v 2.769641 11.558127 1.472330
v 1.378671 11.957872 -0.449520
v 1.378671 11.957872 -0.449520
v 2.352089 3.260566 0.663046
v 1.383432 3.252796 -1.577546
v 1.383432 3.252796 -1.577546
v 6.681701 50.864414 -1.383724
v 5.880537 51.039745 0.508292
v 6.211856 47.507988 -1.648088
v 5.401181 41.701088 -0.567657
v 5.401181 41.701088 -0.567657
v 4.669790 50.673279 1.721920
v 3.499415 41.617626 2.305187
v 3.499415 41.617626 2.305187
v 3.009685 50.590351 1.890377
v 0.309295 50.766933 2.523871
v 0.309189 56.186802 2.714337
v -2.040402 50.584934 2.028591
v -1.830446 56.004414 2.118687
v -4.040205 50.672260 1.706622
v -4.590335 56.116158 1.934467
v -5.439516 55.605530 0.599566
v -5.089888 58.212925 1.213632
v -1.803804 3.213612 -0.772762
v -1.803804 3.213612 -0.772762
v -1.683192 11.906661 0.082400
v -1.683192 11.906661 0.082400
v -3.450935 3.229083 1.028719
v -3.425703 11.547281 1.657839
v -1.619416 18.996443 1.589305
v -1.619416 18.996443 1.589305
v -3.724606 18.415472 2.959654
v -3.747185 20.266909 3.047933
v -5.914927 20.302906 2.335265
v -3.247279 27.133406 3.184605
v -5.595866 27.171869 2.595992
v -2.710658 33.481262 3.206975
v -4.979572 33.625732 1.900506
v -3.260968 39.511288 2.454252
v -5.951809 33.508797 -0.548675
v -5.521013 39.783222 -0.825880
v -5.521013 39.783222 -0.825880
v -5.585833 12.472764 -3.229977
v -5.288710 19.280518 -2.319568
v -3.656430 12.650156 -3.868052
v -2.772457 19.291845 -2.951988
v -5.261325 20.050308 -2.267345
v -5.261325 20.050308 -2.267345
v -2.798570 19.938593 -2.863469
v -5.054848 26.951817 -2.747742
v -2.284725 26.709009 -2.899638
v -1.784560 33.471291 -4.696090
v 0.327371 33.420197 -4.031240
v 0.327371 33.420197 -4.031240
v 0.327371 33.420197 -4.031240
v 0.327371 33.420197 -4.031240
v 0.327371 33.420197 -4.031240
v -2.310035 35.454823 -5.067948
v 0.402318 35.462376 -5.166830
v 0.402318 35.462376 -5.166830
v 0.316657 38.417244 -5.356893
v 0.316657 38.417244 -5.356893
v 3.102372 35.482407 -5.255176
v 2.827482 33.410259 -4.209717
v 3.153988 26.753847 -3.099092
v 5.791474 26.942211 -2.362150
v 3.392849 19.972828 -3.023925
v 5.670958 20.030519 -1.909925
v 3.378448 19.319202 -3.128603
v 5.697378 19.274586 -1.962121
v 3.917134 12.668489 -3.861580
v 5.657666 12.457325 -2.831551
v 5.655174 3.247412 -4.454963
v -3.450227 59.165325 1.769194
v 0.309120 57.676830 2.830989
v 2.169555 56.004406 2.121145
v 5.069673 56.105156 1.931490
v 6.070489 55.645294 0.602505
v -5.868513 11.551201 1.305741
v -6.192475 3.247718 0.083407
v -6.263943 3.244391 -2.501063
v -6.677181 11.934045 -0.684833
v -6.494938 19.123753 -0.119991
v -5.820293 18.447426 2.244760
v 4.929820 11.518786 1.658572
v 5.208731 18.418137 2.601107
v 6.385911 19.078302 0.445617
v 6.169010 11.889245 -0.115963
v 6.163543 3.245714 -1.764653
v 5.252087 3.256229 0.664800
v -9.993485 39.440926 -1.181680
v -9.993485 39.440926 -1.181680
v -8.641646 38.174816 -1.576375
v -8.641646 38.174816 -1.576375
v -10.100602 38.290333 -1.766127
v -10.100602 38.290333 -1.766127
v -10.022115 36.997608 -1.683079
v -10.022115 36.997608 -1.683079
v -8.636871 36.397572 -1.554596
v -8.636871 36.397572 -1.554596
v -9.288187 35.972347 -1.647194
v -9.288187 35.972347 -1.647194
v -8.271860 36.871616 -1.335137
v -8.271860 36.871616 -1.335137
v -7.838736 36.300953 -1.347148
v -7.838736 36.300953 -1.347148
v -8.597800 37.303135 -1.178496
v -8.597800 37.303135 -1.178496
v -8.094146 37.546463 -1.173725
v -8.094146 37.546463 -1.173725
v -8.094146 37.546463 -1.173725
v -2.996614 3.231715 -5.319968
v -1.025105 3.205833 -3.614130
v -2.203135 12.333932 -2.095696
v -1.266715 19.181887 -0.777511
v -1.306415 20.018684 -0.781748
v -0.449488 26.924149 -0.258402
v -4.249999 61.128143 1.403922
v -0.759808 62.242397 1.099281
v -0.759808 62.242397 1.099281
v 0.309601 60.200268 2.056081
v 1.500192 62.242397 1.100670
v 1.500192 62.242397 1.100670
v 4.079774 59.165314 1.773820
v 5.000003 61.128124 1.409605
v 5.710113 58.212906 1.220269
v -3.846486 41.658627 -4.369273
v -4.749175 39.718193 -3.260244
v -4.768820 41.701107 -0.573905
v -4.768820 41.701107 -0.573905
v -5.260602 33.444656 -3.522911
v -6.503296 27.084394 0.089956
v -6.434548 20.193222 -0.167647
v -6.434548 20.193222 -0.167647
v 6.367069 20.130939 0.383337
v 6.576746 27.017473 0.730873
v 6.293765 33.457809 -3.510027
v 5.383201 39.724789 -3.259830
v 4.483515 41.658611 -4.364154
v 4.483515 41.658611 -4.364154
v 4.483515 41.658611 -4.364154
v 0.819045 26.980280 -0.926839
v 1.489729 20.062204 -1.313997
v 1.436653 19.242273 -1.329903
v 2.107796 12.369695 -2.460537
v 1.575199 3.243535 -4.517434
v 3.995799 3.250253 -5.485967
v -10.028542 39.943058 0.589346
v -10.028542 39.943058 0.589346
v -10.129807 38.375179 1.030739
v -10.129807 38.375179 1.030739
v -9.393418 38.745548 1.548383
v -9.838822 38.384586 1.775144
v -9.865644 37.554031 1.531080
v -9.865644 37.554031 1.531080
v -9.280902 38.157261 2.045369
v -9.280902 38.157261 2.045369
v -9.363627 36.781475 1.452744
v -9.363627 36.781475 1.452744
v -9.363627 36.781475 1.452744
v -9.363627 36.781475 1.452744
v -8.671648 36.356304 2.677070
v -8.671648 36.356304 2.677070
v -8.671648 36.356304 2.677070
v -8.572479 36.191082 2.232809
v -8.572479 36.191082 2.232809
v -8.572479 36.191082 2.232809
v 9.029337 34.279640 -0.762172
v 9.029337 34.279640 -0.762172
v 9.825836 35.161835 -0.799515
v 9.825836 35.161835 -0.799515
v 10.421524 34.812004 -0.601336
v 10.421524 34.812004 -0.601336
v 11.088656 35.990662 -0.778908
v 11.088656 35.990662 -0.778908
v 10.333726 36.086994 -0.964385
v 10.333726 36.086994 -0.964385
v 11.186423 37.079720 -0.887133
v 11.186423 37.079720 -0.887133
v 9.764716 38.079979 -1.417357
v 9.764716 38.079979 -1.417357
v 11.188110 38.344284 -1.131189
v 11.188110 38.344284 -1.131189
v 10.553444 39.475826 -1.146906
v 10.553444 39.475826 -1.146906
v 9.038035 36.521431 2.578597
v 9.038035 36.521431 2.578597
v 9.038035 36.521431 2.578597
v 9.513376 37.143429 1.853410
v 9.513376 37.143429 1.853410
v 9.513376 37.143429 1.853410
v 9.513376 37.143429 1.853410
v 8.969984 36.756523 2.997763
v 8.969984 36.756523 2.997763
v 8.969984 36.756523 2.997763
v 9.271559 38.566395 2.218529
v 9.271559 38.566395 2.218529
v 9.897307 37.966625 1.976885
v 9.897307 37.966625 1.976885
v 9.723248 38.809769 2.071236
v 10.249722 38.761395 1.472666
v 10.249722 38.761395 1.472666
v 9.361910 39.089100 1.657091
v 10.460489 40.056030 0.597980
v 10.460489 40.056030 0.597980
v -2.459918 38.394890 -5.257055
v 0.314264 41.592228 -5.586386
v 0.314264 41.592228 -5.586386
v 0.314264 41.592228 -5.586386
v -1.879716 62.981152 0.951466
v -3.228805 62.746578 -0.533067
v -3.228805 62.746578 -0.533067
v -3.228805 62.746578 -0.533067
v -2.000003 61.541111 1.412669
v -2.758482 63.607273 -1.054511
v -2.758482 63.607273 -1.054511
v -1.838593 63.032833 -0.873621
v -1.090257 62.459152 1.830597
v -1.090257 62.459152 1.830597
v 0.781505 32.243595 1.146208
v 0.781505 32.243595 1.146208
v 0.781505 32.243595 1.146208
v 0.935255 27.042480 1.525025
v 0.935255 27.042480 1.525025
v 1.295128 20.176512 1.398598
v 1.295128 20.176512 1.398598
v -7.961077 36.226505 1.399851
v -7.961077 36.226505 1.399851
v -9.513901 36.281509 1.386877
v -9.513901 36.281509 1.386877
v -10.087360 37.079029 1.252312
v 10.237730 37.494225 1.860899
v 10.129474 36.666321 2.045195
v 10.129474 36.666321 2.045195
v -1.698233 20.152012 1.909907
v -1.698233 20.152012 1.909907
v -1.077895 27.013277 2.103751
v -1.077895 27.013277 2.103751
v -0.138495 32.243153 1.145646
v -0.138495 32.243153 1.145646
v -0.138495 32.243153 1.145646
v -4.901669 3.242032 -4.887337
v 2.590285 62.991089 0.953180
v 1.789744 62.469093 1.831333
v 1.789744 62.469093 1.831333
v 2.659998 61.541100 1.415532
v 3.501531 63.605198 -1.070557
v 3.501531 63.605198 -1.070557
v 3.701203 62.745537 -0.538755
v 3.701203 62.745537 -0.538755
v 3.701203 62.745537 -0.538755
v -0.176765 32.504150 -1.894292
v -0.176765 32.504150 -1.894292
v -5.588151 47.509045 -1.645393
v -5.259463 51.039768 0.501446
v -2.870586 41.617638 2.301273
v -2.870586 41.617638 2.301273
v -2.077274 64.036530 -3.018969
v -2.077274 64.036530 -3.018969
v 0.312931 63.287960 -3.351938
v 0.313431 64.028137 -4.162766
v 2.932728 64.046463 -3.016924
v 2.932728 64.046463 -3.016924
v 2.312533 63.244678 -2.702769
v 2.631389 63.035919 -0.841034
v 2.631389 63.035919 -0.841034
v 0.297628 37.695087 3.525246
v 0.308897 41.463654 3.143638
v 0.308897 41.463654 3.143638
v 0.813240 32.494625 -1.893691
v 0.813240 32.494625 -1.893691
v -8.681553 36.552353 1.267115
v -8.681553 36.552353 1.267115
v -8.681553 36.552353 1.267115
v -8.430161 36.745110 1.289810
v -8.430161 36.745110 1.289810
v -8.716016 37.115597 1.267881
v -8.716016 37.115597 1.267881
v -8.588711 38.499168 1.393167
v -8.588711 38.499168 1.393167
v -8.588711 38.499168 1.393167
v -8.595034 38.654800 0.768479
v -8.595034 38.654800 0.768479
v -8.595034 38.654800 0.768479
v 8.371626 34.726147 1.562039
v 8.371626 34.726147 1.562039
v 9.666792 35.143101 2.023119
v 9.666792 35.143101 2.023119
v 9.145967 35.508858 1.719863
v 9.145967 35.508858 1.719863
v 9.351439 36.513618 1.650806
v 9.351439 36.513618 1.650806
v 9.351439 36.513618 1.650806
v 8.882081 38.805763 0.683495
v 8.882081 38.805763 0.683495
v 8.882081 38.805763 0.683495
v 8.741729 38.628120 1.348585
v 8.741729 38.628120 1.348585
v 8.741729 38.628120 1.348585
v 3.112495 38.412476 -5.454188
v 3.112495 38.412476 -5.454188
v 0.313646 62.895405 -4.517615
v 0.313646 62.895405 -4.517615
v 3.222845 63.020817 -3.211805
v 3.222845 63.020817 -3.211805
v 3.222845 63.020817 -3.211805
v -2.857156 63.020832 -3.215542
v -2.857156 63.020832 -3.215542
v -8.630563 39.892323 0.397301
v -8.630563 39.892323 0.397301
v -8.462948 38.322559 1.711116
v -8.462948 38.322559 1.711116
v -8.462948 38.322559 1.711116
v -8.462948 38.322559 1.711116
v -8.462948 38.322559 1.711116
v 9.359848 33.861488 -0.628327
v 9.359848 33.861488 -0.628327
v 9.359848 33.861488 -0.628327
v 8.672068 34.248096 1.841513
v 8.672068 34.248096 1.841513
v 8.672068 34.248096 1.841513
v 9.080357 40.003918 0.304176
v 9.080357 40.003918 0.304176
v -1.427459 63.273491 -2.718114
v -4.387741 62.194630 -2.266017
v -4.387741 62.194630 -2.266017
v -3.166848 62.526356 -3.717320
v -4.399162 61.931873 0.043492
v 5.032260 62.194611 -2.260229
v 5.032260 62.194611 -2.260229
v 3.803159 62.535252 -3.724018
v 5.120839 61.921909 0.050375
v -8.171884 37.412899 1.414947
v -8.171884 37.412899 1.414947
v -8.171884 37.412899 1.414947
v -8.691092 39.454285 -1.191364
v -8.691092 39.454285 -1.191364
v -8.180552 36.382046 2.503406
v -8.180552 36.382046 2.503406
v -8.180552 36.382046 2.503406
v 9.254784 39.497475 -1.244953
v 9.254784 39.497475 -1.244953
v 8.562404 36.616291 2.697242
v 8.562404 36.616291 2.697242
v 8.562404 36.616291 2.697242
v 8.574585 38.456161 1.654280
v 8.574585 38.456161 1.654280
v 8.574585 38.456161 1.654280
v 8.574585 38.456161 1.654280
v 8.574585 38.456161 1.654280
v 1.849543 60.169777 2.150679
v 1.849543 60.169777 2.150679
v -6.058300 50.864437 -1.391552
v -0.900562 60.167458 2.320145
v -0.900562 60.167458 2.320145
vn 0.9721 0.2118 0.1004
vn 0.5636 0.1158 0.8179
vn 0.9641 0.0417 0.2621
vn 0.6241 0.0822 0.7770
vn 0.0415 -0.1431 0.9888
vn 0.4591 0.0495 0.8870
vn -0.3342 -0.0148 0.9424
vn 0.5553 -0.0380 0.8308
vn -0.4429 -0.0761 0.8933
vn -0.2153 -0.1013 0.9713
vn -0.8892 -0.0731 0.4516
vn -0.5505 -0.1191 0.8263
vn -0.9890 -0.0351 0.1435
vn -0.5280 -0.0795 0.8455
vn -0.9999 0.0163 0.0016
vn 0.9057 -0.1568 0.3938
vn 0.8423 -0.1027 0.5291
vn 0.9334 -0.1201 0.3381
vn 0.9338 0.1302 0.3332
vn 0.5813 -0.0559 0.8118
vn 0.4444 0.0719 0.8930
vn 0.1734 0.0003 0.9848
vn 0.0069 0.0282 0.9996
vn 0.0163 -0.0375 0.9992
vn -0.1984 0.0086 0.9801
vn -0.1859 -0.0173 0.9824
vn -0.5332 -0.0544 0.8442
vn -0.4852 0.0254 0.8740
vn -0.7932 -0.0542 0.6065
vn -0.5591 0.0803 0.8252
vn 0.9560 -0.0105 0.2931
vn 0.9426 -0.0830 0.3234
vn 0.2201 -0.0990 0.9704
vn 0.3642 -0.1379 0.9211
vn 0.7707 -0.0919 0.6305
vn -0.0042 -0.1122 0.9937
vn 0.2362 -0.0804 0.9684
vn -0.7208 -0.0187 0.6929
vn 0.1174 -0.0050 0.9931
vn -0.6330 0.0636 0.7715
vn -0.1323 -0.2101 0.9687
vn -0.8008 0.1483 0.5803
vn -0.5842 0.1397 0.7995
vn -0.9946 0.0878 0.0561
vn -0.9801 0.1863 0.0686
vn -0.7419 0.0942 -0.6639
vn -0.6835 0.0941 -0.7239
vn 0.1520 0.1547 -0.9762
vn 0.3471 0.0997 -0.9325
vn -0.5322 0.0410 -0.8457
vn 0.4655 0.0238 -0.8847
vn -0.5825 -0.0717 -0.8097
vn 0.4499 -0.2290 -0.8632
vn -0.0639 -0.1985 -0.9780
vn 0.0280 -0.4595 -0.8877
vn -0.0921 -0.1821 -0.9790
vn -0.0307 -0.2808 -0.9593
vn -0.0334 -0.0693 -0.9970
vn 0.0814 -0.2745 -0.9581
vn 0.1060 -0.2806 -0.9540
vn 0.0567 -0.4825 -0.8741
vn -0.1959 -0.1603 -0.9674
vn 0.7354 -0.0830 -0.6726
vn -0.2636 0.0417 -0.9637
vn 0.7029 0.0323 -0.7105
vn -0.1345 0.1203 -0.9836
vn 0.8257 0.0530 -0.5617
vn 0.0674 0.1569 -0.9853
vn 0.8701 0.0731 -0.4874
vn 0.7228 0.1174 -0.6811
vn -0.2054 0.1611 0.9653
vn 0.0078 0.0546 0.9985
vn 0.2075 -0.0200 0.9780
vn 0.3976 0.0098 0.9175
vn 0.7622 -0.0538 0.6451
vn -0.6781 -0.0960 0.7286
vn -0.8257 -0.0489 0.5620
vn -0.9833 0.0039 -0.1821
vn -0.9943 0.0168 -0.1058
vn -0.9991 0.0143 0.0387
vn -0.7257 -0.0796 0.6834
vn 0.4982 -0.1205 0.8587
vn 0.5602 -0.1120 0.8207
vn 0.9677 -0.0434 0.2482
vn 0.9940 -0.0292 0.1050
vn 0.9906 -0.0085 0.1362
vn 0.5787 -0.0750 0.8121
vn -0.6595 0.3070 -0.6861
vn 0.6357 0.1311 -0.7607
vn -0.8142 0.1089 -0.5703
vn -0.4334 -0.1972 -0.8794
vn 0.9893 -0.0707 0.1274
vn -0.1373 -0.8257 -0.5471
vn 0.1792 0.1372 -0.9742
vn 0.7617 0.0242 -0.6475
vn -0.7322 0.5345 -0.4222
vn 0.6632 0.6373 -0.3924
vn 0.2398 0.1651 -0.9567
vn 0.9061 0.1662 -0.3891
vn 0.9286 0.0347 -0.3694
vn 0.9752 0.0129 -0.2208
vn 0.9712 -0.0307 -0.2364
vn 0.9924 -0.0894 -0.0843
vn -0.1990 0.3916 0.8984
vn 0.2242 0.6938 0.6843
vn -0.0011 0.3418 0.9398
vn -0.2908 0.7369 0.6102
vn 0.2027 0.1486 0.9679
vn 0.1965 0.3891 0.9000
vn 0.5296 0.0569 0.8463
vn -0.6992 0.1261 -0.7038
vn -0.8592 0.1575 -0.4868
vn -0.9342 0.1301 0.3323
vn -0.9801 0.1866 0.0671
vn -0.7320 -0.0536 -0.6792
vn -0.9968 0.0530 0.0599
vn -0.9639 0.0223 -0.2652
vn 0.9988 -0.0007 -0.0493
vn 0.9554 0.0163 0.2949
vn 0.7370 -0.0842 -0.6706
vn 0.8622 0.1841 -0.4720
vn 0.7072 0.1572 -0.6893
vn -0.9507 -0.0828 -0.2989
vn -0.8976 0.0002 -0.4408
vn -0.9103 0.0481 -0.4110
vn -0.8449 0.0667 -0.5308
vn -0.7309 0.1620 -0.6630
vn 0.0878 0.1701 -0.9815
vn -0.6309 0.4304 0.6456
vn -0.9345 0.1843 0.3046
vn 0.0443 0.7174 0.6952
vn -0.6507 0.3494 0.6742
vn -0.5800 -0.1704 0.7966
vn -0.1580 0.3546 0.9216
vn -0.1067 -0.6119 0.7837
vn -0.4277 -0.5530 0.7150
vn 0.0769 -0.9857 -0.1500
vn -0.6605 -0.0711 -0.7475
vn -0.2854 0.0965 -0.9535
vn 0.5771 -0.5080 -0.6394
vn 0.8930 -0.3079 -0.3283
vn -0.5856 -0.1096 -0.8031
vn 0.7510 -0.1297 -0.6474
vn -0.3958 -0.1740 -0.9017
vn 0.9246 0.1896 -0.3304
vn 0.7754 0.3385 -0.5331
vn 0.2849 -0.9578 0.0381
vn 0.0165 -0.5442 0.8388
vn 0.4808 -0.3181 0.8171
vn -0.1787 0.4695 0.8646
vn 0.3773 0.0454 0.9250
vn 0.3888 0.5085 0.7682
vn 0.7590 0.3346 0.5585
vn -0.3368 0.7766 0.5324
vn 0.4180 0.6316 0.6530
vn -0.3626 -0.0167 -0.9318
vn -0.0181 0.0478 -0.9987
vn -0.0847 0.8868 0.4543
vn -0.6805 0.6914 0.2428
vn -0.6305 0.2332 0.7403
vn -0.2010 0.9556 0.2156
vn 0.5610 0.8117 0.1625
vn 0.2241 0.6939 0.6843
vn 0.1368 0.5827 0.8011
vn -0.4679 -0.7464 0.4732
vn -0.9018 -0.0193 0.4318
vn -0.9687 -0.0543 0.2423
vn 0.6625 0.6380 -0.3926
vn 0.2684 -0.4575 0.8477
vn 0.7609 0.0180 -0.6486
vn -0.1341 -0.8134 -0.5661
vn -0.2340 -0.4056 0.8836
vn -0.9299 -0.2708 0.2491
vn -0.9430 0.1818 0.2787
vn 0.8455 0.0620 0.5304
vn 0.9197 0.1873 -0.3450
vn 0.8069 0.3341 0.4871
vn 0.7358 -0.1309 -0.6644
vn 0.8915 -0.3050 -0.3349
vn 0.2295 -0.0614 0.9714
vn 0.3508 0.0362 0.9357
vn -0.9640 0.0227 -0.2651
vn 0.8911 -0.0795 0.4468
vn 0.7881 -0.0497 0.6136
vn 0.5633 -0.6031 0.5648
vn 0.9608 0.0149 0.2769
vn 0.9454 -0.0703 0.3184
vn 0.7672 -0.0938 0.6345
vn 0.8908 -0.0792 0.4474
vn -0.4647 0.1074 -0.8789
vn 0.3177 0.7888 0.5262
vn -0.1432 0.5418 0.8282
vn 0.6656 0.2051 0.7176
vn -0.2908 0.7369 0.6103
vn -0.1532 0.9682 0.1978
vn 0.7434 0.6460 0.1733
vn 0.5912 -0.5423 0.5969
vn 0.8069 -0.0264 0.5901
vn 0.7066 -0.7064 -0.0415
vn -0.9338 -0.1201 0.3369
vn -0.9342 0.1300 0.3323
vn -0.8425 -0.1029 0.5288
vn -0.4494 0.0696 0.8906
vn -0.1588 0.9873 0.0013
vn 0.0113 0.6499 0.7599
vn -0.0050 0.9733 -0.2294
vn 0.4618 0.8797 -0.1133
vn -0.5091 0.7172 0.4759
vn -0.1532 0.9682 0.1979
vn -0.5312 0.8411 0.1019
vn 0.0183 0.0432 0.9989
vn -0.0005 0.0946 0.9955
vn 0.4444 0.0719 0.8929
vn -0.9342 0.1300 0.3322
vn -0.4495 0.0696 0.8906
vn -0.9685 -0.0541 0.2432
vn -0.9009 -0.0198 0.4335
vn -0.8466 -0.5297 -0.0519
vn -0.4680 -0.7259 0.5040
vn -0.8869 -0.0747 0.4559
vn -0.9890 -0.0353 0.1439
vn -0.9997 0.0246 -0.0007
vn -0.4335 -0.1972 -0.8793
vn -0.8099 0.1094 -0.5762
vn -0.6578 0.3229 -0.6804
vn -0.6622 0.4274 0.6155
vn -0.2703 -0.4561 0.8479
vn 0.4519 0.5890 0.6700
vn 0.2623 -0.4661 0.8449
vn -0.9595 -0.1580 0.2330
vn -0.8724 -0.1591 0.4621
vn 0.7091 0.6529 0.2661
vn 0.5795 0.5987 0.5529
vn 0.9672 0.1903 0.1685
vn 0.7946 0.2278 -0.5628
vn -0.9166 -0.2128 0.3385
vn 0.1196 0.2493 -0.9610
vn -0.7305 0.5362 -0.4230
vn -0.8279 0.2156 0.5178
vn 0.2636 -0.2770 0.9240
vn -0.8671 0.4838 0.1189
vn -0.9388 -0.0546 0.3401
vn 0.2794 -0.0633 0.9581
vn -0.0454 -0.5680 0.8217
vn 0.3743 0.0137 0.9272
vn -0.6713 -0.0703 -0.7379
vn -0.8670 0.4910 0.0843
vn -0.3488 0.1251 -0.9288
vn -0.6118 -0.1131 -0.7829
vn -0.9444 -0.1190 0.3065
vn -0.9909 0.0018 -0.1345
vn -0.8850 0.4657 -0.0022
vn 0.3573 0.0088 -0.9339
vn 0.0017 0.5194 -0.8545
vn 0.4618 0.8797 -0.1134
vn 0.6271 0.6273 -0.4618
vn -0.5274 0.7484 -0.4021
vn 0.8476 0.3359 0.4108
vn 0.9613 0.2354 0.1431
vn 0.7092 0.6529 0.2662
vn 0.8204 0.3177 0.4753
vn 0.2283 -0.2580 0.9388
vn 0.5482 -0.4755 -0.6880
vn 0.2877 -0.9377 -0.1947
vn -0.4934 -0.7668 0.4106
vn -0.9021 0.4313 -0.0150
vn -0.9818 0.0369 -0.1864
vn -0.9037 0.4031 0.1440
vn 0.5944 0.4910 0.6368
vn 0.5169 0.6571 0.5487
vn -0.6804 0.6914 0.2428
vn -0.5453 0.8347 -0.0767
vn -0.4229 0.7598 -0.4938
vn 0.0017 0.5195 -0.8545
vn -0.3446 0.8413 0.4165
vn -0.0336 -0.0693 -0.9970
vn -0.0306 -0.2808 -0.9593
vn 0.0505 -0.4522 -0.8905
vn 0.3997 0.9165 0.0164
vn 0.4033 0.8885 -0.2188
vn 0.3192 0.8616 0.3946
vn 0.3998 0.9165 0.0165
vn 0.6293 -0.5649 0.5338
vn 0.6934 -0.7166 -0.0745
vn -0.4685 -0.7552 0.4585
vn -0.8408 -0.5381 -0.0595
vn 0.0506 -0.4521 -0.8905
vn 0.6637 0.6368 -0.3925
vn -0.0755 0.8672 0.4923
vn -0.8738 -0.1590 0.4596
vn -0.8280 0.2174 0.5168
vn -0.5748 -0.7237 0.3819
vn 0.2053 -0.9538 -0.2192
vn -0.5319 0.0406 -0.8458
vn 0.7084 0.2206 -0.6704
vn 0.8690 0.2947 0.3975
vn 0.6571 0.1357 -0.7415
vn 0.9543 0.2547 0.1560
vn 0.9309 -0.2376 0.2773
vn -0.1579 0.3546 0.9216
vn 0.0770 -0.9857 -0.1500
vn 0.9310 -0.2376 0.2773
vn 0.8204 0.3177 0.4754
vn -0.7010 -0.2013 -0.6842
vn -0.5570 -0.1567 -0.8156
vn -0.9707 0.2133 0.1111
vn -0.9809 0.0874 -0.1740
vn 0.6774 0.4796 0.5578
vn 0.8152 0.2775 -0.5084
vn 0.4809 -0.3181 0.8171
vn -0.1788 0.4695 0.8646
vn -0.8655 -0.4798 0.1438
vn -0.9764 0.1180 0.1810
vn -0.8655 -0.4799 0.1438
vn -0.9764 0.1181 0.1811
vn -0.3096 0.1228 0.9429
vn -0.9062 -0.1568 0.3926
vn 0.3033 0.2240 0.9262
vn 0.7434 0.6461 0.1732
vn 0.4617 0.8797 -0.1134
vn -0.5313 0.8411 0.1018
vn 0.3574 0.0088 -0.9339
vn 0.8622 0.1840 -0.4720
vn 0.0407 -0.4820 -0.8752
vn -0.3095 0.1228 0.9429
vn -0.1433 0.5418 0.8282
vn 0.3033 0.2241 0.9262
vn 0.2242 0.6939 0.6843
vn -0.6879 0.3669 0.6263
vn 0.6473 0.1175 -0.7531
vn -0.0763 0.8670 0.4924
vn -0.0775 0.8670 0.4923
vn 0.8204 0.3178 0.4754
vn 0.6812 0.1778 0.7102
vn 0.6812 0.1779 0.7102
vn 0.9309 -0.2377 0.2772
vn -0.4278 -0.5529 0.7150
vn 0.6497 0.2760 -0.7083
vn -0.3440 -0.0556 -0.9373
vn -0.5398 -0.7484 0.3854
vn -0.9697 0.1414 0.1994
vn -0.9093 -0.1718 0.3791
vn -0.0109 -0.5759 0.8174
vn -0.9097 -0.1880 0.3702
vn -0.9688 0.1486 0.1984
vn -0.8874 0.4610 0.0062
vn 0.4809 -0.3181 0.8170
vn -0.8655 -0.4798 0.1439
vn 0.2499 -0.9441 -0.2150
vn -0.6137 -0.0350 -0.7888
vt 0.694118 0.462745
vt 0.603922 0.462745
vt 0.694118 0.388235
vt 0.615686 0.388235
vt 0.564706 0.388235
vt 0.639216 0.317647
vt 0.564706 0.317647
vt 0.639216 0.239216
vt 0.564706 0.239216
vt 0.564706 0.211765
vt 0.529412 0.211765
vt 0.564706 0.101961
vt 0.529412 0.101961
vt 0.564706 0.000000
vt 0.529412 0.000000
vt 0.482353 0.713725
vt 0.454902 0.717647
vt 0.466667 0.654902
vt 0.454902 0.513725
vt 0.411765 0.709804
vt 0.352941 0.513725
vt 0.349020 0.709804
vt 0.250980 0.713725
vt 0.250980 0.756863
vt 0.168627 0.705882
vt 0.176471 0.749020
vt 0.094118 0.709804
vt 0.074510 0.764706
vt 0.043137 0.745098
vt 0.054902 0.811765
vt 0.474510 0.000000
vt 0.474510 0.101961
vt 0.415686 0.000000
vt 0.415686 0.101961
vt 0.474510 0.219608
vt 0.415686 0.211765
vt 0.415686 0.239216
vt 0.356863 0.239216
vt 0.415686 0.317647
vt 0.356863 0.317647
vt 0.419608 0.388235
vt 0.349020 0.388235
vt 0.376471 0.462745
vt 0.282353 0.388235
vt 0.286275 0.462745
vt 0.207843 0.101961
vt 0.207843 0.219608
vt 0.160784 0.101961
vt 0.160784 0.219608
vt 0.207843 0.239216
vt 0.160784 0.239216
vt 0.207843 0.317647
vt 0.160784 0.317647
vt 0.082353 0.388235
vt 0.019608 0.388235
vt 0.082353 0.415686
vt 0.000000 0.415686
vt 0.000000 0.447059
vt 0.909804 0.415686
vt 0.898039 0.392157
vt 0.988235 0.388235
vt 0.854902 0.317647
vt 0.780392 0.317647
vt 0.854902 0.239216
vt 0.780392 0.239216
vt 0.854902 0.219608
vt 0.780392 0.219608
vt 0.854902 0.101961
vt 0.780392 0.101961
vt 0.780392 0.000000
vt 0.117647 0.835294
vt 0.250980 0.815686
vt 0.321569 0.749020
vt 0.423529 0.752941
vt 0.462745 0.745098
vt 0.356863 0.101961
vt 0.356863 0.000000
vt 0.282353 0.000000
vt 0.282353 0.101961
vt 0.282353 0.219608
vt 0.356863 0.211765
vt 0.639216 0.101961
vt 0.639216 0.211765
vt 0.694118 0.219608
vt 0.694118 0.101961
vt 0.694118 0.000000
vt 0.639216 0.000000
vt 0.788235 0.976471
vt 0.823529 0.901961
vt 0.788235 0.901961
vt 0.788235 0.831373
vt 0.815686 0.756863
vt 0.788235 0.756863
vt 0.823529 0.643137
vt 0.788235 0.643137
vt 0.823529 0.556863
vt 0.788235 0.560784
vt 0.160784 0.000000
vt 0.070588 0.000000
vt 0.070588 0.101961
vt 0.070588 0.219608
vt 0.070588 0.239216
vt 0.070588 0.317647
vt 0.086275 0.878431
vt 0.215686 0.901961
vt 0.250980 0.878431
vt 0.290196 0.901961
vt 0.388235 0.835294
vt 0.419608 0.878431
vt 0.447059 0.811765
vt 0.160784 0.494118
vt 0.207843 0.462745
vt 0.298039 0.494118
vt 0.282353 0.466667
vt 0.207843 0.388235
vt 0.282353 0.317647
vt 0.282353 0.235294
vt 0.694118 0.239216
vt 0.694118 0.317647
vt 0.780392 0.388235
vt 0.796078 0.462745
vt 0.690196 0.494118
vt 0.847059 0.498039
vt 0.929412 0.317647
vt 0.929412 0.239216
vt 0.929412 0.219608
vt 0.929412 0.101961
vt 0.929412 0.000000
vt 0.854902 0.000000
vt 0.619608 1.000000
vt 0.592157 0.886275
vt 0.564706 0.933333
vt 0.560784 0.890196
vt 0.560784 0.831373
vt 0.517647 0.850980
vt 0.560784 0.764706
vt 0.505882 0.741176
vt 0.541176 0.725490
vt 0.113725 0.447059
vt 0.031373 0.494118
vt 0.168627 0.929412
vt 0.149020 0.929412
vt 0.168627 0.901961
vt 0.164706 0.952941
vt 0.180392 0.956863
vt 0.211765 0.909804
vt 0.200000 0.901961
vt 0.549020 0.364706
vt 0.529412 0.313725
vt 0.529412 0.239216
vt 0.784314 0.525490
vt 0.576471 0.615686
vt 0.792157 0.643137
vt 0.800000 0.737255
vt 0.576471 0.733333
vt 0.584314 0.796078
vt 0.600000 0.898039
vt 0.807843 0.913725
vt 0.800000 0.819608
vt 0.282353 0.239216
vt 0.474510 0.239216
vt 0.474510 0.317647
vt 0.482353 0.364706
vt 0.003922 0.000000
vt 0.003922 0.101961
vt 0.003922 0.192157
vt 0.003922 0.211765
vt 0.207843 0.000000
vt 0.337255 0.929412
vt 0.305882 0.898039
vt 0.337255 0.901961
vt 0.294118 0.905882
vt 0.329412 0.949020
vt 0.360784 0.937255
vt 0.003922 0.313725
vt 0.003922 0.266667
vt 0.015686 0.341176
vt 0.039216 0.654902
vt 0.050980 0.513725
vt 0.050980 0.717647
vt 0.152941 0.513725
vt 0.168627 0.976471
vt 0.250980 0.976471
vt 0.250980 0.996078
vt 0.341176 0.976471
vt 0.325490 0.968627
vt 0.329412 0.956863
vt 0.498039 0.439216
vt 0.498039 0.494118
vt 0.596078 0.494118
vt 0.388235 0.494118
vt 0.992157 0.203922
vt 0.992157 0.270588
vt 0.929412 0.368627
vt 0.992157 0.364706
vt 0.992157 0.184314
vt 0.992157 0.101961
vt 0.992157 0.000000
vt 0.756863 0.996078
vt 0.768627 0.823529
vt 0.737255 0.749020
vt 0.772549 0.792157
vt 0.764706 0.749020
vt 0.737255 0.690196
vt 0.764706 0.690196
vt 0.764706 0.627451
vt 0.976471 0.898039
vt 0.992157 0.768627
vt 0.925490 0.913725
vt 0.811765 0.768627
vt 0.988235 0.643137
vt 0.823529 0.650980
vt 0.835294 0.525490
vt 0.921569 0.447059
vt 0.250980 0.988235
vt 0.349020 0.984314
vt 0.156863 0.980392
vt 0.549020 0.996078
vt 0.521569 0.941176
vt 0.517647 0.905882
vt 0.513725 0.850980
vt 0.572549 0.505882
vt 0.619608 0.996078
vt 0.188235 0.972549
vt 0.129412 0.960784
vt 0.137255 0.980392
vt 0.066667 0.933333
vt 0.141176 0.960784
vt 0.250980 0.984314
vt 0.066667 0.913725
vt 0.082353 0.898039
vt 0.988235 0.447059
vt 0.988235 0.415686
vt 0.988235 0.392157
vt 0.435294 0.933333
vt 0.384314 0.952941
vt 0.372549 0.968627
vt 0.364706 0.976471
vt 0.439216 0.898039
vt 0.368627 0.941176
vt 0.435294 0.913725
vt 0.466667 0.376471
vt 0.494118 0.376471
vt 0.498039 0.376471
vt 0.482353 0.388235
vt 0.831373 0.501961
vt 0.992157 0.505882
vt 0.988235 0.529412
vt 0.207843 0.235294
vt 0.250980 0.513725
vt 0.823529 0.996078
vt 0.921569 0.996078
vt 0.807843 0.898039
vt 0.937255 0.913725
vt 0.501961 0.513725
vt 0.568627 0.509804
vt 0.509804 0.635294
vt 0.568627 0.639216
vt 0.984314 0.800000
vt 0.968627 0.811765
vt 0.992157 0.823529
vt 0.976471 0.882353
vt 0.301961 0.874510
vt 0.023529 0.713725
vt 0.203922 0.878431
vt 0.360784 0.964706
vt 0.925490 0.447059
vt 0.843137 0.498039
vt 0.847059 0.494118
vt 0.968627 0.494118
vt 0.301961 0.866667
vt 0.301961 0.905882
vt 0.203922 0.909804
vt 0.203922 0.870588
vt 0.737255 0.627451
vt 0.572549 0.839216
vt 0.568627 0.780392
vt 0.592157 0.721569
vt 0.992157 0.894118
vt 0.541176 0.498039
vt 0.541176 0.505882
vt 0.525490 0.509804
vt 0.823529 0.980392
s 1
usemtl dc_gman_body.BMP
f 1/1/1 2/2/2 3/3/3
f 3/3/3 2/2/2 4/4/4
f 2/2/2 5/5/5 4/4/4
f 4/4/4 5/5/5 6/6/6
f 5/5/5 7/7/7 6/6/6
f 6/6/6 7/7/7 8/8/8
f 7/7/7 9/9/9 8/8/8
f 8/8/8 9/9/9 10/10/10
f 9/9/9 11/11/11 10/10/10
f 10/10/10 11/11/11 13/12/12
f 11/11/11 14/13/13 13/12/12
f 13/12/12 14/13/13 16/14/14
f 14/13/13 17/15/15 16/14/14
f 19/16/16 20/17/17 21/18/18
f 21/18/18 20/17/17 22/19/19
f 20/17/17 24/20/20 22/19/19
f 22/19/19 24/20/20 25/21/21
f 24/20/20 27/22/22 25/21/21
f 25/21/21 27/22/22 28/23/23
f 27/22/22 29/24/24 28/23/23
f 28/23/23 29/24/24 30/25/25
f 29/24/24 31/26/26 30/25/25
f 30/25/25 31/26/26 32/27/27
f 31/26/26 33/28/28 32/27/27
f 32/27/27 33/28/28 34/29/29
f 33/28/28 35/30/30 34/29/29
f 37/31/31 39/32/32 40/33/33
f 40/33/33 39/32/32 41/34/34
f 39/32/32 43/35/35 41/34/34
f 41/34/34 43/35/35 44/36/36
f 43/35/35 45/37/37 44/36/36
f 44/36/36 45/37/37 46/38/38
f 45/37/37 47/39/39 46/38/38
f 46/38/38 47/39/39 48/40/40
f 47/39/39 49/41/41 48/40/40
f 48/40/40 49/41/41 50/42/42
f 49/41/41 51/43/43 50/42/42
f 50/42/42 51/43/43 52/44/44
f 51/43/43 54/45/45 52/44/44
f 55/46/46 56/47/47 57/48/48
f 57/48/48 56/47/47 58/49/49
f 56/47/47 59/50/50 58/49/49
f 58/49/49 59/50/50 61/51/51
f 59/50/50 62/52/52 61/51/51
f 61/51/51 62/52/52 63/53/53
f 62/52/52 64/54/54 63/53/53
f 63/53/53 64/54/54 65/55/55
f 64/54/54 70/56/56 65/55/55
f 65/55/55 70/56/56 71/57/57
f 70/56/56 73/58/58 71/57/57
f 75/59/59 76/60/60 69/61/61
f 69/61/61 76/60/60 77/62/62
f 76/60/60 78/63/63 77/62/62
f 77/62/62 78/63/63 79/64/64
f 78/63/63 80/65/65 79/64/64
f 79/64/64 80/65/65 81/66/66
f 80/65/65 82/67/67 81/66/66
f 81/66/66 82/67/67 83/68/68
f 82/67/67 84/69/69 83/68/68
f 83/68/68 84/69/69 85/70/70
f 33/28/28 31/26/26 86/71/71
f 86/71/71 31/26/26 87/72/72
f 31/26/26 29/24/24 87/72/72
f 87/72/72 29/24/24 88/73/73
f 29/24/24 27/22/22 88/73/73
f 88/73/73 27/22/22 89/74/74
f 27/22/22 24/20/20 89/74/74
f 89/74/74 24/20/20 90/75/75
f 24/20/20 20/17/17 90/75/75
f 91/76/76 41/34/34 44/36/36
f 91/76/76 40/33/33 41/34/34
f 91/76/76 92/77/77 40/33/33
f 91/76/76 93/78/78 92/77/77
f 91/76/76 94/79/79 93/78/78
f 91/76/76 95/80/80 94/79/79
f 91/76/76 96/81/81 95/80/80
f 91/76/76 44/36/36 96/81/81
f 97/82/82 10/10/10 13/12/12
f 97/82/82 98/83/83 10/10/10
f 97/82/82 99/84/84 98/83/83
f 97/82/82 100/85/85 99/84/84
f 97/82/82 101/86/86 100/85/85
f 97/82/82 102/87/87 101/86/86
f 97/82/82 16/14/14 102/87/87
f 97/82/82 13/12/12 16/14/14
f 104/88/88 106/89/89 107/90/90
f 107/90/90 106/89/89 109/91/91
f 106/89/89 112/92/92 109/91/91
f 109/91/91 112/92/92 113/93/93
f 112/92/92 116/94/94 113/93/93
f 113/93/93 116/94/94 117/95/95
f 116/94/94 119/96/96 117/95/95
f 117/95/95 119/96/96 122/97/97
f 124/98/98 57/48/48 125/99/99
f 125/99/99 57/48/48 126/100/100
f 57/48/48 58/49/49 126/100/100
f 126/100/100 58/49/49 127/101/101
f 58/49/49 61/51/51 127/101/101
f 127/101/101 61/51/51 128/102/102
f 61/51/51 129/103/103 128/102/102
f 35/30/30 86/71/71 130/104/104
f 130/104/104 86/71/71 132/105/105
f 86/71/71 133/106/106 132/105/105
f 132/105/105 133/106/106 134/107/107
f 133/106/106 136/108/108 134/107/107
f 134/107/107 136/108/108 137/109/109
f 136/108/108 138/110/110 137/109/109
f 139/111/111 140/112/112 142/113/113
f 142/113/113 140/112/112 53/114/114
f 140/112/112 143/115/115 53/114/114
f 53/114/114 143/115/115 52/44/44
f 143/115/115 62/52/52 52/44/44
f 52/44/44 62/52/52 144/116/116
f 62/52/52 146/117/117 144/116/116
f 147/118/118 78/63/63 148/119/119
f 148/119/119 78/63/63 3/3/3
f 78/63/63 149/120/120 3/3/3
f 3/3/3 149/120/120 1/1/1
f 149/120/120 150/121/121 1/1/1
f 1/1/1 150/121/121 23/122/19
f 150/121/121 152/123/122 23/122/19
f 154/124/123 79/64/64 155/125/124
f 155/125/124 79/64/64 156/126/125
f 79/64/64 81/66/66 156/126/125
f 156/126/125 81/66/66 157/127/126
f 81/66/66 83/68/68 157/127/126
f 157/127/126 83/68/68 158/128/127
f 83/68/68 159/129/128 158/128/127
f 160/130/129 162/131/130 164/132/131
f 164/132/131 162/131/130 165/133/132
f 162/131/130 166/134/133 165/133/132
f 165/133/132 166/134/133 169/135/134
f 166/134/133 170/136/135 169/135/134
f 169/135/134 170/136/135 175/137/136
f 170/136/135 177/138/137 175/137/136
f 180/96/138 183/94/139 184/95/140
f 184/95/140 183/94/139 186/93/141
f 183/94/139 189/92/142 186/93/141
f 186/93/141 189/92/142 190/91/143
f 189/92/142 193/89/144 190/91/143
f 190/91/143 193/89/144 194/90/145
f 193/89/144 197/88/146 194/90/145
f 198/138/147 201/136/148 206/137/149
f 206/137/149 201/136/148 209/135/150
f 201/136/148 210/134/151 209/135/150
f 209/135/150 210/134/151 212/133/152
f 210/134/151 213/131/153 212/133/152
f 212/133/152 213/131/153 215/132/154
f 213/131/153 216/130/155 215/132/154
f 218/139/156 70/56/56 143/115/115
f 218/139/156 73/58/58 70/56/56
f 218/139/156 219/140/157 73/58/58
f 218/139/156 139/111/111 219/140/157
f 218/139/156 140/112/112 139/111/111
f 218/139/156 143/115/115 140/112/112
f 222/141/158 224/142/159 226/143/160
f 222/141/158 228/144/161 224/142/159
f 222/141/158 229/145/162 228/144/161
f 222/141/158 131/146/163 229/145/162
f 222/141/158 230/147/164 131/146/163
f 222/141/158 226/143/160 230/147/164
f 49/41/41 233/148/165 5/5/5
f 5/5/5 233/148/165 7/7/7
f 233/148/165 235/149/166 7/7/7
f 7/7/7 235/149/166 9/9/9
f 235/149/166 237/150/167 9/9/9
f 9/9/9 237/150/167 11/11/11
f 121/151/168 239/152/169 118/153/170
f 118/153/170 239/152/169 114/154/171
f 239/152/169 241/155/172 114/154/171
f 114/154/171 241/155/172 243/156/173
f 241/155/172 166/134/133 243/156/173
f 243/156/173 166/134/133 163/157/174
f 244/156/175 195/158/176 214/157/177
f 244/156/175 191/159/178 195/158/176
f 244/156/175 187/154/179 191/159/178
f 244/156/175 245/155/180 187/154/179
f 244/156/175 210/134/181 245/155/180
f 244/156/175 214/157/177 210/134/181
f 46/38/38 96/81/81 44/36/36
f 46/38/38 95/80/80 96/81/81
f 46/38/38 145/160/182 95/80/80
f 46/38/38 144/116/116 145/160/182
f 46/38/38 48/40/40 144/116/116
f 248/161/183 250/162/184 45/37/37
f 45/37/37 250/162/184 47/39/39
f 250/162/184 253/163/185 47/39/39
f 47/39/39 253/163/185 49/41/41
f 253/163/185 233/148/165 49/41/41
f 125/99/99 126/100/100 36/164/186
f 36/164/186 126/100/100 38/165/187
f 126/100/100 127/101/101 38/165/187
f 38/165/187 127/101/101 42/166/188
f 127/101/101 247/167/189 42/166/188
f 146/117/117 56/47/47 95/80/80
f 95/80/80 56/47/47 94/79/79
f 56/47/47 55/46/46 94/79/79
f 94/79/79 55/46/46 93/78/78
f 55/46/46 254/168/190 93/78/78
f 255/169/191 257/170/192 258/171/193
f 255/169/191 135/172/194 257/170/192
f 255/169/191 260/173/195 135/172/194
f 255/169/191 261/174/196 260/173/195
f 255/169/191 258/171/193 261/174/196
f 251/175/197 249/176/198 264/177/199
f 264/177/199 249/176/198 129/103/103
f 249/176/198 247/167/189 129/103/103
f 129/103/103 247/167/189 128/102/102
f 247/167/189 127/101/101 128/102/102
f 266/178/200 141/179/201 267/180/202
f 267/180/202 141/179/201 32/27/27
f 141/179/201 268/181/203 32/27/27
f 32/27/27 268/181/203 30/25/25
f 268/181/203 28/23/23 30/25/25
f 271/182/204 272/183/205 273/184/206
f 273/184/206 272/183/205 274/185/207
f 272/183/205 276/186/208 274/185/207
f 274/185/207 276/186/208 259/187/209
f 276/186/208 277/173/210 259/187/209
f 2/2/2 279/188/211 5/5/5
f 2/2/2 281/189/212 279/188/211
f 2/2/2 26/190/213 281/189/212
f 2/2/2 23/122/19 26/190/213
f 2/2/2 1/1/1 23/122/19
f 51/43/43 142/113/214 54/45/45
f 51/43/43 269/191/215 142/113/214
f 51/43/43 281/189/212 269/191/215
f 51/43/43 279/188/211 281/189/212
f 51/43/43 49/41/41 279/188/211
f 8/8/8 148/119/119 6/6/6
f 8/8/8 147/118/118 148/119/119
f 8/8/8 99/84/84 147/118/118
f 8/8/8 98/83/83 99/84/84
f 8/8/8 10/10/10 98/83/83
f 85/70/70 84/69/69 101/86/86
f 101/86/86 84/69/69 100/85/85
f 84/69/69 82/67/67 100/85/85
f 100/85/85 82/67/67 99/84/84
f 82/67/67 147/118/118 99/84/84
f 156/126/125 238/192/216 155/125/124
f 155/125/124 238/192/216 154/124/123
f 238/192/216 236/193/217 154/124/123
f 154/124/123 236/193/217 283/194/218
f 236/193/217 234/195/219 283/194/218
f 238/192/216 156/126/125 12/196/220
f 12/196/220 156/126/125 15/197/221
f 156/126/125 157/127/126 15/197/221
f 15/197/221 157/127/126 18/198/222
f 157/127/126 158/128/127 18/198/222
f 114/154/171 243/156/173 110/159/223
f 110/159/223 243/156/173 108/158/224
f 243/156/173 163/157/174 108/158/224
f 108/158/224 163/157/174 103/199/225
f 163/157/174 160/130/226 103/199/225
f 167/200/133 242/201/227 172/202/135
f 172/202/135 242/201/227 285/203/228
f 242/201/227 240/204/229 285/203/228
f 285/203/228 240/204/229 287/205/230
f 240/204/229 289/206/231 287/205/230
f 292/207/232 286/208/233 295/209/234
f 295/209/234 286/208/233 111/210/235
f 286/208/233 288/211/236 111/210/235
f 111/210/235 288/211/236 115/212/237
f 288/211/236 120/213/238 115/212/237
f 297/206/239 300/204/240 301/205/241
f 301/205/241 300/204/240 304/203/242
f 300/204/240 246/201/243 304/203/242
f 304/203/242 246/201/243 203/202/244
f 246/201/243 211/200/245 203/202/244
f 181/213/246 302/211/247 182/212/248
f 182/212/248 302/211/247 188/210/249
f 302/211/247 305/208/250 188/210/249
f 188/210/249 305/208/250 307/209/251
f 305/208/250 310/207/252 307/209/251
f 86/71/71 87/72/72 133/106/106
f 133/106/106 87/72/72 136/108/108
f 87/72/72 88/73/73 136/108/108
f 136/108/108 88/73/73 89/74/74
f 149/120/120 312/214/253 150/121/121
f 149/120/120 75/59/59 312/214/253
f 149/120/120 76/60/60 75/59/59
f 149/120/120 78/63/63 76/60/60
f 314/215/254 275/216/255 316/185/256
f 314/215/254 273/184/206 275/216/255
f 314/215/254 270/217/204 273/184/206
f 314/215/254 320/182/257 270/217/204
f 321/218/258 164/132/131 294/219/259
f 294/219/259 164/132/131 291/220/260
f 164/132/131 169/135/134 291/220/260
f 291/220/260 169/135/134 323/221/261
f 299/152/262 187/154/179 245/155/180
f 299/152/262 185/153/263 187/154/179
f 299/152/262 328/151/264 185/153/263
f 299/152/262 331/222/265 328/151/264
f 215/132/154 309/220/266 209/135/150
f 215/132/154 306/219/267 309/220/266
f 215/132/154 334/218/268 306/219/267
f 215/132/154 217/223/269 334/218/268
f 272/183/205 271/182/204 336/224/270
f 336/224/270 271/182/204 229/145/162
f 271/182/204 228/144/161 229/145/162
f 223/225/271 319/226/257 337/227/272
f 337/227/272 319/226/257 339/228/273
f 319/226/257 315/229/274 339/228/273
f 338/230/272 340/231/275 224/142/271
f 224/142/271 340/231/275 132/105/105
f 340/231/275 130/104/104 132/105/105
f 312/214/253 75/59/59 74/232/276
f 74/232/276 75/59/59 72/233/277
f 75/59/59 68/234/278 72/233/277
f 341/235/279 343/236/280 263/237/196
f 263/237/196 343/236/280 318/238/256
f 343/236/280 315/229/254 318/238/256
f 137/109/109 344/239/281 134/107/107
f 134/107/107 344/239/281 262/240/196
f 344/239/281 342/241/282 262/240/196
f 252/242/283 265/242/284 232/243/285
f 232/243/285 265/242/284 282/244/286
f 265/242/284 66/245/287 282/244/286
f 123/246/288 120/213/238 347/247/289
f 347/247/289 120/213/238 290/248/290
f 120/213/238 288/211/236 290/248/290
f 302/211/247 181/213/246 298/248/291
f 298/248/291 181/213/246 333/247/292
f 181/213/246 330/246/293 333/247/292
f 55/46/46 57/48/48 254/168/190
f 254/168/190 57/48/48 124/98/98
f 56/47/47 146/117/117 60/249/294
f 60/249/294 146/117/117 62/52/52
f 61/51/51 63/53/53 129/103/103
f 129/103/103 63/53/53 65/55/55
f 48/40/40 50/42/42 144/116/116
f 144/116/116 50/42/42 52/44/44
f 62/52/52 143/115/115 64/54/54
f 64/54/54 143/115/115 70/56/56
f 268/181/203 280/250/212 28/23/23
f 28/23/23 280/250/212 25/21/21
f 227/142/161 270/217/204 225/144/159
f 225/144/159 270/217/204 320/182/257
f 90/75/75 138/110/110 89/74/74
f 89/74/74 138/110/110 136/108/108
f 82/67/67 80/65/65 147/118/118
f 147/118/118 80/65/65 78/63/63
f 79/64/64 154/124/123 77/62/62
f 77/62/62 154/124/123 69/61/61
f 6/6/6 148/119/119 4/4/4
f 4/4/4 148/119/119 3/3/3
f 348/251/295 322/252/296 105/253/297
f 105/253/297 322/252/296 296/254/298
f 174/255/136 351/256/299 168/257/300
f 168/257/300 351/256/299 324/258/261
f 179/259/301 173/260/135 352/261/302
f 352/261/302 173/260/135 327/262/303
f 353/251/304 192/253/305 335/252/306
f 335/252/306 192/253/305 308/254/307
f 216/130/308 214/157/177 196/199/309
f 196/199/309 214/157/177 195/158/176
f 205/255/310 208/257/311 356/256/312
f 356/256/312 208/257/311 359/258/313
f 200/259/147 357/261/314 204/260/148
f 204/260/148 357/261/314 362/262/315
f 248/161/183 45/37/37 43/35/35
f 257/170/192 363/263/316 258/171/193
f 65/55/55 264/177/199 129/103/103
f 49/41/41 5/5/5 279/188/211
f 365/264/317 266/178/200 267/180/202
f 267/180/202 32/27/27 34/29/29
f 86/71/71 35/30/30 33/28/28
f 230/147/164 226/143/160 366/265/318
f 274/185/207 259/187/209 261/174/319
f 317/266/256 275/216/320 261/174/196
f 260/173/195 278/169/321 135/172/194
f 313/267/322 151/268/122 150/121/323
f 313/267/322 220/269/157 153/270/122
f 74/232/276 221/270/157 312/214/253
f 83/68/68 85/70/70 159/129/128
f 67/194/324 154/124/123 283/194/218
f 134/107/107 364/271/325 256/272/326
f 231/273/164 367/274/327 132/105/328
f 321/218/258 161/223/329 164/132/131
f 169/135/134 164/132/131 165/133/132
f 111/210/235 105/253/330 295/209/234
f 289/206/231 240/204/229 346/275/331
f 121/151/168 345/222/332 239/152/169
f 325/276/333 171/277/135 284/278/334
f 286/208/335 293/279/260 326/207/333
f 178/280/137 350/281/336 176/282/337
f 104/88/88 349/283/338 106/89/89
f 209/135/150 212/133/152 215/132/154
f 188/210/249 307/209/251 192/253/339
f 297/206/239 332/275/340 300/204/240
f 360/276/341 303/278/342 202/277/343
f 305/208/344 361/207/345 311/279/346
f 199/280/147 207/282/347 355/281/348
f 184/95/140 329/97/349 180/96/138
f 197/88/146 193/89/144 354/283/350
f 209/135/150 309/220/266 358/221/315
o Object_8
v 2.352089 3.260566 0.663046
v 1.383432 3.252796 -1.577546
v -1.803804 3.213612 -0.772762
v -3.450935 3.229083 1.028719
v 5.655174 3.247412 -4.454963
v -6.192475 3.247718 0.083407
v -6.263943 3.244391 -2.501063
v 6.163543 3.245714 -1.764653
v 5.252087 3.256229 0.664800
v -2.996614 3.231715 -5.319968
v -1.025105 3.205833 -3.614130
v 1.575199 3.243535 -4.517434
v 3.995799 3.250253 -5.485967
v -4.901669 3.242032 -4.887337
v -1.125098 37.572182 -6.637482
v -4.997514 32.769104 -5.982727
v -1.228887 32.795456 -6.948180
v -1.228887 32.795456 -6.948180
v -4.997514 32.769104 -5.982727
v -1.125098 37.572182 -6.637482
v -4.565828 37.584717 -5.454545
v -1.105027 42.146011 -6.740658
v -4.425888 41.929512 -5.342831
v -0.965365 45.871624 -6.177628
v -4.265981 45.724243 -5.179068
v -1.135783 49.874363 -5.487671
v -4.166308 49.782135 -4.635428
v -1.475531 54.901939 -5.879999
v -4.815834 54.922745 -5.391574
v -1.685698 59.697174 -5.594111
v -4.776143 60.084057 -4.872111
v -2.366149 62.810543 -4.852274
v -2.366149 62.810543 -4.852274
v -2.366149 62.810543 -4.852274
v -4.496381 62.397057 -4.478849
v 5.233621 62.397038 -4.472871
v 5.233621 62.397038 -4.472871
v 5.513859 60.084038 -4.865788
v 3.093852 62.810535 -4.848920
v 3.093852 62.810535 -4.848920
v 2.194369 59.675854 -5.700104
v 5.554168 54.922722 -5.385202
v 2.034524 54.892632 -5.967360
v 4.903693 49.782116 -4.629855
v 1.874226 49.903164 -5.498869
v 5.004020 45.724220 -5.173372
v 1.904611 45.875751 -6.136079
v 5.164113 41.929493 -5.336938
v 1.904949 42.150135 -6.699023
v 5.304174 37.584694 -5.448481
v 1.924881 37.616096 -6.599956
v 5.734862 32.765701 -5.981949
v 2.013386 32.792961 -6.916743
v 1.924881 37.616096 -6.599956
v 1.924881 37.616096 -6.599956
v 2.013386 32.792961 -6.916743
v -6.229982 58.560795 1.367815
v -6.229982 58.560795 1.367815
v -6.139478 56.263039 0.540881
v -4.720654 56.059444 2.453024
v -4.420646 53.825489 2.433950
v -6.358826 53.869816 -0.527671
v -3.830648 49.862076 2.424315
v -6.468835 50.078583 -0.525465
v -3.740795 45.652916 2.650545
v -6.328957 45.865292 -0.338990
v -3.700727 41.842403 2.528758
v -6.398936 41.730686 -0.386958
v -4.290764 37.695244 2.577203
v -4.290764 37.695244 2.577203
v -6.938974 37.744736 -0.335123
v -6.090962 33.131287 2.440387
v -6.090962 33.131287 2.440387
v -7.641342 32.972260 -0.382943
v -7.641342 32.972260 -0.382943
v -7.641342 32.972260 -0.382943
v 8.365057 32.966415 -0.367755
v 8.365057 32.966415 -0.367755
v 7.661027 37.744709 -0.326151
v 6.838288 33.185436 2.447725
v 4.669237 37.695225 2.582708
v 4.669237 37.695225 2.582708
v 7.130807 41.734280 0.043241
v 4.089032 41.823009 2.927657
v 7.061044 45.865265 -0.330761
v 4.149243 45.646702 2.595716
v 7.201166 50.078556 -0.517064
v 4.599275 49.794888 2.557120
v 7.091177 53.869789 -0.519406
v 5.029271 53.759331 2.577329
v 6.860524 56.263012 0.548870
v 5.619398 56.081001 2.376706
v 6.960020 58.560772 1.375920
v -6.727338 0.048176 5.148083
v -6.727338 0.048176 5.148083
v -7.407368 1.208279 4.850559
v -8.179635 0.048363 4.605002
v -8.179635 0.048363 4.605002
v -8.471748 1.198767 3.489233
v -6.938612 1.878644 3.859457
v -7.414665 1.983444 0.719306
v -6.215013 2.412230 2.402451
v -5.418507 2.871197 0.868458
v -4.043022 2.010424 1.924212
v -2.688365 3.740606 -1.479536
v -2.476705 0.040704 -2.074285
v -2.476705 0.040704 -2.074285
v -1.757930 2.990708 -3.824583
v -1.786282 0.041276 -4.015243
v -1.786282 0.041276 -4.015243
v -2.494654 0.047728 -4.936474
v -2.494654 0.047728 -4.936474
v 6.506444 0.063847 2.104450
v 6.506444 0.063847 2.104450
v 6.318671 1.218177 4.628210
v 6.499015 0.058375 4.057915
v 6.499015 0.058375 4.057915
v 5.688087 0.067844 5.587430
v 5.688087 0.067844 5.587430
v 4.878102 1.217853 5.567338
v 4.128062 0.067834 5.626483
v 4.128062 0.067834 5.626483
v 3.638381 1.338016 5.106629
v 3.158602 0.058146 4.735892
v 3.158602 0.058146 4.735892
v 3.098091 1.698490 3.412957
v 2.665702 0.069162 3.332128
v 2.665702 0.069162 3.332128
v 2.649635 2.039757 1.702803
v 2.737367 0.070014 0.582170
v 2.737367 0.070014 0.582170
v 2.459288 0.071535 -2.588000
v 2.459288 0.071535 -2.588000
v -6.566947 58.560692 -3.568811
v -6.216998 54.988743 -3.499117
v -6.177433 49.781231 -2.806773
v -6.087296 45.574268 -3.043247
v -6.307191 42.039173 -3.223969
v -6.907105 37.690243 -3.375751
v -6.907105 37.690243 -3.375751
v -7.519286 32.844170 -3.659427
v -7.519286 32.844170 -3.659427
v 8.252205 32.841007 -3.651315
v 8.252205 32.841007 -3.651315
v 7.642896 37.690212 -3.366811
v 7.642896 37.690212 -3.366811
v 7.042810 42.039146 -3.215765
v 6.822707 45.574242 -3.035314
v 6.822707 45.574242 -3.035314
v 6.902569 49.781204 -2.798736
v 6.953004 54.988720 -3.491025
v 6.953004 54.988720 -3.491025
v 7.303054 58.560669 -3.560288
v -0.981025 33.380745 4.017858
v -0.981025 33.380745 4.017858
v -0.981025 33.380745 4.017858
v -0.081712 37.835514 4.123559
v -0.081712 37.835514 4.123559
v -0.081712 37.835514 4.123559
v -4.471475 33.221004 3.281407
v -4.471475 33.221004 3.281407
v 0.198271 42.192970 4.163668
v 0.198271 42.192970 4.163668
v 0.198271 42.192970 4.163668
v 0.198271 42.192970 4.163668
v 0.258514 45.649288 3.779409
v 0.258514 45.649288 3.779409
v -0.371475 49.861290 3.773735
v -0.371475 49.861290 3.773735
v -1.400869 53.994057 2.800339
v -1.400869 53.994057 2.800339
v -1.400869 53.994057 2.800339
v 7.221832 61.222782 -2.678024
v 7.221832 61.222782 -2.678024
v 7.221832 61.222782 -2.678024
v 8.445072 60.399002 -0.669573
v 8.445072 60.399002 -0.669573
v 8.154133 60.677471 -3.219556
v 8.154133 60.677471 -3.219556
v 9.005314 58.754574 -2.892657
v 9.005314 58.754574 -2.892657
v 9.030014 58.425411 0.224288
v 9.030014 58.425411 0.224288
v 9.767885 53.693119 -2.658706
v 9.767885 53.693119 -2.658706
v 9.278648 53.429638 0.110596
v 9.278648 53.429638 0.110596
v 10.107891 50.523712 -2.585415
v 10.107891 50.523712 -2.585415
v 9.212343 50.552280 -0.048529
v 9.212343 50.552280 -0.048529
v 10.145390 49.420410 -2.293978
v 10.145390 49.420410 -2.293978
v 9.150013 49.894917 -0.033562
v 9.150013 49.894917 -0.033562
v 11.393064 39.792259 1.489287
v 11.393064 39.792259 1.489287
v -2.359934 3.773692 -3.566456
v -3.237287 3.761598 -4.672896
v -3.554767 3.004252 -4.994195
v -4.864210 3.778722 -3.604894
v -5.390873 2.380432 -3.025396
v -5.752183 3.779721 -1.827252
v -4.926422 3.831834 -0.601076
v -3.863382 3.824864 -0.340308
v 6.229581 1.984417 1.664950
v 4.748764 1.888233 4.477492
v 4.549514 2.426511 2.864087
v 4.301228 2.877483 1.144093
v 2.494439 3.771268 -1.956693
v 2.364844 3.022340 -4.477033
v 2.430536 0.072297 -4.648018
v 2.430536 0.072297 -4.648018
v 3.400929 0.071073 -5.297432
v 3.400929 0.071073 -5.297432
v 3.233658 3.839653 -0.496220
v 4.323612 3.847988 -0.395558
v 5.504045 3.776533 -1.284868
v 5.532715 2.376928 -2.545339
v 5.235252 3.787623 -3.255028
v 4.445164 3.019414 -5.005776
v 4.046173 3.779938 -4.795752
v 2.865735 3.791442 -4.046462
v -6.698442 57.817795 -1.139116
v -6.797469 60.881447 -2.714192
v -7.088726 61.234596 -0.669917
v -4.317313 62.795940 -2.961836
v -5.208733 62.633686 -0.653254
v -3.228311 63.015137 -1.335112
v -3.228311 63.015137 -1.335112
v -3.228311 63.015137 -1.335112
v -3.228311 63.015137 -1.335112
v -2.929765 62.235168 1.028322
v -2.929765 62.235168 1.028322
v -0.951531 49.860645 3.863930
v 0.208353 45.646317 4.041086
v 0.208353 45.646317 4.041086
v 0.108141 42.194775 4.374556
v -0.501873 37.842484 4.383976
v -0.501873 37.842484 4.383976
v -0.501873 37.842484 4.383976
v -1.651368 33.380558 4.577450
v -1.651368 33.380558 4.577450
v -1.651368 33.380558 4.577450
v 1.601271 33.304241 4.860291
v 1.601271 33.304241 4.860291
v 0.758003 37.833313 4.586780
v 0.758003 37.833313 4.586780
v 1.071577 33.234409 4.359944
v 1.071577 33.234409 4.359944
v 1.071577 33.234409 4.359944
v 1.071577 33.234409 4.359944
v 0.218158 37.837318 4.334687
v 0.218158 37.837318 4.334687
v 0.218158 37.837318 4.334687
v 0.218158 37.837318 4.334687
v 0.218158 37.837318 4.334687
v 0.338000 42.198650 4.605532
v 0.338000 42.198650 4.605532
v -0.031865 42.195808 4.384416
v -0.031865 42.195808 4.384416
v 0.248112 45.646832 4.433156
v 0.248112 45.646832 4.433156
v -0.081727 45.649803 4.171245
v -0.081727 45.649803 4.171245
v -0.081727 45.649803 4.171245
v 1.648469 49.860638 3.865528
v 1.138525 49.861286 3.774663
v 1.138525 49.861286 3.774663
v 2.129131 53.994045 2.802508
v 2.129131 53.994045 2.802508
v -0.280515 60.883598 2.246126
v -0.280515 60.883598 2.246126
v -0.550869 58.218079 2.814445
v 0.309340 60.928295 2.483137
v 0.309340 60.928295 2.483137
v 0.328969 58.215103 3.076694
v -0.750841 55.930256 2.760444
v 0.328988 56.140297 3.040903
v -0.950883 53.584183 2.823089
v 0.318841 53.811783 3.272753
v 0.328891 50.491711 3.180503
v 1.429117 53.584175 2.824552
v 1.489161 50.275082 2.741245
v -7.342422 60.592506 -3.269789
v -7.342422 60.592506 -3.269789
v -8.214994 58.693748 -2.882835
v -8.214994 58.693748 -2.882835
v -7.792118 60.467201 -0.730758
v -7.792118 60.467201 -0.730758
v -8.444036 58.552364 0.230436
v -8.444036 58.552364 0.230436
v -9.023951 53.657776 -2.407224
v -9.023951 53.657776 -2.407224
v -8.718338 53.559444 0.397671
v -8.718338 53.559444 0.397671
v -9.398987 50.500340 -2.157716
v -9.398987 50.500340 -2.157716
v -8.651716 50.675976 0.423843
v -8.651716 50.675976 0.423843
v -9.450115 49.422543 -1.851771
v -9.450115 49.422543 -1.851771
v -8.624454 49.788849 0.495462
v -8.624454 49.788849 0.495462
v -11.036510 39.649460 1.395823
v -11.036510 39.649460 1.395823
v -4.965847 61.168259 0.216299
v -5.667880 60.665993 1.668532
v -5.667880 60.665993 1.668532
v -4.733725 59.617592 -0.775545
v -4.759593 58.332623 0.086539
v -5.953847 58.518051 1.849569
v -4.897906 53.438408 -0.531123
v -6.586702 53.447769 1.126884
v -6.354186 50.587044 1.046933
v 6.870415 50.440655 0.424566
v 7.115895 53.291214 0.689421
v 7.034132 49.873535 0.346304
v 6.243197 49.578060 -1.171725
v 6.058904 50.283730 -1.211720
v 5.532768 53.390415 -1.057368
v -8.446647 0.038983 2.894530
v -8.446647 0.038983 2.894530
v -7.837508 0.065130 1.048815
v -7.837508 0.065130 1.048815
v -6.735038 0.062723 -0.676021
v -6.735038 0.062723 -0.676021
v -5.270730 0.059952 -3.143471
v -5.270730 0.059952 -3.143471
v -3.688739 0.055154 -5.062607
v -3.688739 0.055154 -5.062607
v -3.774759 0.041423 0.831291
v -3.774759 0.041423 0.831291
v -4.614478 0.040102 3.450638
v -4.614478 0.040102 3.450638
v -5.031144 1.672737 3.402753
v -5.520203 0.038376 4.622890
v -5.520203 0.038376 4.622890
v -6.085151 1.328301 4.819939
v 3.559011 56.870518 3.007239
v 4.119640 59.087547 1.993054
v 2.929171 58.734249 2.752903
v 2.929171 58.734249 2.752903
v 2.929171 58.734249 2.752903
v 2.929171 58.734249 2.752903
v 2.929171 58.734249 2.752903
v 2.929171 58.734249 2.752903
v 4.299669 60.771984 1.948866
v 3.439545 60.662319 2.150754
v 3.439545 60.662319 2.150754
v 3.439545 60.662319 2.150754
v 3.690238 62.174446 1.028644
v 3.690238 62.174446 1.028644
v 4.887665 33.205093 3.466542
v 4.887665 33.205093 3.466542
v 4.887665 33.205093 3.466542
v 7.821276 61.234570 -0.660756
v 7.431559 57.817768 -1.130433
v 7.532532 60.881416 -2.705386
v 6.709861 60.387691 1.638388
v 4.789980 61.644695 1.446293
v 5.941269 62.633667 -0.646403
v 5.052690 62.795921 -2.956078
v 5.052690 62.795921 -2.956078
v 2.000060 62.285019 1.317733
v 1.099996 62.255569 1.420778
v 1.979866 61.402626 1.630577
v 0.849615 61.454941 2.036655
v 0.309866 62.267323 1.630202
v -0.240385 61.454945 2.035985
v -0.460004 62.255569 1.419819
v -1.350132 61.452362 1.623365
v -1.359946 62.296005 1.324582
v -4.439997 58.609325 -3.201059
v -5.257327 53.528702 -3.187224
v -5.257327 53.528702 -3.187224
v -5.524414 50.202892 -2.830491
v -5.524414 50.202892 -2.830491
v -5.434320 50.329327 -0.523523
v -5.752888 49.209896 -2.739400
v -5.752888 49.209896 -2.739400
v -5.642198 49.497936 -0.435624
v -7.638427 38.681816 -1.917790
v -7.638427 38.681816 -1.917790
v -7.556102 39.304981 0.410168
v 7.992346 39.424107 0.271547
v 8.253580 38.696716 -2.023266
v 8.253580 38.696716 -2.023266
v 6.521197 49.199120 -3.438293
v 6.521197 49.199120 -3.438293
v 6.290326 50.303467 -3.511320
v 6.290326 50.303467 -3.511320
v 6.056963 53.636383 -3.686061
v 6.056963 53.636383 -3.686061
v 5.285663 58.754505 -3.885181
v 6.027644 0.065253 0.124160
v 6.027644 0.065253 0.124160
v -3.390361 59.087563 1.988439
v -2.830878 56.871822 2.822209
v -5.980141 60.387714 1.630590
v -3.530332 60.772003 1.944054
v -2.180829 58.734264 2.749763
v -2.180829 58.734264 2.749763
v 2.129131 53.994045 2.802508
v 1.648469 49.860638 3.865528
v 1.138525 49.861286 3.774663
v 1.138525 49.861286 3.774663
v -0.031865 42.195808 4.384416
v -2.670455 60.662331 2.147000
v -2.670455 60.662331 2.147000
v -4.000747 60.932823 2.620772
v -4.179764 62.355560 1.025100
v -3.788312 63.005192 -1.334423
v -2.737179 63.225960 -3.176456
v -2.737179 63.225960 -3.176456
v 0.318942 47.648659 3.089139
v -0.720749 44.438663 2.577477
v 0.308896 44.498600 3.155006
v -0.860789 47.422085 2.649477
v 1.349211 47.422085 2.650836
v 1.269250 44.438660 2.578701
v -4.801646 61.220764 -2.070355
v -6.759622 61.463131 -0.640920
v -6.759622 61.463131 -0.640920
v -6.759622 61.463131 -0.640920
v -6.431626 61.165363 -2.714553
v -6.431626 61.165363 -2.714553
v -6.431626 61.165363 -2.714553
v -5.086565 61.124821 -3.929982
v -5.086565 61.124821 -3.929982
v 5.574275 61.290718 -2.581371
v 5.606061 61.102959 -0.295601
v 7.421855 61.395901 -0.584003
v 7.421855 61.395901 -0.584003
v 7.421855 61.395901 -0.584003
v 5.431332 59.615345 -1.390441
v 5.953832 61.274017 -3.983570
v 5.953832 61.274017 -3.983570
v 7.840913 53.820911 -5.020520
v 7.840913 53.820911 -5.020520
v 7.127297 58.903351 -4.707879
v 7.127297 58.903351 -4.707879
v 6.912237 60.521072 -4.542521
v 6.912237 60.521072 -4.542521
v 4.570758 0.069225 -5.016724
v 4.570758 0.069225 -5.016724
v 5.449346 0.067098 -2.686191
v 5.449346 0.067098 -2.686191
v -4.100017 61.694443 1.435664
v -4.100017 61.694443 1.435664
v -0.371475 49.861290 3.773735
v 0.258514 45.649288 3.779409
v -0.951531 49.860645 3.863930
v 0.108141 42.194775 4.374556
v 4.779254 60.761646 2.623842
v 4.930234 62.416260 1.034445
v 4.521688 63.085785 -1.327637
v 3.831685 62.845001 -1.323153
v 3.831685 62.845001 -1.323153
v 3.342727 63.000668 -3.018615
v 3.342727 63.000668 -3.018615
v 3.342727 63.000668 -3.018615
v 3.342727 63.000668 -3.018615
v 0.353594 63.125591 -4.430912
v 0.353594 63.125591 -4.430912
v 0.929497 60.871586 2.228009
v 0.929497 60.871586 2.228009
v 1.119131 58.218071 2.815471
v 1.289159 55.930248 2.761699
v -6.954201 53.638733 -4.638365
v -6.954201 53.638733 -4.638365
v -6.237442 58.729900 -4.583831
v -6.237442 58.729900 -4.583831
v -6.012348 60.352680 -4.501410
v -6.012348 60.352680 -4.501410
v -6.543109 49.733017 1.030799
v -9.255643 39.629013 2.089147
v 6.473501 58.353844 1.224402
v 5.400290 58.282310 -0.616387
v 6.205245 60.509697 1.164201
v 6.205245 60.509697 1.164201
v -1.476827 63.126240 -3.748444
v -1.476827 63.126240 -3.748444
v -2.670455 60.662331 2.147000
v -2.180829 58.734264 2.749763
v -2.180829 58.734264 2.749763
v -3.530332 60.772003 1.944054
v 2.503050 63.127007 -3.545002
v -7.778048 49.130127 -4.083784
v -7.778048 49.130127 -4.083784
v -7.603679 50.336571 -4.138387
v -7.603679 50.336571 -4.138387
v -11.107528 38.909348 -1.307895
v -11.107528 38.909348 -1.307895
v -9.346019 38.578945 -2.499207
v -9.346019 38.578945 -2.499207
v 8.438438 50.489479 -4.679399
v 8.438438 50.489479 -4.679399
v 8.621500 49.037247 -4.621264
v 8.621500 49.037247 -4.621264
v 11.659384 38.932293 -1.166357
v 11.659384 38.932293 -1.166357
v -4.100017 61.694443 1.435664
v -5.208733 62.633686 -0.653254
v -2.929765 62.235168 1.028322
v -2.651566 54.856163 3.936572
v -2.651566 54.856163 3.936572
v -3.241329 56.867683 3.556315
v -3.241329 56.867683 3.556315
v -4.317313 62.795940 -2.961836
v -2.366149 62.810543 -4.852274
v -2.737179 63.225960 -3.176456
v 3.868670 57.018932 3.565078
v 3.868670 57.018932 3.565078
v 3.218438 54.724781 3.933720
v 3.218438 54.724781 3.933720
v 4.789980 61.644695 1.446293
v 4.299669 60.771984 1.948866
v 3.690238 62.174446 1.028644
v 3.831685 62.845001 -1.323153
v 8.365057 32.966415 -0.367755
v 7.661027 37.744709 -0.326151
v 4.669237 37.695225 2.582708
v 6.838288 33.185436 2.447725
v 6.838288 33.185436 2.447725
v 4.887665 33.205093 3.466542
v 9.998865 38.559414 -2.470057
v 9.998865 38.559414 -2.470057
v 9.575237 39.812916 2.048027
v -4.997514 32.769104 -5.982727
v -4.565828 37.584717 -5.454545
v -4.565828 37.584717 -5.454545
v -7.519286 32.844170 -3.659427
v -7.519286 32.844170 -3.659427
v -7.641342 32.972260 -0.382943
v -6.938974 37.744736 -0.335123
v -1.228887 32.795456 -6.948180
v 2.013386 32.792961 -6.916743
v -1.125098 37.572182 -6.637482
v 4.789980 61.644695 1.446293
v 5.941269 62.633667 -0.646403
v 3.093852 62.810535 -4.848920
v 3.093852 62.810535 -4.848920
v 2.503050 63.127007 -3.545002
v 5.052690 62.795921 -2.956078
v 3.342727 63.000668 -3.018615
v 3.342727 63.000668 -3.018615
v 3.831685 62.845001 -1.323153
v 5.734862 32.765701 -5.981949
v 5.734862 32.765701 -5.981949
v 5.304174 37.584694 -5.448481
v 5.304174 37.584694 -5.448481
v -1.010840 50.265144 2.740743
v -3.228311 63.015137 -1.335112
v -2.737179 63.225960 -3.176456
vn -0.0730 0.0221 -0.9971
vn -0.6689 0.1396 -0.7301
vn 0.0114 0.0653 -0.9978
vn -0.6690 0.1397 -0.7301
vn -0.0731 0.0221 -0.9971
vn -0.6689 0.1397 -0.7301
vn -0.5508 0.0800 -0.8308
vn -0.1817 0.0462 -0.9823
vn -0.1582 0.1394 -0.9775
vn -0.5425 0.1016 -0.8339
vn -0.1235 0.0505 -0.9911
vn -0.4855 -0.0311 -0.8737
vn -0.1220 -0.0453 -0.9915
vn -0.5168 -0.0451 -0.8549
vn -0.0738 0.1498 -0.9860
vn -0.4509 0.1639 -0.8774
vn -0.1541 0.7457 -0.6483
vn -0.5069 0.6230 -0.5958
vn 0.5076 0.6230 -0.5951
vn 0.4562 0.1656 -0.8743
vn 0.1659 0.7792 -0.6045
vn 0.0750 0.1730 -0.9821
vn 0.5237 -0.0457 -0.8507
vn 0.0749 -0.0393 -0.9964
vn 0.4899 -0.0324 -0.8712
vn 0.1723 0.0515 -0.9837
vn 0.5462 0.1019 -0.8315
vn 0.1710 0.1386 -0.9755
vn 0.5517 0.0774 -0.8304
vn 0.1931 0.0729 -0.9785
vn 0.0903 0.0001 -0.9959
vn 0.6698 0.1397 -0.7292
vn 0.0113 0.0652 -0.9978
vn -0.7694 -0.0560 0.6363
vn -0.8852 -0.1363 0.4448
vn -0.4376 0.0103 0.8991
vn -0.5915 -0.0975 0.8004
vn -0.9725 -0.0643 0.2237
vn -0.5559 0.0118 0.8312
vn -0.9538 0.0038 0.3003
vn -0.5640 0.0386 0.8249
vn -0.9314 0.0918 0.3523
vn -0.5467 0.1292 0.8273
vn -0.9124 0.1637 0.3751
vn -0.7042 0.1867 0.6850
vn -0.9801 0.1366 0.1440
vn 0.9802 0.1367 0.1429
vn 0.9095 0.1305 0.3946
vn 0.6864 0.2121 0.6956
vn 0.5519 0.1227 0.8248
vn 0.9200 0.0769 0.3844
vn 0.5323 0.0372 0.8457
vn 0.9345 0.0328 0.3545
vn 0.5217 0.0122 0.8531
vn 0.9532 -0.0130 0.3020
vn 0.5493 -0.0090 0.8356
vn 0.9731 -0.0602 0.2226
vn 0.5857 -0.0819 0.8064
vn 0.8911 -0.1439 0.4304
vn 0.4704 0.0071 0.8824
vn 0.7730 -0.0558 0.6320
vn 0.0150 0.1114 0.9937
vn -0.3650 0.5293 0.7659
vn -0.7747 0.1152 0.6218
vn -0.8839 0.4553 0.1066
vn -0.1776 0.9280 0.3275
vn -0.7293 0.6543 -0.1998
vn -0.0375 0.9564 0.2897
vn -0.2483 0.8614 0.4431
vn 0.7279 0.4665 0.5026
vn 0.8218 0.2878 0.4917
vn 0.9277 -0.0365 0.3716
vn 0.9040 0.2671 -0.3339
vn 0.9884 -0.0007 -0.1518
vn 0.5089 0.0794 -0.8571
vn 0.9890 0.1279 -0.0749
vn 0.8018 0.4561 0.3862
vn 0.9694 0.0296 0.2436
vn 0.5291 0.1151 0.8407
vn 0.0948 0.5293 0.8431
vn -0.3387 0.1114 0.9343
vn -0.5375 0.5311 0.6550
vn -0.8591 0.1693 0.4829
vn -0.6938 0.6329 0.3436
vn -0.9690 0.1434 0.2013
vn -0.8484 0.4732 0.2374
vn -0.9975 -0.0627 0.0316
vn -0.9984 -0.0286 0.0483
vn -0.9103 -0.0146 -0.4137
vn -0.9360 -0.0750 -0.3440
vn -0.9062 -0.0446 -0.4204
vn -0.9112 0.0402 -0.4101
vn -0.9241 0.0856 -0.3726
vn -0.9297 0.1292 -0.3449
vn -0.8285 0.1408 -0.5420
vn 0.8292 0.1408 -0.5410
vn 0.9302 0.1294 -0.3434
vn 0.9249 0.0853 -0.3705
vn 0.9116 0.0402 -0.4090
vn 0.9067 -0.0446 -0.4193
vn 0.9364 -0.0750 -0.3429
vn 0.9108 -0.0146 -0.4126
vn -0.9490 0.1841 0.2558
vn -0.9725 0.1795 0.1485
vn -0.3416 0.1123 0.9331
vn -0.9771 0.0747 0.1993
vn -0.9003 -0.0789 0.4281
vn -0.8229 -0.0997 0.5593
vn -0.6480 -0.1730 0.7418
vn 0.9364 -0.0750 -0.3428
vn 0.9068 -0.0446 -0.4193
vn 0.9117 0.0402 -0.4089
vn 0.3446 0.9329 -0.1051
vn 0.7733 0.5947 0.2198
vn 0.6676 0.6210 -0.4106
vn 0.9008 0.2242 -0.3720
vn 0.7605 0.1647 0.6281
vn 0.9757 0.0999 -0.1950
vn 0.7102 -0.0121 0.7039
vn 0.9664 0.0482 -0.2524
vn 0.6964 -0.0217 0.7173
vn 0.9960 0.0887 0.0058
vn 0.5039 0.1031 0.8576
vn 0.8307 0.2310 0.5066
vn 0.7424 0.6434 -0.1869
vn 0.2696 0.5096 -0.8171
vn -0.1551 0.1799 -0.9714
vn -0.7290 0.2239 -0.6469
vn -0.8651 0.1161 -0.4881
vn -0.9650 0.2598 -0.0356
vn -0.3397 0.8332 0.4364
vn 0.3722 0.4287 0.8232
vn 0.7595 0.6488 0.0471
vn 0.0632 0.9284 0.3661
vn -0.0528 0.9573 0.2843
vn 0.0968 0.8607 0.4998
vn -0.9350 0.2952 0.1964
vn -0.7432 0.2730 -0.6108
vn -0.8846 0.0063 -0.4663
vn -0.2005 0.0810 -0.9763
vn -0.6172 0.4336 0.6566
vn 0.1852 0.8317 0.5234
vn 0.9258 0.2525 0.2815
vn 0.9779 0.1084 -0.1788
vn 0.9020 0.2167 -0.3733
vn 0.4652 0.1762 -0.8675
vn 0.0160 0.5095 -0.8603
vn -0.6355 0.6485 -0.4191
vn -0.9926 -0.0953 0.0748
vn -0.8651 0.3352 -0.3732
vn -0.8552 0.4745 0.2085
vn -0.4076 0.9012 -0.1472
vn -0.3635 0.9120 0.1900
vn -0.1761 0.9770 0.1202
vn -0.0476 0.7103 0.7023
vn 0.5596 0.2204 0.7989
vn 0.5640 0.2280 0.7937
vn 0.1499 0.1444 0.9781
vn 0.8207 0.1183 0.5590
vn 0.9561 0.0956 0.2769
vn 0.9406 -0.0164 0.3392
vn 0.8193 -0.0428 0.5718
vn 0.9405 -0.0164 0.3393
vn 0.6824 -0.0905 0.7253
vn 0.7947 -0.1800 0.5797
vn 0.5865 -0.1304 0.7994
vn 0.8000 -0.2365 -0.5515
vn 0.0110 0.0652 -0.9978
vn -0.6850 -0.0835 0.7237
vn -0.5177 -0.0679 0.8529
vn -0.9594 -0.2424 -0.1441
vn -0.6949 -0.0933 0.7130
vn -0.4679 -0.0174 0.8836
vn -0.5311 0.0105 0.8472
vn -0.5676 0.1236 0.8140
vn -0.4716 0.1654 0.8662
vn -0.4483 0.2490 0.8585
vn -0.1721 0.2044 0.9636
vn -0.6014 0.2261 0.7663
vn -0.3729 0.2287 0.8993
vn -0.3180 0.1469 0.9366
vn 0.0112 0.2300 0.9731
vn 0.0153 0.0665 0.9977
vn -0.2628 0.0112 0.9648
vn 0.0152 0.0665 0.9977
vn -0.3064 0.0242 0.9516
vn 0.0230 -0.0326 0.9992
vn 0.3480 0.0228 0.9372
vn 0.3459 -0.0321 0.9377
vn -0.6369 0.5975 -0.4873
vn -0.8746 0.2043 -0.4397
vn -0.7875 0.6066 0.1089
vn -0.8293 0.1907 0.5252
vn -0.9611 0.0910 -0.2607
vn -0.7524 0.0320 0.6579
vn -0.9481 0.0411 -0.3154
vn -0.7495 0.0310 0.6612
vn -0.9935 0.0955 -0.0623
vn -0.5559 0.1293 0.8211
vn -0.8651 0.2154 0.4530
vn 0.6995 0.6540 0.2881
vn 0.2020 0.5186 0.8308
vn 0.9798 0.0611 0.1904
vn 0.9434 0.0048 0.3315
vn 0.3367 -0.0678 0.9392
vn 0.9442 -0.1137 0.3090
vn 0.0497 -0.0484 0.9976
vn 0.3367 -0.0740 0.9387
vn -0.7524 0.0319 0.6579
vn -0.7521 0.0281 0.6584
vn -0.3804 -0.1492 0.9127
vn -0.1403 -0.0788 0.9870
vn 0.7103 -0.0337 0.7030
vn 0.4896 0.1073 0.8653
vn -0.5000 -0.1109 0.8589
vn -0.9618 -0.1931 0.1940
vn -0.9691 -0.2095 0.1305
vn -0.9633 -0.1112 0.2442
vn -0.9966 0.0255 -0.0787
vn -0.9111 0.1343 -0.3897
vn -0.8610 0.0377 -0.5072
vn -0.8180 -0.0095 -0.5752
vn -0.5204 0.0257 -0.8535
vn 0.9320 -0.0705 0.3555
vn 0.8542 0.1364 0.5017
vn 0.5483 0.6294 0.5507
vn 0.6588 0.1682 0.7333
vn 0.2958 0.5318 0.7935
vn 0.6196 -0.1654 0.7673
vn 0.2167 0.1182 0.9691
vn 0.3349 0.1166 0.9350
vn 0.7035 0.0526 0.7087
vn 0.1934 0.3050 0.9325
vn 0.1569 0.4197 0.8940
vn 0.0275 0.5557 0.8309
vn 0.3521 0.1469 0.9243
vn 0.3521 0.1469 0.9244
vn 0.9783 0.0526 -0.2005
vn 0.9362 -0.1948 -0.2926
vn 0.8212 -0.1866 0.5393
vn 0.8532 0.4765 0.2121
vn 0.9925 -0.0953 0.0760
vn 0.8655 0.3352 -0.3722
vn 0.4205 0.2572 0.8701
vn 0.2765 0.6154 0.7381
vn 0.4263 0.8902 0.1605
vn 0.3893 0.9099 -0.1432
vn 0.0923 0.3286 0.9400
vn 0.2113 0.4843 0.8490
vn 0.2463 0.4007 0.8825
vn 0.0001 0.5296 0.8483
vn -0.2057 0.4881 0.8482
vn -0.2361 0.4076 0.8821
vn -0.0768 0.3309 0.9405
vn 0.9177 -0.0198 -0.3967
vn 0.8683 -0.1304 -0.4787
vn 0.8190 -0.1830 -0.5438
vn 0.9599 -0.1965 0.1997
vn 0.8975 -0.2264 -0.3785
vn 0.9462 -0.1833 0.2667
vn 0.8319 -0.2082 -0.5144
vn 0.8828 -0.1428 0.4475
vn -0.9149 -0.1183 0.3859
vn -0.7929 -0.2267 -0.5656
vn -0.8704 -0.2189 -0.4410
vn -0.7848 -0.1449 -0.6025
vn -0.8348 -0.1166 -0.5381
vn -0.8659 0.0274 -0.4994
vn -0.0006 -1.0000 0.0020
vn -0.0009 -1.0000 0.0021
vn 0.0005 -1.0000 0.0036
vn -0.0004 -1.0000 0.0022
vn -0.0009 -1.0000 0.0017
vn -0.0011 -1.0000 0.0019
vn -0.3208 0.1034 0.9415
vn -0.2232 0.1045 0.9692
vn -0.4228 0.2486 0.8715
vn -0.1916 0.3075 0.9321
vn -0.8706 -0.0791 0.4855
vn 0.6196 -0.1653 0.7673
vn 0.4483 -0.2490 -0.8585
vn 0.8212 -0.1864 0.5394
vn 0.5676 -0.1236 -0.8140
vn 0.4885 0.0096 -0.8725
vn 0.4468 0.0364 -0.8939
vn 0.3783 0.3614 0.8522
vn 0.2705 0.5714 0.7748
vn 0.3771 0.5535 0.7425
vn 0.1736 0.7897 0.5884
vn 0.0395 0.8705 0.4906
vn 0.0112 0.9720 0.2349
vn -0.0265 0.9768 0.2124
vn -0.0269 0.9940 0.1061
vn 0.0215 -0.0171 0.9996
vn -0.4158 -0.0083 0.9094
vn 0.0168 0.0220 0.9996
vn -0.3286 -0.0377 0.9437
vn 0.3712 -0.0373 0.9278
vn 0.4524 -0.0084 0.8918
vn 0.6745 0.7374 -0.0367
vn -0.2599 0.9583 0.1184
vn -0.3192 0.9312 -0.1763
vn 0.2475 0.7946 -0.5544
vn -0.6557 0.7533 -0.0510
vn -0.7261 0.6253 0.2859
vn 0.2436 0.9457 0.2153
vn -0.9895 0.0562 0.1328
vn -0.1703 0.8321 -0.5278
vn 0.3445 0.9329 -0.1051
vn 0.9681 0.0541 -0.2447
vn 0.1615 -0.0004 -0.9869
vn 0.9007 0.2242 -0.3720
vn 0.3055 0.1281 -0.9435
vn 0.6676 0.6210 -0.4107
vn 0.0700 0.3496 -0.9343
vn -0.0072 -1.0000 -0.0000
vn -0.0072 -1.0000 -0.0001
vn -0.0072 -1.0000 0.0001
vn -0.0073 -1.0000 -0.0000
vn -0.0073 -1.0000 0.0002
vn -0.0011 -1.0000 0.0018
vn -0.0012 -1.0000 0.0019
vn -0.0013 -1.0000 0.0017
vn -0.0013 -1.0000 0.0013
vn -0.0007 -1.0000 0.0018
vn -0.0011 -1.0000 0.0015
vn -0.0011 -1.0000 0.0016
vn 0.0067 -1.0000 -0.0032
vn -0.0042 -1.0000 -0.0009
vn -0.0011 -1.0000 0.0008
vn -0.0062 -1.0000 0.0007
vn 0.7709 0.0175 -0.6368
vn 0.9609 -0.0170 -0.2765
vn 0.9797 0.0299 -0.1983
vn -0.2835 0.6058 0.7434
vn -0.4229 0.2486 0.8714
vn -0.9002 -0.0789 0.4282
vn -0.5640 -0.2280 -0.7937
vn -0.9561 -0.0956 -0.2769
vn -0.9771 0.0748 0.1993
vn -0.9151 0.0575 -0.3990
vn -0.6815 0.0915 -0.7260
vn -0.3173 0.5287 0.7873
vn -0.2013 0.7676 0.6085
vn -0.2505 0.5570 0.7918
vn -0.2115 0.8599 0.4646
vn -0.2697 0.9330 0.2382
vn -0.3141 0.9264 0.2075
vn -0.3164 0.9330 0.1716
vn -0.0030 0.6550 -0.7556
vn 0.3777 0.3619 0.8523
vn 0.0054 0.4716 0.8818
vn -0.3345 0.3592 0.8713
vn 0.3348 0.1166 0.9350
vn 0.2925 0.0088 0.9562
vn -0.9611 0.0910 -0.2608
vn -0.8746 0.2043 -0.4398
vn -0.0761 -0.0526 -0.9957
vn -0.1867 0.0653 -0.9802
vn -0.6368 0.5974 -0.4873
vn 0.0625 0.2619 -0.9631
vn 0.2476 0.7945 -0.5544
vn 0.4459 -0.0629 0.8929
vn 0.0335 0.0850 0.9958
vn -0.4384 -0.0767 0.8955
vn -0.9622 0.0033 0.2724
vn -0.3047 0.4301 0.8498
vn -0.0010 -1.0000 0.0020
vn -0.0010 -1.0000 0.0019
vn -0.1543 0.7456 -0.6483
vn -0.0566 0.9717 -0.2292
vn -0.1542 0.7456 -0.6483
vn -0.1976 0.9659 -0.1675
vn -0.2834 0.6058 0.7435
vn -0.0475 0.7103 0.7023
vn -0.1240 0.5623 0.8176
vn -0.9801 0.1366 0.1438
vn 0.1660 0.7791 -0.6045
vn 0.1759 0.9769 -0.1210
vn 0.1560 0.9743 -0.1626
vn -0.0031 0.6550 -0.7556
vn -0.1559 -0.1093 -0.9817
vn 0.8996 -0.2238 -0.3750
vn 0.8179 -0.1836 -0.5454
vn -0.1465 -0.0740 -0.9864
vn -0.0762 -0.0525 -0.9957
vn 0.8682 -0.1304 -0.4787
vn -0.1868 0.0654 -0.9802
vn 0.0624 0.2619 -0.9631
vn -0.1489 -0.1101 -0.9827
vn -0.9488 0.0435 -0.3128
vn -0.1428 -0.0741 -0.9870
vn -0.9938 0.0956 -0.0577
vn -0.8481 0.0754 -0.5245
vn -0.1537 -0.1264 -0.9800
vn 0.2021 0.5185 0.8308
vn -0.7875 0.6066 0.1090
vn -0.5514 0.1304 0.8240
vn 0.1616 -0.0004 -0.9869
vn -0.8347 -0.1166 -0.5382
vn -0.7810 -0.1476 -0.6068
vn 0.2145 -0.0351 -0.9761
vn 0.2324 -0.1214 -0.9650
vn 0.2010 -0.0355 -0.9790
vn 0.2118 -0.1240 -0.9694
vn 0.9958 0.0893 0.0190
vn 0.8854 0.0477 -0.4623
vn 0.7605 0.1647 0.6282
vn -0.3047 0.4302 0.8498
vn 0.7733 0.5946 0.2199
vn -0.8706 -0.0791 0.4857
vn -0.6479 -0.1730 0.7418
vn -0.5926 -0.2126 -0.7770
vn -0.9725 0.1796 0.1484
vn -0.5868 0.1237 -0.8002
vn -0.9491 0.1841 0.2557
vn 0.2695 0.2503 0.9299
vn 0.5926 0.2126 0.7770
vn 0.5077 0.1938 0.8394
vn 0.2490 -0.9647 0.0857
vn 0.1351 -0.9586 0.2508
vn 0.1976 -0.9659 0.1675
vn 0.0567 -0.9717 0.2292
vn -0.0012 -0.9787 0.2053
vn 0.6823 -0.2488 -0.6875
vn 0.5984 -0.1837 -0.7799
vn 0.4421 -0.1582 -0.8829
vn 0.8000 -0.2366 -0.5514
vn 0.8212 -0.1865 0.5393
vn 0.3392 -0.2441 -0.9085
vn 0.6451 -0.2135 -0.7336
vn 0.7036 0.0527 0.7087
vn 0.6452 -0.2135 -0.7336
vn 0.9488 0.1772 0.2614
vn 0.9095 0.1306 0.3947
vn 0.5603 0.0748 -0.8249
vn 0.4467 0.0364 -0.8939
vn 0.9095 0.1305 0.3947
vn -0.6452 0.2135 0.7336
vn -0.9038 0.0933 0.4177
vn -0.3392 0.2441 0.9085
vn 0.0317 -0.5395 -0.8414
vn -0.0833 -0.4591 -0.8845
vn -0.0275 -0.5557 -0.8309
vn -0.1569 -0.4197 -0.8940
vn -0.9038 0.0932 0.4178
vn 0.0905 0.9953 0.0334
vn 0.0275 0.5557 0.8310
vn -0.8292 -0.1408 0.5410
vn -0.9357 -0.2012 -0.2898
vn -0.9477 -0.1437 0.2851
vn -0.9143 -0.1312 -0.3832
vn -0.5401 -0.1987 -0.8178
vn -0.5400 -0.1987 -0.8179
vn -0.3425 -0.1963 -0.9188
vn -0.6722 -0.3028 -0.6756
vn -0.3424 -0.1979 -0.9185
vn 0.0700 0.3497 -0.9342
vn -0.8767 -0.2106 -0.4325
vn 0.2253 -0.1706 -0.9592
vn -0.1070 0.1293 0.9858
vn 0.8307 0.2309 0.5066
vn 0.2490 -0.9647 0.0856
vn 0.1761 -0.9770 -0.1202
vn 0.1333 -0.9781 -0.1597
vn 0.0476 -0.7103 -0.7023
vn -0.0606 -0.5116 -0.8571
vn 0.0475 -0.7103 -0.7023
vn 0.1237 -0.5623 -0.8176
vn 0.6688 -0.1398 0.7301
vn 0.6625 -0.1331 0.7371
vn 0.8285 -0.1408 0.5421
vn 0.9473 -0.1437 0.2862
vn 0.8285 -0.1408 0.5420
vn 0.9474 -0.1437 0.2861
vn 0.9421 -0.1837 -0.2805
vn 0.9260 -0.1332 -0.3533
vn 0.9260 -0.1332 -0.3534
vn 0.9421 -0.1837 -0.2806
vn -0.0114 -0.0653 0.9978
vn -0.0109 -0.0652 0.9978
vn -0.0107 -0.0653 0.9978
vn -0.0113 -0.0657 0.9978
vn 0.4263 0.8902 0.1604
vn -0.0013 -0.9787 0.2053
vn -0.1446 -0.9786 0.1467
vn -0.1759 -0.9769 0.1210
vn 0.1759 0.9769 -0.1211
vn 0.3893 0.9099 -0.1434
vn 0.3893 0.9099 -0.1433
vn 0.1759 0.9770 -0.1210
vn -0.6700 -0.1399 0.7291
vn -0.6634 -0.1331 0.7363
vn -0.3054 -0.0331 0.9516
vn -0.3193 0.9311 -0.1763
vn -0.0002 -1.0000 0.0020
vn 0.0042 -0.9999 0.0118
vn 0.0014 -1.0000 -0.0001
vn -0.2695 -0.2503 -0.9299
vn 0.2491 -0.9647 0.0856
vn 0.1955 -0.9664 0.1669
vn -0.6690 0.1397 -0.7300
vn -0.3343 0.3600 0.8710
vn -0.0906 -0.9953 -0.0333
vn -0.1063 -0.9935 0.0407
vn -0.1759 -0.9770 0.1210
vn -0.1063 -0.9935 0.0408
vn 0.5518 0.0774 -0.8304
vn 0.0905 0.0001 -0.9959
vn 0.6699 0.1397 -0.7292
vn -0.9357 -0.2012 -0.2899
vn 0.9488 0.1772 0.2615
vn 0.3868 0.2246 0.8944
vn -0.1537 -0.1263 -0.9800
vn -0.3192 0.9311 -0.1764
vn -0.8481 0.0754 -0.5244
vn 0.3445 0.9329 -0.1052
vn 0.2436 0.9457 0.2152
vn 0.2435 0.9457 0.2153
vn 0.8855 0.0477 -0.4622
vt 0.372549 0.254902
vt 0.450980 0.145098
vt 0.372549 0.145098
vt 0.450980 0.254902
vt 0.372549 0.392157
vt 0.450980 0.392157
vt 0.372549 0.494118
vt 0.450980 0.494118
vt 0.372549 0.607843
vt 0.450980 0.607843
vt 0.372549 0.749020
vt 0.450980 0.749020
vt 0.372549 0.866667
vt 0.450980 0.878431
vt 0.392157 0.964706
vt 0.450980 0.952941
vt 0.243137 0.952941
vt 0.243137 0.878431
vt 0.309804 0.964706
vt 0.290196 0.866667
vt 0.243137 0.749020
vt 0.290196 0.749020
vt 0.243137 0.607843
vt 0.290196 0.607843
vt 0.243137 0.494118
vt 0.290196 0.494118
vt 0.243137 0.392157
vt 0.290196 0.392157
vt 0.243137 0.254902
vt 0.290196 0.254902
vt 0.243137 0.149020
vt 0.290196 0.149020
vt 0.549020 0.854902
vt 0.533333 0.788235
vt 0.549020 0.788235
vt 0.549020 0.749020
vt 0.517647 0.749020
vt 0.549020 0.607843
vt 0.517647 0.607843
vt 0.596078 0.494118
vt 0.517647 0.494118
vt 0.596078 0.392157
vt 0.517647 0.392157
vt 0.596078 0.254902
vt 0.517647 0.254902
vt 0.596078 0.145098
vt 0.517647 0.145098
vt 0.145098 0.149020
vt 0.145098 0.254902
vt 0.105882 0.149020
vt 0.105882 0.215686
vt 0.145098 0.392157
vt 0.117647 0.392157
vt 0.145098 0.490196
vt 0.117647 0.490196
vt 0.141176 0.600000
vt 0.101961 0.607843
vt 0.149020 0.749020
vt 0.109804 0.745098
vt 0.149020 0.780392
vt 0.113725 0.800000
vt 0.129412 0.850980
vt 0.670588 0.003922
vt 0.650980 0.054902
vt 0.654902 0.003922
vt 0.682353 0.043137
vt 0.694118 0.078431
vt 0.776471 0.047059
vt 0.733333 0.090196
vt 0.784314 0.101961
vt 0.909804 0.113725
vt 0.917647 0.003922
vt 0.968627 0.094118
vt 0.976471 0.003922
vt 0.984314 0.003922
vt 0.729412 0.003922
vt 0.686275 0.003922
vt 0.709804 0.003922
vt 0.741176 0.003922
vt 0.819608 0.003922
vt 0.490196 0.835294
vt 0.490196 0.749020
vt 0.490196 0.607843
vt 0.490196 0.494118
vt 0.490196 0.392157
vt 0.490196 0.254902
vt 0.490196 0.145098
vt 0.192157 0.149020
vt 0.192157 0.254902
vt 0.192157 0.392157
vt 0.192157 0.494118
vt 0.192157 0.600000
vt 0.192157 0.749020
vt 0.192157 0.835294
vt 0.647059 0.145098
vt 0.647059 0.254902
vt 0.647059 0.392157
vt 0.647059 0.494118
vt 0.611765 0.607843
vt 0.600000 0.749020
vt 0.192157 0.745098
vt 0.192157 0.490196
vt 0.666667 0.992157
vt 0.717647 0.956863
vt 0.666667 0.956863
vt 0.666667 0.894118
vt 0.717647 0.894118
vt 0.666667 0.654902
vt 0.717647 0.654902
vt 0.666667 0.556863
vt 0.717647 0.556863
vt 0.666667 0.517647
vt 0.717647 0.517647
vt 0.717647 0.156863
vt 0.945098 0.125490
vt 0.913725 0.109804
vt 0.870588 0.062745
vt 0.858824 0.113725
vt 0.847059 0.121569
vt 0.862745 0.121569
vt 0.517647 0.831373
vt 0.490196 0.925490
vt 0.517647 0.925490
vt 0.466667 0.980392
vt 0.517647 0.968627
vt 0.513725 0.992157
vt 0.584314 0.988235
vt 0.662745 0.647059
vt 0.635294 0.596078
vt 0.662745 0.596078
vt 0.662745 0.525490
vt 0.647059 0.525490
vt 0.662745 0.431373
vt 0.647059 0.431373
vt 0.662745 0.313725
vt 0.647059 0.313725
vt 0.662745 0.164706
vt 0.647059 0.164706
vt 0.372549 0.149020
vt 0.011765 0.160784
vt 0.011765 0.286275
vt 0.000000 0.160784
vt 0.000000 0.286275
vt 0.011765 0.427451
vt 0.000000 0.427451
vt 0.015686 0.521569
vt 0.000000 0.521569
vt 0.027451 0.592157
vt 0.000000 0.592157
vt 0.000000 0.650980
vt 0.329412 0.090196
vt 0.278431 0.101961
vt 0.329412 0.074510
vt 0.282353 0.078431
vt 0.235294 0.113725
vt 0.243137 0.078431
vt 0.184314 0.125490
vt 0.192157 0.078431
vt 0.137255 0.078431
vt 0.184314 0.035294
vt 0.133333 0.031373
vt 0.784314 0.992157
vt 0.776471 0.956863
vt 0.811765 0.945098
vt 0.823529 0.894118
vt 0.776471 0.894118
vt 0.823529 0.654902
vt 0.776471 0.654902
vt 0.776471 0.556863
vt 0.721569 0.654902
vt 0.721569 0.556863
vt 0.721569 0.517647
vt 0.776471 0.517647
vt 0.823529 0.517647
vt 0.823529 0.556863
vt 0.784314 0.003922
vt 0.882353 0.003922
vt 0.956863 0.003922
vt 0.070588 0.745098
vt 0.086275 0.811765
vt 0.094118 0.882353
vt 0.070588 0.862745
vt 0.074510 0.933333
vt 0.039216 0.984314
vt 0.094118 0.956863
vt 0.105882 0.152941
vt 0.007843 0.215686
vt 0.007843 0.392157
vt 0.007843 0.490196
vt 0.027451 0.603922
vt 0.156863 0.925490
vt 0.164706 0.835294
vt 0.192157 0.925490
vt 0.121569 0.925490
vt 0.121569 0.945098
vt 0.156863 0.956863
vt 0.200000 0.964706
vt 0.372549 0.023529
vt 0.364706 0.050980
vt 0.356863 0.023529
vt 0.349020 0.058824
vt 0.364706 0.074510
vt 0.349020 0.094118
vt 0.364706 0.098039
vt 0.356863 0.133333
vt 0.372549 0.133333
vt 0.858824 0.894118
vt 0.862745 0.654902
vt 0.862745 0.556863
vt 0.862745 0.517647
vt 0.862745 0.156863
vt 0.823529 0.156863
vt 0.392157 0.039216
vt 0.396078 0.094118
vt 0.423529 0.007843
vt 0.466667 0.003922
vt 0.462745 0.141176
vt 0.501961 0.015686
vt 0.501961 0.137255
vt 0.560784 0.137255
vt 0.576471 0.854902
vt 0.580392 0.803922
vt 0.549020 0.850980
vt 0.549020 0.925490
vt 0.576471 0.925490
vt 0.600000 0.854902
vt 0.647059 0.780392
vt 0.662745 0.917647
vt 0.607843 0.870588
vt 0.623529 0.917647
vt 0.662745 0.945098
vt 0.639216 0.945098
vt 0.662745 0.968627
vt 0.662745 0.992157
vt 0.086275 0.078431
vt 0.043137 0.141176
vt 0.043137 0.078431
vt 0.086275 0.133333
vt 0.086275 0.023529
vt 0.043137 0.019608
vt 0.850980 0.949020
vt 0.819608 0.992157
vt 0.866667 0.992157
vt 0.929412 0.992157
vt 0.988235 0.556863
vt 0.925490 0.654902
vt 0.988235 0.654902
vt 0.988235 0.894118
vt 0.925490 0.894118
vt 0.988235 0.956863
vt 0.925490 0.956863
vt 0.925490 0.992157
vt 0.509804 0.356863
vt 0.486275 0.337255
vt 0.533333 0.337255
vt 0.537255 0.313725
vt 0.486275 0.309804
vt 0.529412 0.282353
vt 0.494118 0.282353
vt 0.505882 0.356863
vt 0.490196 0.337255
vt 0.537255 0.309804
vt 0.486275 0.313725
vt 0.494118 0.286275
vt 0.556863 0.960784
vt 0.043137 0.843137
vt 0.050980 0.878431
vt 0.000000 0.839216
vt 0.000000 0.878431
vt 0.031373 0.937255
vt 0.000000 0.937255
vt 0.000000 0.992157
vt 0.349020 0.988235
vt 0.329412 0.058824
vt 0.278431 0.050980
vt 0.235294 0.043137
vt 0.776471 0.156863
vt 0.627451 0.086275
vt 0.619608 0.015686
vt 0.623529 0.137255
vt 0.552941 0.023529
vt 0.403922 0.972549
vt 0.388235 0.988235
vt 0.415686 0.988235
vt 0.552941 0.960784
vt 0.611765 0.925490
vt 0.517647 0.149020
vt 0.490196 0.149020
vt 0.290196 0.972549
vt 0.247059 0.952941
vt 0.278431 0.988235
vt 0.301961 0.988235
vt 0.858824 0.156863
vt 0.929412 0.517647
vt 0.858824 0.517647
vt 0.858824 0.556863
vt 0.929412 0.556863
vt 0.929412 0.654902
vt 0.858824 0.654902
vt 0.929412 0.894118
vt 0.929412 0.952941
vt 0.925490 0.517647
vt 0.925490 0.556863
vt 0.988235 0.517647
vt 0.988235 0.156863
vt 0.925490 0.156863
vt 0.721569 0.894118
vt 0.776471 0.952941
vt 0.721569 0.956863
vt 0.721569 0.156863
vt 0.619608 0.647059
vt 0.607843 0.698039
vt 0.050980 0.701961
vt 0.043137 0.650980
vt 0.000000 0.788235
vt 0.007843 0.149020
vt 0.929412 0.156863
vt 0.121569 0.984314
vt 0.168627 0.988235
vt 0.133333 0.129412
vt 0.717647 0.992157
vt 0.407843 0.129412
vt 0.525490 0.992157
vt 0.145098 0.152941
vt 0.192157 0.152941
vt 0.988235 0.992157
vt 0.721569 0.992157
vt 0.666667 0.156863
s 1
usemtl dc_gman_coat.BMP
f 382/284/351 383/285/352 384/286/353
f 384/286/353 386/285/354 387/284/355
f 386/285/356 388/287/357 387/284/355
f 387/284/355 388/287/357 389/288/358
f 388/287/357 390/289/357 389/288/358
f 389/288/358 390/289/357 391/290/359
f 390/289/357 392/291/360 391/290/359
f 391/290/359 392/291/360 393/292/361
f 392/291/360 394/293/362 393/292/361
f 393/292/361 394/293/362 395/294/363
f 394/293/362 396/295/364 395/294/363
f 395/294/363 396/295/364 397/296/365
f 396/295/364 398/297/366 397/296/365
f 397/296/365 398/297/366 400/298/367
f 398/297/366 402/299/368 400/298/367
f 403/300/369 405/301/370 407/302/371
f 407/302/371 405/301/370 408/303/372
f 405/301/370 409/304/373 408/303/372
f 408/303/372 409/304/373 410/305/374
f 409/304/373 411/306/375 410/305/374
f 410/305/374 411/306/375 412/307/376
f 411/306/375 413/308/377 412/307/376
f 412/307/376 413/308/377 414/309/378
f 413/308/377 415/310/379 414/309/378
f 414/309/378 415/310/379 416/311/380
f 415/310/379 417/312/379 416/311/380
f 416/311/380 417/312/379 418/313/381
f 417/312/379 419/314/382 418/313/381
f 418/313/381 419/314/382 420/315/383
f 424/316/384 426/317/385 427/318/386
f 427/318/386 426/317/385 428/319/387
f 426/317/385 429/320/388 428/319/387
f 428/319/387 429/320/388 430/321/389
f 429/320/388 431/322/390 430/321/389
f 430/321/389 431/322/390 432/323/389
f 431/322/390 433/324/390 432/323/389
f 432/323/389 433/324/390 434/325/391
f 433/324/390 435/326/392 434/325/391
f 434/325/391 435/326/392 436/327/393
f 435/326/392 438/328/394 436/327/393
f 436/327/393 438/328/394 439/329/395
f 438/328/394 442/330/396 439/329/395
f 445/331/397 446/332/398 447/333/399
f 447/333/399 446/332/398 449/334/400
f 446/332/398 450/335/401 449/334/400
f 449/334/400 450/335/401 451/336/402
f 450/335/401 452/337/403 451/336/402
f 451/336/402 452/337/403 453/338/404
f 452/337/403 454/339/405 453/338/404
f 453/338/404 454/339/405 455/340/406
f 454/339/405 456/341/407 455/340/406
f 455/340/406 456/341/407 457/342/408
f 456/341/407 458/343/409 457/342/408
f 457/342/408 458/343/409 459/344/410
f 458/343/409 460/345/411 459/344/410
f 462/346/412 463/347/413 464/348/414
f 464/348/414 463/347/413 466/349/415
f 463/347/413 467/350/416 466/349/415
f 466/349/415 467/350/416 468/351/417
f 467/350/416 469/352/418 468/351/417
f 468/351/417 469/352/418 470/353/419
f 469/352/418 471/351/420 470/353/419
f 470/353/419 471/351/420 472/354/421
f 471/351/420 474/355/422 472/354/421
f 472/354/421 474/355/422 475/356/423
f 474/355/422 477/357/424 475/356/423
f 475/356/423 477/357/424 479/358/425
f 481/359/426 482/349/427 484/360/428
f 484/360/428 482/349/427 486/348/429
f 482/349/427 487/347/430 486/348/429
f 486/348/429 487/347/430 488/346/431
f 487/347/430 490/349/432 488/346/431
f 488/346/431 490/349/432 491/361/433
f 490/349/432 493/351/434 491/361/433
f 491/361/433 493/351/434 494/362/435
f 493/351/434 496/351/436 494/362/435
f 494/362/435 496/351/436 497/363/437
f 496/351/436 499/355/438 497/363/437
f 501/364/439 396/295/364 502/365/440
f 502/365/440 396/295/364 503/366/441
f 396/295/364 394/293/362 503/366/441
f 503/366/441 394/293/362 504/367/442
f 394/293/362 392/291/360 504/367/442
f 504/367/442 392/291/360 505/368/443
f 392/291/360 390/289/357 505/368/443
f 505/368/443 390/289/357 506/369/444
f 390/289/357 388/287/357 506/369/444
f 506/369/444 388/287/357 509/370/445
f 388/287/357 386/285/356 509/370/445
f 419/314/382 417/312/379 511/371/446
f 511/371/446 417/312/379 513/372/447
f 417/312/379 415/310/379 513/372/447
f 513/372/447 415/310/379 514/373/448
f 415/310/379 413/308/377 514/373/448
f 514/373/448 413/308/377 515/374/449
f 413/308/377 411/306/375 515/374/449
f 515/374/449 411/306/375 517/375/450
f 411/306/375 409/304/373 517/375/450
f 517/375/450 409/304/373 518/376/451
f 409/304/373 520/377/452 518/376/451
f 521/378/453 524/379/454 527/329/455
f 527/329/455 524/379/454 436/327/393
f 524/379/454 529/380/456 436/327/393
f 436/327/393 529/380/456 434/325/391
f 529/380/456 533/381/457 434/325/391
f 434/325/391 533/381/457 432/323/389
f 533/381/457 535/382/458 432/323/389
f 432/323/389 535/382/458 430/321/389
f 535/382/458 537/383/459 430/321/389
f 430/321/389 537/383/459 428/319/387
f 537/383/459 427/318/386 428/319/387
f 520/377/452 456/341/407 519/384/460
f 519/384/460 456/341/407 517/375/461
f 456/341/407 454/339/405 517/375/461
f 517/375/461 454/339/405 516/385/462
f 454/339/405 452/337/403 516/385/462
f 516/385/462 452/337/403 514/373/448
f 452/337/403 450/335/401 514/373/448
f 514/373/448 450/335/401 513/372/447
f 450/335/401 446/332/398 513/372/447
f 513/372/447 446/332/398 445/331/397
f 540/386/463 543/387/464 545/388/465
f 545/388/465 543/387/464 547/389/466
f 543/387/464 549/390/467 547/389/466
f 547/389/466 549/390/467 551/391/468
f 549/390/467 553/392/469 551/391/468
f 551/391/468 553/392/469 555/393/470
f 553/392/469 557/394/471 555/393/470
f 555/393/470 557/394/471 559/395/472
f 557/394/471 561/396/473 559/395/472
f 559/395/472 561/396/473 563/397/474
f 472/354/421 475/356/423 565/398/475
f 565/398/475 475/356/423 566/398/476
f 475/356/423 567/356/477 566/398/476
f 566/398/476 567/356/477 568/399/478
f 567/356/477 569/400/479 568/399/478
f 568/399/478 569/400/479 570/401/480
f 569/400/479 470/353/419 570/401/480
f 570/401/480 470/353/419 571/402/481
f 470/353/419 572/403/482 571/402/481
f 482/349/427 573/351/483 574/350/484
f 574/350/484 573/351/483 575/352/485
f 573/351/483 576/353/486 575/352/485
f 575/352/485 576/353/486 496/351/436
f 576/353/486 577/354/487 496/351/436
f 496/351/436 577/354/487 499/355/438
f 577/354/487 578/356/488 499/355/438
f 499/355/438 578/356/488 579/357/489
f 578/356/488 581/358/490 579/357/489
f 583/403/491 576/353/486 584/402/492
f 584/402/492 576/353/486 585/401/493
f 576/353/486 586/400/494 585/401/493
f 585/401/493 586/400/494 587/399/495
f 586/400/494 588/356/496 587/399/495
f 587/399/495 588/356/496 589/398/497
f 588/356/496 578/356/488 589/398/497
f 589/398/497 578/356/488 590/398/498
f 578/356/488 577/354/487 590/398/498
f 503/366/441 429/320/388 502/365/440
f 502/365/440 429/320/388 501/364/439
f 429/320/388 591/404/499 501/364/439
f 501/364/439 591/404/499 592/405/500
f 591/404/499 593/406/501 592/405/500
f 592/405/500 593/406/501 594/407/502
f 593/406/501 595/408/503 594/407/502
f 594/407/502 595/408/503 596/409/504
f 595/408/503 600/410/505 596/409/504
f 539/411/506 602/412/507 536/413/508
f 536/413/508 602/412/507 534/414/509
f 602/412/507 604/415/510 534/414/509
f 534/414/509 604/415/510 532/416/511
f 604/415/510 605/417/512 531/416/513
f 531/416/513 605/417/512 526/418/514
f 605/417/512 607/419/515 526/418/514
f 526/418/514 607/419/515 523/420/516
f 607/419/515 610/421/517 523/420/516
f 385/422/353 387/284/355 423/315/518
f 423/315/518 387/284/355 418/313/381
f 387/284/355 389/288/358 418/313/381
f 418/313/381 389/288/358 416/311/380
f 389/288/358 391/290/359 416/311/380
f 416/311/380 391/290/359 414/309/378
f 391/290/359 393/292/361 414/309/378
f 414/309/378 393/292/361 412/307/376
f 393/292/361 410/305/374 412/307/376
f 612/423/519 614/424/520 616/425/521
f 616/425/521 614/424/520 620/426/522
f 614/424/520 625/427/523 620/426/522
f 620/426/522 625/427/523 627/428/524
f 625/427/523 629/429/525 627/428/524
f 627/428/524 629/429/525 631/430/526
f 629/429/525 634/431/527 631/430/526
f 631/430/526 634/431/527 635/432/528
f 634/431/527 637/433/529 635/432/528
f 639/434/530 641/435/531 643/436/532
f 643/436/532 641/435/531 644/437/533
f 641/435/531 645/438/534 644/437/533
f 644/437/533 645/438/534 646/439/535
f 645/438/534 647/440/536 646/439/535
f 646/439/535 647/440/536 648/441/533
f 647/440/536 649/442/537 648/441/533
f 648/441/533 649/442/537 650/443/538
f 649/442/537 651/444/539 650/443/538
f 652/388/540 654/389/541 656/387/542
f 656/387/542 654/389/541 658/390/543
f 654/389/541 660/391/544 658/390/543
f 658/390/543 660/391/544 662/392/545
f 660/391/544 664/393/546 662/392/545
f 662/392/545 664/393/546 666/394/547
f 664/393/546 668/395/548 666/394/547
f 666/394/547 668/395/548 670/396/549
f 668/395/548 672/397/550 670/396/549
f 674/445/551 675/446/552 677/447/553
f 677/447/553 675/446/552 678/448/554
f 675/446/552 679/449/555 678/448/554
f 678/448/554 679/449/555 680/450/556
f 679/449/555 681/451/557 680/450/556
f 680/450/556 681/451/557 682/452/558
f 681/451/557 663/453/559 682/452/558
f 682/452/558 663/453/559 667/454/560
f 683/452/561 554/453/469 684/451/562
f 683/452/561 558/454/563 554/453/469
f 683/452/561 562/455/564 558/454/563
f 683/452/561 685/456/565 562/455/564
f 683/452/561 686/457/566 685/456/565
f 683/452/561 687/458/567 686/457/566
f 683/452/561 688/450/568 687/458/567
f 683/452/561 684/451/562 688/450/568
f 464/348/414 466/349/415 689/360/569
f 689/360/569 466/349/415 691/359/570
f 466/349/415 468/351/417 691/359/570
f 691/359/570 468/351/417 693/459/571
f 468/351/417 569/400/479 693/459/571
f 693/459/571 569/400/479 695/460/572
f 569/400/479 697/461/573 695/460/572
f 474/355/422 471/351/420 700/363/574
f 700/363/574 471/351/420 702/362/575
f 471/351/420 703/351/576 702/362/575
f 702/362/575 703/351/576 705/361/577
f 703/351/576 706/349/578 705/361/577
f 705/361/577 706/349/578 462/346/412
f 706/349/578 463/347/413 462/346/412
f 457/342/408 459/344/410 638/462/579
f 638/462/579 459/344/410 707/463/580
f 459/344/410 708/464/581 707/463/580
f 707/463/580 708/464/581 713/465/582
f 708/464/581 715/466/583 713/465/582
f 713/465/582 715/466/583 718/467/584
f 715/466/583 720/468/585 718/467/584
f 447/333/399 449/334/400 722/469/586
f 723/469/587 449/334/400 624/470/398
f 449/334/400 451/336/402 624/470/398
f 624/470/398 451/336/402 628/471/588
f 451/336/402 453/338/404 628/471/588
f 628/471/588 453/338/404 633/472/589
f 453/338/404 636/473/590 633/472/589
f 724/474/591 725/475/592 726/476/593
f 724/474/591 460/345/411 725/475/592
f 724/474/591 727/477/594 460/345/411
f 724/474/591 728/478/595 727/477/594
f 724/474/591 729/479/596 728/478/595
f 724/474/591 731/480/597 729/479/596
f 724/474/591 726/476/593 731/480/597
f 732/481/598 733/482/599 734/483/600
f 734/483/600 733/482/599 735/484/599
f 733/482/599 736/485/601 735/484/599
f 735/484/599 736/485/601 737/486/602
f 736/485/601 738/487/602 737/486/602
f 737/486/602 738/487/602 739/488/603
f 738/487/602 740/489/604 739/488/603
f 741/490/605 680/450/556 743/491/606
f 743/491/606 680/450/556 745/492/607
f 680/450/556 746/458/608 745/492/607
f 745/492/607 746/458/608 748/493/609
f 746/458/608 749/457/610 748/493/609
f 748/493/609 749/457/610 751/494/611
f 749/457/610 752/495/612 751/494/611
f 753/495/613 686/457/566 755/494/614
f 755/494/614 686/457/566 757/493/615
f 686/457/566 687/458/567 757/493/615
f 757/493/615 687/458/567 759/492/616
f 687/458/567 688/450/568 759/492/616
f 759/492/616 688/450/568 761/491/617
f 688/450/568 762/490/618 761/491/617
f 485/496/619 489/497/620 483/498/621
f 483/498/621 489/497/620 480/499/622
f 489/497/620 495/500/623 480/499/622
f 480/499/622 495/500/623 763/501/624
f 495/500/623 498/502/624 763/501/624
f 763/501/624 498/502/624 500/503/624
f 765/504/625 427/318/386 766/505/626
f 765/504/625 425/506/384 427/318/386
f 765/504/625 767/507/627 425/506/384
f 765/504/625 768/508/628 767/507/627
f 765/504/625 769/509/629 768/508/628
f 765/504/625 766/505/626 769/509/629
f 771/433/630 772/431/631 773/432/632
f 773/432/632 772/431/631 632/430/589
f 772/431/631 630/429/633 632/430/589
f 632/430/589 630/429/633 775/428/588
f 630/429/633 626/427/634 775/428/588
f 775/428/588 626/427/634 615/424/635
f 770/510/636 777/511/637 778/512/638
f 778/512/638 777/511/637 779/513/639
f 777/511/637 601/514/640 779/513/639
f 779/513/639 601/514/640 780/515/641
f 601/514/640 598/516/642 780/515/641
f 780/515/641 598/516/642 782/517/643
f 783/518/644 784/519/645 785/520/646
f 783/518/644 786/521/647 784/519/645
f 783/518/644 649/442/537 786/521/647
f 783/518/644 787/522/648 649/442/537
f 783/518/644 788/523/649 787/522/648
f 783/518/644 785/520/646 788/523/649
f 789/524/650 792/525/651 674/445/551
f 789/524/650 794/526/652 792/525/651
f 789/524/650 797/527/653 794/526/652
f 789/524/650 741/490/605 797/527/653
f 789/524/650 677/447/553 741/490/605
f 789/524/650 674/445/551 677/447/553
f 798/524/654 799/445/655 802/525/656
f 798/524/654 803/447/657 799/445/655
f 798/524/654 762/490/618 803/447/657
f 798/524/654 805/527/658 762/490/618
f 798/524/654 541/526/659 805/527/658
f 798/524/654 802/525/656 541/526/659
f 556/528/660 806/529/661 552/530/468
f 552/530/468 806/529/661 548/531/662
f 806/529/661 808/532/663 548/531/662
f 548/531/662 808/532/663 546/533/664
f 808/532/663 810/534/665 546/533/664
f 546/533/664 810/534/665 804/535/658
f 377/536/666 378/537/667 381/538/668
f 381/538/668 378/537/667 374/539/669
f 378/537/667 370/540/668 374/539/669
f 374/539/669 370/540/668 373/541/670
f 370/540/668 371/542/666 373/541/670
f 380/543/671 372/544/672 379/538/673
f 379/538/673 372/544/672 369/545/674
f 372/544/672 375/546/675 369/545/674
f 369/545/674 375/546/675 368/541/676
f 375/546/675 376/547/677 368/541/676
f 690/498/678 692/499/679 461/497/680
f 461/497/680 692/499/679 701/500/681
f 692/499/679 694/501/668 701/500/681
f 701/500/681 694/501/668 699/502/666
f 694/501/668 473/503/668 699/502/666
f 813/461/682 586/400/494 815/460/683
f 815/460/683 586/400/494 764/459/684
f 586/400/494 573/351/483 764/459/684
f 764/459/684 573/351/483 481/359/426
f 573/351/483 482/349/427 481/359/426
f 817/548/685 593/406/501 767/507/686
f 767/507/686 593/406/501 424/316/384
f 593/406/501 591/404/499 424/316/384
f 424/316/384 591/404/499 426/317/385
f 591/404/499 429/320/388 426/317/385
f 435/326/392 433/324/390 505/368/443
f 505/368/443 433/324/390 504/367/442
f 433/324/390 431/322/390 504/367/442
f 504/367/442 431/322/390 503/366/441
f 431/322/390 429/320/388 503/366/441
f 818/413/458 819/414/687 820/412/688
f 820/412/688 819/414/687 603/415/689
f 819/414/687 530/416/690 603/415/689
f 603/415/689 530/416/690 821/417/691
f 530/416/690 606/419/692 821/417/691
f 720/468/585 715/466/583 728/478/595
f 728/478/595 715/466/583 727/477/594
f 715/466/583 708/464/581 727/477/594
f 727/477/594 708/464/581 460/345/411
f 708/464/581 459/344/410 460/345/411
f 822/549/693 823/550/694 716/551/695
f 716/551/695 823/550/694 719/552/696
f 823/550/694 824/553/697 719/552/696
f 719/552/696 824/553/697 825/554/698
f 824/553/697 827/555/699 825/554/698
f 407/302/371 408/303/372 831/556/700
f 831/556/700 408/303/372 397/296/365
f 408/303/372 410/305/374 397/296/365
f 397/296/365 410/305/374 395/294/363
f 410/305/374 393/292/361 395/294/363
f 734/483/600 735/484/599 833/557/701
f 833/557/701 735/484/599 642/436/702
f 735/484/599 737/486/602 642/436/702
f 642/436/702 737/486/602 640/434/703
f 737/486/602 739/488/603 640/434/703
f 643/436/532 644/437/533 835/558/704
f 835/558/704 644/437/533 836/559/705
f 644/437/533 646/439/535 836/559/705
f 836/559/705 646/439/535 650/443/538
f 646/439/535 648/441/533 650/443/538
f 661/530/706 655/531/707 837/529/708
f 837/529/708 655/531/707 839/532/709
f 655/531/707 653/533/710 839/532/709
f 839/532/709 653/533/710 841/534/711
f 653/533/710 796/535/712 841/534/711
f 680/450/556 682/452/558 746/458/608
f 746/458/608 682/452/558 749/457/610
f 682/452/558 843/456/713 749/457/610
f 749/457/610 843/456/713 752/495/612
f 843/456/713 844/560/714 752/495/612
f 684/451/562 845/449/715 688/450/568
f 688/450/568 845/449/715 846/448/716
f 845/449/715 847/446/717 846/448/716
f 846/448/716 847/446/717 803/447/657
f 847/446/717 799/445/655 803/447/657
f 582/561/624 812/562/718 580/563/624
f 580/563/624 812/562/718 500/503/624
f 812/562/718 814/564/719 500/503/624
f 500/503/624 814/564/719 763/501/624
f 496/351/436 493/351/434 575/352/485
f 575/352/485 493/351/434 574/350/484
f 493/351/434 490/349/432 574/350/484
f 574/350/484 490/349/432 487/347/430
f 399/565/720 849/566/721 831/556/700
f 401/565/722 781/567/723 849/566/721
f 401/565/722 594/407/502 781/567/723
f 401/565/722 402/299/368 594/407/502
f 816/568/724 768/508/628 600/410/725
f 600/410/725 768/508/628 776/569/726
f 768/508/628 769/509/629 776/569/726
f 506/369/444 435/326/392 505/368/443
f 506/369/444 438/328/394 435/326/392
f 506/369/444 441/570/727 438/328/394
f 506/369/444 508/571/445 441/570/727
f 725/475/592 520/377/452 726/476/593
f 725/475/592 456/341/407 520/377/452
f 725/475/592 458/343/409 456/341/407
f 725/475/592 460/345/411 458/343/409
f 406/572/728 731/480/597 404/573/369
f 406/572/728 830/574/729 731/480/597
f 406/572/728 855/575/730 830/574/729
f 406/572/728 831/556/731 855/575/730
f 750/576/611 857/577/732 747/578/733
f 747/578/733 857/577/732 744/579/734
f 857/577/732 859/580/735 744/579/734
f 744/579/734 859/580/735 838/581/736
f 744/579/734 838/581/736 742/582/737
f 742/582/737 838/581/736 741/490/605
f 838/581/736 840/583/738 741/490/605
f 741/490/605 840/583/738 842/584/739
f 856/585/740 665/528/741 858/586/742
f 856/585/740 669/587/743 665/528/741
f 856/585/740 861/588/744 669/587/743
f 856/585/740 862/589/745 861/588/744
f 659/590/543 676/591/746 657/592/747
f 659/590/543 679/449/555 676/591/746
f 659/590/543 681/451/557 679/449/555
f 659/590/543 663/453/559 681/451/557
f 671/455/748 682/452/558 667/454/560
f 671/455/748 843/456/713 682/452/558
f 671/455/748 844/560/714 843/456/713
f 671/455/748 673/593/550 844/560/714
f 762/490/618 807/581/749 760/582/750
f 760/582/750 807/581/749 758/579/751
f 807/581/749 865/580/752 758/579/751
f 758/579/751 865/580/752 867/577/753
f 806/529/661 556/528/660 864/586/754
f 864/586/754 556/528/660 866/585/755
f 556/528/660 560/587/756 866/585/755
f 866/585/755 560/587/756 869/588/757
f 550/590/758 684/451/562 554/453/469
f 550/590/758 845/449/715 684/451/562
f 550/590/758 848/591/759 845/449/715
f 550/590/758 544/592/760 848/591/759
f 696/564/668 698/562/668 473/503/668
f 473/503/668 698/562/668 476/563/666
f 698/562/668 478/561/666 476/563/666
f 469/352/418 467/350/416 703/351/576
f 703/351/576 467/350/416 706/349/578
f 467/350/416 463/347/413 706/349/578
f 569/400/479 567/356/477 697/461/573
f 697/461/573 567/356/477 479/358/425
f 567/356/477 475/356/423 479/358/425
f 578/356/488 588/356/496 581/358/490
f 581/358/490 588/356/496 813/461/682
f 588/356/496 586/400/494 813/461/682
f 593/406/501 817/548/685 595/408/503
f 595/408/503 817/548/685 600/410/505
f 402/299/368 398/297/366 592/405/500
f 592/405/500 398/297/366 501/364/439
f 398/297/366 396/295/364 501/364/439
f 852/510/761 538/411/762 873/594/763
f 873/594/763 538/411/762 820/412/688
f 538/411/762 818/413/458 820/412/688
f 530/416/690 525/418/764 606/419/692
f 606/419/692 525/418/764 609/421/765
f 525/418/764 522/420/766 609/421/765
f 876/595/767 874/594/768 853/510/769
f 853/510/769 874/594/768 539/411/506
f 874/594/768 602/412/507 539/411/506
f 877/407/770 878/565/771 879/567/772
f 879/567/772 878/565/771 850/566/773
f 878/565/771 832/556/774 850/566/773
f 440/329/775 437/327/776 528/329/777
f 528/329/777 437/327/776 611/378/778
f 437/327/776 608/379/515 611/378/778
f 453/338/404 455/340/406 774/473/779
f 774/473/779 455/340/406 638/462/579
f 455/340/406 457/342/408 638/462/579
f 881/596/780 882/597/781 712/598/582
f 714/598/782 882/597/783 771/433/630
f 882/597/783 772/431/631 771/433/630
f 618/425/784 622/426/785 613/423/786
f 613/423/786 622/426/785 615/424/787
f 623/426/788 775/428/588 615/424/635
f 634/431/527 883/597/789 637/433/529
f 637/433/529 883/597/789 709/598/790
f 883/597/789 880/596/791 709/598/790
f 884/478/792 885/466/793 886/468/794
f 886/468/794 885/466/793 717/467/795
f 885/466/793 710/465/796 717/467/795
f 731/480/597 826/467/797 729/479/596
f 729/479/596 826/467/797 720/468/798
f 409/304/373 405/301/370 520/377/452
f 520/377/452 405/301/370 726/476/593
f 405/301/370 403/300/369 726/476/593
f 510/371/799 444/331/800 512/372/801
f 512/372/801 444/331/800 889/332/802
f 444/331/800 448/334/803 889/332/802
f 621/470/522 448/334/804 617/599/521
f 617/599/521 448/334/804 721/469/805
f 448/334/804 891/333/806 893/469/807
f 807/581/749 762/490/618 809/583/663
f 809/583/663 762/490/618 811/584/808
f 762/490/618 805/527/658 811/584/808
f 758/579/751 867/577/753 756/578/809
f 756/578/809 867/577/753 754/576/614
f 867/577/753 895/600/810 754/576/614
f 753/495/613 896/560/811 685/456/565
f 685/456/565 896/560/811 562/455/564
f 896/560/811 564/593/812 562/455/564
f 427/318/386 537/383/459 766/505/626
f 766/505/626 537/383/459 769/509/629
f 877/407/813 599/409/814 871/408/815
f 871/408/815 599/409/814 872/410/816
f 870/568/817 872/410/818 854/508/792
f 854/508/792 872/410/818 851/569/819
f 897/285/820 899/287/821 901/370/822
f 901/370/822 899/287/821 507/369/823
f 900/571/824 507/369/825 443/570/826
f 443/570/826 507/369/825 903/328/827
f 903/328/828 437/327/776 902/330/829
f 902/330/829 437/327/776 440/329/775
f 904/422/830 905/315/831 906/284/832
f 906/284/832 905/315/831 421/313/833
f 729/479/596 720/468/585 728/478/595
f 907/478/595 720/468/585 729/479/834
f 832/556/835 910/572/836 911/575/836
f 911/575/836 910/572/836 828/574/837
f 887/601/797 829/602/838 730/480/839
f 731/480/840 914/602/841 887/601/797
f 916/314/842 510/371/799 918/312/843
f 918/312/843 510/371/799 512/372/801
f 786/521/647 649/442/537 920/603/844
f 920/603/844 649/442/537 647/440/536
f 790/604/651 793/386/845 656/387/542
f 656/387/542 793/386/845 652/388/540
f 677/447/553 678/448/554 741/490/605
f 741/490/605 678/448/554 680/450/556
f 661/530/706 837/529/708 665/528/741
f 665/528/741 837/529/708 858/586/742
f 803/447/657 762/490/618 846/448/716
f 846/448/716 762/490/618 688/450/568
f 468/351/417 470/353/419 569/400/479
f 465/496/846 690/498/678 461/497/680
f 461/497/680 701/500/681 704/605/847
f 469/352/418 703/351/576 471/351/420
f 572/403/482 470/353/419 472/354/421
f 696/564/668 473/503/668 694/501/668
f 573/351/483 586/400/494 576/353/486
f 489/497/620 492/605/848 495/500/623
f 574/350/484 487/347/430 482/349/427
f 583/403/491 577/354/487 576/353/486
f 397/296/365 400/298/367 831/556/700
f 592/405/500 594/407/502 402/299/368
f 597/606/504 781/567/723 594/407/502
f 816/568/724 767/507/627 768/508/628
f 436/327/393 439/329/395 527/329/455
f 852/510/761 873/594/763 875/595/849
f 921/606/814 877/407/850 922/567/851
f 898/287/357 386/285/852 387/284/355
f 713/465/582 638/462/579 707/463/580
f 716/551/695 711/598/853 822/549/693
f 726/476/593 404/573/369 731/480/597
f 513/372/447 445/331/397 511/371/446
f 908/479/854 915/467/854 912/480/855
f 913/602/856 909/574/836 912/480/857
f 919/312/858 422/313/859 917/314/860
f 890/372/804 888/607/861 892/608/806
f 624/470/398 619/599/862 723/469/587
f 643/436/532 835/558/704 834/557/863
f 649/442/537 787/522/648 651/444/539
f 750/576/611 863/600/864 857/577/732
f 795/609/865 796/535/712 653/533/710
f 791/610/651 657/592/747 676/591/746
f 675/446/552 674/445/551 791/610/651
f 668/395/548 860/611/866 672/397/550
f 797/527/653 741/490/605 842/584/739
f 543/387/464 540/386/463 800/604/656
f 866/585/755 869/588/757 894/589/810
f 542/609/867 546/533/664 804/535/658
f 685/456/565 686/457/566 753/495/613
f 801/610/868 848/591/759 544/592/760
f 847/446/717 801/610/869 799/445/655
f 559/395/472 563/397/474 868/611/870
o Object_9
v 11.393064 39.792259 1.489287
v -11.036510 39.649460 1.395823
v -7.638427 38.681816 -1.917790
v -7.638427 38.681816 -1.917790
v -7.556102 39.304981 0.410168
v 7.992346 39.424107 0.271547
v 8.253580 38.696716 -2.023266
v 8.253580 38.696716 -2.023266
v -9.255643 39.629013 2.089147
v -11.107528 38.909348 -1.307895
v -11.107528 38.909348 -1.307895
v -9.346019 38.578945 -2.499207
v -9.346019 38.578945 -2.499207
v 11.659384 38.932293 -1.166357
v 11.659384 38.932293 -1.166357
v 9.998865 38.559414 -2.470057
v 9.998865 38.559414 -2.470057
v 9.575237 39.812916 2.048027
v -9.282081 39.654285 -0.471412
v -9.282081 39.654285 -0.471412
v -9.282081 39.654285 -0.471412
v 9.782158 39.725090 -0.492776
v 9.782158 39.725090 -0.492776
v 9.782158 39.725090 -0.492776
vn -0.0636 -0.9899 0.1267
vn 0.1319 -0.9838 0.1212
vn 0.2650 -0.9324 0.2459
vn -0.0991 -0.9951 -0.0070
vn -0.2554 -0.9584 0.1273
vn -0.3135 -0.9138 0.2583
vn 0.0456 -0.9836 0.1745
vn 0.2371 -0.9531 0.1881
vn 0.2857 -0.9030 0.3209
vn 0.0909 -0.9949 0.0442
vn -0.1488 -0.9768 0.1541
vn -0.2905 -0.9191 0.2661
vn -0.1091 -0.8775 0.4670
vn 0.1448 -0.8771 0.4580
vn 0.0665 -0.8564 0.5120
vn -0.1858 -0.8552 0.4839
vt 0.483871 0.483871
vt 0.032258 0.193548
vt 0.000000 0.709677
vt 0.483871 0.000000
vt 0.967742 0.258065
vt 0.935484 0.870968
vt 0.451613 0.967742
s 1
usemtl dc_gman_cuff.BMP
f 942/612/871 924/613/872 933/614/873
f 942/612/871 931/615/874 924/613/872
f 942/612/871 927/616/875 931/615/874
f 942/612/871 925/617/876 927/616/875
f 945/612/877 928/616/878 930/617/879
f 945/612/877 940/615/880 928/616/878
f 945/612/877 923/613/881 940/615/880
f 945/612/877 936/614/882 923/613/881
f 934/618/883 926/617/883 941/612/883
f 932/614/884 935/618/884 943/612/884
f 939/618/885 946/612/885 929/617/885
f 937/614/886 944/612/886 938/618/886
o Object_10
v -8.775599 37.135609 1.161856
v -8.519891 37.283695 1.289071
v -8.402472 37.350933 -1.447879
v -8.170519 37.149715 -1.325368
v -8.277859 37.091473 1.181979
v -8.212781 36.802849 -1.120426
v -8.291533 36.751156 0.947672
v -8.478570 36.645779 -1.018038
v -8.557649 36.603363 0.830029
v -8.720491 36.847675 -1.140960
v -8.799683 36.795586 0.937121
v -8.678229 37.194534 -1.345902
v -8.902992 36.516945 1.763127
v -8.604297 36.589878 1.939372
v -8.306235 36.456001 1.786939
v -8.317275 36.249481 1.467831
v -8.616633 36.166588 1.291166
v -8.904729 36.299778 1.444010
v -9.303872 34.852112 2.391562
v -8.721851 34.843845 2.617135
v -8.122529 34.841637 2.432996
v -8.080475 34.860397 1.443865
v -8.663580 34.877071 1.258643
v -9.260713 34.881233 1.392868
v -8.439452 36.690243 -2.136516
v -8.752172 36.604801 -1.993314
v -8.781291 36.372585 -1.673114
v -8.496586 36.236168 -1.505682
v -8.183868 36.321606 -1.648883
v -8.154749 36.553825 -1.969083
v -8.494123 34.990925 -2.906671
v -9.093448 34.993134 -2.722532
v -9.136606 34.964008 -1.723839
v -8.553061 34.947731 -1.548598
v -7.956369 34.943172 -1.672840
v -7.912541 34.982265 -2.671114
v -10.195970 35.252003 7.176357
v -10.195970 35.252003 7.176357
v -10.195970 35.252003 7.176357
v -9.613342 35.631672 -7.057841
v -9.613342 35.631672 -7.057841
v -9.613342 35.631672 -7.057841
v -10.318245 24.218363 6.879160
v -10.318245 24.218363 6.879160
v -10.318245 24.218363 6.879160
v -9.725211 24.597744 -7.364609
v -9.725211 24.597744 -7.364609
v -9.725211 24.597744 -7.364609
v -7.123500 24.569580 -7.251492
v -7.123500 24.569580 -7.251492
v -7.123500 24.569580 -7.251492
v -7.011191 35.603905 -6.954706
v -7.011191 35.603905 -6.954706
v -7.011191 35.603905 -6.954706
v -7.706126 24.189905 6.982706
v -7.706126 24.189905 6.982706
v -7.706126 24.189905 6.982706
v -7.604225 35.224518 7.289063
v -7.604225 35.224518 7.289063
v -7.604225 35.224518 7.289063
v -8.202504 35.524879 -0.088151
v -8.202504 35.524879 -0.088151
v -8.202504 35.524879 -0.088151
v -8.575940 35.546452 -0.484358
v -8.575940 35.546452 -0.484358
v -8.575940 35.546452 -0.484358
v -8.608143 35.527103 0.264768
v -8.608143 35.527103 0.264768
v -8.608143 35.527103 0.264768
v -8.972714 35.537632 -0.121466
v -8.972714 35.537632 -0.121466
v -8.972714 35.537632 -0.121466
v -8.051699 35.234131 -0.092916
v -8.051699 35.234131 -0.092916
v -8.615644 35.220024 0.422707
v -8.615644 35.220024 0.422707
v -8.568978 35.252270 -0.655850
v -8.568978 35.252270 -0.655850
v -9.142224 35.248817 -0.140217
v -9.142224 35.248817 -0.140217
vn -0.8574 0.5111 0.0611
vn 0.0707 0.9156 0.3958
vn -0.1426 0.9279 -0.3444
vn 0.8670 0.4720 -0.1596
vn 0.9204 0.2991 0.2519
vn 0.9324 -0.3290 0.1495
vn 0.8709 -0.4817 -0.0977
vn 0.1388 -0.9319 0.3352
vn -0.0745 -0.9194 -0.3863
vn -0.8692 -0.4622 0.1757
vn -0.9197 -0.2879 -0.2668
vn -0.9264 0.3595 -0.1119
vn -0.8558 0.4212 0.3004
vn 0.0719 0.5391 0.8392
vn 0.8659 0.2377 0.4402
vn 0.8991 -0.1856 -0.3965
vn -0.0804 -0.3270 -0.9416
vn -0.8299 0.0193 -0.5576
vn -0.7054 0.3765 0.6005
vn 0.1676 0.3639 0.9162
vn 0.9040 0.2557 0.3428
vn 0.6989 0.1104 -0.7067
vn -0.1268 0.0499 -0.9907
vn -0.8601 0.2216 -0.4595
vn 0.1396 0.5804 -0.8023
vn -0.8287 0.4378 -0.3485
vn -0.8718 -0.0066 0.4898
vn -0.1601 -0.3717 0.9144
vn 0.8637 -0.2050 0.4605
vn 0.8985 0.2585 -0.3547
vn 0.2420 0.4121 -0.8784
vn -0.6542 0.4101 -0.6354
vn -0.8932 0.2021 0.4016
vn -0.2082 -0.0011 0.9781
vn 0.6337 0.0748 0.7700
vn 0.9283 0.2727 -0.2529
vn -0.9991 0.0108 -0.0410
vn -0.9991 0.0112 -0.0410
vn -0.9991 0.0113 -0.0413
vn 0.9991 -0.0113 0.0406
vn 0.9991 -0.0109 0.0409
vn 0.9991 -0.0107 0.0410
vn 0.9991 -0.0104 0.0413
vn -0.0096 -0.9996 -0.0270
vn -0.0098 -0.9996 -0.0271
vn 0.0407 0.0270 -0.9988
vn 0.0404 0.0272 -0.9988
vn 0.0415 0.0267 -0.9988
vn 0.0094 0.9996 0.0270
vn 0.0096 0.9996 0.0270
vn -0.0410 -0.0267 0.9988
vn -0.0404 -0.0266 0.9988
vn -0.0415 -0.0268 0.9988
vn -0.0414 -0.0267 0.9988
vn 0.0097 0.9996 0.0272
vn 0.6353 0.3351 0.6957
vn 0.6898 0.3705 -0.6220
vn 0.6898 0.3705 -0.6221
vn -0.6283 0.3848 -0.6761
vn -0.6828 0.3495 0.6416
vt 0.574803 0.944882
vt 0.590551 0.968504
vt 0.196850 0.968504
vt 0.212598 0.992126
vt 0.574803 0.992126
vt 0.244094 0.992126
vt 0.543307 0.992126
vt 0.259843 0.968504
vt 0.527559 0.968504
vt 0.244094 0.944882
vt 0.543307 0.944882
vt 0.212598 0.944882
vt 0.661417 0.937008
vt 0.685039 0.968504
vt 0.661417 1.000000
vt 0.622047 1.000000
vt 0.598425 0.968504
vt 0.622047 0.937008
vt 0.763780 0.944882
vt 0.787402 0.968504
vt 0.763780 1.000000
vt 0.622047 0.944882
vt 0.102362 0.968504
vt 0.125984 0.937008
vt 0.173228 0.937008
vt 0.188976 0.968504
vt 0.173228 1.000000
vt 0.125984 1.000000
vt 0.000000 0.968504
vt 0.023622 0.944882
vt 0.173228 0.944882
vt 0.023622 1.000000
vt 0.992126 0.748031
vt 0.000000 0.748031
vt 0.992126 0.007874
vt 0.000000 0.007874
vt 1.000000 0.787402
vt 1.000000 0.905512
vt 0.000000 0.787402
vt 0.000000 0.905512
vt 0.984252 0.984252
vt 0.897638 0.984252
vt 0.984252 0.944882
vt 0.897638 0.944882
vt 0.992126 1.000000
vt 0.992126 0.929134
vt 0.889764 1.000000
vt 0.889764 0.929134
s 1
usemtl dc_gman_briefcase.BMP
f 947/619/887 948/620/888 949/621/889
f 949/621/889 948/620/888 950/622/890
f 948/620/888 951/623/891 950/622/890
f 950/622/890 951/623/891 952/624/892
f 951/623/891 953/625/893 952/624/892
f 952/624/892 953/625/893 954/626/894
f 953/625/893 955/627/895 954/626/894
f 954/626/894 955/627/895 956/628/896
f 955/627/895 957/629/897 956/628/896
f 956/628/896 957/629/897 958/630/898
f 957/629/897 947/619/887 958/630/898
f 958/630/898 947/619/887 949/621/889
f 959/631/899 960/632/900 948/620/888
f 948/620/888 960/632/900 951/623/891
f 960/632/900 961/633/901 951/623/891
f 951/623/891 961/633/901 953/625/893
f 961/633/901 962/634/902 953/625/893
f 953/625/893 962/634/902 955/627/895
f 962/634/902 963/635/903 955/627/895
f 955/627/895 963/635/903 957/629/897
f 963/635/903 964/636/904 957/629/897
f 957/629/897 964/636/904 947/619/887
f 964/636/904 959/631/899 947/619/887
f 947/619/887 959/631/899 948/620/888
f 965/637/905 966/638/906 960/632/900
f 960/632/900 966/638/906 961/633/901
f 966/638/906 967/639/907 961/633/901
f 961/633/901 967/639/907 962/634/902
f 967/639/907 968/634/908 962/634/902
f 962/634/902 968/634/908 963/635/903
f 968/634/908 969/635/909 963/635/903
f 963/635/903 969/635/909 964/636/904
f 969/635/909 970/640/910 964/636/904
f 964/636/904 970/640/910 959/631/899
f 970/640/910 965/637/905 959/631/899
f 959/631/899 965/637/905 960/632/900
f 971/641/911 972/642/912 949/621/889
f 949/621/889 972/642/912 958/630/898
f 972/642/912 973/643/913 958/630/898
f 958/630/898 973/643/913 956/628/896
f 973/643/913 974/644/914 956/628/896
f 956/628/896 974/644/914 954/626/894
f 974/644/914 975/645/915 954/626/894
f 954/626/894 975/645/915 952/624/892
f 975/645/915 976/646/916 952/624/892
f 952/624/892 976/646/916 950/622/890
f 976/646/916 971/641/911 950/622/890
f 950/622/890 971/641/911 949/621/889
f 977/647/917 978/648/918 971/641/911
f 971/641/911 978/648/918 972/642/912
f 978/648/918 979/649/919 972/642/912
f 972/642/912 979/649/919 973/643/913
f 979/649/919 980/644/920 973/643/913
f 973/643/913 980/644/920 974/644/914
f 980/644/920 981/645/921 974/644/914
f 974/644/914 981/645/921 975/645/915
f 981/645/921 982/650/922 975/645/915
f 975/645/915 982/650/922 976/646/916
f 982/650/922 977/647/917 976/646/916
f 976/646/916 977/647/917 971/641/911
f 983/651/923 986/652/924 989/653/924
s 0
f 989/653/924 986/652/925 992/654/925
s 1
f 997/654/926 1000/652/927 1003/653/928
f 1003/653/928 1000/652/927 1006/651/929
s 0
f 994/655/930 996/656/930 991/657/930
f 991/657/931 996/656/931 1002/658/931
s 1
f 988/655/932 999/656/933 993/657/934
f 993/657/934 999/656/933 995/658/934
s 0
f 984/655/935 1004/656/935 987/657/935
f 987/657/936 1004/656/936 998/658/936
s 1
f 990/655/937 1001/656/938 985/657/939
f 985/657/939 1001/656/938 1005/658/940
f 1007/659/941 1011/660/941 1014/661/941
f 1014/661/941 1011/660/941 1018/662/941
f 1019/663/942 1008/659/942 1022/664/942
f 1022/664/942 1008/659/942 1015/661/942
f 1024/665/943 1012/660/943 1020/663/944
f 1020/663/944 1012/660/943 1009/659/944
f 1026/666/945 1017/662/945 1023/665/945
f 1023/665/945 1017/662/945 1010/660/945
f 1021/664/946 1013/661/946 1025/666/946
f 1025/666/946 1013/661/946 1016/662/946
o Object_11
v 1.008580 67.251610 3.749155
v 0.938584 66.865280 3.741857
v 2.189310 67.340149 2.563685
v 1.879349 65.936203 2.491824
v 1.408784 65.840767 3.410986
v 1.408784 65.840767 3.410986
v 1.634969 64.367241 2.611989
v 1.284613 64.087044 3.191678
v 0.839784 63.867756 1.773887
v 0.314526 63.807003 3.330986
v -0.120216 63.867760 1.773298
v -0.645387 64.087044 3.190494
v -0.995031 64.367249 2.610376
v -0.741216 65.840775 3.409666
v -0.741216 65.840775 3.409666
v -1.240651 65.936218 2.489908
v -0.311417 66.865288 3.741088
v -1.560691 67.340164 2.561382
v -1.560691 67.340164 2.561382
v -0.381420 67.251610 3.748302
v -0.781129 67.847519 3.277531
v -0.161420 67.710518 3.750069
v -0.491132 68.182854 3.284785
v -0.151147 68.657372 3.310215
v -0.491187 68.990532 3.377870
v 0.018688 68.989799 3.582142
v 0.308419 69.553055 4.023626
v 0.308552 69.077263 3.804245
v 0.608688 68.989799 3.582505
v 0.658097 67.305687 4.535563
v 0.788580 67.710518 3.750652
v 1.408871 67.847519 3.278876
v 2.409059 68.164337 2.976635
v 2.860600 66.890671 0.462081
v 2.860600 66.890671 0.462081
v 2.860600 66.890671 0.462081
v 2.929944 68.865669 1.537984
v 3.000493 68.894333 0.645794
v 3.000493 68.894333 0.645794
v 3.000493 68.894333 0.645794
v 3.120540 71.479393 0.580532
v 3.011189 68.890518 -0.487772
v 3.011189 68.890518 -0.487772
v 3.042239 71.287216 -2.183494
v 2.822449 68.899765 -2.537282
v 2.123116 70.415665 -3.616853
v 1.803174 68.772560 -3.717026
v 0.333512 70.617996 -4.260499
v 0.323473 68.780182 -4.206242
v -1.126828 68.772568 -3.718826
v 0.323264 67.619942 -3.871083
v -0.876952 67.487305 -3.521241
v -0.917362 66.016037 -2.861657
v -1.867497 67.582207 -2.635061
v -1.697948 65.842026 -1.907663
v -2.378831 67.874550 -0.463315
v -2.378831 67.874550 -0.463315
v -2.239400 66.890678 0.458948
v -2.239400 66.890678 0.458948
v -2.239400 66.890678 0.458948
v -1.780941 68.164352 2.974061
v -1.780941 68.164352 2.974061
v -1.180995 68.238564 3.060986
v -1.331105 68.987083 3.243982
v -1.131442 69.589165 3.795374
v 0.318629 72.080223 3.691371
v 1.758558 69.589157 3.797149
v 2.379054 71.792427 3.001280
v 2.709050 69.262527 2.996413
v 2.559189 68.737747 2.766958
v 1.809006 68.238556 3.062822
v 1.118868 68.182854 3.285774
v 0.778853 68.657372 3.310786
v 1.128813 68.990524 3.378865
v -2.818652 68.463928 -0.751744
v -2.818652 68.463928 -0.751744
v -2.888700 68.651924 -0.672672
v -2.828641 68.783661 -0.768265
v -2.828641 68.783661 -0.768265
v -2.788761 69.151657 -0.570814
v -2.788761 69.151657 -0.570814
v -2.848813 69.012115 -0.487017
v -2.678993 69.350357 -0.193494
v -2.678993 69.350357 -0.193494
v -2.749026 69.216805 -0.139100
v -2.429278 69.225151 0.271012
v -2.429278 69.225151 0.271012
v -2.509292 69.087784 0.294008
v -2.359507 68.894348 0.642502
v -2.359507 68.894348 0.642502
v -2.359507 68.894348 0.642502
v -2.399258 66.856209 0.227308
v -2.319223 66.776001 0.170199
v -2.319223 66.776001 0.170199
v -2.549118 66.943306 0.000030
v -2.489064 66.859291 -0.088485
v -2.489064 66.859291 -0.088485
v -2.608943 67.093376 -0.285805
v -2.608943 67.093376 -0.285805
v 3.241058 67.093353 -0.282212
v 3.241058 67.093353 -0.282212
v 3.170882 66.943291 0.003543
v 3.110937 66.859276 -0.085045
v 3.110937 66.859276 -0.085045
v 2.950777 66.775986 0.173435
v 2.950777 66.775986 0.173435
v 3.020742 66.856194 0.230638
v 3.441348 68.167770 -0.746990
v 3.441348 68.167770 -0.746990
v 3.200708 69.087769 0.297516
v 3.120723 69.225136 0.274421
v 3.120723 69.225136 0.274421
v 3.370975 69.216789 -0.135341
v 3.301008 69.350342 -0.189822
v 3.301008 69.350342 -0.189822
v 3.481188 69.012093 -0.483129
v 3.421240 69.151634 -0.567000
v 3.421240 69.151634 -0.567000
v 3.511301 68.651901 -0.668740
v 3.461360 68.783638 -0.764400
v 3.461360 68.783638 -0.764400
v -1.679394 65.200211 0.441516
v -1.679394 65.200211 0.441516
v -1.679394 65.200211 0.441516
v -1.679394 65.200211 0.441516
v -1.858586 63.051693 -0.885646
v -1.858586 63.051693 -0.885646
v -1.447434 63.289249 -2.759978
v 0.322952 63.324646 -3.385906
v 0.322877 66.166466 -3.248673
v 1.412638 66.016029 -2.860226
v 1.673048 67.487289 -3.519675
v 2.542504 67.582199 -2.632352
v 3.011170 67.874535 -0.460004
v 3.011170 67.874535 -0.460004
v -0.315625 65.576912 3.581211
v -0.315625 65.576912 3.581211
v -0.195645 64.926895 3.611059
v -0.055706 64.316864 3.710936
v 0.814356 64.926895 3.611680
v 0.674294 64.316864 3.711383
v 0.564379 63.936916 3.571184
v 0.054379 63.936920 3.570871
v -2.300056 68.865685 1.534771
v -2.459460 71.479408 0.577105
v -2.378811 68.890541 -0.491082
v -2.378811 68.890541 -0.491082
v -2.367761 71.287239 -2.186817
v -2.147552 68.899780 -2.540335
v -1.446883 70.415688 -3.619046
v 1.922879 72.875526 -3.217958
v 0.333166 72.981133 -3.687280
v -1.247122 72.875534 -3.219906
v -2.267888 72.682838 -1.973911
v -2.349469 72.679573 0.597128
v -1.720696 72.721504 2.596101
v -1.720696 72.721504 2.596101
v -1.730946 71.792435 2.998755
v -1.730946 71.792435 2.998755
v -0.021903 67.305687 4.535145
v -0.021911 66.905571 4.545490
v 0.308430 66.682007 3.989887
v 0.088468 65.909538 3.924248
v 0.088468 65.909538 3.924248
v 0.578468 65.909538 3.924549
v 0.578468 65.909538 3.924549
v 2.352051 65.842010 -1.905175
v 2.310606 65.200203 0.443967
v 2.310606 65.200203 0.443967
v 2.332553 63.271420 -2.735696
v 2.651402 63.043800 -0.861948
v -1.930811 68.737762 2.764200
v -1.930811 68.737762 2.764200
v -2.080951 69.262543 2.993470
v -2.080951 69.262543 2.993470
v -0.881040 72.913666 3.156234
v 0.328762 72.949768 3.480700
v -0.375631 65.746902 3.591233
v 0.004246 65.706841 3.791452
v 0.334234 65.466827 3.811572
v 0.334234 65.466827 3.811572
v 0.654246 65.706833 3.791852
v 0.974375 65.566910 3.581999
v 0.974375 65.566910 3.581999
v 1.044369 65.776901 3.592114
v 3.020532 72.679558 0.600427
v 2.942112 72.682816 -1.970711
v 1.958895 68.987076 3.246003
v 0.658090 66.905571 4.545908
v -1.234595 64.627495 1.900318
v -1.680043 66.351570 1.502681
v -1.680043 66.351570 1.502681
v -0.769807 62.151848 1.098628
v 1.510187 62.152878 1.109976
v 1.865405 64.627487 1.902219
v 2.309958 66.351562 1.505133
v -2.669004 67.185188 -0.185496
v 3.290997 67.185173 -0.181834
v 0.658551 65.692337 3.788505
v 0.008551 65.692337 3.788106
v 2.389303 72.731285 2.600621
v 1.538960 72.913658 3.157722
vn 0.9001 0.0673 0.4304
vn 0.8780 -0.1359 0.4589
vn 0.8972 -0.1693 0.4078
vn 0.9615 -0.0598 0.2682
vn 0.8827 -0.0271 0.4691
vn 0.9443 -0.3031 0.1280
vn 0.7935 -0.4265 0.4340
vn 0.6522 -0.7239 0.2249
vn -0.0015 -0.9851 0.1720
vn -0.5830 -0.7344 0.3474
vn -0.8006 -0.4251 0.4223
vn -0.9402 -0.3153 0.1287
vn -0.8785 -0.0324 0.4766
vn -0.9594 -0.0646 0.2744
vn -0.8563 -0.1662 0.4890
vn -0.8971 -0.1701 0.4078
vn -0.9186 0.0574 0.3909
vn -0.6541 0.1267 0.7458
vn -0.8788 0.2199 0.4234
vn -0.4649 0.0648 0.8830
vn -0.6368 -0.0490 0.7694
vn -0.2810 -0.4175 0.8641
vn -0.8276 -0.1235 0.5476
vn -0.0006 -0.3778 0.9259
vn -0.0006 0.1129 0.9936
vn 0.8268 -0.1236 0.5488
vn 0.8105 0.1688 0.5610
vn 0.8783 0.2198 0.4247
vn 0.6532 0.1264 0.7465
vn 0.8031 -0.0481 0.5940
vn 0.9653 -0.1942 0.1744
vn 0.9921 -0.0551 0.1123
vn 0.9776 0.0520 0.2040
vn 0.9982 0.0071 0.0587
vn -0.2449 0.4368 -0.8656
vn 0.9896 0.0215 -0.1424
vn 0.9689 -0.0523 -0.2421
vn 0.8242 0.0492 -0.5641
vn 0.6856 -0.1077 -0.7199
vn 0.0003 0.0984 -0.9952
vn -0.0007 -0.1576 -0.9875
vn -0.6823 -0.1176 -0.7216
vn -0.0031 -0.3234 -0.9463
vn -0.6393 -0.2495 -0.7273
vn -0.6643 -0.1581 -0.7305
vn -0.9178 -0.1561 -0.3650
vn -0.9811 -0.0810 -0.1755
vn -0.0635 -0.3573 -0.9318
vn -0.9727 -0.1811 0.1449
vn -0.8032 -0.0477 0.5937
vn -0.4648 0.0647 0.8830
vn -0.5217 -0.3606 0.7731
vn -0.5094 -0.2470 0.8243
vn -0.0007 0.1809 0.9835
vn 0.5080 -0.2480 0.8249
vn 0.8849 0.1105 0.4524
vn 0.8789 -0.1936 0.4359
vn 0.8268 -0.1236 0.5487
vn 0.4637 0.0645 0.8836
vn 0.4638 0.0646 0.8836
vn 0.6355 -0.0489 0.7705
vn 0.2797 -0.4175 0.8645
vn -0.9863 -0.0992 -0.1318
vn -0.9985 -0.0440 0.0327
vn -0.2923 0.2153 -0.9318
vn -0.6292 0.5590 -0.5401
vn -0.9874 0.1570 0.0199
vn -0.5188 0.8517 -0.0745
vn -0.9524 0.1772 0.2480
vn -0.3318 0.8088 0.4856
vn -0.9429 0.0408 0.3306
vn -0.9823 0.0538 0.1795
vn -0.9727 -0.1811 0.1450
vn -0.9073 -0.2627 0.3285
vn -0.2464 -0.9677 0.0527
vn -0.9489 -0.2511 0.1911
vn -0.0798 -0.8173 -0.5707
vn -0.6084 -0.4745 -0.6362
vn 0.5772 -0.5207 -0.6291
vn 0.9476 -0.2262 0.2256
vn 0.0742 -0.8168 -0.5721
vn 0.2454 -0.9680 0.0526
vn 0.9079 -0.2514 0.3353
vn 0.9951 -0.0447 -0.0881
vn 0.9506 0.0806 0.2997
vn 0.3362 0.8145 0.4729
vn 0.9606 0.1844 0.2080
vn 0.5314 0.8434 -0.0788
vn 0.9874 0.1570 0.0211
vn 0.6283 0.5592 -0.5409
vn 1.0000 0.0045 0.0073
vn 0.2918 0.2289 -0.9287
vn -0.9984 -0.0290 0.0476
vn -0.8679 0.0357 -0.4955
vn 0.0059 0.0471 -0.9989
vn 0.0283 -0.1834 -0.9826
vn 0.6596 -0.1649 -0.7333
vn 0.6463 -0.2635 -0.7161
vn 0.9204 -0.1653 -0.3542
vn -0.0065 -0.3730 -0.9278
vn -0.6672 -0.0642 0.7421
vn -0.4774 -0.0628 0.8764
vn -0.2907 -0.1423 0.9462
vn 0.3904 -0.0298 0.9201
vn 0.4332 -0.1616 0.8867
vn 0.2662 -0.6345 0.7256
vn -0.3382 -0.6932 0.6364
vn -0.8032 -0.0477 0.5938
vn -0.9926 -0.0515 0.1096
vn -0.9972 0.0206 0.0723
vn 0.2202 0.4186 -0.8811
vn -0.9891 0.0228 -0.1452
vn -0.9676 -0.0520 -0.2473
vn -0.8235 0.0492 -0.5651
vn 0.7177 0.3149 -0.6211
vn 0.0005 0.5380 -0.8430
vn -0.7169 0.3149 -0.6220
vn -0.9616 0.1776 -0.2092
vn -0.9897 0.1311 0.0575
vn -0.9139 0.2707 0.3024
vn -0.8644 0.1247 0.4870
vn -0.6637 0.1983 0.7212
vn -0.6778 -0.5024 0.5369
vn -0.0017 -0.6195 0.7850
vn -0.4572 -0.0354 0.8886
vn 0.4541 -0.0250 0.8906
vn 0.9806 -0.0670 -0.1840
vn 0.9746 -0.1641 0.1523
vn 0.8535 0.0814 -0.5147
vn 0.9974 0.0046 0.0723
vn -0.8277 -0.1235 0.5475
vn -0.8799 -0.1922 0.4346
vn -0.8644 0.1247 0.4871
vn -0.5984 0.3712 0.7100
vn -0.0005 0.2877 0.9577
vn -0.7030 -0.2334 0.6718
vn -0.6511 -0.2492 0.7169
vn -0.6903 -0.1856 0.6993
vn -0.4420 -0.1665 0.8814
vn -0.0028 -0.2523 0.9677
vn 0.6450 -0.2309 0.7285
vn 0.6837 -0.1609 0.7118
vn 0.6923 -0.2215 0.6868
vn 0.9880 0.1409 0.0635
vn 0.9559 0.1601 -0.2461
vn 0.5210 -0.3605 0.7737
vn 0.4252 -0.4807 0.7669
vn 0.2203 0.4186 -0.8811
vn -0.5188 0.8516 -0.0745
vn -0.6291 0.5590 -0.5401
vn -0.2924 0.2153 -0.9318
vn -0.0636 -0.3573 -0.9318
vn -0.2450 0.4368 -0.8656
vn -0.0065 -0.3731 -0.9278
vn 0.2919 0.2289 -0.9286
vn 0.6283 0.5592 -0.5408
vn 0.5315 0.8434 -0.0789
vn 0.3362 0.8145 0.4728
vn -0.9438 -0.3245 0.0629
vn -0.9727 -0.1812 0.1449
vn -0.9726 -0.1388 0.1863
vn -0.9984 -0.0290 0.0477
vn -0.7105 -0.1967 0.6757
vn 0.5422 -0.2479 0.8029
vn 0.9746 -0.1642 0.1522
vn 0.9483 -0.3099 0.0692
vn 0.9730 -0.1371 0.1858
vn 0.6557 -0.0799 0.7508
vn 0.0006 -0.1527 0.9883
vn -0.9889 -0.0947 0.1149
vn -0.6084 -0.4744 -0.6362
vn -0.2465 -0.9677 0.0527
vn 0.9812 -0.0533 0.1853
vn 0.5771 -0.5207 -0.6291
vn -0.8799 -0.1922 0.4345
vn -0.8971 -0.1702 0.4077
vn 0.3726 -0.4392 0.8175
vn -0.2481 -0.4799 0.8415
vn 0.2460 -0.4802 0.8420
vn -0.3754 -0.4385 0.8166
vn -0.7031 -0.2334 0.6717
vn 0.8901 0.3132 0.3312
vn 0.5975 0.3682 0.7123
vn 0.6923 -0.2215 0.6867
vn 0.5422 -0.2479 0.8028
vn -0.9139 0.2707 0.3025
vt 0.298039 0.541176
vt 0.290196 0.509804
vt 0.443137 0.537255
vt 0.415686 0.411765
vt 0.329412 0.403922
vt 0.349020 0.262745
vt 0.309804 0.247059
vt 0.278431 0.192157
vt 0.227451 0.207843
vt 0.180392 0.192157
vt 0.141176 0.247059
vt 0.098039 0.262745
vt 0.125490 0.407843
vt 0.035294 0.411765
vt 0.164706 0.509804
vt 0.011765 0.537255
vt 0.160784 0.541176
vt 0.121569 0.584314
vt 0.172549 0.560784
vt 0.149020 0.635294
vt 0.172549 0.662745
vt 0.145098 0.698039
vt 0.200000 0.686275
vt 0.223529 0.733333
vt 0.223529 0.694118
vt 0.250980 0.686275
vt 0.258824 0.549020
vt 0.282353 0.560784
vt 0.333333 0.584314
vt 0.443137 0.643137
vt 0.623529 0.501961
vt 0.541176 0.678431
vt 0.607843 0.682353
vt 0.611765 0.882353
vt 0.674510 0.682353
vt 0.768627 0.886275
vt 0.800000 0.698039
vt 0.894118 0.835294
vt 0.905882 0.690196
vt 0.992157 0.839216
vt 0.988235 0.690196
vt 0.964706 0.549020
vt 0.878431 0.549020
vt 0.854902 0.439216
vt 0.811765 0.600000
vt 0.756863 0.415686
vt 0.670588 0.576471
vt 0.011765 0.643137
vt 0.062745 0.643137
vt 0.062745 0.701961
vt 0.082353 0.741176
vt 0.227451 0.949020
vt 0.368627 0.741176
vt 0.482353 0.917647
vt 0.443137 0.705882
vt 0.443137 0.678431
vt 0.400000 0.639216
vt 0.301961 0.635294
vt 0.278431 0.662745
vt 0.305882 0.698039
vt 0.890196 0.007843
vt 0.929412 0.019608
vt 0.941176 0.007843
vt 0.972549 0.031373
vt 0.960784 0.039216
vt 0.988235 0.066667
vt 0.976471 0.074510
vt 0.976471 0.113725
vt 0.964706 0.113725
vt 0.945098 0.145098
vt 0.756863 0.121569
vt 0.752941 0.101961
vt 0.745098 0.094118
vt 0.760784 0.078431
vt 0.752941 0.070588
vt 0.776471 0.050980
vt 0.450980 0.262745
vt 0.450980 0.082353
vt 0.768627 0.145098
vt 0.945098 0.164706
vt 0.945098 0.450980
vt 0.152941 0.376471
vt 0.176471 0.341176
vt 0.196078 0.294118
vt 0.270588 0.341176
vt 0.250980 0.294118
vt 0.250980 0.243137
vt 0.196078 0.243137
vt 0.862745 0.996078
vt 0.968627 0.996078
vt 0.756863 0.996078
vt 0.611765 0.996078
vt 0.431373 0.996078
vt 0.196078 0.549020
vt 0.196078 0.525490
vt 0.227451 0.490196
vt 0.196078 0.450980
vt 0.254902 0.450980
vt 0.011765 0.678431
vt 0.011765 0.705882
vt 0.011765 0.937255
vt 0.105882 0.996078
vt 0.227451 0.996078
vt 0.160784 0.407843
vt 0.196078 0.411765
vt 0.227451 0.368627
vt 0.254902 0.411765
vt 0.301961 0.376471
vt 0.294118 0.407843
vt 0.400000 0.698039
vt 0.258824 0.525490
vt 0.701961 0.031373
vt 0.713725 0.090196
vt 0.690196 0.113725
vt 0.725490 0.058824
vt 0.717647 0.027451
vt 0.698039 0.011765
vt 0.658824 0.007843
vt 0.619608 0.023529
vt 0.058824 0.282353
vt 0.011765 0.262745
vt 0.011765 0.400000
vt 0.000000 0.082353
vt 0.160784 0.015686
vt 0.000000 0.262745
vt 0.298039 0.015686
vt 0.443137 0.262745
vt 0.392157 0.282353
vt 0.443137 0.400000
vt 0.780392 0.062745
vt 0.572549 0.027451
vt 0.556863 0.039216
vt 0.545098 0.058824
vt 0.552941 0.078431
vt 0.254902 0.415686
vt 0.196078 0.415686
vt 0.349020 0.996078
vt 0.023529 0.996078
s 1
usemtl dc_gman_head.BMP
f 1027/667/947 1028/668/948 1029/669/949
f 1029/669/949 1028/668/948 1030/670/950
f 1028/668/948 1032/671/951 1030/670/950
f 1030/670/950 1032/671/951 1033/672/952
f 1032/671/951 1034/673/953 1033/672/952
f 1033/672/952 1034/673/953 1035/674/954
f 1034/673/953 1036/675/955 1035/674/954
f 1035/674/954 1036/675/955 1037/676/956
f 1036/675/955 1038/677/957 1037/676/956
f 1037/676/956 1038/677/957 1039/678/958
f 1038/677/957 1040/679/959 1039/678/958
f 1039/678/958 1040/679/959 1042/680/960
f 1040/679/959 1043/681/961 1042/680/960
f 1042/680/960 1043/681/961 1044/682/962
f 1043/681/961 1046/683/963 1044/682/962
f 1044/682/962 1046/683/963 1047/684/964
f 1046/683/963 1048/685/965 1047/684/964
f 1047/684/964 1048/685/965 1049/686/966
f 1048/685/965 1050/687/967 1049/686/966
f 1049/686/966 1050/687/967 1051/688/968
f 1050/687/967 1052/689/969 1051/688/968
f 1051/688/968 1052/689/969 1053/690/970
f 1052/689/969 1054/691/971 1053/690/970
f 1053/690/970 1054/691/971 1055/692/972
f 1054/691/971 1056/693/973 1055/692/972
f 1055/692/972 1056/693/973 1057/694/974
f 1056/693/973 1027/667/947 1057/694/974
f 1057/694/974 1027/667/947 1058/695/975
f 1027/667/947 1029/669/949 1058/695/975
f 1058/695/975 1029/669/949 1059/696/976
f 1029/669/949 1061/697/977 1059/696/976
f 1059/696/976 1061/697/977 1063/698/978
f 1061/697/977 1064/699/979 1063/698/978
f 1063/698/978 1064/699/979 1067/700/980
f 1064/699/979 1068/701/981 1067/700/980
f 1067/700/980 1068/701/981 1070/702/982
f 1068/701/981 1071/703/983 1070/702/982
f 1070/702/982 1071/703/983 1072/704/984
f 1071/703/983 1073/705/985 1072/704/984
f 1072/704/984 1073/705/985 1074/706/986
f 1073/705/985 1075/707/987 1074/706/986
f 1074/706/986 1075/707/987 1076/705/988
f 1075/707/987 1077/708/989 1076/705/988
f 1076/705/988 1077/708/989 1078/709/990
f 1077/708/989 1079/710/991 1078/709/990
f 1078/709/990 1079/710/991 1080/711/992
f 1079/710/991 1081/712/993 1080/711/992
f 1080/711/992 1081/712/993 1083/713/994
f 1081/712/993 1085/697/995 1083/713/994
f 1044/682/962 1047/684/964 1087/714/996
f 1087/714/996 1047/684/964 1089/715/997
f 1047/684/964 1049/686/966 1089/715/997
f 1089/715/997 1049/686/966 1090/716/998
f 1049/686/966 1051/688/968 1090/716/998
f 1090/716/998 1051/688/968 1091/717/999
f 1051/688/968 1053/690/970 1091/717/999
f 1091/717/999 1053/690/970 1092/718/1000
f 1053/690/970 1093/719/1001 1092/718/1000
f 1092/718/1000 1093/719/1001 1094/720/1002
f 1093/719/1001 1095/721/1003 1094/720/1002
f 1094/720/1002 1095/721/1003 1063/698/978
f 1095/721/1003 1096/722/1004 1063/698/978
f 1063/698/978 1096/722/1004 1059/696/976
f 1096/722/1004 1097/723/1005 1059/696/976
f 1059/696/976 1097/723/1005 1058/695/975
f 1097/723/1005 1098/724/1006 1058/695/975
f 1058/695/975 1098/724/1006 1057/694/974
f 1098/724/1006 1099/725/1007 1057/694/974
f 1057/694/974 1099/725/1007 1055/692/972
f 1099/725/1007 1100/726/1008 1055/692/972
f 1055/692/972 1100/726/1008 1053/690/970
f 1100/726/1008 1093/719/1001 1053/690/970
f 1102/727/1009 1103/728/1010 1105/729/1011
f 1105/729/1011 1103/728/1010 1107/730/1012
f 1103/728/1010 1108/731/1013 1107/730/1012
f 1107/730/1012 1108/731/1013 1110/732/1014
f 1108/731/1013 1111/733/1015 1110/732/1014
f 1110/732/1014 1111/733/1015 1113/734/1016
f 1111/733/1015 1114/735/1017 1113/734/1016
f 1113/734/1016 1114/735/1017 1117/736/1018
f 1114/735/1017 1102/727/1009 1117/736/1018
f 1117/736/1018 1102/727/1009 1086/737/1019
f 1102/727/1009 1118/738/1020 1086/737/1019
f 1086/737/1019 1118/738/1020 1120/739/1021
f 1118/738/1020 1121/740/1022 1120/739/1021
f 1120/739/1021 1121/740/1022 1123/741/1023
f 1121/740/1022 1125/742/1024 1123/741/1023
f 1127/742/1025 1128/740/1026 1130/741/1027
f 1130/741/1027 1128/740/1026 1132/739/1028
f 1128/740/1026 1133/738/1029 1132/739/1028
f 1132/739/1028 1133/738/1029 1062/737/977
f 1133/738/1029 1135/727/1030 1062/737/977
f 1062/737/977 1135/727/1030 1066/736/979
f 1135/727/1030 1136/735/1031 1066/736/979
f 1066/736/979 1136/735/1031 1138/734/1032
f 1136/735/1031 1139/733/1033 1138/734/1032
f 1138/734/1032 1139/733/1033 1141/732/1034
f 1139/733/1033 1142/731/1035 1141/732/1034
f 1141/732/1034 1142/731/1035 1144/730/1036
f 1142/731/1035 1145/728/1037 1144/730/1036
f 1144/730/1036 1145/728/1037 1147/729/1038
f 1145/728/1037 1135/727/1030 1147/729/1038
f 1151/743/995 1081/712/993 1153/744/1039
f 1153/744/1039 1081/712/993 1154/745/1040
f 1081/712/993 1079/710/991 1154/745/1040
f 1154/745/1040 1079/710/991 1155/746/1041
f 1079/710/991 1156/747/1042 1155/746/1041
f 1155/746/1041 1156/747/1042 1157/710/1043
f 1156/747/1042 1077/708/989 1157/710/1043
f 1157/710/1043 1077/708/989 1158/709/1044
f 1077/708/989 1073/705/985 1158/709/1044
f 1158/709/1044 1073/705/985 1159/711/1045
f 1073/705/985 1071/703/983 1159/711/1045
f 1159/711/1045 1071/703/983 1161/713/1046
f 1071/703/983 1068/701/981 1161/713/1046
f 1040/679/959 1038/677/957 1162/748/1047
f 1162/748/1047 1038/677/957 1164/749/1048
f 1038/677/957 1165/750/1049 1164/749/1048
f 1164/749/1048 1165/750/1049 1166/751/1050
f 1165/750/1049 1167/752/1051 1166/751/1050
f 1166/751/1050 1167/752/1051 1034/673/953
f 1167/752/1051 1168/753/1052 1034/673/953
f 1034/673/953 1168/753/1052 1036/675/955
f 1168/753/1052 1169/754/1053 1036/675/955
f 1036/675/955 1169/754/1053 1038/677/957
f 1169/754/1053 1165/750/1049 1038/677/957
f 1088/696/1054 1170/698/1055 1085/697/1019
f 1085/697/1019 1170/698/1055 1115/699/1018
f 1170/698/1055 1171/700/1056 1115/699/1018
f 1115/699/1018 1171/700/1056 1172/701/1057
f 1171/700/1056 1174/702/1058 1172/701/1057
f 1172/701/1057 1174/702/1058 1175/703/1059
f 1174/702/1058 1176/704/1060 1175/703/1059
f 1175/703/1059 1176/704/1060 1076/705/988
f 1176/704/1060 1074/706/986 1076/705/988
f 1177/755/1061 1074/706/986 1178/756/1062
f 1178/756/1062 1074/706/986 1179/755/1063
f 1074/706/986 1176/704/1060 1179/755/1063
f 1179/755/1063 1176/704/1060 1180/757/1064
f 1176/704/1060 1174/702/1058 1180/757/1064
f 1180/757/1064 1174/702/1058 1181/758/1065
f 1174/702/1058 1171/700/1056 1181/758/1065
f 1181/758/1065 1171/700/1056 1183/759/1066
f 1171/700/1056 1185/720/1067 1183/759/1066
f 1050/687/967 1048/685/965 1052/689/969
f 1052/689/969 1048/685/965 1186/760/1068
f 1048/685/965 1046/683/963 1186/760/1068
f 1186/760/1068 1046/683/963 1187/761/1069
f 1046/683/963 1043/681/961 1187/761/1069
f 1187/761/1069 1043/681/961 1188/762/1070
f 1043/681/961 1189/763/1071 1188/762/1070
f 1188/762/1070 1189/763/1071 1192/764/1072
f 1193/712/1073 1061/697/977 1195/743/1074
f 1193/712/1073 1161/713/1046 1061/697/977
f 1193/712/1073 1159/711/1045 1161/713/1046
f 1193/712/1073 1157/710/1043 1159/711/1045
f 1193/712/1073 1196/745/1075 1157/710/1043
f 1193/712/1073 1197/744/1076 1196/745/1075
f 1193/712/1073 1195/743/1074 1197/744/1076
f 1089/715/997 1090/716/998 1198/765/1077
f 1198/765/1077 1090/716/998 1200/766/1078
f 1090/716/998 1091/717/999 1200/766/1078
f 1200/766/1078 1091/717/999 1184/767/1079
f 1091/717/999 1092/718/1000 1184/767/1079
f 1184/767/1079 1092/718/1000 1202/768/1080
f 1092/718/1000 1203/769/1081 1202/768/1080
f 1041/679/1082 1163/748/1083 1204/770/1084
f 1204/770/1084 1163/748/1083 1205/771/1085
f 1163/748/1083 1206/772/1086 1205/771/1085
f 1205/771/1085 1206/772/1086 1208/773/1051
f 1206/772/1086 1209/774/1087 1208/773/1051
f 1208/773/1051 1209/774/1087 1211/775/1088
f 1209/774/1087 1031/671/1089 1211/775/1088
f 1063/698/978 1067/700/980 1094/720/1002
f 1094/720/1002 1067/700/980 1212/758/1090
f 1067/700/980 1070/702/982 1212/758/1090
f 1212/758/1090 1070/702/982 1213/757/1091
f 1070/702/982 1072/704/984 1213/757/1091
f 1213/757/1091 1072/704/984 1177/755/1061
f 1072/704/984 1074/706/986 1177/755/1061
f 1214/776/1092 1096/722/1004 1095/721/1003
f 1214/776/1092 1097/723/1005 1096/722/1004
f 1214/776/1092 1098/724/1006 1097/723/1005
f 1214/776/1092 1100/726/1008 1098/724/1006
f 1214/776/1092 1093/719/1001 1100/726/1008
f 1214/776/1092 1095/721/1003 1093/719/1001
f 1192/764/1072 1028/668/948 1188/762/1070
f 1188/762/1070 1028/668/948 1215/777/1093
f 1028/668/948 1056/693/973 1215/777/1093
f 1215/777/1093 1056/693/973 1186/760/1068
f 1056/693/973 1054/691/971 1186/760/1068
f 1186/760/1068 1054/691/971 1052/689/969
f 1173/778/1094 1112/779/1016 1116/780/1018
f 1173/778/1094 1109/781/1095 1112/779/1016
f 1173/778/1094 1106/782/1096 1109/781/1095
f 1173/778/1094 1104/783/1097 1106/782/1096
f 1173/778/1094 1101/784/1009 1104/783/1097
f 1173/778/1094 1082/785/1098 1101/784/1009
f 1069/778/1099 1134/784/1030 1160/785/1100
f 1069/778/1099 1146/783/1101 1134/784/1030
f 1069/778/1099 1143/782/1102 1146/783/1101
f 1069/778/1099 1140/781/1103 1143/782/1102
f 1069/778/1099 1137/779/1104 1140/781/1103
f 1069/778/1099 1065/780/979 1137/779/1104
f 1216/786/1105 1037/676/956 1039/678/958
f 1216/786/1105 1149/787/1106 1037/676/956
f 1216/786/1105 1217/788/1107 1149/787/1106
f 1216/786/1105 1042/680/960 1217/788/1107
f 1216/786/1105 1039/678/958 1042/680/960
f 1152/789/1108 1219/790/1109 1148/791/995
f 1148/791/995 1219/790/1109 1037/676/956
f 1219/790/1109 1220/792/1110 1037/676/956
f 1037/676/956 1220/792/1110 1035/674/954
f 1220/792/1110 1194/793/1111 1035/674/954
f 1035/674/954 1221/794/1112 1033/672/952
f 1033/672/952 1221/794/1112 1030/670/950
f 1221/794/1112 1222/795/1113 1030/670/950
f 1030/670/950 1222/795/1113 1029/669/949
f 1222/795/1113 1061/697/977 1029/669/949
f 1032/671/951 1210/774/1114 1034/673/953
f 1034/673/953 1210/774/1114 1166/751/1050
f 1210/774/1114 1207/772/1115 1166/751/1050
f 1166/751/1050 1207/772/1115 1164/749/1048
f 1207/772/1115 1162/748/1047 1164/749/1048
f 1121/740/1022 1223/796/1116 1125/742/1024
f 1125/742/1024 1223/796/1116 1102/727/1009
f 1223/796/1116 1121/740/1022 1102/727/1009
f 1102/727/1009 1121/740/1022 1118/738/1020
f 1082/785/1098 1124/797/1117 1101/784/1009
f 1082/785/1098 1122/798/1023 1124/797/1117
f 1082/785/1098 1119/799/1118 1122/798/1023
f 1082/785/1098 1084/800/1019 1119/799/1118
f 1135/727/1030 1224/796/1119 1127/742/1025
f 1127/742/1025 1224/796/1119 1128/740/1026
f 1224/796/1119 1135/727/1030 1128/740/1026
f 1128/740/1026 1135/727/1030 1133/738/1029
f 1160/785/1100 1131/799/1028 1060/800/977
f 1160/785/1100 1129/798/1027 1131/799/1028
f 1160/785/1100 1126/797/1120 1129/798/1027
f 1160/785/1100 1134/784/1030 1126/797/1120
f 1078/709/990 1080/711/992 1076/705/988
f 1076/705/988 1080/711/992 1175/703/1059
f 1080/711/992 1083/713/994 1175/703/1059
f 1175/703/1059 1083/713/994 1172/701/1057
f 1170/698/1055 1185/720/1067 1171/700/1056
f 1170/698/1055 1201/721/1121 1185/720/1067
f 1170/698/1055 1199/722/1077 1201/721/1121
f 1170/698/1055 1088/696/1054 1199/722/1077
f 1088/696/1054 1085/697/1019 1045/669/1122
f 1045/669/1122 1085/697/1019 1218/795/1107
f 1085/697/1019 1150/793/995 1218/795/1107
f 1191/764/1123 1190/763/1124 1225/801/1125
f 1225/801/1125 1190/763/1124 1226/802/1126
f 1190/763/1124 1041/679/1127 1226/802/1126
f 1227/759/1128 1228/803/1129 1094/720/1002
f 1094/720/1002 1228/803/1129 1092/718/1000
f 1228/803/1129 1203/769/1081 1092/718/1000
f 1135/727/1030 1145/728/1037 1136/735/1031
f 1136/735/1031 1145/728/1037 1139/733/1033
f 1145/728/1037 1142/731/1035 1139/733/1033
f 1108/731/1013 1103/728/1010 1111/733/1015
f 1111/733/1015 1103/728/1010 1114/735/1017
f 1103/728/1010 1102/727/1009 1114/735/1017
f 1169/754/1053 1168/753/1052 1165/750/1049
f 1165/750/1049 1168/753/1052 1167/752/1051
f 1188/762/1070 1215/777/1093 1187/761/1069
f 1187/761/1069 1215/777/1093 1186/760/1068
f 1221/794/1112 1194/793/1074 1222/795/1113
f 1222/795/1113 1194/793/1074 1061/697/977
f 1043/681/961 1040/679/959 1189/763/1071
f 1151/743/995 1085/697/995 1081/712/993
f 1087/714/996 1089/715/997 1198/765/1077
f 1225/801/1125 1031/671/1130 1191/764/1123
f 1028/668/948 1192/764/1072 1032/671/951
f 1221/794/1112 1035/674/954 1195/743/1074
f 1195/743/1074 1220/792/1131 1197/744/1076
f 1099/725/1007 1098/724/1006 1100/726/1008
f 1042/680/960 1044/682/962 1217/788/1107
f 1056/693/973 1028/668/948 1027/667/947
f 1073/705/985 1077/708/989 1075/707/987
f 1157/710/1043 1158/709/1044 1159/711/1045
f 1156/747/1042 1079/710/991 1077/708/989
f 1094/720/1002 1212/758/1090 1227/759/1128
f 1182/804/1132 1184/767/1079 1202/768/1080
f 1196/745/1075 1155/746/1041 1157/710/1043
o Object_12
v 1.408784 65.840767 3.410986
v 1.408784 65.840767 3.410986
v -0.741216 65.840775 3.409666
v -0.741216 65.840775 3.409666
v 1.922879 72.875526 -3.217958
v 0.333166 72.981133 -3.687280
v -1.247122 72.875534 -3.219906
v -2.267888 72.682838 -1.973911
v -2.349469 72.679573 0.597128
v -2.349469 72.679573 0.597128
v -1.720696 72.721504 2.596101
v -0.881040 72.913666 3.156234
v 0.328762 72.949768 3.480700
v -0.375631 65.746902 3.591233
v 0.004246 65.706841 3.791452
v 0.654246 65.706833 3.791852
v 1.044369 65.776901 3.592114
v 3.020532 72.679558 0.600427
v 2.942112 72.682816 -1.970711
v 0.658551 65.692337 3.788505
v 0.008551 65.692337 3.788106
v 2.389303 72.731285 2.600621
v 1.538960 72.913658 3.157722
v -2.239473 72.922729 0.605905
v -1.470695 72.966652 2.595165
v -1.979472 73.065903 0.604612
v -0.780694 73.313782 2.594862
v 0.328826 73.246277 3.377811
v 0.329307 73.466751 2.596087
v 1.439307 73.313766 2.596226
v 0.330534 73.587585 0.600040
v 1.640532 73.444412 0.602298
v 0.332016 73.568710 -1.812271
v 1.602027 73.429527 -1.829636
v 0.332615 73.491768 -2.787248
v 1.772761 73.172935 -3.024799
v 0.332955 73.328995 -3.340877
v -1.097239 73.172943 -3.026561
v -2.157906 72.921997 -1.945536
v 2.832095 72.921982 -1.942472
v 2.910528 72.922714 0.609068
v 2.139305 72.966637 2.597382
v 2.582079 73.059158 -1.914681
v 2.650528 73.065887 0.607456
v -1.907922 73.059181 -1.917439
v -0.937973 73.429535 -1.831197
v -0.979468 73.444420 0.600688
v 0.699736 65.697227 1.860713
v 0.699736 65.697227 1.860713
v -0.040264 65.697227 1.860258
v -0.040264 65.697227 1.860258
v -0.470821 65.635178 2.765836
v -0.081313 65.604874 3.566127
v -0.081316 65.838226 3.572840
v 0.758684 65.838226 3.573356
v 0.758687 65.604874 3.566643
v 1.149117 65.838768 2.869536
v 1.149117 65.634811 2.868811
v -0.425086 65.567215 2.701141
v -0.085582 65.566933 3.511349
v -0.085582 65.886932 3.511460
v 0.764418 65.886932 3.511981
v 0.764418 65.566933 3.511870
v 1.104849 65.887177 2.812189
v 1.104847 65.567177 2.812078
v -0.470814 65.841133 2.756762
v -0.425085 65.887215 2.701252
vn -0.8816 0.4663 0.0728
vn -0.6853 0.6580 0.3121
vn -0.6338 0.7723 0.0430
vn -0.4200 0.8859 0.1969
vn -0.0005 0.8013 0.5983
vn -0.0003 0.9858 0.1676
vn 0.4193 0.8862 0.1972
vn -0.0274 0.9990 0.0356
vn 0.3440 0.9386 0.0268
vn 0.0371 0.9986 -0.0374
vn 0.3972 0.9149 -0.0715
vn 0.0001 0.9836 -0.1806
vn 0.5166 0.7682 -0.3781
vn 0.0003 0.8588 -0.5123
vn 0.0005 0.5380 -0.8429
vn -0.5162 0.7682 -0.3787
vn -0.7169 0.3149 -0.6220
vn -0.8200 0.5472 -0.1679
vn -0.9616 0.1776 -0.2092
vn -0.9897 0.1312 0.0575
vn 0.7177 0.3150 -0.6211
vn 0.8679 0.4674 -0.1680
vn 0.9559 0.1601 -0.2461
vn 0.9880 0.1410 0.0635
vn 0.8348 0.5455 0.0746
vn 0.8901 0.3132 0.3311
vn 0.6846 0.6582 0.3131
vn 0.5976 0.3682 0.7123
vn -0.0005 0.2877 0.9577
vn -0.5985 0.3712 0.7100
vn 0.6326 0.7709 -0.0742
vn 0.6224 0.7809 0.0529
vn -0.6160 0.7825 -0.0907
vn -0.3671 0.9280 -0.0633
vn -0.3826 0.9232 0.0359
vn 0.9132 0.3089 -0.2658
vn -0.3013 0.9534 -0.0183
vn -0.3167 0.9485 -0.0081
vn -0.1085 0.9941 -0.0045
vn 0.2805 0.9598 0.0049
vn 0.1056 0.9944 -0.0041
vn 0.3076 0.9515 0.0062
vn -0.9654 -0.0000 0.2607
vn -0.3932 -0.0000 0.9194
vn -0.7856 -0.0000 0.6187
vn 0.3820 -0.0000 0.9242
vn 0.7646 -0.0000 0.6445
vn 0.9530 -0.0000 0.3030
vn 0.9530 -0.0000 0.3031
vn -0.9719 -0.0001 0.2352
vn -0.3992 -0.0003 0.9169
vn -0.7976 -0.0002 0.6031
vn 0.3891 -0.0003 0.9212
vn 0.7787 -0.0002 0.6274
vn 0.9616 -0.0000 0.2745
vn 0.8955 -0.3571 0.2656
vn -0.1696 -0.9855 0.0001
vn 0.1121 -0.9937 -0.0005
vn -0.3012 0.9534 -0.0183
vn 0.9132 0.3088 -0.2659
vn -0.9897 0.1311 0.0575
vn -0.9139 0.2707 0.3025
vn -0.9719 -0.0000 0.2352
vn 0.8955 -0.3571 0.2655
vt 0.062992 0.590551
vt 0.212598 0.464567
vt 0.141732 0.606299
vt 0.314961 0.464567
vt 0.496063 0.409449
vt 0.496063 0.464567
vt 0.669291 0.464567
vt 0.496063 0.606299
vt 0.700787 0.606299
vt 0.496063 0.787402
vt 0.692913 0.787402
vt 0.496063 0.858268
vt 0.740157 0.889764
vt 0.496063 0.921260
vt 0.496063 0.992126
vt 0.251969 0.889764
vt 0.188976 0.944882
vt 0.078740 0.803150
vt 0.015748 0.834646
vt 0.000000 0.598425
vt 0.795276 0.944882
vt 0.913386 0.803150
vt 0.976378 0.834646
vt 0.992126 0.598425
vt 0.921260 0.590551
vt 0.881890 0.433071
vt 0.779528 0.464567
vt 0.724409 0.377953
vt 0.496063 0.354331
vt 0.267717 0.377953
vt 0.842520 0.795276
vt 0.850394 0.606299
vt 0.149606 0.795276
vt 0.291339 0.787402
vt 0.283465 0.606299
vt 0.992126 0.062992
vt 0.944882 0.173228
vt 0.952756 0.039370
vt 0.921260 0.007874
vt 0.779528 0.173228
vt 0.818898 0.007874
vt 0.779528 0.031496
vt 0.503937 0.236220
vt 0.566929 0.188976
vt 0.566929 0.330709
vt 0.645669 0.330709
vt 0.645669 0.188976
vt 0.708661 0.330709
vt 0.708661 0.236220
vt 0.503937 0.007874
vt 0.566929 0.007874
vt 0.566929 0.125984
vt 0.653543 0.125984
vt 0.653543 0.007874
vt 0.716535 0.125984
vt 0.716535 0.007874
vt 0.984252 0.283465
vt 0.913386 0.173228
vt 0.897638 0.330709
vt 0.834646 0.330709
vt 0.826772 0.173228
vt 0.755906 0.283465
vt 0.007874 0.598425
vt 0.102362 0.433071
vt 0.503937 0.330709
vt 0.503937 0.125984
vt 0.740157 0.047244
s 1
usemtl dc_gman_head_top.BMP
f 1252/805/1133 1253/806/1134 1254/807/1135
f 1254/807/1135 1253/806/1134 1255/808/1136
f 1253/806/1134 1256/809/1137 1255/808/1136
f 1255/808/1136 1256/809/1137 1257/810/1138
f 1256/809/1137 1258/811/1139 1257/810/1138
f 1257/810/1138 1258/811/1139 1259/812/1140
f 1258/811/1139 1260/813/1141 1259/812/1140
f 1259/812/1140 1260/813/1141 1261/814/1142
f 1260/813/1141 1262/815/1143 1261/814/1142
f 1261/814/1142 1262/815/1143 1263/816/1144
f 1262/815/1143 1264/817/1145 1263/816/1144
f 1263/816/1144 1264/817/1145 1265/818/1146
f 1264/817/1145 1234/819/1147 1265/818/1146
f 1265/818/1146 1234/819/1147 1266/820/1148
f 1234/819/1147 1235/821/1149 1266/820/1148
f 1266/820/1148 1235/821/1149 1267/822/1150
f 1235/821/1149 1236/823/1151 1267/822/1150
f 1267/822/1150 1236/823/1151 1252/805/1133
f 1236/823/1151 1237/824/1152 1252/805/1133
f 1233/825/1153 1268/826/1154 1247/827/1155
f 1247/827/1155 1268/826/1154 1246/828/1156
f 1268/826/1154 1269/829/1157 1246/828/1156
f 1246/828/1156 1269/829/1157 1250/830/1158
f 1269/829/1157 1270/831/1159 1250/830/1158
f 1250/830/1158 1270/831/1159 1251/832/1160
f 1270/831/1159 1256/809/1137 1251/832/1160
f 1251/832/1160 1256/809/1137 1241/833/1161
f 1256/809/1137 1240/834/1162 1241/833/1161
f 1234/819/1147 1264/817/1145 1233/825/1153
f 1233/825/1153 1264/817/1145 1268/826/1154
f 1264/817/1145 1271/835/1163 1268/826/1154
f 1268/826/1154 1271/835/1163 1269/829/1157
f 1271/835/1163 1272/836/1164 1269/829/1157
f 1269/829/1157 1272/836/1164 1270/831/1159
f 1272/836/1164 1258/811/1139 1270/831/1159
f 1270/831/1159 1258/811/1139 1256/809/1137
f 1267/822/1150 1273/837/1165 1266/820/1148
f 1266/820/1148 1273/837/1165 1274/838/1166
f 1273/837/1165 1254/807/1135 1274/838/1166
f 1274/838/1166 1254/807/1135 1275/839/1167
f 1254/807/1135 1255/808/1136 1275/839/1167
f 1275/839/1167 1255/808/1136 1259/812/1140
f 1255/808/1136 1257/810/1138 1259/812/1140
f 1230/840/1168 1277/841/1169 1245/842/1170
f 1245/842/1170 1277/841/1169 1244/843/1171
f 1277/841/1169 1278/844/1172 1244/843/1171
f 1244/843/1171 1278/844/1172 1243/845/1173
f 1278/844/1172 1242/846/1174 1243/845/1173
f 1280/847/1175 1281/848/1176 1282/849/1177
f 1282/849/1177 1281/848/1176 1283/850/1178
f 1281/848/1176 1284/851/1179 1283/850/1178
f 1283/850/1178 1284/851/1179 1285/852/1180
f 1284/851/1179 1286/853/1181 1285/852/1180
f 1287/854/1182 1288/855/1183 1289/856/1184
f 1289/856/1184 1288/855/1183 1290/857/1185
f 1288/855/1183 1291/858/1186 1290/857/1185
f 1290/857/1185 1291/858/1186 1292/859/1187
f 1291/858/1186 1293/860/1187 1292/859/1187
f 1232/861/1188 1279/862/1172 1249/863/1189
f 1249/863/1189 1279/862/1172 1248/864/1190
f 1279/862/1172 1276/865/1191 1248/864/1190
f 1248/864/1190 1276/865/1191 1229/866/1192
f 1238/867/1193 1239/868/1194 1252/805/1133
f 1252/805/1133 1239/868/1194 1253/806/1134
f 1239/868/1194 1240/834/1162 1253/806/1134
f 1253/806/1134 1240/834/1162 1256/809/1137
f 1258/811/1139 1272/836/1164 1260/813/1141
f 1260/813/1141 1272/836/1164 1262/815/1143
f 1272/836/1164 1271/835/1163 1262/815/1143
f 1262/815/1143 1271/835/1163 1264/817/1145
f 1274/838/1166 1263/816/1144 1266/820/1148
f 1274/838/1166 1261/814/1142 1263/816/1144
f 1274/838/1166 1259/812/1140 1261/814/1142
f 1274/838/1166 1275/839/1167 1259/812/1140
f 1273/837/1165 1267/822/1150 1254/807/1135
f 1254/807/1135 1267/822/1150 1252/805/1133
f 1294/869/1175 1280/847/1175 1282/849/1177
f 1295/870/1195 1287/854/1182 1289/856/1184
f 1266/820/1148 1263/816/1144 1265/818/1146
f 1242/846/1174 1278/844/1172 1231/871/1196
