# converted from monster.glb so the villager walk rig can cut it into limbs
v 0.007818 0.003862 0.004554
v 0.007672 0.004539 0.004357
v 0.006561 0.004367 0.005098
v 0.006581 0.003769 0.005290
v 0.007818 0.003862 0.004554
v 0.006581 0.003769 0.005290
v 0.006739 0.002873 0.005423
v 0.007723 0.002812 0.004767
v 0.008672 0.002603 0.004593
v 0.008653 0.003613 0.004583
v 0.008705 0.004745 0.004014
v 0.008460 0.005320 0.004143
v 0.008653 0.003613 0.004583
v 0.009117 0.004474 0.004159
v 0.014525 -0.025119 -0.000770
v 0.014084 -0.024463 -0.001161
v 0.014178 -0.024779 -0.001764
v 0.014377 -0.025356 -0.001372
v 0.014732 -0.025924 -0.000704
v 0.015084 -0.025869 -0.000474
v 0.015055 -0.025298 -0.000483
v 0.014513 -0.026098 -0.001088
v 0.014524 -0.024881 -0.000122
v 0.014138 -0.024685 -0.000176
v 0.015863 -0.025948 -0.004860
v 0.016274 -0.026158 -0.005871
v 0.016630 -0.026045 -0.005937
v 0.016407 -0.025706 -0.005010
v 0.015630 -0.025740 -0.005206
v 0.015990 -0.026139 -0.005979
v 0.015185 -0.025918 -0.004006
v 0.015191 -0.025450 -0.004511
v 0.015777 -0.026397 -0.004544
v 0.015408 -0.026448 -0.004099
v 0.016235 -0.026286 -0.004635
v 0.015777 -0.026397 -0.004544
v 0.016625 -0.025139 -0.004307
v 0.016574 -0.026043 -0.004323
v 0.016765 -0.025241 -0.005420
v 0.016694 -0.024657 -0.004799
v 0.016915 -0.025806 -0.006165
v 0.002829 0.005728 0.006346
v 0.003444 0.006641 0.005935
v 0.002989 0.006921 0.005975
v 0.002353 0.006197 0.006360
v 0.004173 0.005550 0.005891
v 0.004305 0.006392 0.005780
v 0.002926 0.004910 0.006809
v 0.004075 0.004762 0.006237
v 0.001288 0.005245 0.006957
v 0.001444 0.004551 0.007402
v 0.001155 0.005694 0.006839
v 0.015599 -0.031570 -0.008813
v 0.015504 -0.031060 -0.008743
v 0.015633 -0.031043 -0.008973
v 0.015728 -0.031702 -0.008934
v 0.015625 -0.031670 -0.008658
v 0.015500 -0.031112 -0.008478
v 0.015776 -0.031846 -0.008772
v 0.005765 -0.052083 0.009879
v 0.005632 -0.051895 0.009226
v 0.005386 -0.051895 0.009267
v 0.005595 -0.052082 0.009859
v 0.005870 -0.052126 0.009814
v 0.005846 -0.051971 0.009198
v 0.005760 -0.052214 0.010049
v 0.000000 0.005034 0.007295
v 0.000000 0.004506 0.007391
v 0.001444 0.004551 0.007402
v 0.001072 0.003619 0.007789
v 0.002337 0.003310 0.008084
v 0.002495 0.004151 0.007777
v 0.000000 0.004506 0.007391
v 0.000000 0.003829 0.007559
v 0.015975 -0.025801 -0.002472
v 0.016157 -0.026357 -0.003017
v 0.016474 -0.026177 -0.003172
v 0.016328 -0.025545 -0.002789
v 0.015694 -0.026031 -0.002568
v 0.015798 -0.026467 -0.003080
v 0.016328 -0.025545 -0.002789
v 0.016244 -0.025015 -0.002262
v 0.016094 -0.025406 -0.001893
v 0.015908 -0.026007 -0.001958
v 0.015683 -0.026156 -0.002166
v 0.016038 -0.025749 -0.001602
v 0.014725 -0.033987 -0.002800
v 0.014676 -0.033967 -0.002501
v 0.014425 -0.034171 -0.002496
v 0.014506 -0.034104 -0.002843
v 0.014878 -0.033678 -0.002916
v 0.014882 -0.033574 -0.002596
v 0.014656 -0.033713 -0.003143
v 0.014878 -0.033678 -0.002916
v 0.014087 -0.034012 -0.002853
v 0.014124 -0.033602 -0.003112
v 0.014394 -0.033688 -0.003196
v 0.014273 -0.034117 -0.002840
v 0.014010 -0.034008 -0.002632
v 0.013963 -0.033491 -0.002898
v 0.014202 -0.034191 -0.002528
v 0.014306 -0.032467 0.001584
v 0.014409 -0.032124 0.001495
v 0.014193 -0.032010 0.001652
v 0.014092 -0.032457 0.001690
v 0.014319 -0.032642 0.001429
v 0.014487 -0.032244 0.001245
v 0.014409 -0.032124 0.001495
v 0.014059 -0.032759 0.001585
v 0.001352 -0.017262 0.002197
v 0.000767 -0.018244 0.001587
v 0.001120 -0.018774 0.001552
v 0.001768 -0.018461 0.001911
v 0.001352 -0.017262 0.002197
v 0.001768 -0.018461 0.001911
v 0.002810 -0.017896 0.002123
v 0.002423 -0.016601 0.002332
v 0.001352 -0.017262 0.002197
v 0.000682 -0.016781 0.002733
v 0.000446 -0.017930 0.001776
v 0.000767 -0.018244 0.001587
v 0.013817 -0.023631 -0.002067
v 0.013961 -0.023978 -0.002432
v 0.013812 -0.023993 -0.000937
v 0.013765 -0.023288 -0.001775
v 0.013864 -0.024382 -0.000051
v 0.013812 -0.023993 -0.000937
v 0.015019 -0.024976 -0.000132
v 0.016237 -0.031695 -0.008529
v 0.016221 -0.031754 -0.008724
v 0.016446 -0.031206 -0.008578
v 0.016354 -0.031243 -0.008344
v 0.016068 -0.031739 -0.008506
v 0.016055 -0.031848 -0.008698
v 0.016142 -0.031252 -0.008199
v 0.015692 -0.024254 -0.000623
v 0.015636 -0.023707 -0.000315
v 0.015288 -0.024150 0.000344
v 0.015220 -0.024569 0.000115
v 0.015513 -0.024961 -0.000570
v 0.015790 -0.025002 -0.000934
v 0.015937 -0.024467 -0.001123
v 0.015692 -0.024254 -0.000623
v 0.015937 -0.024467 -0.001123
v 0.016225 -0.023466 -0.001679
v 0.016047 -0.023175 -0.001288
v 0.015827 -0.022823 -0.001023
v 0.015636 -0.023707 -0.000315
v 0.014892 -0.024899 0.000925
v 0.014674 -0.025102 0.000725
v 0.015473 -0.025355 -0.000569
v 0.014373 -0.025117 0.000626
v 0.007228 0.005629 0.005036
v 0.006801 0.005103 0.005043
v 0.007670 0.005218 0.004608
v 0.008047 0.005726 0.004593
v 0.008017 0.006153 0.004679
v 0.006889 0.005994 0.005228
v 0.005661 0.005446 0.005511
v 0.006061 -0.050739 0.000529
v 0.005868 -0.049729 0.000145
v 0.005801 -0.049615 0.000494
v 0.005979 -0.050457 0.000948
v 0.006098 -0.051668 0.000568
v 0.006070 -0.051650 -0.000233
v 0.006044 -0.050774 -0.000253
v 0.005885 -0.049820 -0.000186
v 0.013682 -0.022831 -0.003190
v 0.013431 -0.021119 -0.003364
v 0.013579 -0.021086 -0.003810
v 0.013835 -0.022505 -0.003756
v 0.014200 -0.023682 -0.003932
v 0.014188 -0.024017 -0.003506
v 0.014280 -0.024565 -0.002895
v 0.013609 -0.022487 -0.002709
v 0.013389 -0.021024 -0.002931
v 0.007833 -0.001432 0.001591
v 0.007202 -0.001690 0.001077
v 0.008015 -0.001826 -0.000207
v 0.008542 -0.001511 0.000095
v 0.008911 -0.001309 0.000118
v 0.008783 -0.001211 0.001234
v 0.007833 -0.001432 0.001591
v 0.007935 -0.001137 0.002593
v 0.006715 -0.001429 0.003672
v 0.006442 -0.001680 0.002889
v 0.006020 -0.001811 0.002307
v 0.007202 -0.001690 0.001077
v 0.008783 -0.001211 0.001234
v 0.008866 -0.000968 0.002020
v 0.014076 -0.033750 -0.002282
v 0.014269 -0.033837 -0.002211
v 0.014400 -0.033350 -0.002265
v 0.014112 -0.033326 -0.002376
v 0.014004 -0.033906 -0.002442
v 0.014168 -0.034082 -0.002336
v 0.013955 -0.033386 -0.002621
v 0.016163 -0.031633 -0.009008
v 0.015993 -0.031715 -0.009010
v 0.016053 -0.031082 -0.009082
v 0.016295 -0.031106 -0.008989
v 0.016193 -0.031738 -0.008860
v 0.016028 -0.031847 -0.008859
v 0.016425 -0.031161 -0.008798
v 0.005538 -0.053079 0.009787
v 0.005430 -0.052964 0.009911
v 0.005148 -0.053120 0.009306
v 0.005367 -0.053189 0.009259
v 0.005590 -0.053174 0.009210
v 0.005725 -0.053017 0.009866
v 0.005621 -0.052865 0.010081
v 0.000574 0.004061 0.011976
v 0.000902 0.004738 0.011522
v 0.001557 0.004668 0.011861
v 0.000819 0.003739 0.012384
v 0.000000 0.003398 0.012546
v 0.000000 0.003918 0.011937
v 0.000000 0.004760 0.011343
v 0.011666 -0.000315 0.002936
v 0.011679 0.000680 0.004137
v 0.010754 0.001069 0.004064
v 0.010736 0.000155 0.003192
v 0.011666 -0.000315 0.002936
v 0.010736 0.000155 0.003192
v 0.010563 -0.000310 0.002564
v 0.011125 -0.000668 0.002291
v 0.012735 -0.000230 0.002940
v 0.012685 0.000681 0.003986
v 0.012093 -0.001102 0.002271
v 0.012834 -0.000974 0.002300
v 0.011518 -0.001184 0.002025
v 0.012093 -0.001102 0.002271
v 0.010770 -0.028530 0.003504
v 0.011100 -0.028311 0.003273
v 0.011285 -0.028496 0.003403
v 0.010770 -0.028685 0.003666
v 0.010593 -0.028408 0.003577
v 0.010924 -0.028077 0.003287
v 0.010513 -0.028531 0.003775
v 0.014360 -0.034103 -0.002308
v 0.014425 -0.034171 -0.002496
v 0.014676 -0.033967 -0.002501
v 0.014519 -0.033894 -0.002254
v 0.014202 -0.034191 -0.002528
v 0.000565 0.007515 0.016578
v 0.000000 0.007529 0.016785
v 0.000000 0.006630 0.016274
v 0.000800 0.006980 0.016137
v 0.000741 0.008066 0.016489
v 0.000000 0.008210 0.016878
v 0.001314 0.007569 0.015869
v 0.003873 0.009402 0.009937
v 0.003921 0.010948 0.009427
v 0.003860 0.011210 0.010643
v 0.003926 0.009859 0.011155
v 0.003554 0.008393 0.011987
v 0.003494 0.007992 0.011298
v 0.003221 0.007531 0.010900
v 0.003449 0.008476 0.009701
v 0.003695 0.009633 0.008416
v 0.003681 0.010751 0.008203
v 0.003399 0.008760 0.008460
v 0.003415 0.004185 0.007444
v 0.003534 0.003130 0.007842
v 0.013588 -0.032219 0.001629
v 0.013629 -0.031879 0.001575
v 0.013442 -0.031918 0.001340
v 0.013463 -0.032403 0.001512
v 0.013761 -0.032682 0.001609
v 0.013824 -0.032355 0.001700
v 0.013909 -0.031921 0.001685
v 0.013989 -0.032927 0.001197
v 0.014111 -0.032780 0.001033
v 0.014254 -0.032728 0.001226
v 0.014042 -0.032923 0.001398
v 0.013733 -0.032884 0.001465
v 0.013770 -0.032925 0.001218
v 0.013872 -0.032798 0.000978
v 0.013671 -0.032702 0.000916
v 0.013528 -0.032688 0.001109
v 0.013478 -0.032160 0.000819
v 0.013712 -0.032292 0.000645
v 0.013990 -0.032375 0.000646
v 0.011037 -0.028612 0.004130
v 0.010857 -0.028493 0.004202
v 0.010670 -0.028564 0.004097
v 0.010911 -0.028722 0.004000
v 0.011487 -0.028556 0.003865
v 0.011468 -0.028421 0.004102
v 0.011468 -0.028421 0.004102
v 0.011358 -0.028217 0.004253
v 0.011394 0.001892 -0.002547
v 0.012216 0.002258 -0.002690
v 0.012381 0.001457 -0.002984
v 0.011765 0.001158 -0.002830
v 0.011297 0.000700 -0.002625
v 0.010984 0.001109 -0.002399
v 0.010394 0.001424 -0.002409
v 0.010513 0.002196 -0.002489
v 0.005429 -0.051554 -0.002264
v 0.005171 -0.051632 -0.002465
v 0.005069 -0.050714 -0.002232
v 0.005381 -0.050750 -0.002050
v 0.005594 -0.051687 -0.002059
v 0.005323 -0.052197 -0.002143
v 0.005636 -0.050786 -0.001826
v 0.012133 0.005690 0.000103
v 0.012377 0.005928 0.000506
v 0.012930 0.005614 0.000159
v 0.012383 0.005356 -0.000247
v 0.011691 0.005324 -0.000503
v 0.011615 0.005831 0.000031
v 0.011674 0.006153 0.000605
v 0.012417 0.003687 0.004795
v 0.012542 0.002849 0.004846
v 0.013236 0.002997 0.004562
v 0.012791 0.004008 0.004620
v 0.011706 0.003869 0.004781
v 0.011617 0.002897 0.004922
v 0.011883 0.004482 0.004568
v 0.003274 -0.013797 -0.004039
v 0.001677 -0.013216 -0.005201
v 0.001600 -0.012025 -0.005187
v 0.002827 -0.012290 -0.004038
v 0.003530 -0.012484 -0.003113
v 0.004071 -0.013875 -0.003019
v 0.003274 -0.013797 -0.004039
v 0.003156 -0.015042 -0.004706
v 0.001703 -0.014355 -0.005474
v 0.001677 -0.013216 -0.005201
v 0.006677 0.006561 0.005237
v 0.005390 0.006335 0.005527
v 0.005326 0.004551 0.005726
v 0.002207 0.012007 0.014600
v 0.002529 0.012275 0.013901
v 0.001928 0.013042 0.013950
v 0.001726 0.012366 0.014846
v 0.002322 0.011305 0.014757
v 0.002820 0.011315 0.013930
v 0.001721 0.011516 0.015328
v 0.010543 -0.028176 0.003605
v 0.010460 -0.028208 0.003816
v 0.010775 -0.027697 0.003710
v 0.010802 -0.027846 0.003437
v 0.010753 -0.028330 0.004228
v 0.010623 -0.028257 0.004188
v 0.011190 -0.027984 0.004290
v 0.011012 -0.027786 0.004196
v 0.015428 -0.026542 -0.003434
v 0.015331 -0.026079 -0.002902
v 0.014809 -0.025575 -0.002705
v 0.014733 -0.025255 -0.003403
v 0.014710 -0.024915 -0.003947
v 0.015191 -0.025450 -0.004511
v 0.016625 -0.025139 -0.004307
v 0.016684 -0.024231 -0.003918
v 0.016657 -0.024466 -0.003391
v 0.016685 -0.025199 -0.003696
v 0.016685 -0.025199 -0.003696
v 0.016723 -0.025972 -0.003913
v 0.016694 -0.024657 -0.004799
v 0.016668 -0.023914 -0.004404
v 0.016431 -0.023744 -0.002291
v 0.016133 -0.024622 -0.001661
v 0.016244 -0.025015 -0.002262
v 0.016499 -0.024660 -0.002789
v 0.016431 -0.023744 -0.002291
v 0.016499 -0.024660 -0.002789
v 0.016657 -0.023529 -0.003069
v 0.016667 -0.022086 -0.003044
v 0.016638 -0.022154 -0.002505
v 0.016467 -0.022038 -0.002107
v 0.016133 -0.024622 -0.001661
v 0.015808 -0.031820 -0.008639
v 0.015727 -0.031670 -0.008499
v 0.015625 -0.031670 -0.008658
v 0.015776 -0.031846 -0.008772
v 0.015897 -0.031861 -0.008829
v 0.015925 -0.031861 -0.008663
v 0.015909 -0.031700 -0.008467
v 0.015331 -0.026183 -0.002247
v 0.014847 -0.025988 -0.002175
v 0.003721 -0.050400 -0.000055
v 0.003738 -0.051225 0.000846
v 0.003902 -0.050849 0.001051
v 0.003905 -0.050056 0.000338
v 0.003938 -0.048840 0.000125
v 0.003762 -0.048943 -0.000170
v 0.003563 -0.050294 -0.000617
v 0.003507 -0.051238 -0.000721
v 0.003594 -0.051372 -0.000189
v 0.003655 -0.051756 0.000728
v 0.003659 -0.048974 -0.000511
v 0.004151 -0.052194 -0.002095
v 0.004419 -0.052292 -0.002175
v 0.004434 -0.052544 -0.001833
v 0.004085 -0.052329 -0.001800
v 0.003708 -0.051794 -0.001755
v 0.003899 -0.051709 -0.002135
v 0.004176 -0.051623 -0.002441
v 0.005975 -0.052464 0.010083
v 0.005882 -0.052347 0.010102
v 0.005786 -0.052443 0.010200
v 0.005918 -0.052571 0.010155
v 0.006094 -0.052588 0.009759
v 0.006085 -0.052411 0.009759
v 0.005997 -0.052237 0.009781
v 0.005882 -0.052347 0.010102
v 0.005405 -0.052688 0.010126
v 0.005459 -0.052586 0.010176
v 0.005183 -0.052550 0.009924
v 0.005192 -0.052717 0.009934
v 0.005514 -0.052770 0.010132
v 0.005613 -0.052684 0.010197
v 0.005291 -0.052873 0.009922
v 0.003462 -0.000650 -0.004640
v 0.002930 -0.002270 -0.004548
v 0.001524 -0.001535 -0.004747
v 0.001630 -0.000130 -0.004846
v 0.004872 -0.002081 -0.004078
v 0.004171 -0.003132 -0.003877
v 0.003068 0.001040 -0.004667
v 0.004301 0.000965 -0.004722
v 0.004936 -0.000324 -0.004454
v 0.005805 -0.001473 -0.003809
v 0.001620 0.001191 -0.005016
v 0.001714 0.010961 0.001821
v 0.001360 0.009913 0.000843
v 0.000000 0.010495 0.000566
v 0.000000 0.011392 0.001699
v 0.000000 0.012121 0.002601
v 0.001328 0.011963 0.002879
v 0.002231 0.011472 0.003430
v 0.002588 0.010715 0.002695
v 0.003330 0.009700 0.002439
v 0.002924 0.009605 0.001760
v 0.002476 0.008954 0.001078
v 0.004099 0.008834 0.001587
v 0.003660 0.008372 0.000842
v 0.002476 0.008954 0.001078
v 0.002033 0.007932 0.000249
v 0.001056 0.008547 0.000002
v 0.001360 0.009913 0.000843
v 0.003660 0.008372 0.000842
v 0.003169 0.007552 0.000019
v 0.004801 0.007922 0.000659
v 0.004408 0.007284 -0.000307
v 0.003071 0.006591 -0.001066
v 0.001967 0.006765 -0.000976
v 0.004332 0.006572 -0.001363
v 0.005649 0.006913 -0.000384
v 0.005605 0.006270 -0.001442
v 0.004496 0.005435 -0.002278
v 0.003301 0.005470 -0.002097
v 0.005784 0.005145 -0.002318
v 0.006632 0.005967 -0.001367
v 0.006812 0.004947 -0.002211
v 0.006168 0.004202 -0.003361
v 0.004803 0.004500 -0.003276
v 0.007339 0.004114 -0.003184
v 0.007806 0.004953 -0.001931
v 0.008297 0.004147 -0.002723
v 0.007766 0.003200 -0.003791
v 0.006488 0.003227 -0.004109
v 0.008774 0.003291 -0.003216
v 0.009203 0.004154 -0.002241
v 0.009586 0.003309 -0.002686
v 0.009034 0.002396 -0.003399
v 0.008067 0.002215 -0.003972
v 0.009806 0.002371 -0.002824
v 0.010365 0.003238 -0.002331
v 0.009820 0.001534 -0.002712
v 0.009209 0.001498 -0.003256
v 0.009701 0.000744 -0.002495
v 0.009280 0.000630 -0.002929
v 0.010159 0.000711 -0.002193
v 0.010616 0.000492 -0.002132
v 0.009929 0.000040 -0.001835
v 0.009579 0.000011 -0.002107
v 0.010309 -0.000127 -0.001768
v 0.010888 0.000148 -0.002319
v 0.010520 -0.000439 -0.001932
v 0.010309 -0.000127 -0.001768
v 0.010092 -0.000701 -0.001272
v 0.009779 -0.000546 -0.001308
v 0.009929 0.000040 -0.001835
v 0.010520 -0.000439 -0.001932
v 0.010219 -0.001004 -0.001415
v 0.010528 -0.000771 -0.002197
v 0.010252 -0.001335 -0.001628
v 0.010103 -0.001458 -0.000746
v 0.010000 -0.001102 -0.000626
v 0.010161 -0.001831 -0.000939
v 0.010161 -0.001831 -0.000939
v 0.010252 -0.001335 -0.001628
v 0.010232 -0.001684 -0.001914
v 0.010184 -0.002249 -0.001218
v 0.010283 -0.002175 -0.000215
v 0.010186 -0.001673 -0.000054
v 0.010404 -0.002730 -0.000490
v 0.010283 -0.002175 -0.000215
v 0.010230 -0.002740 -0.001717
v 0.010528 -0.003294 -0.000999
v 0.010794 -0.002979 0.000181
v 0.010541 -0.002228 0.000477
v 0.010993 -0.003779 -0.000322
v 0.010502 -0.003924 -0.001881
v 0.011112 -0.004491 -0.001166
v 0.011314 -0.004116 0.000299
v 0.011135 -0.003070 0.000771
v 0.011445 -0.004996 -0.000584
v 0.011204 -0.005197 -0.001952
v 0.011525 -0.005610 -0.001455
v 0.011445 -0.004996 -0.000584
v 0.011739 -0.005347 -0.000213
v 0.011584 -0.004356 0.000754
v 0.011314 -0.004116 0.000299
v 0.011525 -0.005610 -0.001455
v 0.011901 -0.005952 -0.001151
v 0.011776 -0.006335 -0.002219
v 0.012163 -0.006549 -0.001863
v 0.012384 -0.006110 -0.000910
v 0.012196 -0.005506 0.000027
v 0.012601 -0.006665 -0.001602
v 0.012422 -0.007289 -0.002329
v 0.012815 -0.007354 -0.002046
v 0.013060 -0.006667 -0.001459
v 0.012893 -0.006114 -0.000768
v 0.013233 -0.007338 -0.001917
v 0.013233 -0.007338 -0.001917
v 0.012815 -0.007354 -0.002046
v 0.012937 -0.008157 -0.002193
v 0.013392 -0.008158 -0.002042
v 0.013655 -0.007256 -0.001910
v 0.013509 -0.006543 -0.001463
v 0.013842 -0.008095 -0.002034
v 0.013655 -0.007256 -0.001910
v 0.013484 -0.009074 -0.001948
v 0.014025 -0.009054 -0.001970
v 0.014275 -0.007972 -0.002139
v 0.014054 -0.007119 -0.002019
v 0.014550 -0.008920 -0.002054
v 0.014143 -0.010071 -0.001925
v 0.014803 -0.009931 -0.001935
v 0.015043 -0.008723 -0.002300
v 0.014677 -0.007799 -0.002389
v 0.015397 -0.009734 -0.002131
v 0.014994 -0.011016 -0.001804
v 0.015662 -0.010898 -0.001974
v 0.015397 -0.009734 -0.002131
v 0.015829 -0.009616 -0.002580
v 0.015438 -0.008538 -0.002752
v 0.015043 -0.008723 -0.002300
v 0.015662 -0.010898 -0.001974
v 0.016105 -0.010836 -0.002398
v 0.015773 -0.012147 -0.001891
v 0.016284 -0.012114 -0.002296
v 0.016469 -0.010782 -0.002956
v 0.016180 -0.009543 -0.003125
v 0.016661 -0.012052 -0.002852
v 0.016378 -0.013390 -0.002251
v 0.016801 -0.013349 -0.002769
v 0.016919 -0.012023 -0.003488
v 0.016721 -0.010758 -0.003616
v 0.017074 -0.013331 -0.003360
v 0.016783 -0.014671 -0.002680
v 0.017036 -0.014691 -0.003246
v 0.017051 -0.013344 -0.004040
v 0.016907 -0.012033 -0.004199
v 0.017057 -0.014695 -0.003893
v 0.016778 -0.015979 -0.003146
v 0.016809 -0.015988 -0.003775
v 0.016923 -0.014707 -0.004547
v 0.016847 -0.013377 -0.004722
v 0.016736 -0.015998 -0.004397
v 0.016540 -0.017121 -0.003680
v 0.016507 -0.017171 -0.004273
v 0.016503 -0.016029 -0.004972
v 0.016627 -0.014767 -0.005177
v 0.016298 -0.017219 -0.004786
v 0.016298 -0.017219 -0.004786
v 0.016507 -0.017171 -0.004273
v 0.016447 -0.018302 -0.004119
v 0.016235 -0.018381 -0.004589
v 0.015929 -0.017263 -0.005188
v 0.016072 -0.016076 -0.005415
v 0.015889 -0.018450 -0.004954
v 0.015929 -0.017263 -0.005188
v 0.016318 -0.019547 -0.004361
v 0.015975 -0.019622 -0.004684
v 0.015889 -0.018450 -0.004954
v 0.015478 -0.018516 -0.005227
v 0.015472 -0.017308 -0.005502
v 0.015929 -0.017263 -0.005188
v 0.015975 -0.019622 -0.004684
v 0.015575 -0.019690 -0.004911
v 0.016098 -0.020750 -0.004458
v 0.015707 -0.020793 -0.004669
v 0.015151 -0.019756 -0.005077
v 0.015030 -0.018577 -0.005411
v 0.015286 -0.020851 -0.004811
v 0.015863 -0.021804 -0.004632
v 0.015444 -0.021837 -0.004759
v 0.014866 -0.020915 -0.004862
v 0.014710 -0.019808 -0.005134
v 0.015028 -0.021906 -0.004815
v 0.015633 -0.022689 -0.004926
v 0.015223 -0.022761 -0.004983
v 0.014625 -0.022007 -0.004752
v 0.014454 -0.020972 -0.004791
v 0.014825 -0.022899 -0.004943
v 0.015443 -0.023451 -0.005369
v 0.015052 -0.023632 -0.005312
v 0.014496 -0.023114 -0.004727
v 0.014280 -0.022148 -0.004537
v 0.014760 -0.023919 -0.005098
v 0.015338 -0.024242 -0.005774
v 0.015069 -0.024521 -0.005576
v 0.014653 -0.024256 -0.004752
v 0.014288 -0.023396 -0.004359
v 0.015008 -0.024833 -0.005252
v 0.015008 -0.024833 -0.005252
v 0.015069 -0.024521 -0.005576
v 0.015406 -0.025059 -0.006129
v 0.015339 -0.025316 -0.005855
v 0.015008 -0.024833 -0.005252
v 0.015085 -0.025141 -0.004892
v 0.014673 -0.024590 -0.004357
v 0.014653 -0.024256 -0.004752
v 0.015008 -0.024833 -0.005252
v 0.015339 -0.025316 -0.005855
v 0.015441 -0.025549 -0.005537
v 0.015085 -0.025141 -0.004892
v 0.015679 -0.025858 -0.006461
v 0.015768 -0.026041 -0.006208
v 0.015679 -0.025858 -0.006461
v 0.015728 -0.025648 -0.006706
v 0.015931 -0.026391 -0.007216
v 0.015900 -0.026545 -0.006973
v 0.015900 -0.026545 -0.006973
v 0.015966 -0.026687 -0.006745
v 0.015867 -0.027424 -0.007411
v 0.015971 -0.027540 -0.007176
v 0.016169 -0.026776 -0.006582
v 0.016190 -0.027619 -0.007027
v 0.015879 -0.028514 -0.007540
v 0.016109 -0.028593 -0.007387
v 0.016465 -0.027643 -0.007001
v 0.016452 -0.026787 -0.006537
v 0.016404 -0.028619 -0.007396
v 0.016027 -0.029571 -0.007725
v 0.016307 -0.029601 -0.007727
v 0.016659 -0.028594 -0.007530
v 0.016717 -0.027600 -0.007120
v 0.016546 -0.029585 -0.007873
v 0.016218 -0.030516 -0.007967
v 0.016448 -0.030504 -0.008125
v 0.016680 -0.029527 -0.008115
v 0.016797 -0.028522 -0.007764
v 0.016568 -0.030459 -0.008371
v 0.016559 -0.030397 -0.008632
v 0.016688 -0.029450 -0.008388
v 0.016425 -0.031161 -0.008798
v 0.016559 -0.030397 -0.008632
v 0.016411 -0.030330 -0.008853
v 0.016555 -0.029369 -0.008626
v 0.016688 -0.029450 -0.008388
v 0.016169 -0.030279 -0.008978
v 0.016312 -0.029302 -0.008757
v 0.015900 -0.030245 -0.008975
v 0.016028 -0.029272 -0.008745
v 0.015830 -0.031044 -0.009088
v 0.015850 -0.031690 -0.008991
v 0.015655 -0.030243 -0.008839
v 0.015783 -0.029282 -0.008607
v 0.015523 -0.030280 -0.008594
v 0.015643 -0.029335 -0.008364
v 0.015539 -0.030347 -0.008309
v 0.015645 -0.029417 -0.008089
v 0.015539 -0.030347 -0.008309
v 0.015693 -0.030420 -0.008080
v 0.015790 -0.029503 -0.007861
v 0.015645 -0.029417 -0.008089
v 0.015500 -0.031112 -0.008478
v 0.015655 -0.031175 -0.008269
v 0.015899 -0.031225 -0.008174
v 0.015942 -0.030482 -0.007957
v 0.015764 -0.028413 -0.007788
v 0.015764 -0.028413 -0.007788
v 0.015780 -0.028318 -0.008050
v 0.015867 -0.027424 -0.007411
v 0.015900 -0.027312 -0.007660
v 0.016051 -0.027229 -0.007868
v 0.015928 -0.028247 -0.008283
v 0.016086 -0.026266 -0.007411
v 0.016347 -0.026189 -0.007517
v 0.016296 -0.027196 -0.007980
v 0.015924 -0.025447 -0.006882
v 0.016230 -0.025320 -0.006937
v 0.015642 -0.024816 -0.006304
v 0.015976 -0.024647 -0.006361
v 0.015338 -0.024242 -0.005774
v 0.015704 -0.024051 -0.005837
v 0.016108 -0.023974 -0.005770
v 0.016350 -0.024596 -0.006279
v 0.015704 -0.024051 -0.005837
v 0.015866 -0.023367 -0.005316
v 0.016108 -0.023974 -0.005770
v 0.016271 -0.023411 -0.005140
v 0.016471 -0.024058 -0.005554
v 0.016047 -0.022684 -0.004803
v 0.016413 -0.022785 -0.004549
v 0.016565 -0.023618 -0.004822
v 0.016253 -0.021816 -0.004415
v 0.016253 -0.021816 -0.004415
v 0.016536 -0.021880 -0.004063
v 0.016622 -0.022981 -0.004166
v 0.016413 -0.022785 -0.004549
v 0.016098 -0.020750 -0.004458
v 0.016412 -0.020719 -0.004128
v 0.016575 -0.020693 -0.003700
v 0.016649 -0.021986 -0.003583
v 0.016520 -0.019468 -0.003913
v 0.016522 -0.019395 -0.003400
v 0.016598 -0.020668 -0.003202
v 0.016465 -0.018218 -0.003569
v 0.016359 -0.018144 -0.003006
v 0.016458 -0.019334 -0.002897
v 0.016540 -0.017121 -0.003680
v 0.016447 -0.017057 -0.003075
v 0.016193 -0.016966 -0.002504
v 0.016154 -0.018094 -0.002482
v 0.016447 -0.017057 -0.003075
v 0.016525 -0.015896 -0.002541
v 0.016193 -0.016966 -0.002504
v 0.016002 -0.015732 -0.002104
v 0.015807 -0.016872 -0.002007
v 0.016270 -0.014601 -0.002216
v 0.015631 -0.014497 -0.001798
v 0.015468 -0.015586 -0.001688
v 0.015754 -0.013376 -0.001834
v 0.015754 -0.013376 -0.001834
v 0.015034 -0.013278 -0.001542
v 0.014931 -0.014379 -0.001411
v 0.015631 -0.014497 -0.001798
v 0.015773 -0.012147 -0.001891
v 0.015081 -0.012133 -0.001715
v 0.014221 -0.012130 -0.001714
v 0.014199 -0.013202 -0.001469
v 0.014190 -0.011098 -0.001853
v 0.013385 -0.011055 -0.001756
v 0.013370 -0.012121 -0.001664
v 0.013452 -0.010050 -0.001862
v 0.012796 -0.009901 -0.001888
v 0.012652 -0.010957 -0.001724
v 0.012930 -0.009008 -0.002081
v 0.012461 -0.008945 -0.002446
v 0.012264 -0.009805 -0.002218
v 0.012538 -0.008106 -0.002514
v 0.012206 -0.008048 -0.002940
v 0.012097 -0.008916 -0.002927
v 0.012422 -0.007289 -0.002329
v 0.012094 -0.007183 -0.002724
v 0.011827 -0.007072 -0.003199
v 0.011923 -0.007991 -0.003472
v 0.012094 -0.007183 -0.002724
v 0.011776 -0.006335 -0.002219
v 0.011493 -0.006119 -0.002659
v 0.011827 -0.007072 -0.003199
v 0.012094 -0.007183 -0.002724
v 0.011252 -0.005924 -0.003260
v 0.011623 -0.006949 -0.003808
v 0.010704 -0.004875 -0.002661
v 0.010379 -0.004605 -0.003382
v 0.011129 -0.005744 -0.003959
v 0.010118 -0.003441 -0.002520
v 0.009943 -0.002973 -0.003214
v 0.010366 -0.004288 -0.004010
v 0.010163 -0.002178 -0.002422
v 0.010266 -0.001680 -0.003083
v 0.010121 -0.002613 -0.003842
v 0.010436 -0.001150 -0.002554
v 0.010436 -0.001150 -0.002554
v 0.010812 -0.000690 -0.003085
v 0.010556 -0.001290 -0.003667
v 0.010266 -0.001680 -0.003083
v 0.010528 -0.000771 -0.002197
v 0.010934 -0.000230 -0.002640
v 0.010528 -0.000771 -0.002197
v 0.011401 0.000234 -0.002971
v 0.011300 -0.000343 -0.003521
v 0.010934 -0.000230 -0.002640
v 0.011401 0.000234 -0.002971
v 0.010528 -0.000771 -0.002197
v 0.011904 0.000556 -0.003241
v 0.011872 -0.000179 -0.003852
v 0.011904 0.000556 -0.003241
v 0.012479 0.000669 -0.003365
v 0.012480 -0.000136 -0.003998
v 0.012479 0.000669 -0.003365
v 0.013051 0.000691 -0.003362
v 0.013089 -0.000155 -0.003973
v 0.013033 0.001605 -0.003044
v 0.013051 0.000691 -0.003362
v 0.013670 0.001583 -0.002884
v 0.013591 0.000618 -0.003192
v 0.012986 0.002577 -0.002756
v 0.013739 0.002589 -0.002514
v 0.012946 0.003511 -0.002158
v 0.013710 0.003541 -0.001907
v 0.012099 0.003335 -0.002197
v 0.011984 0.004141 -0.001623
v 0.012844 0.004336 -0.001494
v 0.011227 0.003165 -0.002188
v 0.011054 0.004065 -0.001711
v 0.010113 0.004111 -0.001916
v 0.009928 0.004956 -0.001456
v 0.010921 0.004818 -0.001215
v 0.008896 0.005006 -0.001698
v 0.008795 0.005832 -0.001172
v 0.009896 0.005762 -0.000998
v 0.007679 0.005821 -0.001245
v 0.007751 0.006460 -0.000384
v 0.008805 0.006427 -0.000386
v 0.006726 0.006634 -0.000388
v 0.006944 0.007285 0.000492
v 0.007934 0.006991 0.000472
v 0.005915 0.007553 0.000572
v 0.005915 0.007553 0.000572
v 0.006238 0.007971 0.001494
v 0.007235 0.007674 0.001414
v 0.006944 0.007285 0.000492
v 0.004801 0.007922 0.000659
v 0.005194 0.008318 0.001521
v 0.005398 0.008466 0.002401
v 0.006476 0.008079 0.002452
v 0.004318 0.009002 0.002338
v 0.004355 0.008927 0.003092
v 0.005410 0.008428 0.003176
v 0.003537 0.009462 0.003199
v 0.003644 0.008906 0.003938
v 0.004310 0.008572 0.003871
v 0.003005 0.010098 0.003525
v 0.003228 0.009304 0.004169
v 0.002742 0.010601 0.004043
v 0.003095 0.009674 0.004556
v 0.002727 0.010965 0.004782
v 0.003161 0.009985 0.005083
v 0.002061 0.011872 0.004451
v 0.002079 0.012193 0.005551
v 0.002814 0.011245 0.005778
v 0.001135 0.012489 0.004059
v 0.001097 0.012925 0.005257
v 0.000000 0.012773 0.003795
v 0.000000 0.013276 0.005093
v 0.000000 0.013805 0.006334
v 0.001169 0.013380 0.006454
v 0.000000 0.014273 0.007597
v 0.001261 0.013763 0.007671
v 0.000000 0.014544 0.008901
v 0.001326 0.014037 0.008918
v 0.000000 0.014569 0.010212
v 0.001336 0.014161 0.010198
v 0.000000 0.014337 0.011472
v 0.001269 0.014124 0.011484
v 0.000000 0.014279 0.012807
v 0.001181 0.014011 0.012802
v 0.000000 0.013870 0.014130
v 0.001067 0.013578 0.014046
v 0.000000 0.013078 0.015161
v 0.000960 0.012778 0.015030
v 0.000000 0.012018 0.016043
v 0.000977 0.011810 0.015779
v 0.000000 0.010954 0.016483
v 0.000983 0.010751 0.016090
v 0.000000 0.009882 0.016499
v 0.000888 0.009731 0.016142
v 0.000000 0.008973 0.016606
v 0.000803 0.008823 0.016241
v 0.001475 0.008440 0.015536
v 0.001440 0.009445 0.015300
v 0.002127 0.007960 0.014894
v 0.002127 0.009156 0.014623
v 0.001708 0.010484 0.015461
v 0.002291 0.010273 0.014726
v 0.002291 0.010273 0.014726
v 0.002127 0.009156 0.014623
v 0.002795 0.008975 0.014082
v 0.002843 0.010218 0.013991
v 0.002843 0.010218 0.013991
v 0.002540 0.007576 0.014289
v 0.002926 0.007252 0.013697
v 0.003122 0.008830 0.013355
v 0.002127 0.007960 0.014894
v 0.003281 0.010215 0.013151
v 0.003411 0.008648 0.012633
v 0.003666 0.010131 0.012175
v 0.003281 0.010215 0.013151
v 0.003267 0.011417 0.012979
v 0.003666 0.010131 0.012175
v 0.003674 0.011414 0.011865
v 0.003245 0.012574 0.011653
v 0.002909 0.012500 0.012861
v 0.003393 0.012436 0.010374
v 0.003369 0.012165 0.009150
v 0.002519 0.013477 0.010237
v 0.002384 0.013514 0.011531
v 0.002497 0.013233 0.008982
v 0.003139 0.011802 0.007977
v 0.002357 0.012890 0.007789
v 0.003529 0.010484 0.006993
v 0.002915 0.011456 0.006860
v 0.002192 0.012538 0.006654
v 0.003649 0.009516 0.007147
v 0.003464 0.009298 0.006116
v 0.003355 0.010291 0.005887
v 0.003315 0.008639 0.007322
v 0.003141 0.008425 0.006484
v 0.002740 0.007872 0.007531
v 0.002657 0.007680 0.006832
v 0.002802 0.007959 0.008461
v 0.002802 0.007959 0.008461
v 0.001991 0.007439 0.008471
v 0.002000 0.007266 0.007701
v 0.002740 0.007872 0.007531
v 0.002762 0.007754 0.009515
v 0.001983 0.007315 0.009401
v 0.002762 0.007754 0.009515
v 0.002700 0.007078 0.010510
v 0.001988 0.006725 0.010241
v 0.002700 0.007078 0.010510
v 0.002616 0.005858 0.011330
v 0.001995 0.005713 0.010989
v 0.003086 0.006095 0.011730
v 0.002616 0.005858 0.011330
v 0.002377 0.004673 0.012661
v 0.002015 0.004642 0.012249
v 0.003360 0.006388 0.012197
v 0.002617 0.004809 0.013112
v 0.003443 0.006683 0.012712
v 0.002690 0.005053 0.013561
v 0.003443 0.006683 0.012712
v 0.003308 0.006961 0.013212
v 0.002588 0.005383 0.013947
v 0.002690 0.005053 0.013561
v 0.003554 0.008393 0.011987
v 0.002385 0.005751 0.014315
v 0.001343 0.004730 0.015208
v 0.001453 0.004179 0.014894
v 0.002070 0.006215 0.014702
v 0.001159 0.005401 0.015379
v 0.001704 0.006870 0.015198
v 0.000978 0.006213 0.015586
v 0.001704 0.006870 0.015198
v 0.000978 0.006213 0.015586
v 0.000000 0.006013 0.015807
v 0.000000 0.005209 0.015801
v 0.000000 0.006013 0.015807
v 0.000000 0.004343 0.015772
v 0.000000 0.003606 0.015483
v 0.000000 0.003083 0.014944
v 0.001505 0.003766 0.014457
v 0.000000 0.003083 0.014944
v 0.000000 0.002856 0.014305
v 0.001478 0.003520 0.013927
v 0.001505 0.003766 0.014457
v 0.000000 0.002906 0.013666
v 0.001344 0.003467 0.013373
v 0.000000 0.003109 0.013084
v 0.001135 0.003556 0.012845
v 0.000000 0.003109 0.013084
v 0.001135 0.003556 0.012845
v 0.002015 0.004642 0.012249
v 0.001123 0.005640 0.010771
v 0.001097 0.006524 0.010079
v 0.000000 0.005637 0.010694
v 0.000000 0.006596 0.009938
v 0.001061 0.007093 0.009360
v 0.000000 0.007077 0.009344
v 0.000000 0.007153 0.008485
v 0.001053 0.007180 0.008481
v 0.000000 0.006943 0.007799
v 0.001057 0.006919 0.007816
v 0.000000 0.006720 0.007366
v 0.001046 0.006718 0.007299
v 0.000000 0.006378 0.007135
v 0.001028 0.006495 0.006980
v 0.000000 0.005984 0.007099
v 0.001066 0.006109 0.006816
v 0.000000 0.005561 0.007187
v 0.002051 0.006572 0.006447
v 0.001906 0.006927 0.006704
v 0.002641 0.007236 0.006071
v 0.002549 0.007532 0.006399
v 0.002641 0.007236 0.006071
v 0.002971 0.007986 0.005637
v 0.002971 0.008254 0.005982
v 0.002549 0.007532 0.006399
v 0.002989 0.006921 0.005975
v 0.003274 0.007714 0.005490
v 0.003444 0.006641 0.005935
v 0.003705 0.007494 0.005437
v 0.003326 0.008482 0.004828
v 0.003135 0.008802 0.005103
v 0.003737 0.008217 0.004701
v 0.004347 0.007298 0.005362
v 0.004334 0.008020 0.004666
v 0.004305 0.006392 0.005780
v 0.005390 0.006335 0.005527
v 0.005249 0.007170 0.005232
v 0.005240 0.007823 0.004636
v 0.006556 0.007111 0.005014
v 0.006510 0.007543 0.004578
v 0.005319 0.008227 0.003920
v 0.006528 0.007803 0.003991
v 0.007827 0.007217 0.004194
v 0.007690 0.007404 0.003711
v 0.006547 0.007980 0.003303
v 0.007552 0.007544 0.003153
v 0.008560 0.007100 0.003250
v 0.008426 0.007226 0.002801
v 0.007432 0.007701 0.002364
v 0.008299 0.007336 0.002167
v 0.009240 0.007065 0.002484
v 0.009144 0.007123 0.001931
v 0.008144 0.007307 0.001334
v 0.009037 0.007050 0.001239
v 0.010026 0.007010 0.001754
v 0.009961 0.006876 0.001157
v 0.008909 0.006815 0.000465
v 0.007934 0.006991 0.000472
v 0.009912 0.006658 0.000486
v 0.010869 0.006625 0.001150
v 0.010853 0.006451 0.000543
v 0.009912 0.006658 0.000486
v 0.009897 0.006355 -0.000296
v 0.008909 0.006815 0.000465
v 0.010853 0.006451 0.000543
v 0.010875 0.006118 -0.000141
v 0.010870 0.005526 -0.000759
v 0.011830 0.004779 -0.001027
v 0.012642 0.004934 -0.000795
v 0.013324 0.005114 -0.000431
v 0.013602 0.004440 -0.001211
v 0.013324 0.005114 -0.000431
v 0.013847 0.005089 0.000082
v 0.014201 0.004370 -0.000746
v 0.013602 0.004440 -0.001211
v 0.012930 0.005614 0.000159
v 0.013335 0.005711 0.000731
v 0.013626 0.005667 0.001353
v 0.014241 0.004943 0.000675
v 0.012618 0.006119 0.001051
v 0.012797 0.006180 0.001651
v 0.012377 0.005928 0.000506
v 0.011756 0.006340 0.001172
v 0.011833 0.006434 0.001717
v 0.011674 0.006153 0.000605
v 0.010910 0.006740 0.001703
v 0.010927 0.006726 0.002224
v 0.011872 0.006428 0.002256
v 0.010076 0.006990 0.002296
v 0.010106 0.006831 0.002750
v 0.010896 0.006582 0.002680
v 0.009336 0.006931 0.002926
v 0.009434 0.006741 0.003291
v 0.010110 0.006583 0.003121
v 0.008729 0.006922 0.003656
v 0.008849 0.006672 0.003930
v 0.009481 0.006430 0.003557
v 0.007898 0.006921 0.004504
v 0.007974 0.006536 0.004664
v 0.008872 0.006309 0.004082
v 0.006677 0.006561 0.005237
v 0.007974 0.006536 0.004664
v 0.008797 0.005870 0.004123
v 0.008872 0.006309 0.004082
v 0.009217 0.005481 0.003832
v 0.009421 0.006015 0.003735
v 0.009590 0.005171 0.003822
v 0.009870 0.005751 0.003630
v 0.009421 0.006015 0.003735
v 0.009870 0.005751 0.003630
v 0.010035 0.006221 0.003418
v 0.010392 0.005519 0.003696
v 0.010636 0.005980 0.003405
v 0.010804 0.006335 0.003078
v 0.011452 0.005727 0.003635
v 0.011691 0.006053 0.003233
v 0.011831 0.006292 0.002771
v 0.012678 0.005697 0.003466
v 0.012844 0.005980 0.002906
v 0.012876 0.006158 0.002275
v 0.013765 0.005235 0.002667
v 0.013773 0.005496 0.002018
v 0.013638 0.004927 0.003286
v 0.014279 0.003983 0.002790
v 0.014424 0.004353 0.002080
v 0.014460 0.004696 0.001365
v 0.014904 0.003475 0.001386
v 0.014885 0.003845 0.000606
v 0.014640 0.004152 -0.000127
v 0.015076 0.002878 -0.000133
v 0.014848 0.003212 -0.000875
v 0.014361 0.003445 -0.001483
v 0.014818 0.002182 -0.001498
v 0.014350 0.002431 -0.002068
v 0.013710 0.003541 -0.001907
v 0.013739 0.002589 -0.002514
v 0.015082 0.001850 -0.000779
v 0.014842 0.000836 -0.001272
v 0.014579 0.001163 -0.001943
v 0.014191 0.001417 -0.002481
v 0.014401 0.000216 -0.002331
v 0.014054 0.000457 -0.002838
v 0.013670 0.001583 -0.002884
v 0.013591 0.000618 -0.003192
v 0.014401 0.000216 -0.002331
v 0.014618 -0.000103 -0.001687
v 0.014736 -0.000958 -0.002170
v 0.014529 -0.000642 -0.002834
v 0.014618 -0.000103 -0.001687
v 0.014175 -0.000393 -0.003384
v 0.014054 0.000457 -0.002838
v 0.014867 -0.001475 -0.003383
v 0.014420 -0.001242 -0.003973
v 0.013672 -0.000233 -0.003772
v 0.013591 0.000618 -0.003192
v 0.013854 -0.001081 -0.004418
v 0.014543 -0.002265 -0.004388
v 0.013984 -0.002125 -0.004816
v 0.013854 -0.001081 -0.004418
v 0.013186 -0.000987 -0.004687
v 0.013672 -0.000233 -0.003772
v 0.013984 -0.002125 -0.004816
v 0.013308 -0.002063 -0.005060
v 0.014046 -0.003257 -0.005095
v 0.013451 -0.003216 -0.005261
v 0.012577 -0.002053 -0.005118
v 0.012459 -0.000954 -0.004705
v 0.012830 -0.003243 -0.005295
v 0.013651 -0.004364 -0.005891
v 0.013106 -0.004364 -0.005963
v 0.012185 -0.003322 -0.005234
v 0.011826 -0.002067 -0.005055
v 0.012569 -0.004496 -0.005866
v 0.013395 -0.005648 -0.006910
v 0.012865 -0.005750 -0.006827
v 0.012085 -0.004710 -0.005684
v 0.011550 -0.003480 -0.005147
v 0.012399 -0.005921 -0.006616
v 0.012399 -0.005921 -0.006616
v 0.012865 -0.005750 -0.006827
v 0.013159 -0.007358 -0.007346
v 0.012686 -0.007450 -0.007119
v 0.011982 -0.006139 -0.006294
v 0.011656 -0.004964 -0.005426
v 0.012281 -0.007568 -0.006739
v 0.011982 -0.006139 -0.006294
v 0.012701 -0.009031 -0.007344
v 0.012267 -0.009077 -0.006935
v 0.011959 -0.007689 -0.006237
v 0.011712 -0.006395 -0.005824
v 0.011960 -0.009118 -0.006400
v 0.012072 -0.010623 -0.007019
v 0.011741 -0.010558 -0.006378
v 0.011960 -0.009118 -0.006400
v 0.011719 -0.009133 -0.005756
v 0.011732 -0.007799 -0.005604
v 0.011959 -0.007689 -0.006237
v 0.011741 -0.010558 -0.006378
v 0.011546 -0.010427 -0.005617
v 0.011770 -0.011888 -0.005968
v 0.011566 -0.011611 -0.005202
v 0.011366 -0.010247 -0.004823
v 0.011543 -0.009076 -0.005015
v 0.011392 -0.011362 -0.004415
v 0.011714 -0.012715 -0.004667
v 0.011495 -0.012497 -0.003976
v 0.011264 -0.011126 -0.003678
v 0.011343 -0.010025 -0.004040
v 0.011357 -0.012340 -0.003327
v 0.011540 -0.013766 -0.003669
v 0.011435 -0.013665 -0.003087
v 0.011437 -0.012236 -0.002745
v 0.011388 -0.010946 -0.003017
v 0.011523 -0.013574 -0.002540
v 0.011644 -0.015056 -0.002889
v 0.011720 -0.014973 -0.002354
v 0.011780 -0.013487 -0.002056
v 0.011707 -0.012175 -0.002262
v 0.011964 -0.014864 -0.001888
v 0.012221 -0.016354 -0.002306
v 0.012422 -0.016254 -0.001834
v 0.012352 -0.014742 -0.001532
v 0.012190 -0.013403 -0.001677
v 0.012781 -0.016069 -0.001480
v 0.012993 -0.017383 -0.001965
v 0.013321 -0.017245 -0.001602
v 0.013268 -0.015828 -0.001321
v 0.012903 -0.014574 -0.001369
v 0.013719 -0.017102 -0.001349
v 0.013719 -0.017102 -0.001349
v 0.013321 -0.017245 -0.001602
v 0.013631 -0.018432 -0.001753
v 0.014001 -0.018366 -0.001537
v 0.014136 -0.016983 -0.001173
v 0.013769 -0.015645 -0.001252
v 0.014391 -0.018307 -0.001425
v 0.014136 -0.016983 -0.001173
v 0.014119 -0.019545 -0.001619
v 0.014515 -0.019491 -0.001524
v 0.014778 -0.018256 -0.001406
v 0.014569 -0.016895 -0.001131
v 0.014925 -0.019438 -0.001510
v 0.014622 -0.020584 -0.001455
v 0.015039 -0.020543 -0.001458
v 0.015328 -0.019385 -0.001595
v 0.015156 -0.018189 -0.001492
v 0.015451 -0.020534 -0.001549
v 0.015115 -0.021562 -0.001297
v 0.015513 -0.021611 -0.001359
v 0.015843 -0.020544 -0.001720
v 0.015693 -0.019340 -0.001775
v 0.015895 -0.021724 -0.001519
v 0.015529 -0.022512 -0.000834
v 0.015827 -0.022823 -0.001023
v 0.015895 -0.021724 -0.001519
v 0.016217 -0.021873 -0.001783
v 0.016178 -0.020559 -0.001975
v 0.015843 -0.020544 -0.001720
v 0.016428 -0.020589 -0.002327
v 0.016304 -0.019299 -0.002432
v 0.016025 -0.019306 -0.002048
v 0.016561 -0.020638 -0.002731
v 0.015852 -0.018086 -0.002036
v 0.015512 -0.018120 -0.001704
v 0.015693 -0.019340 -0.001775
v 0.015807 -0.016872 -0.002007
v 0.015421 -0.016824 -0.001575
v 0.015421 -0.016824 -0.001575
v 0.015019 -0.016838 -0.001251
v 0.015512 -0.018120 -0.001704
v 0.015421 -0.016824 -0.001575
v 0.015468 -0.015586 -0.001688
v 0.014902 -0.015508 -0.001334
v 0.015019 -0.016838 -0.001251
v 0.015421 -0.016824 -0.001575
v 0.014312 -0.015528 -0.001215
v 0.014569 -0.016895 -0.001131
v 0.014184 -0.014337 -0.001288
v 0.013497 -0.014423 -0.001355
v 0.013401 -0.013238 -0.001522
v 0.012748 -0.013316 -0.001507
v 0.012671 -0.012130 -0.001663
v 0.012128 -0.012146 -0.001876
v 0.012101 -0.010899 -0.002001
v 0.011696 -0.010887 -0.002466
v 0.011872 -0.009798 -0.002730
v 0.011549 -0.009860 -0.003339
v 0.011792 -0.008925 -0.003513
v 0.011571 -0.008983 -0.004218
v 0.011708 -0.007939 -0.004137
v 0.011637 -0.007879 -0.004893
v 0.011623 -0.006949 -0.003808
v 0.011531 -0.006806 -0.004516
v 0.011575 -0.006632 -0.005209
v 0.011531 -0.006806 -0.004516
v 0.011161 -0.005499 -0.004573
v 0.011575 -0.006632 -0.005209
v 0.011341 -0.005231 -0.005059
v 0.011712 -0.006395 -0.005824
v 0.010581 -0.003987 -0.004532
v 0.010581 -0.003987 -0.004532
v 0.010967 -0.003708 -0.004942
v 0.011341 -0.005231 -0.005059
v 0.010121 -0.002613 -0.003842
v 0.010500 -0.002311 -0.004394
v 0.011118 -0.002140 -0.004796
v 0.011085 -0.001069 -0.004177
v 0.011747 -0.000984 -0.004528
v 0.011712 -0.006395 -0.005824
v 0.011712 -0.006395 -0.005824
v 0.015134 -0.022351 -0.000768
v 0.015056 -0.022994 -0.000090
v 0.015414 -0.023258 -0.000156
v 0.015636 -0.023707 -0.000315
v 0.014723 -0.022333 -0.000812
v 0.014638 -0.022905 -0.000123
v 0.014724 -0.021576 -0.001297
v 0.014353 -0.021655 -0.001409
v 0.014343 -0.022422 -0.000947
v 0.014226 -0.020657 -0.001575
v 0.013871 -0.020748 -0.001791
v 0.014037 -0.021799 -0.001629
v 0.013751 -0.019598 -0.001823
v 0.013470 -0.019642 -0.002136
v 0.013613 -0.020842 -0.002109
v 0.013327 -0.018484 -0.002094
v 0.013147 -0.018521 -0.002525
v 0.013302 -0.019675 -0.002535
v 0.012993 -0.017383 -0.001965
v 0.012804 -0.017453 -0.002426
v 0.012747 -0.017465 -0.002943
v 0.013089 -0.018536 -0.003013
v 0.012804 -0.017453 -0.002426
v 0.012159 -0.016390 -0.002836
v 0.012747 -0.017465 -0.002943
v 0.012243 -0.016364 -0.003402
v 0.012793 -0.017444 -0.003504
v 0.011754 -0.015104 -0.003450
v 0.011988 -0.015137 -0.004038
v 0.012446 -0.016293 -0.003983
v 0.011765 -0.013882 -0.004273
v 0.012125 -0.014052 -0.004936
v 0.012325 -0.015184 -0.004674
v 0.012005 -0.012978 -0.005370
v 0.012005 -0.012978 -0.005370
v 0.012460 -0.013209 -0.006004
v 0.012621 -0.014231 -0.005577
v 0.012125 -0.014052 -0.004936
v 0.011770 -0.011888 -0.005968
v 0.012186 -0.012087 -0.006611
v 0.012751 -0.012155 -0.007077
v 0.013052 -0.013296 -0.006486
v 0.012602 -0.010642 -0.007465
v 0.013211 -0.010619 -0.007694
v 0.013417 -0.012118 -0.007333
v 0.013235 -0.008995 -0.007559
v 0.013801 -0.008965 -0.007576
v 0.013868 -0.010554 -0.007695
v 0.013698 -0.007305 -0.007404
v 0.014235 -0.007316 -0.007245
v 0.014334 -0.008950 -0.007387
v 0.013395 -0.005648 -0.006910
v 0.013959 -0.005668 -0.006770
v 0.014448 -0.005749 -0.006504
v 0.014721 -0.007379 -0.006921
v 0.013959 -0.005668 -0.006770
v 0.014156 -0.004439 -0.005678
v 0.014448 -0.005749 -0.006504
v 0.014156 -0.004439 -0.005678
v 0.014610 -0.004561 -0.005356
v 0.014882 -0.005859 -0.006129
v 0.014448 -0.005749 -0.006504
v 0.014046 -0.003257 -0.005095
v 0.014554 -0.003391 -0.004755
v 0.014902 -0.003612 -0.004268
v 0.014934 -0.004749 -0.004898
v 0.014957 -0.002485 -0.003834
v 0.015185 -0.002805 -0.003195
v 0.015100 -0.003899 -0.003716
v 0.015005 -0.001819 -0.002682
v 0.015119 -0.002226 -0.001911
v 0.015283 -0.003214 -0.002508
v 0.014862 -0.001362 -0.001372
v 0.014756 -0.001920 -0.000533
v 0.015008 -0.002731 -0.001140
v 0.014655 -0.000502 -0.000923
v 0.014551 -0.001007 -0.000091
v 0.014655 -0.000502 -0.000923
v 0.014899 0.000446 -0.000480
v 0.014745 0.000006 0.000362
v 0.014551 -0.001007 -0.000091
v 0.015123 0.001464 0.000028
v 0.014982 0.001053 0.000881
v 0.015137 0.002504 0.000672
v 0.014989 0.002100 0.001523
v 0.014759 0.003074 0.002192
v 0.014384 0.002649 0.002940
v 0.014645 0.001700 0.002323
v 0.013980 0.003599 0.003433
v 0.013660 0.003266 0.004038
v 0.013928 0.002256 0.003607
v 0.013457 0.004604 0.003866
v 0.013147 0.004289 0.004348
v 0.012439 0.005355 0.003932
v 0.012153 0.004956 0.004302
v 0.011139 0.005282 0.003955
v 0.011139 0.005282 0.003955
v 0.010817 0.004713 0.004225
v 0.012153 0.004956 0.004302
v 0.010392 0.005519 0.003696
v 0.010062 0.004937 0.003967
v 0.009698 0.004215 0.004290
v 0.010614 0.003970 0.004497
v 0.009539 0.003323 0.004567
v 0.010595 0.003063 0.004660
v 0.009539 0.003323 0.004567
v 0.009648 0.002351 0.004503
v 0.010656 0.002082 0.004535
v 0.010595 0.003063 0.004660
v 0.009778 0.001353 0.004159
v 0.010754 0.001069 0.004064
v 0.008800 0.001565 0.004365
v 0.008935 0.000605 0.003963
v 0.009868 0.000465 0.003530
v 0.007785 0.001727 0.004687
v 0.007918 0.000701 0.004450
v 0.006783 0.001812 0.005370
v 0.006842 0.000700 0.005223
v 0.005759 0.001862 0.006331
v 0.005661 0.000755 0.006117
v 0.005735 0.002880 0.006369
v 0.005447 0.003875 0.006141
v 0.004624 0.002982 0.007240
v 0.004608 0.001982 0.007244
v 0.004373 0.003983 0.006882
v 0.004373 0.003983 0.006882
v 0.005447 0.003875 0.006141
v 0.003405 0.002112 0.007845
v 0.003263 0.001033 0.007647
v 0.004461 0.000883 0.006997
v 0.002140 0.002292 0.008003
v 0.002049 0.001192 0.007878
v 0.000886 0.002495 0.007812
v 0.000880 0.001236 0.007623
v 0.000000 0.002640 0.007407
v 0.000000 0.001313 0.007089
v 0.000000 0.000278 0.006590
v 0.001035 0.000050 0.007286
v 0.000000 -0.000215 0.006018
v 0.001059 -0.000969 0.006802
v 0.000000 -0.000728 0.005372
v 0.000976 -0.001647 0.006056
v 0.000000 -0.001541 0.004732
v 0.000870 -0.002127 0.005306
v 0.000000 -0.002305 0.004434
v 0.000755 -0.002661 0.004678
v 0.000000 -0.002821 0.004201
v 0.000718 -0.003006 0.004326
v 0.000000 -0.002821 0.004201
v 0.000000 -0.003213 0.003994
v 0.000700 -0.003304 0.004120
v 0.000718 -0.003006 0.004326
v 0.000000 -0.003681 0.003693
v 0.000692 -0.003774 0.003973
v 0.000000 -0.004314 0.003306
v 0.000732 -0.004458 0.003767
v 0.000000 -0.005070 0.002983
v 0.000796 -0.005252 0.003356
v 0.000000 -0.005833 0.002401
v 0.000862 -0.005994 0.002665
v 0.000000 -0.006869 0.001949
v 0.000898 -0.006957 0.002305
v 0.000000 -0.007891 0.001738
v 0.000914 -0.008047 0.002063
v 0.000000 -0.009125 0.001415
v 0.000949 -0.009067 0.001761
v 0.000000 -0.010114 0.001825
v 0.000886 -0.010202 0.001926
v 0.000000 -0.011482 0.001546
v 0.000838 -0.011504 0.001672
v 0.000000 -0.012915 0.002143
v 0.000831 -0.012985 0.001972
v 0.000000 -0.014496 0.003120
v 0.000917 -0.014658 0.002702
v 0.000000 -0.016559 0.003119
v 0.000000 -0.017774 0.002173
v 0.000000 -0.017774 0.002173
v 0.000000 -0.018063 0.001045
v 0.000276 -0.018163 0.001031
v 0.000446 -0.017930 0.001776
v 0.000000 -0.017987 0.000377
v 0.000165 -0.018200 0.000377
v 0.000000 -0.017964 -0.000361
v 0.000156 -0.018183 -0.000345
v 0.000000 -0.017988 -0.001178
v 0.000209 -0.018156 -0.001132
v 0.000000 -0.018000 -0.002071
v 0.000323 -0.018149 -0.001977
v 0.000000 -0.018046 -0.002996
v 0.000478 -0.018105 -0.002859
v 0.000000 -0.018046 -0.002996
v 0.000000 -0.017774 -0.003883
v 0.000613 -0.017909 -0.003770
v 0.000478 -0.018105 -0.002859
v 0.000000 -0.017774 -0.003883
v 0.000000 -0.017321 -0.004674
v 0.000847 -0.017524 -0.004590
v 0.000613 -0.017909 -0.003770
v 0.000000 -0.016703 -0.005337
v 0.001092 -0.016988 -0.005195
v 0.000000 -0.015959 -0.005769
v 0.001352 -0.016290 -0.005547
v 0.000000 -0.015129 -0.005949
v 0.001581 -0.015431 -0.005642
v 0.000000 -0.014007 -0.005916
v 0.000000 -0.013342 -0.005851
v 0.000000 -0.013342 -0.005851
v 0.000000 -0.011968 -0.005813
v 0.000000 -0.010666 -0.005495
v 0.001495 -0.010894 -0.005021
v 0.000000 -0.009647 -0.004926
v 0.001388 -0.009835 -0.004620
v 0.000000 -0.008680 -0.004607
v 0.001281 -0.008789 -0.004312
v 0.000000 -0.007565 -0.004534
v 0.001188 -0.007674 -0.004139
v 0.000000 -0.006382 -0.004291
v 0.001112 -0.006511 -0.003972
v 0.000000 -0.005175 -0.003771
v 0.001014 -0.005358 -0.003594
v 0.000000 -0.003750 -0.003605
v 0.001071 -0.004048 -0.003542
v 0.000000 -0.002391 -0.004078
v 0.001284 -0.002811 -0.004082
v 0.000000 -0.001147 -0.004955
v 0.000000 0.000076 -0.005305
v 0.000000 0.001233 -0.005369
v 0.000000 0.002488 -0.005248
v 0.001491 0.002523 -0.005044
v 0.000000 0.003766 -0.004589
v 0.001315 0.003730 -0.004500
v 0.000000 0.004849 -0.003546
v 0.001189 0.004740 -0.003427
v 0.000000 0.006032 -0.002460
v 0.001095 0.005863 -0.002318
v 0.000000 0.007402 -0.001328
v 0.001030 0.007189 -0.001192
v 0.000000 0.008902 -0.000211
v 0.000000 0.010495 0.000566
v 0.002117 0.005537 -0.002069
v 0.002363 0.004562 -0.003242
v 0.003552 0.004576 -0.003223
v 0.003872 0.003557 -0.004072
v 0.002643 0.003653 -0.004242
v 0.005099 0.003400 -0.004018
v 0.005384 0.002199 -0.004629
v 0.004076 0.002305 -0.004523
v 0.006825 0.002123 -0.004457
v 0.007241 0.001090 -0.004457
v 0.005786 0.000975 -0.004833
v 0.008368 0.001307 -0.003832
v 0.008706 0.000430 -0.003464
v 0.007761 0.000109 -0.004041
v 0.008884 -0.000346 -0.002849
v 0.008196 -0.000702 -0.003318
v 0.009267 -0.000129 -0.002441
v 0.009267 -0.000129 -0.002441
v 0.009214 -0.000748 -0.001739
v 0.008949 -0.000968 -0.002026
v 0.008884 -0.000346 -0.002849
v 0.009579 0.000011 -0.002107
v 0.009461 -0.000587 -0.001492
v 0.009375 -0.001004 -0.000718
v 0.009119 -0.001181 -0.000872
v 0.009689 -0.000936 -0.000621
v 0.009668 -0.001082 0.000132
v 0.009289 -0.001161 0.000145
v 0.010034 -0.001258 0.000055
v 0.010187 -0.001194 0.000706
v 0.009775 -0.001042 0.000869
v 0.010396 -0.001608 0.000611
v 0.010541 -0.002228 0.000477
v 0.010716 -0.001456 0.001157
v 0.010429 -0.001053 0.001298
v 0.010907 -0.002152 0.001020
v 0.010907 -0.002152 0.001020
v 0.011300 -0.002067 0.001490
v 0.011090 -0.001294 0.001636
v 0.010907 -0.002152 0.001020
v 0.011135 -0.003070 0.000771
v 0.011443 -0.003134 0.001278
v 0.011300 -0.002067 0.001490
v 0.011887 -0.003177 0.001598
v 0.011774 -0.002033 0.001824
v 0.012005 -0.004466 0.001041
v 0.012538 -0.004459 0.001100
v 0.012417 -0.003165 0.001703
v 0.012717 -0.005493 0.000135
v 0.013228 -0.005359 0.000110
v 0.013072 -0.004380 0.001026
v 0.013397 -0.005974 -0.000762
v 0.013830 -0.005650 -0.000904
v 0.013661 -0.005045 -0.000096
v 0.013933 -0.006343 -0.001593
v 0.014054 -0.007119 -0.002019
v 0.014271 -0.006119 -0.001838
v 0.014144 -0.005285 -0.001180
v 0.014412 -0.006946 -0.002258
v 0.014412 -0.006946 -0.002258
v 0.014412 -0.006946 -0.002258
v 0.014689 -0.006752 -0.002694
v 0.014564 -0.005871 -0.002275
v 0.014271 -0.006119 -0.001838
v 0.014412 -0.006946 -0.002258
v 0.014677 -0.007799 -0.002389
v 0.015004 -0.007614 -0.002831
v 0.014689 -0.006752 -0.002694
v 0.015271 -0.007448 -0.003460
v 0.014929 -0.006541 -0.003353
v 0.015767 -0.008388 -0.003328
v 0.015974 -0.008362 -0.004040
v 0.015487 -0.007338 -0.004222
v 0.016409 -0.009525 -0.003781
v 0.016354 -0.009623 -0.004533
v 0.015947 -0.008517 -0.004818
v 0.016669 -0.010800 -0.004350
v 0.016360 -0.010899 -0.005157
v 0.016017 -0.009846 -0.005369
v 0.016638 -0.012085 -0.004933
v 0.016234 -0.012228 -0.005638
v 0.015854 -0.011096 -0.005932
v 0.016531 -0.013468 -0.005399
v 0.016069 -0.013645 -0.005946
v 0.015743 -0.012480 -0.006216
v 0.016161 -0.014873 -0.005663
v 0.016161 -0.014873 -0.005663
v 0.015582 -0.014992 -0.006014
v 0.015450 -0.013867 -0.006306
v 0.016069 -0.013645 -0.005946
v 0.016072 -0.016076 -0.005415
v 0.015541 -0.016126 -0.005725
v 0.015929 -0.017263 -0.005188
v 0.015472 -0.017308 -0.005502
v 0.014949 -0.016169 -0.005897
v 0.014911 -0.015111 -0.006193
v 0.014962 -0.017344 -0.005693
v 0.014962 -0.017344 -0.005693
v 0.014430 -0.017358 -0.005679
v 0.014323 -0.016199 -0.005863
v 0.014564 -0.018607 -0.005428
v 0.014430 -0.017358 -0.005679
v 0.014130 -0.018596 -0.005246
v 0.013916 -0.017355 -0.005475
v 0.014292 -0.019830 -0.005015
v 0.013949 -0.019821 -0.004751
v 0.013741 -0.018585 -0.004973
v 0.014093 -0.021012 -0.004563
v 0.013807 -0.021042 -0.004212
v 0.013650 -0.019798 -0.004400
v 0.014019 -0.022326 -0.004165
v 0.014019 -0.022326 -0.004165
v 0.013807 -0.021042 -0.004212
v 0.014288 -0.023396 -0.004359
v 0.013430 -0.019763 -0.003969
v 0.013650 -0.019798 -0.004400
v 0.013179 -0.018574 -0.004113
v 0.013404 -0.018582 -0.004598
v 0.013318 -0.019727 -0.003479
v 0.013097 -0.018552 -0.003549
v 0.013260 -0.019702 -0.002997
v 0.013452 -0.020924 -0.002504
v 0.013668 -0.022224 -0.002303
v 0.013806 -0.021989 -0.001929
v 0.013804 -0.022903 -0.001439
v 0.014020 -0.022609 -0.001158
v 0.013759 -0.023564 -0.000705
v 0.013925 -0.023213 -0.000460
v 0.014244 -0.022993 -0.000262
v 0.014244 -0.022993 -0.000262
v 0.013925 -0.023213 -0.000460
v 0.013931 -0.023744 0.000319
v 0.014181 -0.023535 0.000493
v 0.014531 -0.023469 0.000604
v 0.014638 -0.022905 -0.000123
v 0.014079 -0.024136 0.001226
v 0.014357 -0.024094 0.001344
v 0.014896 -0.023562 0.000624
v 0.015056 -0.022994 -0.000090
v 0.014654 -0.024183 0.001374
v 0.014005 -0.024762 0.002059
v 0.014261 -0.024874 0.002115
v 0.014882 -0.024379 0.001297
v 0.015178 -0.023802 0.000534
v 0.014470 -0.025067 0.002053
v 0.013711 -0.025582 0.002769
v 0.013910 -0.025788 0.002719
v 0.014563 -0.025278 0.001885
v 0.014965 -0.024635 0.001128
v 0.014003 -0.026000 0.002552
v 0.013272 -0.026497 0.003281
v 0.013368 -0.026708 0.003112
v 0.014003 -0.026000 0.002552
v 0.013986 -0.026175 0.002322
v 0.014523 -0.025454 0.001665
v 0.014563 -0.025278 0.001885
v 0.013368 -0.026708 0.003112
v 0.013355 -0.026870 0.002875
v 0.012738 -0.027405 0.003606
v 0.012738 -0.027566 0.003350
v 0.013239 -0.026948 0.002621
v 0.013853 -0.026255 0.002083
v 0.012624 -0.027624 0.003076
v 0.012096 -0.028156 0.003682
v 0.012004 -0.028197 0.003392
v 0.012423 -0.027554 0.002864
v 0.013028 -0.026905 0.002415
v 0.011829 -0.028105 0.003165
v 0.011417 -0.028579 0.003617
v 0.011612 -0.027906 0.003042
v 0.012193 -0.027380 0.002766
v 0.011428 -0.027660 0.003074
v 0.012003 -0.027154 0.002802
v 0.011309 -0.027419 0.003240
v 0.011897 -0.026926 0.002968
v 0.011293 -0.027257 0.003511
v 0.011896 -0.026758 0.003223
v 0.011385 -0.027223 0.003807
v 0.012008 -0.026702 0.003505
v 0.010859 -0.027678 0.003977
v 0.010490 -0.028202 0.004048
v 0.011567 -0.027329 0.004045
v 0.012203 -0.026776 0.003717
v 0.011775 -0.027529 0.004151
v 0.012430 -0.026956 0.003817
v 0.011965 -0.027777 0.004121
v 0.012628 -0.027184 0.003781
v 0.012082 -0.028006 0.003946
v 0.012738 -0.027405 0.003606
v 0.012082 -0.028006 0.003946
v 0.013080 -0.026285 0.003329
v 0.012848 -0.026128 0.003247
v 0.013468 -0.025444 0.002695
v 0.013248 -0.025406 0.002520
v 0.012638 -0.026074 0.003055
v 0.013774 -0.024763 0.001910
v 0.013613 -0.024871 0.001703
v 0.013101 -0.025483 0.002278
v 0.013886 -0.024300 0.001045
v 0.013807 -0.024523 0.000852
v 0.013567 -0.025060 0.001497
v 0.013809 -0.024042 0.000127
v 0.013872 -0.024775 0.000691
v 0.013759 -0.023564 -0.000705
v 0.014066 -0.024991 0.000607
v 0.013823 -0.025464 0.001278
v 0.013634 -0.025276 0.001338
v 0.014088 -0.025575 0.001315
v 0.014348 -0.025574 0.001451
v 0.013622 -0.026225 0.001896
v 0.013365 -0.026081 0.001821
v 0.012785 -0.026756 0.002317
v 0.013167 -0.025875 0.001873
v 0.012583 -0.026538 0.002361
v 0.012482 -0.026311 0.002537
v 0.013073 -0.025654 0.002044
v 0.012501 -0.026140 0.002791
v 0.010548 -0.028590 0.003970
v 0.010837 -0.028738 0.003822
v 0.014965 -0.024635 0.001128
v 0.015288 -0.024150 0.000344
v 0.015414 -0.023258 -0.000156
v 0.015636 -0.023707 -0.000315
v 0.012793 -0.017444 -0.003504
v 0.012916 -0.017410 -0.004085
v 0.013126 -0.017374 -0.004629
v 0.012916 -0.017410 -0.004085
v 0.012745 -0.016236 -0.004571
v 0.013126 -0.017374 -0.004629
v 0.012745 -0.016236 -0.004571
v 0.013172 -0.016220 -0.005144
v 0.013458 -0.017355 -0.005113
v 0.013126 -0.017374 -0.004629
v 0.012325 -0.015184 -0.004674
v 0.012845 -0.015230 -0.005290
v 0.013483 -0.015232 -0.005798
v 0.013717 -0.016212 -0.005608
v 0.013273 -0.014294 -0.006092
v 0.013997 -0.014231 -0.006406
v 0.014182 -0.015194 -0.006120
v 0.013737 -0.013234 -0.006763
v 0.014459 -0.013053 -0.006801
v 0.014743 -0.014076 -0.006480
v 0.014125 -0.011969 -0.007325
v 0.014780 -0.011720 -0.007099
v 0.015144 -0.012787 -0.006613
v 0.014478 -0.010460 -0.007424
v 0.014991 -0.010297 -0.006885
v 0.015334 -0.011396 -0.006602
v 0.014820 -0.008971 -0.006983
v 0.014820 -0.008971 -0.006983
v 0.015248 -0.008961 -0.006356
v 0.015475 -0.010088 -0.006163
v 0.014991 -0.010297 -0.006885
v 0.014721 -0.007379 -0.006921
v 0.015118 -0.007440 -0.006457
v 0.015425 -0.007444 -0.005850
v 0.015680 -0.008794 -0.005613
v 0.014882 -0.005859 -0.006129
v 0.015176 -0.005996 -0.005619
v 0.014448 -0.005749 -0.006504
v 0.015176 -0.005996 -0.005619
v 0.015304 -0.006162 -0.004965
v 0.015578 -0.007346 -0.005086
v 0.015176 -0.005996 -0.005619
v 0.015095 -0.005001 -0.004355
v 0.015304 -0.006162 -0.004965
v 0.015095 -0.005295 -0.003704
v 0.015199 -0.006337 -0.004130
v 0.015176 -0.004266 -0.003101
v 0.015038 -0.004649 -0.002391
v 0.014875 -0.005592 -0.002960
v 0.015127 -0.003657 -0.001779
v 0.014532 -0.004107 -0.001069
v 0.014609 -0.004962 -0.001656
v 0.014391 -0.003327 -0.000477
v 0.013817 -0.003814 0.000155
v 0.013933 -0.004555 -0.000529
v 0.014267 -0.002526 0.000136
v 0.013828 -0.002883 0.000743
v 0.014237 -0.001466 0.000643
v 0.013908 -0.001725 0.001168
v 0.014237 -0.001466 0.000643
v 0.014407 -0.000342 0.001083
v 0.014035 -0.000598 0.001621
v 0.013908 -0.001725 0.001168
v 0.014654 0.000706 0.001636
v 0.014179 0.000398 0.002236
v 0.014127 0.001303 0.002998
v 0.014127 0.001303 0.002998
v 0.013521 0.000907 0.003587
v 0.013555 0.000057 0.002688
v 0.014179 0.000398 0.002236
v 0.013928 0.002256 0.003607
v 0.013424 0.001920 0.004268
v 0.012619 0.001758 0.004636
v 0.013660 0.003266 0.004038
v 0.011634 0.001805 0.004764
v 0.010656 0.002082 0.004535
v 0.013510 -0.000811 0.002049
v 0.014035 -0.000598 0.001621
v 0.012939 -0.001952 0.001903
v 0.013499 -0.001876 0.001605
v 0.013908 -0.001725 0.001168
v 0.012939 -0.001952 0.001903
v 0.012332 -0.001995 0.001975
v 0.012976 -0.003121 0.001592
v 0.012332 -0.001995 0.001975
v 0.013468 -0.003042 0.001256
v 0.013499 -0.001876 0.001605
v 0.013525 -0.004201 0.000741
v 0.013828 -0.002883 0.000743
v 0.013908 -0.001725 0.001168
v 0.013817 -0.003814 0.000155
v 0.013933 -0.004555 -0.000529
v 0.012332 -0.001995 0.001975
v 0.011774 -0.002033 0.001824
v 0.014144 -0.005285 -0.001180
v 0.014929 -0.006541 -0.003353
v 0.015199 -0.006337 -0.004130
v 0.015334 -0.011396 -0.006602
v 0.015743 -0.012480 -0.006216
v 0.013916 -0.017355 -0.005475
v 0.013458 -0.017355 -0.005113
v 0.013404 -0.018582 -0.004598
v 0.013126 -0.017374 -0.004629
v 0.010762 -0.000859 0.001808
v 0.010273 -0.000599 0.002029
v 0.009982 -0.000844 0.001482
v 0.010273 -0.000599 0.002029
v 0.009688 -0.000549 0.002307
v 0.009489 -0.000862 0.001710
v 0.009982 -0.000844 0.001482
v 0.010563 -0.000310 0.002564
v 0.009848 -0.000138 0.002891
v 0.010736 0.000155 0.003192
v 0.009002 -0.000099 0.003357
v 0.008958 -0.000610 0.002708
v 0.008001 -0.000103 0.003984
v 0.008000 -0.000722 0.003349
v 0.006920 -0.000260 0.004920
v 0.006887 -0.000956 0.004354
v 0.005675 -0.000304 0.005859
v 0.005624 -0.001135 0.005403
v 0.004396 -0.000239 0.006670
v 0.004323 -0.001244 0.006201
v 0.003243 -0.000159 0.007328
v 0.003239 -0.001342 0.006801
v 0.002130 -0.000053 0.007631
v 0.002173 -0.001294 0.007073
v 0.002036 -0.002166 0.006252
v 0.003103 -0.002221 0.005957
v 0.001824 -0.002679 0.005390
v 0.002893 -0.002768 0.005074
v 0.001638 -0.002964 0.004683
v 0.002668 -0.003004 0.004402
v 0.001543 -0.003122 0.004251
v 0.002498 -0.003081 0.003999
v 0.001543 -0.003122 0.004251
v 0.001500 -0.003335 0.004054
v 0.002387 -0.003279 0.003741
v 0.002498 -0.003081 0.003999
v 0.001511 -0.003740 0.004007
v 0.002347 -0.003624 0.003606
v 0.001563 -0.004372 0.003879
v 0.002342 -0.004104 0.003432
v 0.001642 -0.005177 0.003406
v 0.002406 -0.004779 0.003062
v 0.001707 -0.005926 0.002690
v 0.002496 -0.005695 0.002475
v 0.001810 -0.006919 0.002290
v 0.002599 -0.006794 0.002019
v 0.001890 -0.008041 0.001994
v 0.002688 -0.007977 0.001698
v 0.001858 -0.009126 0.001688
v 0.002647 -0.009158 0.001409
v 0.001784 -0.010314 0.001724
v 0.002524 -0.010361 0.001308
v 0.001629 -0.011563 0.001550
v 0.002339 -0.011536 0.001165
v 0.001575 -0.013055 0.001639
v 0.002273 -0.012995 0.001232
v 0.001600 -0.014833 0.002182
v 0.002330 -0.014644 0.001883
v 0.002423 -0.016601 0.002332
v 0.003096 -0.014275 0.001622
v 0.002937 -0.012779 0.000875
v 0.003404 -0.015892 0.002090
v 0.004126 -0.015301 0.001573
v 0.003751 -0.013900 0.001074
v 0.003845 -0.017204 0.002056
v 0.004656 -0.016544 0.001689
v 0.003845 -0.017204 0.002056
v 0.004212 -0.018334 0.001902
v 0.005113 -0.017823 0.001651
v 0.004656 -0.016544 0.001689
v 0.002810 -0.017896 0.002123
v 0.003156 -0.018850 0.001971
v 0.003406 -0.019855 0.001921
v 0.004420 -0.019498 0.001855
v 0.002175 -0.019237 0.001936
v 0.002444 -0.020155 0.001998
v 0.001768 -0.018461 0.001911
v 0.002175 -0.019237 0.001936
v 0.001417 -0.019490 0.001653
v 0.001663 -0.020362 0.001778
v 0.002444 -0.020155 0.001998
v 0.001768 -0.018461 0.001911
v 0.001120 -0.018774 0.001552
v 0.000904 -0.019664 0.001187
v 0.001068 -0.020530 0.001324
v 0.000731 -0.018953 0.001086
v 0.000731 -0.018953 0.001086
v 0.000499 -0.018456 0.001045
v 0.000459 -0.019038 0.000471
v 0.000605 -0.019758 0.000555
v 0.000320 -0.018524 0.000408
v 0.000459 -0.019038 0.000471
v 0.000269 -0.018517 -0.000302
v 0.000343 -0.019040 -0.000237
v 0.000339 -0.018493 -0.001056
v 0.000370 -0.018996 -0.000999
v 0.000530 -0.018457 -0.001843
v 0.000626 -0.018918 -0.001772
v 0.000845 -0.018353 -0.002634
v 0.001086 -0.018777 -0.002471
v 0.000845 -0.018353 -0.002634
v 0.001186 -0.018203 -0.003455
v 0.001634 -0.018591 -0.003092
v 0.001086 -0.018777 -0.002471
v 0.001186 -0.018203 -0.003455
v 0.001621 -0.017971 -0.004168
v 0.002202 -0.018418 -0.003612
v 0.001634 -0.018591 -0.003092
v 0.002115 -0.017549 -0.004687
v 0.002836 -0.018103 -0.003973
v 0.002533 -0.016924 -0.004975
v 0.003463 -0.017624 -0.004154
v 0.002885 -0.016107 -0.005000
v 0.004003 -0.016993 -0.004155
v 0.004408 -0.016316 -0.003871
v 0.004408 -0.016316 -0.003871
v 0.005281 -0.017627 -0.003117
v 0.004747 -0.018053 -0.003405
v 0.004003 -0.016993 -0.004155
v 0.004709 -0.015680 -0.003302
v 0.005702 -0.017291 -0.002700
v 0.004709 -0.015680 -0.003302
v 0.005083 -0.015548 -0.002679
v 0.006037 -0.017132 -0.002242
v 0.004071 -0.013875 -0.003019
v 0.005083 -0.015548 -0.002679
v 0.005083 -0.015548 -0.002679
v 0.005387 -0.015540 -0.001924
v 0.006241 -0.017105 -0.001654
v 0.006037 -0.017132 -0.002242
v 0.005083 -0.015548 -0.002679
v 0.004071 -0.013875 -0.003019
v 0.004551 -0.014075 -0.002213
v 0.005387 -0.015540 -0.001924
v 0.004551 -0.014075 -0.002213
v 0.004071 -0.013875 -0.003019
v 0.003530 -0.012484 -0.003113
v 0.004027 -0.012721 -0.002353
v 0.004863 -0.014240 -0.001430
v 0.005646 -0.015595 -0.001162
v 0.004360 -0.012947 -0.001645
v 0.004863 -0.014240 -0.001430
v 0.003897 -0.011661 -0.002402
v 0.004260 -0.011832 -0.001780
v 0.004521 -0.013151 -0.000941
v 0.005036 -0.014386 -0.000654
v 0.004377 -0.011990 -0.001128
v 0.004271 -0.010706 -0.001789
v 0.004414 -0.010844 -0.001173
v 0.004265 -0.012143 -0.000518
v 0.004464 -0.013366 -0.000254
v 0.004310 -0.011005 -0.000556
v 0.004365 -0.009696 -0.001005
v 0.004332 -0.009918 -0.000378
v 0.003977 -0.011175 -0.000014
v 0.003954 -0.012319 0.000015
v 0.004059 -0.010118 0.000166
v 0.004276 -0.008825 -0.000067
v 0.004088 -0.008986 0.000463
v 0.003637 -0.010252 0.000604
v 0.003503 -0.011324 0.000400
v 0.003732 -0.009109 0.000888
v 0.004123 -0.007761 0.000766
v 0.003743 -0.007850 0.001169
v 0.003246 -0.009160 0.001183
v 0.003117 -0.010330 0.000963
v 0.003278 -0.007921 0.001463
v 0.003765 -0.006590 0.001420
v 0.003262 -0.006696 0.001796
v 0.004139 -0.006517 0.000945
v 0.004376 -0.005295 0.001146
v 0.003935 -0.005359 0.001754
v 0.003297 -0.005507 0.002220
v 0.004221 -0.004201 0.002103
v 0.003359 -0.004441 0.002676
v 0.004819 -0.004123 0.001311
v 0.005078 -0.003348 0.001390
v 0.004306 -0.003487 0.002267
v 0.003329 -0.003788 0.002893
v 0.004306 -0.002965 0.002378
v 0.003317 -0.003340 0.003023
v 0.005215 -0.002743 0.001467
v 0.005381 -0.002247 0.001628
v 0.004381 -0.002560 0.002598
v 0.003355 -0.003003 0.003245
v 0.004559 -0.002297 0.002902
v 0.003500 -0.002756 0.003570
v 0.004559 -0.002297 0.002902
v 0.005671 -0.001965 0.001922
v 0.004875 -0.002135 0.003291
v 0.005671 -0.001965 0.001922
v 0.003754 -0.002606 0.003981
v 0.003500 -0.002756 0.003570
v 0.005213 -0.002006 0.003872
v 0.004002 -0.002426 0.004533
v 0.005468 -0.001707 0.004721
v 0.004183 -0.001974 0.005403
v 0.006686 -0.001947 0.000700
v 0.006242 -0.002331 0.000476
v 0.006686 -0.001947 0.000700
v 0.006714 -0.002581 -0.000702
v 0.007395 -0.002206 -0.000500
v 0.005894 -0.002841 0.000384
v 0.006173 -0.003029 -0.000761
v 0.005579 -0.003439 0.000368
v 0.005772 -0.003651 -0.000721
v 0.005198 -0.004267 0.000416
v 0.005276 -0.004481 -0.000510
v 0.004670 -0.005336 0.000470
v 0.004733 -0.005413 -0.000316
v 0.004370 -0.006480 0.000389
v 0.004360 -0.006446 -0.000278
v 0.004278 -0.007658 0.000215
v 0.004240 -0.007540 -0.000411
v 0.004273 -0.008621 -0.000687
v 0.004049 -0.008435 -0.001339
v 0.003985 -0.007401 -0.001084
v 0.004198 -0.009527 -0.001628
v 0.003854 -0.009404 -0.002242
v 0.003676 -0.008288 -0.002007
v 0.003918 -0.010564 -0.002384
v 0.003322 -0.010401 -0.003062
v 0.003220 -0.009262 -0.002894
v 0.003355 -0.011479 -0.003108
v 0.003355 -0.011479 -0.003108
v 0.002629 -0.011238 -0.004049
v 0.002515 -0.010160 -0.003896
v 0.003322 -0.010401 -0.003062
v 0.002363 -0.009033 -0.003656
v 0.003220 -0.009262 -0.002894
v 0.002219 -0.007902 -0.003478
v 0.003072 -0.008128 -0.002714
v 0.002120 -0.006776 -0.003334
v 0.002949 -0.007039 -0.002559
v 0.003072 -0.008128 -0.002714
v 0.002949 -0.007039 -0.002559
v 0.003558 -0.007244 -0.001785
v 0.002951 -0.005992 -0.002504
v 0.003610 -0.006217 -0.001712
v 0.004077 -0.006361 -0.000977
v 0.003955 -0.005303 -0.001957
v 0.004479 -0.005421 -0.001134
v 0.003190 -0.005025 -0.002737
v 0.003602 -0.004121 -0.003287
v 0.004476 -0.004513 -0.002459
v 0.005039 -0.004592 -0.001492
v 0.005032 -0.003645 -0.002920
v 0.005562 -0.003787 -0.001831
v 0.004171 -0.003132 -0.003877
v 0.004872 -0.002081 -0.004078
v 0.005673 -0.002852 -0.003043
v 0.006099 -0.003100 -0.001907
v 0.006475 -0.002234 -0.002909
v 0.006798 -0.002599 -0.001863
v 0.005805 -0.001473 -0.003809
v 0.006993 -0.001077 -0.003660
v 0.007489 -0.001761 -0.002775
v 0.007686 -0.002175 -0.001712
v 0.008451 -0.001312 -0.002403
v 0.008455 -0.001756 -0.001369
v 0.008196 -0.000702 -0.003318
v 0.008880 -0.001385 -0.001046
v 0.006993 -0.001077 -0.003660
v 0.006367 -0.000142 -0.004409
v 0.003190 -0.005025 -0.002737
v 0.002174 -0.004566 -0.003273
v 0.002488 -0.003502 -0.003906
v 0.003602 -0.004121 -0.003287
v 0.002951 -0.005992 -0.002504
v 0.002035 -0.005667 -0.003146
v 0.002962 -0.011447 0.000779
v 0.003503 -0.012525 0.000479
v 0.004189 -0.013613 0.000402
v 0.004617 -0.014915 0.000881
v 0.004973 -0.014602 0.000135
v 0.004617 -0.014915 0.000881
v 0.005197 -0.016116 0.001071
v 0.005637 -0.015834 0.000386
v 0.004973 -0.014602 0.000135
v 0.004126 -0.015301 0.001573
v 0.004656 -0.016544 0.001689
v 0.005197 -0.016116 0.001071
v 0.005708 -0.017518 0.001123
v 0.006158 -0.017347 0.000487
v 0.005637 -0.015834 0.000386
v 0.005994 -0.019002 0.001204
v 0.006436 -0.018907 0.000585
v 0.005329 -0.019199 0.001638
v 0.005434 -0.020481 0.001767
v 0.006123 -0.020395 0.001347
v 0.004579 -0.020667 0.001939
v 0.004806 -0.021924 0.002194
v 0.005561 -0.021787 0.002036
v 0.003667 -0.020922 0.001948
v 0.004009 -0.022134 0.002081
v 0.002787 -0.021191 0.002040
v 0.003206 -0.022328 0.002064
v 0.002787 -0.021191 0.002040
v 0.002011 -0.021424 0.001881
v 0.002428 -0.022510 0.001890
v 0.003206 -0.022328 0.002064
v 0.001415 -0.021572 0.001419
v 0.001746 -0.022597 0.001410
v 0.001043 -0.021634 0.000724
v 0.001315 -0.022571 0.000675
v 0.000756 -0.020639 0.000662
v 0.000708 -0.020659 -0.000094
v 0.000923 -0.021588 -0.000110
v 0.000503 -0.019779 -0.000157
v 0.000343 -0.019040 -0.000237
v 0.000540 -0.019746 -0.000924
v 0.000765 -0.020611 -0.000901
v 0.000370 -0.018996 -0.000999
v 0.000780 -0.019639 -0.001710
v 0.000969 -0.020492 -0.001730
v 0.000626 -0.018918 -0.001772
v 0.001291 -0.019458 -0.002385
v 0.001442 -0.020330 -0.002435
v 0.001086 -0.018777 -0.002471
v 0.001291 -0.019458 -0.002385
v 0.001934 -0.019265 -0.002873
v 0.002116 -0.020167 -0.002907
v 0.001442 -0.020330 -0.002435
v 0.001086 -0.018777 -0.002471
v 0.001634 -0.018591 -0.003092
v 0.002634 -0.019056 -0.003191
v 0.002865 -0.019996 -0.003173
v 0.002202 -0.018418 -0.003612
v 0.003359 -0.018789 -0.003392
v 0.003665 -0.019784 -0.003295
v 0.002836 -0.018103 -0.003973
v 0.004071 -0.018458 -0.003481
v 0.004451 -0.019531 -0.003299
v 0.003463 -0.017624 -0.004154
v 0.005175 -0.019275 -0.003191
v 0.005334 -0.020670 -0.003352
v 0.004622 -0.020799 -0.003470
v 0.005803 -0.019068 -0.002911
v 0.005927 -0.020593 -0.003114
v 0.006247 -0.018930 -0.002547
v 0.006421 -0.020549 -0.002737
v 0.006584 -0.018855 -0.002119
v 0.006742 -0.020518 -0.002205
v 0.006584 -0.018855 -0.002119
v 0.006717 -0.018856 -0.001579
v 0.006844 -0.020502 -0.001562
v 0.006742 -0.020518 -0.002205
v 0.006707 -0.018892 -0.000942
v 0.006848 -0.020484 -0.000836
v 0.006364 -0.017169 -0.001007
v 0.005646 -0.015595 -0.001162
v 0.006373 -0.017251 -0.000268
v 0.006625 -0.018906 -0.000205
v 0.005803 -0.015671 -0.000389
v 0.005803 -0.015671 -0.000389
v 0.005646 -0.015595 -0.001162
v 0.004863 -0.014240 -0.001430
v 0.005036 -0.014386 -0.000654
v 0.006786 -0.020429 -0.000035
v 0.006610 -0.020374 0.000750
v 0.006703 -0.021745 0.001013
v 0.006886 -0.021799 0.000227
v 0.006211 -0.021741 0.001617
v 0.006284 -0.023239 0.001784
v 0.006707 -0.023160 0.001155
v 0.005669 -0.023340 0.002119
v 0.005646 -0.024839 0.001756
v 0.006244 -0.024722 0.001499
v 0.004974 -0.023439 0.002208
v 0.004938 -0.024857 0.001719
v 0.004167 -0.023516 0.002094
v 0.004089 -0.024811 0.001633
v 0.003388 -0.023571 0.002000
v 0.003289 -0.024785 0.001727
v 0.003388 -0.023571 0.002000
v 0.002594 -0.023599 0.001822
v 0.002512 -0.024705 0.001622
v 0.003289 -0.024785 0.001727
v 0.001866 -0.023582 0.001360
v 0.001845 -0.024660 0.001226
v 0.001393 -0.023528 0.000655
v 0.001357 -0.024603 0.000635
v 0.001152 -0.023474 -0.000151
v 0.001109 -0.024602 -0.000041
v 0.001114 -0.022508 -0.000175
v 0.001031 -0.022452 -0.001056
v 0.001038 -0.023486 -0.000967
v 0.000946 -0.021509 -0.000980
v 0.001111 -0.021399 -0.001843
v 0.001128 -0.022426 -0.001914
v 0.001566 -0.021279 -0.002550
v 0.001540 -0.022429 -0.002599
v 0.001566 -0.021279 -0.002550
v 0.002225 -0.021203 -0.003026
v 0.002182 -0.022448 -0.003075
v 0.001540 -0.022429 -0.002599
v 0.002971 -0.021109 -0.003341
v 0.002989 -0.022425 -0.003312
v 0.003808 -0.020964 -0.003473
v 0.003861 -0.022330 -0.003394
v 0.004671 -0.022224 -0.003482
v 0.004769 -0.023548 -0.003155
v 0.003933 -0.023575 -0.002993
v 0.005324 -0.022123 -0.003395
v 0.005420 -0.023467 -0.003140
v 0.005894 -0.022057 -0.003158
v 0.005982 -0.023356 -0.002961
v 0.006392 -0.021992 -0.002738
v 0.006429 -0.023246 -0.002573
v 0.006699 -0.021945 -0.002140
v 0.006737 -0.023173 -0.002013
v 0.006699 -0.021945 -0.002140
v 0.006879 -0.021897 -0.001432
v 0.006918 -0.023112 -0.001307
v 0.006737 -0.023173 -0.002013
v 0.006929 -0.021852 -0.000627
v 0.006977 -0.023084 -0.000487
v 0.006902 -0.023112 0.000370
v 0.006872 -0.024395 0.000283
v 0.006941 -0.024301 -0.000493
v 0.006642 -0.024559 0.000981
v 0.006632 -0.025889 0.000636
v 0.006939 -0.025723 0.000078
v 0.006184 -0.026037 0.001060
v 0.006051 -0.027224 0.000751
v 0.006620 -0.027225 0.000357
v 0.005530 -0.026082 0.001289
v 0.005359 -0.027155 0.000976
v 0.004767 -0.026014 0.001271
v 0.004603 -0.027102 0.001104
v 0.003913 -0.025978 0.001365
v 0.003803 -0.027091 0.001231
v 0.003072 -0.025961 0.001561
v 0.003031 -0.027151 0.001404
v 0.003072 -0.025961 0.001561
v 0.002382 -0.025926 0.001442
v 0.002355 -0.027212 0.001344
v 0.003031 -0.027151 0.001404
v 0.001796 -0.025900 0.001096
v 0.001813 -0.027238 0.001041
v 0.001334 -0.025903 0.000612
v 0.001407 -0.027259 0.000568
v 0.001066 -0.025932 0.000043
v 0.001186 -0.027291 -0.000018
v 0.001047 -0.025961 -0.000583
v 0.001180 -0.027277 -0.000716
v 0.001055 -0.024669 -0.000710
v 0.001229 -0.024751 -0.001346
v 0.001289 -0.025941 -0.001220
v 0.001140 -0.023585 -0.001718
v 0.001559 -0.023672 -0.002293
v 0.001667 -0.024788 -0.001933
v 0.001559 -0.023672 -0.002293
v 0.002211 -0.023682 -0.002693
v 0.002302 -0.024755 -0.002368
v 0.001667 -0.024788 -0.001933
v 0.003025 -0.023629 -0.002869
v 0.003078 -0.024714 -0.002616
v 0.003967 -0.024693 -0.002720
v 0.003856 -0.025792 -0.002780
v 0.003037 -0.025761 -0.002699
v 0.004799 -0.024693 -0.002766
v 0.004623 -0.025858 -0.002689
v 0.005479 -0.024704 -0.002777
v 0.005316 -0.025918 -0.002582
v 0.006074 -0.024677 -0.002678
v 0.005913 -0.025965 -0.002426
v 0.006525 -0.024598 -0.002392
v 0.006417 -0.025949 -0.002114
v 0.006788 -0.024472 -0.001892
v 0.006772 -0.025826 -0.001670
v 0.006788 -0.024472 -0.001892
v 0.006889 -0.024342 -0.001239
v 0.006938 -0.025701 -0.001142
v 0.006772 -0.025826 -0.001670
v 0.007025 -0.025659 -0.000538
v 0.007011 -0.027176 -0.000625
v 0.006933 -0.027186 -0.001129
v 0.006902 -0.027194 -0.000113
v 0.006523 -0.028552 -0.000267
v 0.006606 -0.028605 -0.000799
v 0.006243 -0.028439 0.000191
v 0.006024 -0.029522 0.000336
v 0.006232 -0.029640 -0.000186
v 0.005776 -0.028311 0.000560
v 0.005642 -0.029386 0.000754
v 0.005193 -0.028216 0.000861
v 0.005124 -0.029272 0.001056
v 0.004532 -0.028174 0.001091
v 0.004528 -0.029221 0.001235
v 0.003826 -0.028195 0.001191
v 0.003908 -0.029257 0.001277
v 0.003141 -0.028287 0.001214
v 0.003296 -0.029365 0.001188
v 0.003141 -0.028287 0.001214
v 0.002501 -0.028421 0.001136
v 0.002707 -0.029503 0.001024
v 0.003296 -0.029365 0.001188
v 0.001944 -0.028498 0.000879
v 0.002153 -0.029643 0.000746
v 0.001579 -0.028508 0.000421
v 0.001683 -0.029709 0.000312
v 0.001403 -0.028484 -0.000179
v 0.001458 -0.029671 -0.000288
v 0.001409 -0.028414 -0.000900
v 0.001457 -0.029615 -0.000954
v 0.001530 -0.028328 -0.001665
v 0.001541 -0.029612 -0.001644
v 0.001413 -0.027158 -0.001429
v 0.001757 -0.027002 -0.002098
v 0.001749 -0.028261 -0.002389
v 0.001720 -0.025875 -0.001858
v 0.001720 -0.025875 -0.001858
v 0.002306 -0.025802 -0.002376
v 0.002266 -0.026881 -0.002667
v 0.001757 -0.027002 -0.002098
v 0.002923 -0.026836 -0.003012
v 0.002816 -0.028271 -0.003224
v 0.002211 -0.028255 -0.002920
v 0.003673 -0.026897 -0.003104
v 0.003513 -0.028277 -0.003284
v 0.004397 -0.027031 -0.002917
v 0.004230 -0.028300 -0.003113
v 0.005078 -0.027098 -0.002678
v 0.004904 -0.028320 -0.002936
v 0.005669 -0.027136 -0.002405
v 0.005496 -0.028345 -0.002686
v 0.006192 -0.027170 -0.002029
v 0.005969 -0.028405 -0.002314
v 0.006633 -0.027180 -0.001592
v 0.006299 -0.028492 -0.001832
v 0.006633 -0.027180 -0.001592
v 0.006529 -0.028570 -0.001328
v 0.006299 -0.028492 -0.001832
v 0.006235 -0.029733 -0.001387
v 0.006094 -0.029727 -0.001937
v 0.006299 -0.029713 -0.000769
v 0.006203 -0.030843 -0.000559
v 0.006104 -0.030908 -0.001155
v 0.006188 -0.030748 0.000059
v 0.005986 -0.031883 0.000290
v 0.006058 -0.032004 -0.000301
v 0.005964 -0.030624 0.000628
v 0.005746 -0.031743 0.000813
v 0.005545 -0.030490 0.001044
v 0.005376 -0.031613 0.001211
v 0.005059 -0.030381 0.001329
v 0.004943 -0.031517 0.001507
v 0.004539 -0.030312 0.001540
v 0.004480 -0.031462 0.001707
v 0.003982 -0.030299 0.001596
v 0.003989 -0.031454 0.001792
v 0.003431 -0.030377 0.001457
v 0.003513 -0.031481 0.001722
v 0.003431 -0.030377 0.001457
v 0.002901 -0.030534 0.001167
v 0.003041 -0.031584 0.001486
v 0.003513 -0.031481 0.001722
v 0.002425 -0.030698 0.000798
v 0.002631 -0.031767 0.001101
v 0.002000 -0.030868 0.000324
v 0.002286 -0.031983 0.000613
v 0.001696 -0.030966 -0.000249
v 0.002011 -0.032214 0.000061
v 0.001572 -0.031012 -0.000824
v 0.001922 -0.032382 -0.000520
v 0.001663 -0.031048 -0.001375
v 0.002007 -0.032450 -0.001067
v 0.001911 -0.031092 -0.001874
v 0.002216 -0.032461 -0.001564
v 0.001808 -0.029671 -0.002233
v 0.001808 -0.029671 -0.002233
v 0.002227 -0.029729 -0.002676
v 0.002307 -0.031124 -0.002310
v 0.001911 -0.031092 -0.001874
v 0.001749 -0.028261 -0.002389
v 0.002800 -0.029752 -0.002959
v 0.002846 -0.031096 -0.002561
v 0.003456 -0.029728 -0.003020
v 0.003472 -0.031039 -0.002618
v 0.004136 -0.029691 -0.002934
v 0.004099 -0.030989 -0.002576
v 0.004770 -0.029695 -0.002844
v 0.004695 -0.030987 -0.002506
v 0.005356 -0.029723 -0.002732
v 0.005235 -0.031011 -0.002374
v 0.005822 -0.029731 -0.002433
v 0.005659 -0.031007 -0.002104
v 0.006094 -0.029727 -0.001937
v 0.005932 -0.030964 -0.001681
v 0.005856 -0.032180 -0.001388
v 0.005600 -0.032240 -0.001822
v 0.005932 -0.030964 -0.001681
v 0.005993 -0.032098 -0.000875
v 0.005856 -0.032180 -0.001388
v 0.005808 -0.033251 -0.000533
v 0.005700 -0.033383 -0.001045
v 0.005822 -0.033105 0.000022
v 0.005735 -0.034189 0.000443
v 0.005704 -0.034330 -0.000095
v 0.005743 -0.032956 0.000570
v 0.005677 -0.034049 0.000960
v 0.005556 -0.032813 0.001050
v 0.005543 -0.033928 0.001417
v 0.005270 -0.032693 0.001426
v 0.005337 -0.033839 0.001789
v 0.004916 -0.032612 0.001706
v 0.005065 -0.033789 0.002068
v 0.004525 -0.032590 0.001872
v 0.004734 -0.033794 0.002235
v 0.004106 -0.032625 0.001924
v 0.004375 -0.033843 0.002288
v 0.003698 -0.032704 0.001861
v 0.004018 -0.033933 0.002212
v 0.003698 -0.032704 0.001861
v 0.003327 -0.032804 0.001714
v 0.003692 -0.034045 0.001999
v 0.004018 -0.033933 0.002212
v 0.002949 -0.032949 0.001430
v 0.003394 -0.034166 0.001681
v 0.002663 -0.033138 0.000977
v 0.003098 -0.034307 0.001275
v 0.002479 -0.033336 0.000429
v 0.002872 -0.034456 0.000742
v 0.002391 -0.033508 -0.000166
v 0.002784 -0.034585 0.000173
v 0.002442 -0.033615 -0.000736
v 0.002825 -0.034692 -0.000354
v 0.002618 -0.033662 -0.001234
v 0.002956 -0.034774 -0.000808
v 0.002618 -0.033662 -0.001234
v 0.002896 -0.033666 -0.001636
v 0.003187 -0.034819 -0.001168
v 0.002956 -0.034774 -0.000808
v 0.002216 -0.032461 -0.001564
v 0.002561 -0.032433 -0.001983
v 0.003021 -0.032373 -0.002244
v 0.003264 -0.033635 -0.001926
v 0.003550 -0.032290 -0.002328
v 0.003704 -0.033565 -0.002060
v 0.004105 -0.032215 -0.002286
v 0.004155 -0.033492 -0.002030
v 0.004644 -0.032204 -0.002204
v 0.004594 -0.033459 -0.001923
v 0.005179 -0.032247 -0.002095
v 0.005046 -0.033476 -0.001777
v 0.005451 -0.033473 -0.001480
v 0.005314 -0.034576 -0.000994
v 0.004944 -0.034645 -0.001281
v 0.005700 -0.033383 -0.001045
v 0.005570 -0.034464 -0.000590
v 0.005601 -0.035523 -0.000197
v 0.005342 -0.035628 -0.000571
v 0.005570 -0.034464 -0.000590
v 0.005757 -0.035412 0.000283
v 0.005601 -0.035523 -0.000197
v 0.005965 -0.036552 0.000442
v 0.005795 -0.036611 -0.000020
v 0.005807 -0.035311 0.000818
v 0.006019 -0.036550 0.000924
v 0.005779 -0.035247 0.001318
v 0.005986 -0.036588 0.001371
v 0.005690 -0.035214 0.001765
v 0.005899 -0.036656 0.001769
v 0.005524 -0.035220 0.002123
v 0.005722 -0.036735 0.002095
v 0.005291 -0.035237 0.002373
v 0.005480 -0.036792 0.002326
v 0.004995 -0.035262 0.002533
v 0.005190 -0.036830 0.002484
v 0.004667 -0.035300 0.002577
v 0.004862 -0.036848 0.002543
v 0.004316 -0.035347 0.002502
v 0.004509 -0.036846 0.002471
v 0.004316 -0.035347 0.002502
v 0.003963 -0.035389 0.002292
v 0.004154 -0.036830 0.002285
v 0.004509 -0.036846 0.002471
v 0.003650 -0.035441 0.001959
v 0.003803 -0.036801 0.001994
v 0.003327 -0.035508 0.001548
v 0.003484 -0.036784 0.001629
v 0.003103 -0.035596 0.001029
v 0.003260 -0.036796 0.001168
v 0.003035 -0.035689 0.000500
v 0.003195 -0.036831 0.000684
v 0.003097 -0.035778 0.000023
v 0.003269 -0.036867 0.000240
v 0.003226 -0.035849 -0.000381
v 0.003431 -0.036890 -0.000131
v 0.003226 -0.035849 -0.000381
v 0.003419 -0.035902 -0.000720
v 0.003623 -0.036911 -0.000448
v 0.003431 -0.036890 -0.000131
v 0.003688 -0.035920 -0.000964
v 0.003875 -0.036919 -0.000698
v 0.003490 -0.034831 -0.001430
v 0.003859 -0.034800 -0.001557
v 0.004011 -0.035895 -0.001085
v 0.004221 -0.034747 -0.001543
v 0.004351 -0.035844 -0.001087
v 0.004586 -0.034691 -0.001443
v 0.004681 -0.035778 -0.000978
v 0.005010 -0.035710 -0.000815
v 0.005185 -0.036761 -0.000606
v 0.004846 -0.036815 -0.000763
v 0.005523 -0.036693 -0.000376
v 0.005523 -0.036693 -0.000376
v 0.005760 -0.037799 -0.000444
v 0.005392 -0.037835 -0.000688
v 0.005185 -0.036761 -0.000606
v 0.005795 -0.036611 -0.000020
v 0.006068 -0.037771 -0.000099
v 0.005795 -0.036611 -0.000020
v 0.006312 -0.038956 -0.000486
v 0.005986 -0.038926 -0.000808
v 0.006068 -0.037771 -0.000099
v 0.006263 -0.037780 0.000290
v 0.006524 -0.039019 -0.000117
v 0.006312 -0.038956 -0.000486
v 0.005795 -0.036611 -0.000020
v 0.005965 -0.036552 0.000442
v 0.006351 -0.037844 0.000715
v 0.006606 -0.039123 0.000281
v 0.006019 -0.036550 0.000924
v 0.006325 -0.037949 0.001119
v 0.006545 -0.039252 0.000686
v 0.005986 -0.036588 0.001371
v 0.006196 -0.038067 0.001482
v 0.006366 -0.039366 0.001062
v 0.005899 -0.036656 0.001769
v 0.005975 -0.038189 0.001804
v 0.006088 -0.039464 0.001417
v 0.005722 -0.036735 0.002095
v 0.005651 -0.038293 0.002062
v 0.005700 -0.039542 0.001735
v 0.005480 -0.036792 0.002326
v 0.005269 -0.038344 0.002232
v 0.005239 -0.039589 0.001967
v 0.005190 -0.036830 0.002484
v 0.004861 -0.038348 0.002323
v 0.004741 -0.039600 0.002098
v 0.004862 -0.036848 0.002543
v 0.004439 -0.038300 0.002326
v 0.004234 -0.039570 0.002123
v 0.004509 -0.036846 0.002471
v 0.004439 -0.038300 0.002326
v 0.004039 -0.038206 0.002213
v 0.003756 -0.039501 0.002039
v 0.004234 -0.039570 0.002123
v 0.004509 -0.036846 0.002471
v 0.004154 -0.036830 0.002285
v 0.003671 -0.038115 0.001942
v 0.003335 -0.039417 0.001812
v 0.003803 -0.036801 0.001994
v 0.003386 -0.038054 0.001578
v 0.003006 -0.039331 0.001432
v 0.003484 -0.036784 0.001629
v 0.003198 -0.038018 0.001136
v 0.002825 -0.039251 0.000957
v 0.003260 -0.036796 0.001168
v 0.003149 -0.037999 0.000668
v 0.002778 -0.039180 0.000434
v 0.003195 -0.036831 0.000684
v 0.003229 -0.037984 0.000222
v 0.002891 -0.039110 -0.000071
v 0.003269 -0.036867 0.000240
v 0.003397 -0.037968 -0.000161
v 0.003111 -0.039034 -0.000510
v 0.003431 -0.036890 -0.000131
v 0.003397 -0.037968 -0.000161
v 0.003635 -0.037943 -0.000485
v 0.003402 -0.038951 -0.000883
v 0.003111 -0.039034 -0.000510
v 0.003431 -0.036890 -0.000131
v 0.003623 -0.036911 -0.000448
v 0.003927 -0.037915 -0.000733
v 0.003755 -0.038877 -0.001172
v 0.003875 -0.036919 -0.000698
v 0.004251 -0.037893 -0.000886
v 0.004162 -0.038850 -0.001342
v 0.004180 -0.036897 -0.000833
v 0.004180 -0.036897 -0.000833
v 0.004510 -0.036860 -0.000850
v 0.004619 -0.037877 -0.000913
v 0.004510 -0.036860 -0.000850
v 0.004846 -0.036815 -0.000763
v 0.004999 -0.037859 -0.000839
v 0.005105 -0.038908 -0.001243
v 0.004637 -0.038877 -0.001355
v 0.005567 -0.038921 -0.001059
v 0.005702 -0.040034 -0.001616
v 0.005188 -0.039992 -0.001826
v 0.006170 -0.040076 -0.001363
v 0.006282 -0.041339 -0.001849
v 0.005821 -0.041284 -0.002146
v 0.006538 -0.040144 -0.001037
v 0.006664 -0.041420 -0.001473
v 0.006538 -0.040144 -0.001037
v 0.006750 -0.040245 -0.000623
v 0.006877 -0.041513 -0.000992
v 0.006664 -0.041420 -0.001473
v 0.006787 -0.040356 -0.000177
v 0.006900 -0.041593 -0.000463
v 0.006705 -0.040463 0.000290
v 0.006812 -0.041640 0.000078
v 0.006508 -0.040547 0.000758
v 0.006598 -0.041663 0.000615
v 0.006189 -0.040596 0.001201
v 0.006286 -0.041681 0.001100
v 0.005779 -0.040641 0.001573
v 0.005893 -0.041712 0.001497
v 0.005287 -0.040691 0.001843
v 0.005398 -0.041754 0.001749
v 0.004731 -0.040726 0.001970
v 0.004833 -0.041798 0.001827
v 0.004174 -0.040729 0.001963
v 0.004254 -0.041834 0.001810
v 0.004174 -0.040729 0.001963
v 0.003637 -0.040703 0.001858
v 0.003693 -0.041846 0.001714
v 0.004254 -0.041834 0.001810
v 0.003169 -0.040650 0.001620
v 0.003187 -0.041823 0.001478
v 0.002811 -0.040581 0.001207
v 0.002825 -0.041765 0.001059
v 0.002623 -0.040506 0.000682
v 0.002629 -0.041690 0.000516
v 0.002565 -0.040420 0.000103
v 0.002588 -0.041616 -0.000084
v 0.002667 -0.040328 -0.000490
v 0.002689 -0.041554 -0.000695
v 0.002874 -0.040220 -0.001040
v 0.002888 -0.041495 -0.001287
v 0.002874 -0.040220 -0.001040
v 0.003174 -0.040097 -0.001511
v 0.003207 -0.041433 -0.001807
v 0.002888 -0.041495 -0.001287
v 0.003593 -0.039996 -0.001831
v 0.003623 -0.041361 -0.002205
v 0.004084 -0.039933 -0.002007
v 0.004154 -0.041294 -0.002442
v 0.004648 -0.039947 -0.001974
v 0.004719 -0.041259 -0.002492
v 0.005296 -0.041247 -0.002396
v 0.005342 -0.042710 -0.002560
v 0.004761 -0.042719 -0.002568
v 0.005859 -0.042719 -0.002349
v 0.005640 -0.043984 -0.001891
v 0.005229 -0.043949 -0.002026
v 0.006281 -0.042747 -0.002012
v 0.005990 -0.044012 -0.001637
v 0.006611 -0.042785 -0.001595
v 0.006257 -0.044037 -0.001285
v 0.006611 -0.042785 -0.001595
v 0.006825 -0.042814 -0.001077
v 0.006433 -0.044047 -0.000849
v 0.006257 -0.044037 -0.001285
v 0.006873 -0.042820 -0.000518
v 0.006516 -0.044028 -0.000351
v 0.006773 -0.042804 0.000062
v 0.006484 -0.043993 0.000173
v 0.006570 -0.042778 0.000593
v 0.006363 -0.043975 0.000640
v 0.006299 -0.042772 0.001046
v 0.006169 -0.043964 0.001016
v 0.005949 -0.042789 0.001401
v 0.005889 -0.043953 0.001307
v 0.005488 -0.042822 0.001607
v 0.005503 -0.043944 0.001474
v 0.004965 -0.042860 0.001673
v 0.005050 -0.043952 0.001526
v 0.004403 -0.042913 0.001659
v 0.004577 -0.043997 0.001505
v 0.004403 -0.042913 0.001659
v 0.003850 -0.042966 0.001558
v 0.004090 -0.044085 0.001379
v 0.004577 -0.043997 0.001505
v 0.003352 -0.042995 0.001333
v 0.003660 -0.044158 0.001145
v 0.002986 -0.042968 0.000935
v 0.003299 -0.044200 0.000785
v 0.002799 -0.042893 0.000436
v 0.003092 -0.044176 0.000327
v 0.002755 -0.042816 -0.000105
v 0.003036 -0.044093 -0.000153
v 0.002851 -0.042763 -0.000662
v 0.003092 -0.044000 -0.000632
v 0.003099 -0.042727 -0.001183
v 0.003290 -0.043928 -0.001054
v 0.003099 -0.042727 -0.001183
v 0.003422 -0.042718 -0.001661
v 0.003600 -0.043886 -0.001417
v 0.003290 -0.043928 -0.001054
v 0.003796 -0.042714 -0.002069
v 0.003982 -0.043869 -0.001699
v 0.004254 -0.042704 -0.002367
v 0.004372 -0.043876 -0.001895
v 0.004793 -0.043914 -0.002026
v 0.004748 -0.045077 -0.001813
v 0.004365 -0.045070 -0.001807
v 0.005113 -0.045098 -0.001749
v 0.005100 -0.046342 -0.001742
v 0.004774 -0.046339 -0.001791
v 0.005448 -0.045124 -0.001618
v 0.005414 -0.046346 -0.001641
v 0.005753 -0.045155 -0.001403
v 0.005685 -0.046358 -0.001440
v 0.005974 -0.045187 -0.001100
v 0.005853 -0.046377 -0.001140
v 0.005974 -0.045187 -0.001100
v 0.006092 -0.045214 -0.000714
v 0.005918 -0.046383 -0.000772
v 0.005853 -0.046377 -0.001140
v 0.006122 -0.045220 -0.000254
v 0.005916 -0.046389 -0.000364
v 0.006090 -0.045222 0.000187
v 0.005887 -0.046406 0.000029
v 0.006026 -0.045233 0.000577
v 0.005841 -0.046430 0.000380
v 0.005914 -0.045236 0.000918
v 0.005753 -0.046454 0.000700
v 0.005709 -0.045220 0.001183
v 0.005592 -0.046473 0.000950
v 0.005416 -0.045194 0.001331
v 0.005353 -0.046487 0.001112
v 0.005076 -0.045182 0.001377
v 0.005074 -0.046492 0.001168
v 0.004718 -0.045197 0.001363
v 0.004766 -0.046493 0.001146
v 0.004718 -0.045197 0.001363
v 0.004331 -0.045253 0.001244
v 0.004469 -0.046486 0.000997
v 0.004766 -0.046493 0.001146
v 0.004016 -0.045312 0.000951
v 0.004217 -0.046471 0.000722
v 0.003745 -0.045338 0.000589
v 0.003997 -0.046452 0.000397
v 0.003547 -0.045333 0.000163
v 0.003829 -0.046431 0.000019
v 0.003469 -0.045288 -0.000283
v 0.003739 -0.046407 -0.000373
v 0.003486 -0.045232 -0.000703
v 0.003725 -0.046388 -0.000749
v 0.003571 -0.045169 -0.001086
v 0.003789 -0.046376 -0.001113
v 0.003571 -0.045169 -0.001086
v 0.003737 -0.045109 -0.001417
v 0.003933 -0.046368 -0.001409
v 0.003789 -0.046376 -0.001113
v 0.004013 -0.045077 -0.001680
v 0.004157 -0.046365 -0.001629
v 0.004453 -0.046353 -0.001767
v 0.004464 -0.047627 -0.001636
v 0.004182 -0.047615 -0.001517
v 0.004759 -0.047637 -0.001678
v 0.004670 -0.048840 -0.001646
v 0.004379 -0.048838 -0.001621
v 0.005055 -0.047648 -0.001670
v 0.004956 -0.048841 -0.001600
v 0.005353 -0.047656 -0.001584
v 0.005218 -0.048848 -0.001481
v 0.005583 -0.047656 -0.001395
v 0.005435 -0.048852 -0.001302
v 0.005739 -0.047640 -0.001118
v 0.005591 -0.048848 -0.001059
v 0.005739 -0.047640 -0.001118
v 0.005801 -0.047614 -0.000796
v 0.005697 -0.048832 -0.000790
v 0.005591 -0.048848 -0.001059
v 0.005807 -0.047594 -0.000458
v 0.005743 -0.048796 -0.000484
v 0.005793 -0.047583 -0.000124
v 0.005748 -0.048750 -0.000180
v 0.005758 -0.047581 0.000187
v 0.005732 -0.048699 0.000107
v 0.005686 -0.047590 0.000468
v 0.005674 -0.048648 0.000391
v 0.005548 -0.047603 0.000706
v 0.005533 -0.048610 0.000633
v 0.005328 -0.047609 0.000857
v 0.005329 -0.048588 0.000811
v 0.005061 -0.047612 0.000883
v 0.005056 -0.048593 0.000866
v 0.004790 -0.047614 0.000807
v 0.004763 -0.048626 0.000802
v 0.004790 -0.047614 0.000807
v 0.004531 -0.047617 0.000676
v 0.004472 -0.048680 0.000668
v 0.004763 -0.048626 0.000802
v 0.004269 -0.047615 0.000473
v 0.004204 -0.048752 0.000439
v 0.004049 -0.047608 0.000202
v 0.003878 -0.047598 -0.000109
v 0.003770 -0.047590 -0.000438
v 0.003740 -0.047588 -0.000761
v 0.003651 -0.048958 -0.000815
v 0.003798 -0.047592 -0.001071
v 0.003722 -0.048921 -0.001090
v 0.003798 -0.047592 -0.001071
v 0.003950 -0.047603 -0.001331
v 0.003871 -0.048887 -0.001341
v 0.003722 -0.048921 -0.001090
v 0.004097 -0.048847 -0.001517
v 0.004039 -0.049928 -0.001757
v 0.003790 -0.050001 -0.001573
v 0.004344 -0.049872 -0.001857
v 0.004389 -0.050740 -0.002273
v 0.004065 -0.050814 -0.002143
v 0.004658 -0.049840 -0.001877
v 0.004733 -0.050706 -0.002298
v 0.004969 -0.049827 -0.001811
v 0.005248 -0.049835 -0.001670
v 0.005476 -0.049859 -0.001462
v 0.005647 -0.049875 -0.001209
v 0.005814 -0.050811 -0.001538
v 0.005647 -0.049875 -0.001209
v 0.005771 -0.049878 -0.000909
v 0.005935 -0.050833 -0.001173
v 0.005814 -0.050811 -0.001538
v 0.005850 -0.049869 -0.000577
v 0.006013 -0.050833 -0.000756
v 0.006016 -0.051698 -0.000829
v 0.005922 -0.051721 -0.001344
v 0.005786 -0.052310 -0.000819
v 0.005657 -0.052347 -0.001368
v 0.005857 -0.052281 -0.000171
v 0.005465 -0.052697 -0.000147
v 0.005385 -0.052695 -0.000807
v 0.005858 -0.052277 0.000673
v 0.005476 -0.052684 0.000711
v 0.005805 -0.052409 0.001826
v 0.005466 -0.052760 0.001795
v 0.006027 -0.051966 0.001867
v 0.005952 -0.052272 0.003070
v 0.005769 -0.052615 0.003004
v 0.006117 -0.051452 0.001905
v 0.006030 -0.051919 0.003163
v 0.006084 -0.051167 0.002119
v 0.005994 -0.051590 0.003272
v 0.005897 -0.050855 0.002305
v 0.005833 -0.051294 0.003376
v 0.005817 -0.050259 0.001329
v 0.005655 -0.049496 0.000814
v 0.005539 -0.050093 0.001580
v 0.005589 -0.050640 0.002440
v 0.005412 -0.049424 0.001029
v 0.005108 -0.049420 0.001110
v 0.005177 -0.050072 0.001655
v 0.004784 -0.049485 0.001063
v 0.004812 -0.050144 0.001624
v 0.004784 -0.049485 0.001063
v 0.004476 -0.049605 0.000927
v 0.004473 -0.050294 0.001499
v 0.004812 -0.050144 0.001624
v 0.004192 -0.049798 0.000672
v 0.004171 -0.050534 0.001289
v 0.004084 -0.050995 0.002253
v 0.004428 -0.050775 0.002369
v 0.003807 -0.051298 0.002127
v 0.003917 -0.051616 0.003332
v 0.004133 -0.051327 0.003383
v 0.003635 -0.051659 0.002028
v 0.003815 -0.051946 0.003286
v 0.003620 -0.052071 0.001947
v 0.003840 -0.052298 0.003231
v 0.003781 -0.052467 0.001887
v 0.003997 -0.052635 0.003161
v 0.003764 -0.052238 0.000693
v 0.003675 -0.052064 -0.000174
v 0.004071 -0.052618 0.000683
v 0.004097 -0.052779 0.001839
v 0.004022 -0.052527 -0.000150
v 0.003623 -0.051965 -0.000775
v 0.003953 -0.052489 -0.000787
v 0.004469 -0.052799 -0.000141
v 0.004508 -0.052840 0.000692
v 0.004423 -0.052753 -0.000792
v 0.003966 -0.052434 -0.001337
v 0.004413 -0.052688 -0.001351
v 0.004914 -0.052834 -0.000798
v 0.004972 -0.052861 -0.000142
v 0.004845 -0.052728 -0.001356
v 0.004434 -0.052544 -0.001833
v 0.004778 -0.052572 -0.001828
v 0.005263 -0.052633 -0.001368
v 0.005131 -0.052506 -0.001824
v 0.005131 -0.052506 -0.001824
v 0.004778 -0.052572 -0.001828
v 0.004683 -0.052323 -0.002233
v 0.005011 -0.052326 -0.002205
v 0.005486 -0.052303 -0.001811
v 0.005486 -0.052303 -0.001811
v 0.005799 -0.051699 -0.001731
v 0.005799 -0.051699 -0.001731
v 0.004500 -0.051597 -0.002542
v 0.004858 -0.051604 -0.002538
v 0.005000 -0.052881 0.000708
v 0.005015 -0.052952 0.001792
v 0.004529 -0.052953 0.001807
v 0.005081 -0.053049 0.002980
v 0.004656 -0.053054 0.003020
v 0.005473 -0.052896 0.002974
v 0.005505 -0.053018 0.004183
v 0.005180 -0.053136 0.004195
v 0.005756 -0.052799 0.004195
v 0.005767 -0.052906 0.005369
v 0.005535 -0.053092 0.005370
v 0.005922 -0.052522 0.004230
v 0.005932 -0.052663 0.005383
v 0.005989 -0.052215 0.004285
v 0.005990 -0.052382 0.005405
v 0.005949 -0.051904 0.004356
v 0.005949 -0.052095 0.005439
v 0.005788 -0.051634 0.004426
v 0.005795 -0.051844 0.005481
v 0.005525 -0.051450 0.004477
v 0.005552 -0.051678 0.005516
v 0.005552 -0.051085 0.003448
v 0.005191 -0.051002 0.003470
v 0.005204 -0.051379 0.004500
v 0.005203 -0.050579 0.002485
v 0.004806 -0.050632 0.002453
v 0.004815 -0.051021 0.003458
v 0.004806 -0.050632 0.002453
v 0.004449 -0.051120 0.003429
v 0.004815 -0.051021 0.003458
v 0.004570 -0.051439 0.004520
v 0.004881 -0.051374 0.004515
v 0.004306 -0.051612 0.004509
v 0.004447 -0.051808 0.005584
v 0.004687 -0.051656 0.005581
v 0.004142 -0.051874 0.004480
v 0.004289 -0.052050 0.005570
v 0.004073 -0.052172 0.004443
v 0.004230 -0.052333 0.005545
v 0.004110 -0.052483 0.004394
v 0.004275 -0.052622 0.005510
v 0.004254 -0.052776 0.004339
v 0.004413 -0.052886 0.005471
v 0.004498 -0.053008 0.004281
v 0.004642 -0.053088 0.005435
v 0.004277 -0.052901 0.003087
v 0.004824 -0.053137 0.004229
v 0.004932 -0.053194 0.005405
v 0.005247 -0.053198 0.005382
v 0.005247 -0.053198 0.005382
v 0.005301 -0.053215 0.006513
v 0.005012 -0.053218 0.006533
v 0.004932 -0.053194 0.005405
v 0.005535 -0.053092 0.005370
v 0.005573 -0.053123 0.006500
v 0.005627 -0.053135 0.007534
v 0.005364 -0.053226 0.007552
v 0.005798 -0.052952 0.006492
v 0.005847 -0.052967 0.007523
v 0.005767 -0.052906 0.005369
v 0.005955 -0.052718 0.006493
v 0.005993 -0.052741 0.007521
v 0.005932 -0.052663 0.005383
v 0.006019 -0.052446 0.006503
v 0.006058 -0.052481 0.007526
v 0.005990 -0.052382 0.005405
v 0.005985 -0.052175 0.006519
v 0.006034 -0.052218 0.007538
v 0.005949 -0.052095 0.005439
v 0.005848 -0.051931 0.006541
v 0.005907 -0.051982 0.007557
v 0.005795 -0.051844 0.005481
v 0.005615 -0.051772 0.006566
v 0.005687 -0.051827 0.007581
v 0.005552 -0.051678 0.005516
v 0.005340 -0.051701 0.006594
v 0.005423 -0.051761 0.007609
v 0.005265 -0.051619 0.005541
v 0.005265 -0.051619 0.005541
v 0.004970 -0.051599 0.005564
v 0.005057 -0.051696 0.006619
v 0.004881 -0.051374 0.004515
v 0.004970 -0.051599 0.005564
v 0.004970 -0.051599 0.005564
v 0.004687 -0.051656 0.005581
v 0.004784 -0.051760 0.006641
v 0.005057 -0.051696 0.006619
v 0.004970 -0.051599 0.005564
v 0.004874 -0.051827 0.007665
v 0.005145 -0.051759 0.007638
v 0.004554 -0.051920 0.006652
v 0.004655 -0.051987 0.007683
v 0.004447 -0.051808 0.005584
v 0.004406 -0.052153 0.006649
v 0.004514 -0.052209 0.007687
v 0.004289 -0.052050 0.005570
v 0.004352 -0.052423 0.006636
v 0.004463 -0.052472 0.007679
v 0.004230 -0.052333 0.005545
v 0.004393 -0.052697 0.006614
v 0.004502 -0.052737 0.007660
v 0.004275 -0.052622 0.005510
v 0.004526 -0.052943 0.006586
v 0.004627 -0.052976 0.007634
v 0.004413 -0.052886 0.005471
v 0.004740 -0.053127 0.006557
v 0.004832 -0.053147 0.007604
v 0.004642 -0.053088 0.005435
v 0.005091 -0.053232 0.007576
v 0.005195 -0.053233 0.008502
v 0.004953 -0.053153 0.008541
v 0.005453 -0.053224 0.008466
v 0.005698 -0.053134 0.008440
v 0.005794 -0.053086 0.009177
v 0.005894 -0.052971 0.008427
v 0.005946 -0.052941 0.009155
v 0.006032 -0.052756 0.008423
v 0.006060 -0.052754 0.009144
v 0.006096 -0.052513 0.008427
v 0.006117 -0.052545 0.009146
v 0.006074 -0.052263 0.008437
v 0.006105 -0.052325 0.009156
v 0.005958 -0.052039 0.008455
v 0.006011 -0.052119 0.009176
v 0.005761 -0.051888 0.008476
v 0.005514 -0.051819 0.008503
v 0.005246 -0.051820 0.008538
v 0.005145 -0.051759 0.007638
v 0.005246 -0.051820 0.008538
v 0.004993 -0.051892 0.008580
v 0.005185 -0.051976 0.009311
v 0.005386 -0.051895 0.009267
v 0.004791 -0.052048 0.008615
v 0.005013 -0.052125 0.009356
v 0.004657 -0.052261 0.008630
v 0.004896 -0.052318 0.009383
v 0.004602 -0.052512 0.008626
v 0.004846 -0.052535 0.009390
v 0.004631 -0.052768 0.008607
v 0.004863 -0.052764 0.009382
v 0.004752 -0.052997 0.008579
v 0.004974 -0.052977 0.009351
v 0.005216 -0.052392 0.009918
v 0.005303 -0.052253 0.009894
v 0.005501 -0.052489 0.010189
v 0.005560 -0.052389 0.010178
v 0.005677 -0.052611 0.010233
v 0.005726 -0.052528 0.010232
v 0.005733 -0.052803 0.010126
v 0.005820 -0.052736 0.010144
v 0.005878 -0.052655 0.010158
v 0.005954 -0.052859 0.009778
v 0.006048 -0.052735 0.009763
v 0.005846 -0.052956 0.009824
v 0.005644 -0.052297 0.010134
v 0.005760 -0.052214 0.010049
v 0.005595 -0.052082 0.009859
v 0.005432 -0.052137 0.009869
v 0.003620 -0.051888 -0.001286
v 0.003708 -0.051794 -0.001755
v 0.004085 -0.052329 -0.001800
v 0.003498 -0.051127 -0.001162
v 0.003585 -0.051028 -0.001567
v 0.003546 -0.050196 -0.000979
v 0.003615 -0.050098 -0.001298
v 0.003615 -0.050098 -0.001298
v 0.003771 -0.050918 -0.001907
v 0.003585 -0.051028 -0.001567
v 0.009320 -0.001082 0.001030
v 0.009775 -0.001042 0.000869
v 0.009320 -0.001082 0.001030
v 0.002865 0.002467 -0.004664
v 0.013147 0.004289 0.004348
v 0.013591 0.000618 -0.003192
v 0.003207 0.009061 0.005486
v 0.002657 0.007680 0.006832
v 0.001971 0.007071 0.007128
v 0.002182 0.013410 0.012807
v 0.003926 0.009859 0.011155
v 0.016689 -0.023256 -0.003665
v 0.016565 -0.023618 -0.004822
v 0.016706 -0.024293 -0.005216
v 0.016706 -0.024293 -0.005216
v 0.016706 -0.024293 -0.005216
v 0.016829 -0.024900 -0.005768
v 0.016706 -0.024293 -0.005216
v 0.016829 -0.024900 -0.005768
v 0.016671 -0.024674 -0.006081
v 0.016471 -0.024058 -0.005554
v 0.016964 -0.025576 -0.006443
v 0.016827 -0.025383 -0.006708
v 0.016560 -0.025286 -0.006889
v 0.016852 -0.026281 -0.007326
v 0.016627 -0.026194 -0.007487
v 0.016957 -0.026419 -0.007090
v 0.016885 -0.027398 -0.007595
v 0.016780 -0.027295 -0.007822
v 0.016563 -0.027220 -0.007965
v 0.016681 -0.028331 -0.008257
v 0.016453 -0.028257 -0.008401
v 0.016173 -0.028226 -0.008407
v 0.016810 -0.028425 -0.008032
v 0.016810 -0.028425 -0.008032
v 0.016885 -0.027398 -0.007595
v 0.016864 -0.027507 -0.007342
v 0.016913 -0.026573 -0.006837
v 0.016720 -0.026706 -0.006630
v 0.016957 -0.026419 -0.007090
v 0.016964 -0.025576 -0.006443
v 0.015897 -0.031861 -0.008829
v 0.015318 -0.026602 -0.001881
v 0.014891 -0.026481 -0.001769
v 0.015674 -0.026551 -0.001792
v 0.015944 -0.026409 -0.001593
v 0.015694 -0.027086 -0.001441
v 0.015339 -0.027129 -0.001506
v 0.015960 -0.026966 -0.001239
v 0.016083 -0.026208 -0.001287
v 0.016073 -0.026807 -0.000954
v 0.015935 -0.027679 -0.000843
v 0.015696 -0.027759 -0.001035
v 0.016025 -0.027562 -0.000576
v 0.016029 -0.026657 -0.000648
v 0.015994 -0.027441 -0.000306
v 0.015845 -0.028483 -0.000180
v 0.015766 -0.028561 -0.000429
v 0.015793 -0.028378 0.000062
v 0.015793 -0.028378 0.000062
v 0.015994 -0.027441 -0.000306
v 0.015796 -0.027344 -0.000101
v 0.015615 -0.028273 0.000232
v 0.015431 -0.029317 0.000406
v 0.015486 -0.029417 0.000177
v 0.015256 -0.029199 0.000554
v 0.015431 -0.029317 0.000406
v 0.015360 -0.028188 0.000292
v 0.015022 -0.029095 0.000603
v 0.014876 -0.030060 0.000886
v 0.015056 -0.030187 0.000729
v 0.014632 -0.029951 0.000917
v 0.014790 -0.029039 0.000517
v 0.014389 -0.029881 0.000822
v 0.014294 -0.030718 0.001241
v 0.014557 -0.030827 0.001201
v 0.014031 -0.030664 0.001129
v 0.014210 -0.029876 0.000617
v 0.013837 -0.030671 0.000905
v 0.013780 -0.031336 0.001396
v 0.014055 -0.031379 0.001523
v 0.013583 -0.031361 0.001147
v 0.013781 -0.030743 0.000626
v 0.013519 -0.031447 0.000862
v 0.013383 -0.032023 0.001083
v 0.013610 -0.031573 0.000595
v 0.013435 -0.032566 0.001314
v 0.013871 -0.030859 0.000370
v 0.014080 -0.030989 0.000208
v 0.013839 -0.031707 0.000420
v 0.014223 -0.030049 0.000120
v 0.014414 -0.030179 -0.000027
v 0.014150 -0.029937 0.000362
v 0.014560 -0.029104 0.000089
v 0.014615 -0.029204 -0.000139
v 0.014618 -0.029040 0.000329
v 0.014911 -0.028190 0.000044
v 0.014831 -0.028268 -0.000198
v 0.015105 -0.028161 0.000218
v 0.015194 -0.027292 -0.000033
v 0.014941 -0.027369 -0.000227
v 0.015512 -0.027286 0.000010
v 0.015510 -0.026498 -0.000234
v 0.015136 -0.026525 -0.000256
v 0.015835 -0.026545 -0.000379
v 0.015814 -0.025914 -0.000646
v 0.015479 -0.025865 -0.000461
v 0.016029 -0.026657 -0.000648
v 0.016035 -0.026028 -0.000945
v 0.015984 -0.025536 -0.001177
v 0.015784 -0.025421 -0.000818
v 0.016035 -0.026028 -0.000945
v 0.015984 -0.025536 -0.001177
v 0.016001 -0.025132 -0.001365
v 0.016001 -0.025132 -0.001365
v 0.016133 -0.024622 -0.001661
v 0.016133 -0.024622 -0.001661
v 0.014821 -0.026627 -0.000464
v 0.014678 -0.026778 -0.000790
v 0.014851 -0.027483 -0.000497
v 0.014736 -0.026939 -0.001130
v 0.014896 -0.027610 -0.000767
v 0.014890 -0.028372 -0.000423
v 0.015095 -0.027716 -0.000979
v 0.015066 -0.028477 -0.000590
v 0.014796 -0.029323 -0.000282
v 0.015311 -0.028562 -0.000670
v 0.015021 -0.029423 -0.000328
v 0.014661 -0.030291 -0.000055
v 0.015263 -0.029483 -0.000241
v 0.014907 -0.030358 0.000049
v 0.014355 -0.031100 0.000186
v 0.014617 -0.031162 0.000296
v 0.015083 -0.030362 0.000248
v 0.014797 -0.031154 0.000521
v 0.014404 -0.031861 0.000536
v 0.014131 -0.031811 0.000408
v 0.014597 -0.031840 0.000767
v 0.014849 -0.031080 0.000792
v 0.014651 -0.031746 0.001052
v 0.014433 -0.032342 0.000995
v 0.014261 -0.032395 0.000774
v 0.015135 -0.030297 0.000499
v 0.015056 -0.030187 0.000729
v 0.014764 -0.030960 0.001044
v 0.014548 -0.031615 0.001314
v 0.014548 -0.031615 0.001314
v 0.014764 -0.030960 0.001044
v 0.014336 -0.031483 0.001487
v 0.015438 -0.029485 -0.000064
v 0.015565 -0.028584 -0.000596
v 0.015386 -0.027773 -0.001084
v 0.014973 -0.027065 -0.001389
v 0.014578 -0.026298 -0.001491
v 0.014477 -0.025665 -0.001846
v 0.014381 -0.025124 -0.002291
v 0.016028 -0.031847 -0.008859
v 0.016328 -0.025545 -0.002789
v 0.016574 -0.025337 -0.003201
v 0.016574 -0.025337 -0.003201
v 0.016574 -0.025337 -0.003201
v 0.016328 -0.025545 -0.002789
v 0.016474 -0.026177 -0.003172
v 0.016691 -0.026029 -0.003482
v 0.016574 -0.025337 -0.003201
v 0.016691 -0.026029 -0.003482
v 0.016626 -0.026878 -0.003473
v 0.016800 -0.026780 -0.003755
v 0.016800 -0.026780 -0.003755
v 0.016791 -0.026738 -0.004099
v 0.016828 -0.027601 -0.003998
v 0.016814 -0.027563 -0.004294
v 0.016595 -0.026767 -0.004423
v 0.016593 -0.027548 -0.004542
v 0.016678 -0.028583 -0.004376
v 0.016458 -0.028553 -0.004587
v 0.016260 -0.027556 -0.004652
v 0.016222 -0.026847 -0.004611
v 0.016142 -0.028494 -0.004608
v 0.016074 -0.029563 -0.004395
v 0.015796 -0.029466 -0.004439
v 0.015855 -0.028435 -0.004465
v 0.015920 -0.027578 -0.004512
v 0.015571 -0.029350 -0.004286
v 0.015355 -0.030390 -0.004159
v 0.015142 -0.030258 -0.004008
v 0.015571 -0.029350 -0.004286
v 0.015457 -0.029255 -0.004016
v 0.015726 -0.028397 -0.004203
v 0.015855 -0.028435 -0.004465
v 0.015142 -0.030258 -0.004008
v 0.015072 -0.030154 -0.003733
v 0.014716 -0.031167 -0.003706
v 0.014663 -0.031065 -0.003433
v 0.015171 -0.030115 -0.003443
v 0.015540 -0.029223 -0.003722
v 0.014787 -0.031036 -0.003156
v 0.014328 -0.031977 -0.003137
v 0.014475 -0.031942 -0.002868
v 0.015038 -0.031090 -0.002986
v 0.015412 -0.030166 -0.003258
v 0.014745 -0.031987 -0.002726
v 0.014246 -0.032737 -0.002591
v 0.014540 -0.032770 -0.002460
v 0.015022 -0.032094 -0.002772
v 0.015318 -0.031209 -0.003003
v 0.014846 -0.032873 -0.002519
v 0.014694 -0.033446 -0.002344
v 0.015043 -0.033007 -0.002757
v 0.015209 -0.032221 -0.002980
v 0.014882 -0.033574 -0.002596
v 0.015043 -0.033007 -0.002757
v 0.015044 -0.033111 -0.003065
v 0.015239 -0.032321 -0.003264
v 0.015209 -0.032221 -0.002980
v 0.015044 -0.033111 -0.003065
v 0.014846 -0.033143 -0.003324
v 0.015091 -0.032353 -0.003525
v 0.015239 -0.032321 -0.003264
v 0.014560 -0.033110 -0.003436
v 0.014822 -0.032304 -0.003656
v 0.014274 -0.033010 -0.003360
v 0.014547 -0.032201 -0.003617
v 0.014089 -0.032888 -0.003145
v 0.014358 -0.032076 -0.003419
v 0.014089 -0.032888 -0.003145
v 0.014077 -0.032783 -0.002851
v 0.014358 -0.032076 -0.003419
v 0.013963 -0.033491 -0.002898
v 0.014716 -0.031167 -0.003706
v 0.014917 -0.031299 -0.003882
v 0.015191 -0.031410 -0.003891
v 0.015622 -0.030497 -0.004138
v 0.015857 -0.030549 -0.003964
v 0.015445 -0.031465 -0.003737
v 0.016283 -0.029601 -0.004192
v 0.016372 -0.029571 -0.003909
v 0.015960 -0.030518 -0.003685
v 0.016703 -0.028575 -0.004065
v 0.016703 -0.028575 -0.004065
v 0.016563 -0.028528 -0.003794
v 0.016287 -0.029477 -0.003648
v 0.016372 -0.029571 -0.003909
v 0.016828 -0.027601 -0.003998
v 0.016662 -0.027638 -0.003731
v 0.016662 -0.027638 -0.003731
v 0.016362 -0.027655 -0.003617
v 0.016278 -0.028466 -0.003671
v 0.016563 -0.028528 -0.003794
v 0.016626 -0.026878 -0.003473
v 0.016298 -0.026980 -0.003337
v 0.015914 -0.027045 -0.003403
v 0.016020 -0.027654 -0.003641
v 0.015603 -0.027036 -0.003721
v 0.015755 -0.027649 -0.003883
v 0.015587 -0.026960 -0.004158
v 0.015734 -0.027611 -0.004225
v 0.015845 -0.026900 -0.004486
v 0.015920 -0.027578 -0.004512
v 0.015845 -0.026900 -0.004486
v 0.015750 -0.028388 -0.003890
v 0.015989 -0.028412 -0.003709
v 0.015769 -0.029257 -0.003526
v 0.016057 -0.029352 -0.003498
v 0.015695 -0.030282 -0.003245
v 0.015904 -0.030419 -0.003412
v 0.016287 -0.029477 -0.003648
v 0.015516 -0.031340 -0.003189
v 0.015516 -0.031340 -0.003189
v 0.015565 -0.031438 -0.003473
v 0.015960 -0.030518 -0.003685
v 0.015904 -0.030419 -0.003412
v 0.015565 -0.031438 -0.003473
v 0.016193 -0.031738 -0.008860
v 0.014010 -0.034008 -0.002632
v -0.007818 0.003862 0.004554
v -0.006581 0.003769 0.005290
v -0.006561 0.004367 0.005098
v -0.007672 0.004539 0.004357
v -0.007818 0.003862 0.004554
v -0.007723 0.002812 0.004767
v -0.006739 0.002873 0.005423
v -0.006581 0.003769 0.005290
v -0.008653 0.003613 0.004583
v -0.008672 0.002603 0.004593
v -0.008460 0.005320 0.004143
v -0.008705 0.004745 0.004014
v -0.009117 0.004474 0.004159
v -0.008653 0.003613 0.004583
v -0.014525 -0.025119 -0.000770
v -0.014377 -0.025356 -0.001372
v -0.014178 -0.024779 -0.001764
v -0.014084 -0.024463 -0.001161
v -0.015055 -0.025298 -0.000483
v -0.015084 -0.025869 -0.000474
v -0.014732 -0.025924 -0.000704
v -0.014513 -0.026098 -0.001088
v -0.014138 -0.024685 -0.000176
v -0.014524 -0.024881 -0.000122
v -0.015863 -0.025948 -0.004860
v -0.016407 -0.025706 -0.005010
v -0.016630 -0.026045 -0.005937
v -0.016274 -0.026158 -0.005871
v -0.015990 -0.026139 -0.005979
v -0.015630 -0.025740 -0.005206
v -0.015191 -0.025450 -0.004511
v -0.015185 -0.025918 -0.004006
v -0.015408 -0.026448 -0.004099
v -0.015777 -0.026397 -0.004544
v -0.015777 -0.026397 -0.004544
v -0.016235 -0.026286 -0.004635
v -0.016574 -0.026043 -0.004323
v -0.016625 -0.025139 -0.004307
v -0.016694 -0.024657 -0.004799
v -0.016765 -0.025241 -0.005420
v -0.016915 -0.025806 -0.006165
v -0.002829 0.005728 0.006346
v -0.002353 0.006197 0.006360
v -0.002989 0.006921 0.005975
v -0.003444 0.006641 0.005935
v -0.004305 0.006392 0.005780
v -0.004173 0.005550 0.005891
v -0.004075 0.004762 0.006237
v -0.002926 0.004910 0.006809
v -0.001444 0.004551 0.007402
v -0.001288 0.005245 0.006957
v -0.001155 0.005694 0.006839
v -0.015599 -0.031570 -0.008813
v -0.015728 -0.031702 -0.008934
v -0.015633 -0.031043 -0.008973
v -0.015504 -0.031060 -0.008743
v -0.015500 -0.031112 -0.008478
v -0.015625 -0.031670 -0.008658
v -0.015776 -0.031846 -0.008772
v -0.005765 -0.052083 0.009879
v -0.005595 -0.052082 0.009859
v -0.005386 -0.051895 0.009267
v -0.005632 -0.051895 0.009226
v -0.005846 -0.051971 0.009198
v -0.005870 -0.052126 0.009814
v -0.005760 -0.052214 0.010049
v -0.001444 0.004551 0.007402
v -0.002495 0.004151 0.007777
v -0.002337 0.003310 0.008084
v -0.001072 0.003619 0.007789
v -0.015975 -0.025801 -0.002472
v -0.016328 -0.025545 -0.002789
v -0.016474 -0.026177 -0.003172
v -0.016157 -0.026357 -0.003017
v -0.015798 -0.026467 -0.003080
v -0.015694 -0.026031 -0.002568
v -0.016094 -0.025406 -0.001893
v -0.016244 -0.025015 -0.002262
v -0.016328 -0.025545 -0.002789
v -0.015683 -0.026156 -0.002166
v -0.015908 -0.026007 -0.001958
v -0.016038 -0.025749 -0.001602
v -0.014725 -0.033987 -0.002800
v -0.014506 -0.034104 -0.002843
v -0.014425 -0.034171 -0.002496
v -0.014676 -0.033967 -0.002501
v -0.014882 -0.033574 -0.002596
v -0.014878 -0.033678 -0.002916
v -0.014878 -0.033678 -0.002916
v -0.014656 -0.033713 -0.003143
v -0.014087 -0.034012 -0.002853
v -0.014273 -0.034117 -0.002840
v -0.014394 -0.033688 -0.003196
v -0.014124 -0.033602 -0.003112
v -0.013963 -0.033491 -0.002898
v -0.014010 -0.034008 -0.002632
v -0.014202 -0.034191 -0.002528
v -0.014306 -0.032467 0.001584
v -0.014092 -0.032457 0.001690
v -0.014193 -0.032010 0.001652
v -0.014409 -0.032124 0.001495
v -0.014409 -0.032124 0.001495
v -0.014487 -0.032244 0.001245
v -0.014319 -0.032642 0.001429
v -0.014059 -0.032759 0.001585
v -0.001352 -0.017262 0.002197
v -0.001768 -0.018461 0.001911
v -0.001120 -0.018774 0.001552
v -0.000767 -0.018244 0.001587
v -0.001352 -0.017262 0.002197
v -0.002423 -0.016601 0.002332
v -0.002810 -0.017896 0.002123
v -0.001768 -0.018461 0.001911
v -0.001352 -0.017262 0.002197
v -0.000767 -0.018244 0.001587
v -0.000446 -0.017930 0.001776
v -0.000682 -0.016781 0.002733
v -0.013961 -0.023978 -0.002432
v -0.013817 -0.023631 -0.002067
v -0.013765 -0.023288 -0.001775
v -0.013812 -0.023993 -0.000937
v -0.013812 -0.023993 -0.000937
v -0.013864 -0.024382 -0.000051
v -0.015019 -0.024976 -0.000132
v -0.016237 -0.031695 -0.008529
v -0.016354 -0.031243 -0.008344
v -0.016446 -0.031206 -0.008578
v -0.016221 -0.031754 -0.008724
v -0.016055 -0.031848 -0.008698
v -0.016068 -0.031739 -0.008506
v -0.016142 -0.031252 -0.008199
v -0.015692 -0.024254 -0.000623
v -0.015220 -0.024569 0.000115
v -0.015288 -0.024150 0.000344
v -0.015636 -0.023707 -0.000315
v -0.015937 -0.024467 -0.001123
v -0.015790 -0.025002 -0.000934
v -0.015513 -0.024961 -0.000570
v -0.015692 -0.024254 -0.000623
v -0.016047 -0.023175 -0.001288
v -0.016225 -0.023466 -0.001679
v -0.015937 -0.024467 -0.001123
v -0.015636 -0.023707 -0.000315
v -0.015827 -0.022823 -0.001023
v -0.014674 -0.025102 0.000725
v -0.014892 -0.024899 0.000925
v -0.015473 -0.025355 -0.000569
v -0.014373 -0.025117 0.000626
v -0.007228 0.005629 0.005036
v -0.008047 0.005726 0.004593
v -0.007670 0.005218 0.004608
v -0.006801 0.005103 0.005043
v -0.006889 0.005994 0.005228
v -0.008017 0.006153 0.004679
v -0.005661 0.005446 0.005511
v -0.006061 -0.050739 0.000529
v -0.005979 -0.050457 0.000948
v -0.005801 -0.049615 0.000494
v -0.005868 -0.049729 0.000145
v -0.006044 -0.050774 -0.000253
v -0.006070 -0.051650 -0.000233
v -0.006098 -0.051668 0.000568
v -0.005885 -0.049820 -0.000186
v -0.013682 -0.022831 -0.003190
v -0.013835 -0.022505 -0.003756
v -0.013579 -0.021086 -0.003810
v -0.013431 -0.021119 -0.003364
v -0.014188 -0.024017 -0.003506
v -0.014200 -0.023682 -0.003932
v -0.014280 -0.024565 -0.002895
v -0.013389 -0.021024 -0.002931
v -0.013609 -0.022487 -0.002709
v -0.007833 -0.001432 0.001591
v -0.008542 -0.001511 0.000095
v -0.008015 -0.001826 -0.000207
v -0.007202 -0.001690 0.001077
v -0.008783 -0.001211 0.001234
v -0.008911 -0.001309 0.000118
v -0.007833 -0.001432 0.001591
v -0.006442 -0.001680 0.002889
v -0.006715 -0.001429 0.003672
v -0.007935 -0.001137 0.002593
v -0.007202 -0.001690 0.001077
v -0.006020 -0.001811 0.002307
v -0.008866 -0.000968 0.002020
v -0.008783 -0.001211 0.001234
v -0.014076 -0.033750 -0.002282
v -0.014112 -0.033326 -0.002376
v -0.014400 -0.033350 -0.002265
v -0.014269 -0.033837 -0.002211
v -0.014168 -0.034082 -0.002336
v -0.014004 -0.033906 -0.002442
v -0.013955 -0.033386 -0.002621
v -0.016163 -0.031633 -0.009008
v -0.016295 -0.031106 -0.008989
v -0.016053 -0.031082 -0.009082
v -0.015993 -0.031715 -0.009010
v -0.016028 -0.031847 -0.008859
v -0.016193 -0.031738 -0.008860
v -0.016425 -0.031161 -0.008798
v -0.005538 -0.053079 0.009787
v -0.005367 -0.053189 0.009259
v -0.005148 -0.053120 0.009306
v -0.005430 -0.052964 0.009911
v -0.005725 -0.053017 0.009866
v -0.005590 -0.053174 0.009210
v -0.005621 -0.052865 0.010081
v -0.000574 0.004061 0.011976
v -0.000819 0.003739 0.012384
v -0.001557 0.004668 0.011861
v -0.000902 0.004738 0.011522
v -0.011666 -0.000315 0.002936
v -0.010736 0.000155 0.003192
v -0.010754 0.001069 0.004064
v -0.011679 0.000680 0.004137
v -0.011666 -0.000315 0.002936
v -0.011125 -0.000668 0.002291
v -0.010563 -0.000310 0.002564
v -0.010736 0.000155 0.003192
v -0.012685 0.000681 0.003986
v -0.012735 -0.000230 0.002940
v -0.012834 -0.000974 0.002300
v -0.012093 -0.001102 0.002271
v -0.012093 -0.001102 0.002271
v -0.011518 -0.001184 0.002025
v -0.010770 -0.028530 0.003504
v -0.010770 -0.028685 0.003666
v -0.011285 -0.028496 0.003403
v -0.011100 -0.028311 0.003273
v -0.010924 -0.028077 0.003287
v -0.010593 -0.028408 0.003577
v -0.010513 -0.028531 0.003775
v -0.014360 -0.034103 -0.002308
v -0.014519 -0.033894 -0.002254
v -0.014676 -0.033967 -0.002501
v -0.014425 -0.034171 -0.002496
v -0.014202 -0.034191 -0.002528
v -0.000565 0.007515 0.016578
v -0.000800 0.006980 0.016137
v -0.000741 0.008066 0.016489
v -0.001314 0.007569 0.015869
v -0.003873 0.009402 0.009937
v -0.003926 0.009859 0.011155
v -0.003860 0.011210 0.010643
v -0.003921 0.010948 0.009427
v -0.003494 0.007992 0.011298
v -0.003554 0.008393 0.011987
v -0.003449 0.008476 0.009701
v -0.003221 0.007531 0.010900
v -0.003681 0.010751 0.008203
v -0.003695 0.009633 0.008416
v -0.003399 0.008760 0.008460
v -0.003415 0.004185 0.007444
v -0.003534 0.003130 0.007842
v -0.013588 -0.032219 0.001629
v -0.013463 -0.032403 0.001512
v -0.013442 -0.031918 0.001340
v -0.013629 -0.031879 0.001575
v -0.013824 -0.032355 0.001700
v -0.013761 -0.032682 0.001609
v -0.013909 -0.031921 0.001685
v -0.013989 -0.032927 0.001197
v -0.014042 -0.032923 0.001398
v -0.014254 -0.032728 0.001226
v -0.014111 -0.032780 0.001033
v -0.013770 -0.032925 0.001218
v -0.013733 -0.032884 0.001465
v -0.013872 -0.032798 0.000978
v -0.013671 -0.032702 0.000916
v -0.013712 -0.032292 0.000645
v -0.013478 -0.032160 0.000819
v -0.013528 -0.032688 0.001109
v -0.013990 -0.032375 0.000646
v -0.011037 -0.028612 0.004130
v -0.010911 -0.028722 0.004000
v -0.010670 -0.028564 0.004097
v -0.010857 -0.028493 0.004202
v -0.011468 -0.028421 0.004102
v -0.011487 -0.028556 0.003865
v -0.011358 -0.028217 0.004253
v -0.011468 -0.028421 0.004102
v -0.011394 0.001892 -0.002547
v -0.011765 0.001158 -0.002830
v -0.012381 0.001457 -0.002984
v -0.012216 0.002258 -0.002690
v -0.010984 0.001109 -0.002399
v -0.011297 0.000700 -0.002625
v -0.010513 0.002196 -0.002489
v -0.010394 0.001424 -0.002409
v -0.005429 -0.051554 -0.002264
v -0.005381 -0.050750 -0.002050
v -0.005069 -0.050714 -0.002232
v -0.005171 -0.051632 -0.002465
v -0.005323 -0.052197 -0.002143
v -0.005594 -0.051687 -0.002059
v -0.005636 -0.050786 -0.001826
v -0.012133 0.005690 0.000103
v -0.012383 0.005356 -0.000247
v -0.012930 0.005614 0.000159
v -0.012377 0.005928 0.000506
v -0.011615 0.005831 0.000031
v -0.011691 0.005324 -0.000503
v -0.011674 0.006153 0.000605
v -0.012417 0.003687 0.004795
v -0.012791 0.004008 0.004620
v -0.013236 0.002997 0.004562
v -0.012542 0.002849 0.004846
v -0.011617 0.002897 0.004922
v -0.011706 0.003869 0.004781
v -0.011883 0.004482 0.004568
v -0.003274 -0.013797 -0.004039
v -0.002827 -0.012290 -0.004038
v -0.001600 -0.012025 -0.005187
v -0.001677 -0.013216 -0.005201
v -0.004071 -0.013875 -0.003019
v -0.003530 -0.012484 -0.003113
v -0.003274 -0.013797 -0.004039
v -0.001677 -0.013216 -0.005201
v -0.001703 -0.014355 -0.005474
v -0.003156 -0.015042 -0.004706
v -0.005390 0.006335 0.005527
v -0.006677 0.006561 0.005237
v -0.005326 0.004551 0.005726
v -0.002207 0.012007 0.014600
v -0.001726 0.012366 0.014846
v -0.001928 0.013042 0.013950
v -0.002529 0.012275 0.013901
v -0.002820 0.011315 0.013930
v -0.002322 0.011305 0.014757
v -0.001721 0.011516 0.015328
v -0.010543 -0.028176 0.003605
v -0.010460 -0.028208 0.003816
v -0.010802 -0.027846 0.003437
v -0.010775 -0.027697 0.003710
v -0.010753 -0.028330 0.004228
v -0.010623 -0.028257 0.004188
v -0.011012 -0.027786 0.004196
v -0.011190 -0.027984 0.004290
v -0.015331 -0.026079 -0.002902
v -0.015428 -0.026542 -0.003434
v -0.014733 -0.025255 -0.003403
v -0.014809 -0.025575 -0.002705
v -0.015191 -0.025450 -0.004511
v -0.014710 -0.024915 -0.003947
v -0.016625 -0.025139 -0.004307
v -0.016685 -0.025199 -0.003696
v -0.016657 -0.024466 -0.003391
v -0.016684 -0.024231 -0.003918
v -0.016723 -0.025972 -0.003913
v -0.016685 -0.025199 -0.003696
v -0.016668 -0.023914 -0.004404
v -0.016694 -0.024657 -0.004799
v -0.016431 -0.023744 -0.002291
v -0.016499 -0.024660 -0.002789
v -0.016244 -0.025015 -0.002262
v -0.016133 -0.024622 -0.001661
v -0.016431 -0.023744 -0.002291
v -0.016657 -0.023529 -0.003069
v -0.016499 -0.024660 -0.002789
v -0.016638 -0.022154 -0.002505
v -0.016667 -0.022086 -0.003044
v -0.016467 -0.022038 -0.002107
v -0.016133 -0.024622 -0.001661
v -0.015808 -0.031820 -0.008639
v -0.015776 -0.031846 -0.008772
v -0.015625 -0.031670 -0.008658
v -0.015727 -0.031670 -0.008499
v -0.015925 -0.031861 -0.008663
v -0.015897 -0.031861 -0.008829
v -0.015909 -0.031700 -0.008467
v -0.014847 -0.025988 -0.002175
v -0.015331 -0.026183 -0.002247
v -0.003721 -0.050400 -0.000055
v -0.003905 -0.050056 0.000338
v -0.003902 -0.050849 0.001051
v -0.003738 -0.051225 0.000846
v -0.003762 -0.048943 -0.000170
v -0.003938 -0.048840 0.000125
v -0.003594 -0.051372 -0.000189
v -0.003507 -0.051238 -0.000721
v -0.003563 -0.050294 -0.000617
v -0.003655 -0.051756 0.000728
v -0.003659 -0.048974 -0.000511
v -0.004151 -0.052194 -0.002095
v -0.004085 -0.052329 -0.001800
v -0.004434 -0.052544 -0.001833
v -0.004419 -0.052292 -0.002175
v -0.003899 -0.051709 -0.002135
v -0.003708 -0.051794 -0.001755
v -0.004176 -0.051623 -0.002441
v -0.005975 -0.052464 0.010083
v -0.005918 -0.052571 0.010155
v -0.005786 -0.052443 0.010200
v -0.005882 -0.052347 0.010102
v -0.006085 -0.052411 0.009759
v -0.006094 -0.052588 0.009759
v -0.005882 -0.052347 0.010102
v -0.005997 -0.052237 0.009781
v -0.005405 -0.052688 0.010126
v -0.005192 -0.052717 0.009934
v -0.005183 -0.052550 0.009924
v -0.005459 -0.052586 0.010176
v -0.005613 -0.052684 0.010197
v -0.005514 -0.052770 0.010132
v -0.005291 -0.052873 0.009922
v -0.003462 -0.000650 -0.004640
v -0.001630 -0.000130 -0.004846
v -0.001524 -0.001535 -0.004747
v -0.002930 -0.002270 -0.004548
v -0.004171 -0.003132 -0.003877
v -0.004872 -0.002081 -0.004078
v -0.004936 -0.000324 -0.004454
v -0.004301 0.000965 -0.004722
v -0.003068 0.001040 -0.004667
v -0.005805 -0.001473 -0.003809
v -0.001620 0.001191 -0.005016
v -0.001714 0.010961 0.001821
v -0.001360 0.009913 0.000843
v -0.001328 0.011963 0.002879
v -0.002588 0.010715 0.002695
v -0.002231 0.011472 0.003430
v -0.002924 0.009605 0.001760
v -0.003330 0.009700 0.002439
v -0.002476 0.008954 0.001078
v -0.003660 0.008372 0.000842
v -0.004099 0.008834 0.001587
v -0.002476 0.008954 0.001078
v -0.001360 0.009913 0.000843
v -0.001056 0.008547 0.000002
v -0.002033 0.007932 0.000249
v -0.003169 0.007552 0.000019
v -0.003660 0.008372 0.000842
v -0.004408 0.007284 -0.000307
v -0.004801 0.007922 0.000659
v -0.001967 0.006765 -0.000976
v -0.003071 0.006591 -0.001066
v -0.004332 0.006572 -0.001363
v -0.005605 0.006270 -0.001442
v -0.005649 0.006913 -0.000384
v -0.003301 0.005470 -0.002097
v -0.004496 0.005435 -0.002278
v -0.005784 0.005145 -0.002318
v -0.006812 0.004947 -0.002211
v -0.006632 0.005967 -0.001367
v -0.004803 0.004500 -0.003276
v -0.006168 0.004202 -0.003361
v -0.007339 0.004114 -0.003184
v -0.008297 0.004147 -0.002723
v -0.007806 0.004953 -0.001931
v -0.006488 0.003227 -0.004109
v -0.007766 0.003200 -0.003791
v -0.008774 0.003291 -0.003216
v -0.009586 0.003309 -0.002686
v -0.009203 0.004154 -0.002241
v -0.008067 0.002215 -0.003972
v -0.009034 0.002396 -0.003399
v -0.009806 0.002371 -0.002824
v -0.010365 0.003238 -0.002331
v -0.009209 0.001498 -0.003256
v -0.009820 0.001534 -0.002712
v -0.009280 0.000630 -0.002929
v -0.009701 0.000744 -0.002495
v -0.010159 0.000711 -0.002193
v -0.010616 0.000492 -0.002132
v -0.009579 0.000011 -0.002107
v -0.009929 0.000040 -0.001835
v -0.010309 -0.000127 -0.001768
v -0.010520 -0.000439 -0.001932
v -0.010888 0.000148 -0.002319
v -0.010309 -0.000127 -0.001768
v -0.009929 0.000040 -0.001835
v -0.009779 -0.000546 -0.001308
v -0.010092 -0.000701 -0.001272
v -0.010219 -0.001004 -0.001415
v -0.010520 -0.000439 -0.001932
v -0.010252 -0.001335 -0.001628
v -0.010528 -0.000771 -0.002197
v -0.010000 -0.001102 -0.000626
v -0.010103 -0.001458 -0.000746
v -0.010161 -0.001831 -0.000939
v -0.010161 -0.001831 -0.000939
v -0.010184 -0.002249 -0.001218
v -0.010232 -0.001684 -0.001914
v -0.010252 -0.001335 -0.001628
v -0.010186 -0.001673 -0.000054
v -0.010283 -0.002175 -0.000215
v -0.010283 -0.002175 -0.000215
v -0.010404 -0.002730 -0.000490
v -0.010528 -0.003294 -0.000999
v -0.010230 -0.002740 -0.001717
v -0.010541 -0.002228 0.000477
v -0.010794 -0.002979 0.000181
v -0.010993 -0.003779 -0.000322
v -0.011112 -0.004491 -0.001166
v -0.010502 -0.003924 -0.001881
v -0.011135 -0.003070 0.000771
v -0.011314 -0.004116 0.000299
v -0.011445 -0.004996 -0.000584
v -0.011525 -0.005610 -0.001455
v -0.011204 -0.005197 -0.001952
v -0.011445 -0.004996 -0.000584
v -0.011314 -0.004116 0.000299
v -0.011584 -0.004356 0.000754
v -0.011739 -0.005347 -0.000213
v -0.011901 -0.005952 -0.001151
v -0.011525 -0.005610 -0.001455
v -0.012163 -0.006549 -0.001863
v -0.011776 -0.006335 -0.002219
v -0.012196 -0.005506 0.000027
v -0.012384 -0.006110 -0.000910
v -0.012601 -0.006665 -0.001602
v -0.012815 -0.007354 -0.002046
v -0.012422 -0.007289 -0.002329
v -0.012893 -0.006114 -0.000768
v -0.013060 -0.006667 -0.001459
v -0.013233 -0.007338 -0.001917
v -0.013233 -0.007338 -0.001917
v -0.013392 -0.008158 -0.002042
v -0.012937 -0.008157 -0.002193
v -0.012815 -0.007354 -0.002046
v -0.013509 -0.006543 -0.001463
v -0.013655 -0.007256 -0.001910
v -0.013655 -0.007256 -0.001910
v -0.013842 -0.008095 -0.002034
v -0.014025 -0.009054 -0.001970
v -0.013484 -0.009074 -0.001948
v -0.014054 -0.007119 -0.002019
v -0.014275 -0.007972 -0.002139
v -0.014550 -0.008920 -0.002054
v -0.014803 -0.009931 -0.001935
v -0.014143 -0.010071 -0.001925
v -0.014677 -0.007799 -0.002389
v -0.015043 -0.008723 -0.002300
v -0.015397 -0.009734 -0.002131
v -0.015662 -0.010898 -0.001974
v -0.014994 -0.011016 -0.001804
v -0.015397 -0.009734 -0.002131
v -0.015043 -0.008723 -0.002300
v -0.015438 -0.008538 -0.002752
v -0.015829 -0.009616 -0.002580
v -0.016105 -0.010836 -0.002398
v -0.015662 -0.010898 -0.001974
v -0.016284 -0.012114 -0.002296
v -0.015773 -0.012147 -0.001891
v -0.016180 -0.009543 -0.003125
v -0.016469 -0.010782 -0.002956
v -0.016661 -0.012052 -0.002852
v -0.016801 -0.013349 -0.002769
v -0.016378 -0.013390 -0.002251
v -0.016721 -0.010758 -0.003616
v -0.016919 -0.012023 -0.003488
v -0.017074 -0.013331 -0.003360
v -0.017036 -0.014691 -0.003246
v -0.016783 -0.014671 -0.002680
v -0.016907 -0.012033 -0.004199
v -0.017051 -0.013344 -0.004040
v -0.017057 -0.014695 -0.003893
v -0.016809 -0.015988 -0.003775
v -0.016778 -0.015979 -0.003146
v -0.016847 -0.013377 -0.004722
v -0.016923 -0.014707 -0.004547
v -0.016736 -0.015998 -0.004397
v -0.016507 -0.017171 -0.004273
v -0.016540 -0.017121 -0.003680
v -0.016627 -0.014767 -0.005177
v -0.016503 -0.016029 -0.004972
v -0.016298 -0.017219 -0.004786
v -0.016298 -0.017219 -0.004786
v -0.016235 -0.018381 -0.004589
v -0.016447 -0.018302 -0.004119
v -0.016507 -0.017171 -0.004273
v -0.016072 -0.016076 -0.005415
v -0.015929 -0.017263 -0.005188
v -0.015929 -0.017263 -0.005188
v -0.015889 -0.018450 -0.004954
v -0.015975 -0.019622 -0.004684
v -0.016318 -0.019547 -0.004361
v -0.015889 -0.018450 -0.004954
v -0.015929 -0.017263 -0.005188
v -0.015472 -0.017308 -0.005502
v -0.015478 -0.018516 -0.005227
v -0.015575 -0.019690 -0.004911
v -0.015975 -0.019622 -0.004684
v -0.015707 -0.020793 -0.004669
v -0.016098 -0.020750 -0.004458
v -0.015030 -0.018577 -0.005411
v -0.015151 -0.019756 -0.005077
v -0.015286 -0.020851 -0.004811
v -0.015444 -0.021837 -0.004759
v -0.015863 -0.021804 -0.004632
v -0.014710 -0.019808 -0.005134
v -0.014866 -0.020915 -0.004862
v -0.015028 -0.021906 -0.004815
v -0.015223 -0.022761 -0.004983
v -0.015633 -0.022689 -0.004926
v -0.014454 -0.020972 -0.004791
v -0.014625 -0.022007 -0.004752
v -0.014825 -0.022899 -0.004943
v -0.015052 -0.023632 -0.005312
v -0.015443 -0.023451 -0.005369
v -0.014280 -0.022148 -0.004537
v -0.014496 -0.023114 -0.004727
v -0.014760 -0.023919 -0.005098
v -0.015069 -0.024521 -0.005576
v -0.015338 -0.024242 -0.005774
v -0.014288 -0.023396 -0.004359
v -0.014653 -0.024256 -0.004752
v -0.015008 -0.024833 -0.005252
v -0.015008 -0.024833 -0.005252
v -0.015339 -0.025316 -0.005855
v -0.015406 -0.025059 -0.006129
v -0.015069 -0.024521 -0.005576
v -0.015008 -0.024833 -0.005252
v -0.014653 -0.024256 -0.004752
v -0.014673 -0.024590 -0.004357
v -0.015085 -0.025141 -0.004892
v -0.015008 -0.024833 -0.005252
v -0.015085 -0.025141 -0.004892
v -0.015441 -0.025549 -0.005537
v -0.015339 -0.025316 -0.005855
v -0.015768 -0.026041 -0.006208
v -0.015679 -0.025858 -0.006461
v -0.015679 -0.025858 -0.006461
v -0.015900 -0.026545 -0.006973
v -0.015931 -0.026391 -0.007216
v -0.015728 -0.025648 -0.006706
v -0.015966 -0.026687 -0.006745
v -0.015900 -0.026545 -0.006973
v -0.015971 -0.027540 -0.007176
v -0.015867 -0.027424 -0.007411
v -0.016169 -0.026776 -0.006582
v -0.016190 -0.027619 -0.007027
v -0.016109 -0.028593 -0.007387
v -0.015879 -0.028514 -0.007540
v -0.016452 -0.026787 -0.006537
v -0.016465 -0.027643 -0.007001
v -0.016404 -0.028619 -0.007396
v -0.016307 -0.029601 -0.007727
v -0.016027 -0.029571 -0.007725
v -0.016717 -0.027600 -0.007120
v -0.016659 -0.028594 -0.007530
v -0.016546 -0.029585 -0.007873
v -0.016448 -0.030504 -0.008125
v -0.016218 -0.030516 -0.007967
v -0.016797 -0.028522 -0.007764
v -0.016680 -0.029527 -0.008115
v -0.016568 -0.030459 -0.008371
v -0.016688 -0.029450 -0.008388
v -0.016559 -0.030397 -0.008632
v -0.016425 -0.031161 -0.008798
v -0.016559 -0.030397 -0.008632
v -0.016688 -0.029450 -0.008388
v -0.016555 -0.029369 -0.008626
v -0.016411 -0.030330 -0.008853
v -0.016312 -0.029302 -0.008757
v -0.016169 -0.030279 -0.008978
v -0.016028 -0.029272 -0.008745
v -0.015900 -0.030245 -0.008975
v -0.015830 -0.031044 -0.009088
v -0.015850 -0.031690 -0.008991
v -0.015655 -0.030243 -0.008839
v -0.015783 -0.029282 -0.008607
v -0.015643 -0.029335 -0.008364
v -0.015523 -0.030280 -0.008594
v -0.015645 -0.029417 -0.008089
v -0.015539 -0.030347 -0.008309
v -0.015539 -0.030347 -0.008309
v -0.015645 -0.029417 -0.008089
v -0.015790 -0.029503 -0.007861
v -0.015693 -0.030420 -0.008080
v -0.015655 -0.031175 -0.008269
v -0.015500 -0.031112 -0.008478
v -0.015942 -0.030482 -0.007957
v -0.015899 -0.031225 -0.008174
v -0.015764 -0.028413 -0.007788
v -0.015764 -0.028413 -0.007788
v -0.015780 -0.028318 -0.008050
v -0.015900 -0.027312 -0.007660
v -0.015867 -0.027424 -0.007411
v -0.015928 -0.028247 -0.008283
v -0.016051 -0.027229 -0.007868
v -0.016086 -0.026266 -0.007411
v -0.016296 -0.027196 -0.007980
v -0.016347 -0.026189 -0.007517
v -0.016230 -0.025320 -0.006937
v -0.015924 -0.025447 -0.006882
v -0.015976 -0.024647 -0.006361
v -0.015642 -0.024816 -0.006304
v -0.015704 -0.024051 -0.005837
v -0.015338 -0.024242 -0.005774
v -0.016350 -0.024596 -0.006279
v -0.016108 -0.023974 -0.005770
v -0.015704 -0.024051 -0.005837
v -0.016108 -0.023974 -0.005770
v -0.015866 -0.023367 -0.005316
v -0.016471 -0.024058 -0.005554
v -0.016271 -0.023411 -0.005140
v -0.016047 -0.022684 -0.004803
v -0.016565 -0.023618 -0.004822
v -0.016413 -0.022785 -0.004549
v -0.016253 -0.021816 -0.004415
v -0.016253 -0.021816 -0.004415
v -0.016413 -0.022785 -0.004549
v -0.016622 -0.022981 -0.004166
v -0.016536 -0.021880 -0.004063
v -0.016412 -0.020719 -0.004128
v -0.016098 -0.020750 -0.004458
v -0.016649 -0.021986 -0.003583
v -0.016575 -0.020693 -0.003700
v -0.016520 -0.019468 -0.003913
v -0.016598 -0.020668 -0.003202
v -0.016522 -0.019395 -0.003400
v -0.016465 -0.018218 -0.003569
v -0.016458 -0.019334 -0.002897
v -0.016359 -0.018144 -0.003006
v -0.016447 -0.017057 -0.003075
v -0.016540 -0.017121 -0.003680
v -0.016154 -0.018094 -0.002482
v -0.016193 -0.016966 -0.002504
v -0.016447 -0.017057 -0.003075
v -0.016193 -0.016966 -0.002504
v -0.016525 -0.015896 -0.002541
v -0.015807 -0.016872 -0.002007
v -0.016002 -0.015732 -0.002104
v -0.016270 -0.014601 -0.002216
v -0.015468 -0.015586 -0.001688
v -0.015631 -0.014497 -0.001798
v -0.015754 -0.013376 -0.001834
v -0.015754 -0.013376 -0.001834
v -0.015631 -0.014497 -0.001798
v -0.014931 -0.014379 -0.001411
v -0.015034 -0.013278 -0.001542
v -0.015081 -0.012133 -0.001715
v -0.015773 -0.012147 -0.001891
v -0.014199 -0.013202 -0.001469
v -0.014221 -0.012130 -0.001714
v -0.014190 -0.011098 -0.001853
v -0.013370 -0.012121 -0.001664
v -0.013385 -0.011055 -0.001756
v -0.013452 -0.010050 -0.001862
v -0.012652 -0.010957 -0.001724
v -0.012796 -0.009901 -0.001888
v -0.012930 -0.009008 -0.002081
v -0.012264 -0.009805 -0.002218
v -0.012461 -0.008945 -0.002446
v -0.012538 -0.008106 -0.002514
v -0.012097 -0.008916 -0.002927
v -0.012206 -0.008048 -0.002940
v -0.012094 -0.007183 -0.002724
v -0.012422 -0.007289 -0.002329
v -0.011923 -0.007991 -0.003472
v -0.011827 -0.007072 -0.003199
v -0.012094 -0.007183 -0.002724
v -0.011827 -0.007072 -0.003199
v -0.011493 -0.006119 -0.002659
v -0.011776 -0.006335 -0.002219
v -0.012094 -0.007183 -0.002724
v -0.011623 -0.006949 -0.003808
v -0.011252 -0.005924 -0.003260
v -0.010704 -0.004875 -0.002661
v -0.011129 -0.005744 -0.003959
v -0.010379 -0.004605 -0.003382
v -0.010118 -0.003441 -0.002520
v -0.010366 -0.004288 -0.004010
v -0.009943 -0.002973 -0.003214
v -0.010163 -0.002178 -0.002422
v -0.010121 -0.002613 -0.003842
v -0.010266 -0.001680 -0.003083
v -0.010436 -0.001150 -0.002554
v -0.010436 -0.001150 -0.002554
v -0.010266 -0.001680 -0.003083
v -0.010556 -0.001290 -0.003667
v -0.010812 -0.000690 -0.003085
v -0.010934 -0.000230 -0.002640
v -0.010528 -0.000771 -0.002197
v -0.010528 -0.000771 -0.002197
v -0.011300 -0.000343 -0.003521
v -0.011401 0.000234 -0.002971
v -0.010934 -0.000230 -0.002640
v -0.011401 0.000234 -0.002971
v -0.010528 -0.000771 -0.002197
v -0.011872 -0.000179 -0.003852
v -0.011904 0.000556 -0.003241
v -0.011904 0.000556 -0.003241
v -0.012480 -0.000136 -0.003998
v -0.012479 0.000669 -0.003365
v -0.012479 0.000669 -0.003365
v -0.013089 -0.000155 -0.003973
v -0.013051 0.000691 -0.003362
v -0.013051 0.000691 -0.003362
v -0.013033 0.001605 -0.003044
v -0.013591 0.000618 -0.003192
v -0.013670 0.001583 -0.002884
v -0.013739 0.002589 -0.002514
v -0.012986 0.002577 -0.002756
v -0.013710 0.003541 -0.001907
v -0.012946 0.003511 -0.002158
v -0.012099 0.003335 -0.002197
v -0.012844 0.004336 -0.001494
v -0.011984 0.004141 -0.001623
v -0.011054 0.004065 -0.001711
v -0.011227 0.003165 -0.002188
v -0.010113 0.004111 -0.001916
v -0.010921 0.004818 -0.001215
v -0.009928 0.004956 -0.001456
v -0.008896 0.005006 -0.001698
v -0.009896 0.005762 -0.000998
v -0.008795 0.005832 -0.001172
v -0.007679 0.005821 -0.001245
v -0.008805 0.006427 -0.000386
v -0.007751 0.006460 -0.000384
v -0.006726 0.006634 -0.000388
v -0.007934 0.006991 0.000472
v -0.006944 0.007285 0.000492
v -0.005915 0.007553 0.000572
v -0.005915 0.007553 0.000572
v -0.006944 0.007285 0.000492
v -0.007235 0.007674 0.001414
v -0.006238 0.007971 0.001494
v -0.005194 0.008318 0.001521
v -0.004801 0.007922 0.000659
v -0.006476 0.008079 0.002452
v -0.005398 0.008466 0.002401
v -0.004318 0.009002 0.002338
v -0.005410 0.008428 0.003176
v -0.004355 0.008927 0.003092
v -0.003537 0.009462 0.003199
v -0.004310 0.008572 0.003871
v -0.003644 0.008906 0.003938
v -0.003228 0.009304 0.004169
v -0.003005 0.010098 0.003525
v -0.003095 0.009674 0.004556
v -0.002742 0.010601 0.004043
v -0.003161 0.009985 0.005083
v -0.002727 0.010965 0.004782
v -0.002061 0.011872 0.004451
v -0.002814 0.011245 0.005778
v -0.002079 0.012193 0.005551
v -0.001097 0.012925 0.005257
v -0.001135 0.012489 0.004059
v -0.001169 0.013380 0.006454
v -0.001261 0.013763 0.007671
v -0.001326 0.014037 0.008918
v -0.001336 0.014161 0.010198
v -0.001269 0.014124 0.011484
v -0.001181 0.014011 0.012802
v -0.001067 0.013578 0.014046
v -0.000960 0.012778 0.015030
v -0.000977 0.011810 0.015779
v -0.000983 0.010751 0.016090
v -0.000888 0.009731 0.016142
v -0.000803 0.008823 0.016241
v -0.001475 0.008440 0.015536
v -0.001440 0.009445 0.015300
v -0.002127 0.009156 0.014623
v -0.002127 0.007960 0.014894
v -0.001708 0.010484 0.015461
v -0.002291 0.010273 0.014726
v -0.002291 0.010273 0.014726
v -0.002843 0.010218 0.013991
v -0.002795 0.008975 0.014082
v -0.002127 0.009156 0.014623
v -0.002843 0.010218 0.013991
v -0.003122 0.008830 0.013355
v -0.002926 0.007252 0.013697
v -0.002540 0.007576 0.014289
v -0.002127 0.007960 0.014894
v -0.003281 0.010215 0.013151
v -0.003666 0.010131 0.012175
v -0.003411 0.008648 0.012633
v -0.003281 0.010215 0.013151
v -0.003267 0.011417 0.012979
v -0.003674 0.011414 0.011865
v -0.003666 0.010131 0.012175
v -0.002909 0.012500 0.012861
v -0.003245 0.012574 0.011653
v -0.003393 0.012436 0.010374
v -0.003369 0.012165 0.009150
v -0.002384 0.013514 0.011531
v -0.002519 0.013477 0.010237
v -0.002497 0.013233 0.008982
v -0.002357 0.012890 0.007789
v -0.003139 0.011802 0.007977
v -0.002915 0.011456 0.006860
v -0.003529 0.010484 0.006993
v -0.002192 0.012538 0.006654
v -0.003355 0.010291 0.005887
v -0.003464 0.009298 0.006116
v -0.003649 0.009516 0.007147
v -0.003141 0.008425 0.006484
v -0.003315 0.008639 0.007322
v -0.002657 0.007680 0.006832
v -0.002740 0.007872 0.007531
v -0.002802 0.007959 0.008461
v -0.002802 0.007959 0.008461
v -0.002740 0.007872 0.007531
v -0.002000 0.007266 0.007701
v -0.001991 0.007439 0.008471
v -0.001983 0.007315 0.009401
v -0.002762 0.007754 0.009515
v -0.002762 0.007754 0.009515
v -0.001988 0.006725 0.010241
v -0.002700 0.007078 0.010510
v -0.002700 0.007078 0.010510
v -0.001995 0.005713 0.010989
v -0.002616 0.005858 0.011330
v -0.002616 0.005858 0.011330
v -0.003086 0.006095 0.011730
v -0.002015 0.004642 0.012249
v -0.002377 0.004673 0.012661
v -0.002617 0.004809 0.013112
v -0.003360 0.006388 0.012197
v -0.002690 0.005053 0.013561
v -0.003443 0.006683 0.012712
v -0.003443 0.006683 0.012712
v -0.002690 0.005053 0.013561
v -0.002588 0.005383 0.013947
v -0.003308 0.006961 0.013212
v -0.003554 0.008393 0.011987
v -0.002385 0.005751 0.014315
v -0.001453 0.004179 0.014894
v -0.001343 0.004730 0.015208
v -0.001159 0.005401 0.015379
v -0.002070 0.006215 0.014702
v -0.000978 0.006213 0.015586
v -0.001704 0.006870 0.015198
v -0.001704 0.006870 0.015198
v -0.000978 0.006213 0.015586
v -0.001505 0.003766 0.014457
v -0.001505 0.003766 0.014457
v -0.001478 0.003520 0.013927
v -0.001344 0.003467 0.013373
v -0.001135 0.003556 0.012845
v -0.001135 0.003556 0.012845
v -0.002015 0.004642 0.012249
v -0.001123 0.005640 0.010771
v -0.001097 0.006524 0.010079
v -0.001061 0.007093 0.009360
v -0.001053 0.007180 0.008481
v -0.001057 0.006919 0.007816
v -0.001046 0.006718 0.007299
v -0.001028 0.006495 0.006980
v -0.001066 0.006109 0.006816
v -0.001906 0.006927 0.006704
v -0.002051 0.006572 0.006447
v -0.002549 0.007532 0.006399
v -0.002641 0.007236 0.006071
v -0.002641 0.007236 0.006071
v -0.002549 0.007532 0.006399
v -0.002971 0.008254 0.005982
v -0.002971 0.007986 0.005637
v -0.003274 0.007714 0.005490
v -0.002989 0.006921 0.005975
v -0.003705 0.007494 0.005437
v -0.003444 0.006641 0.005935
v -0.003135 0.008802 0.005103
v -0.003326 0.008482 0.004828
v -0.003737 0.008217 0.004701
v -0.004334 0.008020 0.004666
v -0.004347 0.007298 0.005362
v -0.005249 0.007170 0.005232
v -0.005390 0.006335 0.005527
v -0.004305 0.006392 0.005780
v -0.005240 0.007823 0.004636
v -0.006510 0.007543 0.004578
v -0.006556 0.007111 0.005014
v -0.005319 0.008227 0.003920
v -0.006528 0.007803 0.003991
v -0.007690 0.007404 0.003711
v -0.007827 0.007217 0.004194
v -0.006547 0.007980 0.003303
v -0.007552 0.007544 0.003153
v -0.008426 0.007226 0.002801
v -0.008560 0.007100 0.003250
v -0.007432 0.007701 0.002364
v -0.008299 0.007336 0.002167
v -0.009144 0.007123 0.001931
v -0.009240 0.007065 0.002484
v -0.008144 0.007307 0.001334
v -0.009037 0.007050 0.001239
v -0.009961 0.006876 0.001157
v -0.010026 0.007010 0.001754
v -0.007934 0.006991 0.000472
v -0.008909 0.006815 0.000465
v -0.009912 0.006658 0.000486
v -0.010853 0.006451 0.000543
v -0.010869 0.006625 0.001150
v -0.009912 0.006658 0.000486
v -0.008909 0.006815 0.000465
v -0.009897 0.006355 -0.000296
v -0.010875 0.006118 -0.000141
v -0.010853 0.006451 0.000543
v -0.010870 0.005526 -0.000759
v -0.011830 0.004779 -0.001027
v -0.012642 0.004934 -0.000795
v -0.013602 0.004440 -0.001211
v -0.013324 0.005114 -0.000431
v -0.013324 0.005114 -0.000431
v -0.013602 0.004440 -0.001211
v -0.014201 0.004370 -0.000746
v -0.013847 0.005089 0.000082
v -0.013335 0.005711 0.000731
v -0.012930 0.005614 0.000159
v -0.014241 0.004943 0.000675
v -0.013626 0.005667 0.001353
v -0.012797 0.006180 0.001651
v -0.012618 0.006119 0.001051
v -0.012377 0.005928 0.000506
v -0.011833 0.006434 0.001717
v -0.011756 0.006340 0.001172
v -0.011674 0.006153 0.000605
v -0.010910 0.006740 0.001703
v -0.011872 0.006428 0.002256
v -0.010927 0.006726 0.002224
v -0.010076 0.006990 0.002296
v -0.010896 0.006582 0.002680
v -0.010106 0.006831 0.002750
v -0.009336 0.006931 0.002926
v -0.010110 0.006583 0.003121
v -0.009434 0.006741 0.003291
v -0.008729 0.006922 0.003656
v -0.009481 0.006430 0.003557
v -0.008849 0.006672 0.003930
v -0.007898 0.006921 0.004504
v -0.008872 0.006309 0.004082
v -0.007974 0.006536 0.004664
v -0.006677 0.006561 0.005237
v -0.007974 0.006536 0.004664
v -0.008872 0.006309 0.004082
v -0.008797 0.005870 0.004123
v -0.009217 0.005481 0.003832
v -0.009421 0.006015 0.003735
v -0.009870 0.005751 0.003630
v -0.009590 0.005171 0.003822
v -0.009421 0.006015 0.003735
v -0.010035 0.006221 0.003418
v -0.009870 0.005751 0.003630
v -0.010636 0.005980 0.003405
v -0.010392 0.005519 0.003696
v -0.010804 0.006335 0.003078
v -0.011691 0.006053 0.003233
v -0.011452 0.005727 0.003635
v -0.011831 0.006292 0.002771
v -0.012844 0.005980 0.002906
v -0.012678 0.005697 0.003466
v -0.012876 0.006158 0.002275
v -0.013773 0.005496 0.002018
v -0.013765 0.005235 0.002667
v -0.014424 0.004353 0.002080
v -0.014279 0.003983 0.002790
v -0.013638 0.004927 0.003286
v -0.014460 0.004696 0.001365
v -0.014885 0.003845 0.000606
v -0.014904 0.003475 0.001386
v -0.014640 0.004152 -0.000127
v -0.014848 0.003212 -0.000875
v -0.015076 0.002878 -0.000133
v -0.014361 0.003445 -0.001483
v -0.014350 0.002431 -0.002068
v -0.014818 0.002182 -0.001498
v -0.013710 0.003541 -0.001907
v -0.013739 0.002589 -0.002514
v -0.014579 0.001163 -0.001943
v -0.014842 0.000836 -0.001272
v -0.015082 0.001850 -0.000779
v -0.014191 0.001417 -0.002481
v -0.014054 0.000457 -0.002838
v -0.014401 0.000216 -0.002331
v -0.013670 0.001583 -0.002884
v -0.013591 0.000618 -0.003192
v -0.014401 0.000216 -0.002331
v -0.014529 -0.000642 -0.002834
v -0.014736 -0.000958 -0.002170
v -0.014618 -0.000103 -0.001687
v -0.014618 -0.000103 -0.001687
v -0.014054 0.000457 -0.002838
v -0.014175 -0.000393 -0.003384
v -0.014420 -0.001242 -0.003973
v -0.014867 -0.001475 -0.003383
v -0.013591 0.000618 -0.003192
v -0.013672 -0.000233 -0.003772
v -0.013854 -0.001081 -0.004418
v -0.013984 -0.002125 -0.004816
v -0.014543 -0.002265 -0.004388
v -0.013854 -0.001081 -0.004418
v -0.013672 -0.000233 -0.003772
v -0.013186 -0.000987 -0.004687
v -0.013308 -0.002063 -0.005060
v -0.013984 -0.002125 -0.004816
v -0.013451 -0.003216 -0.005261
v -0.014046 -0.003257 -0.005095
v -0.012459 -0.000954 -0.004705
v -0.012577 -0.002053 -0.005118
v -0.012830 -0.003243 -0.005295
v -0.013106 -0.004364 -0.005963
v -0.013651 -0.004364 -0.005891
v -0.011826 -0.002067 -0.005055
v -0.012185 -0.003322 -0.005234
v -0.012569 -0.004496 -0.005866
v -0.012865 -0.005750 -0.006827
v -0.013395 -0.005648 -0.006910
v -0.011550 -0.003480 -0.005147
v -0.012085 -0.004710 -0.005684
v -0.012399 -0.005921 -0.006616
v -0.012399 -0.005921 -0.006616
v -0.012686 -0.007450 -0.007119
v -0.013159 -0.007358 -0.007346
v -0.012865 -0.005750 -0.006827
v -0.011656 -0.004964 -0.005426
v -0.011982 -0.006139 -0.006294
v -0.011982 -0.006139 -0.006294
v -0.012281 -0.007568 -0.006739
v -0.012267 -0.009077 -0.006935
v -0.012701 -0.009031 -0.007344
v -0.011712 -0.006395 -0.005824
v -0.011959 -0.007689 -0.006237
v -0.011960 -0.009118 -0.006400
v -0.011741 -0.010558 -0.006378
v -0.012072 -0.010623 -0.007019
v -0.011960 -0.009118 -0.006400
v -0.011959 -0.007689 -0.006237
v -0.011732 -0.007799 -0.005604
v -0.011719 -0.009133 -0.005756
v -0.011546 -0.010427 -0.005617
v -0.011741 -0.010558 -0.006378
v -0.011566 -0.011611 -0.005202
v -0.011770 -0.011888 -0.005968
v -0.011543 -0.009076 -0.005015
v -0.011366 -0.010247 -0.004823
v -0.011392 -0.011362 -0.004415
v -0.011495 -0.012497 -0.003976
v -0.011714 -0.012715 -0.004667
v -0.011343 -0.010025 -0.004040
v -0.011264 -0.011126 -0.003678
v -0.011357 -0.012340 -0.003327
v -0.011435 -0.013665 -0.003087
v -0.011540 -0.013766 -0.003669
v -0.011388 -0.010946 -0.003017
v -0.011437 -0.012236 -0.002745
v -0.011523 -0.013574 -0.002540
v -0.011720 -0.014973 -0.002354
v -0.011644 -0.015056 -0.002889
v -0.011707 -0.012175 -0.002262
v -0.011780 -0.013487 -0.002056
v -0.011964 -0.014864 -0.001888
v -0.012422 -0.016254 -0.001834
v -0.012221 -0.016354 -0.002306
v -0.012190 -0.013403 -0.001677
v -0.012352 -0.014742 -0.001532
v -0.012781 -0.016069 -0.001480
v -0.013321 -0.017245 -0.001602
v -0.012993 -0.017383 -0.001965
v -0.012903 -0.014574 -0.001369
v -0.013268 -0.015828 -0.001321
v -0.013719 -0.017102 -0.001349
v -0.013719 -0.017102 -0.001349
v -0.014001 -0.018366 -0.001537
v -0.013631 -0.018432 -0.001753
v -0.013321 -0.017245 -0.001602
v -0.013769 -0.015645 -0.001252
v -0.014136 -0.016983 -0.001173
v -0.014136 -0.016983 -0.001173
v -0.014391 -0.018307 -0.001425
v -0.014515 -0.019491 -0.001524
v -0.014119 -0.019545 -0.001619
v -0.014569 -0.016895 -0.001131
v -0.014778 -0.018256 -0.001406
v -0.014925 -0.019438 -0.001510
v -0.015039 -0.020543 -0.001458
v -0.014622 -0.020584 -0.001455
v -0.015156 -0.018189 -0.001492
v -0.015328 -0.019385 -0.001595
v -0.015451 -0.020534 -0.001549
v -0.015513 -0.021611 -0.001359
v -0.015115 -0.021562 -0.001297
v -0.015693 -0.019340 -0.001775
v -0.015843 -0.020544 -0.001720
v -0.015895 -0.021724 -0.001519
v -0.015827 -0.022823 -0.001023
v -0.015529 -0.022512 -0.000834
v -0.015895 -0.021724 -0.001519
v -0.015843 -0.020544 -0.001720
v -0.016178 -0.020559 -0.001975
v -0.016217 -0.021873 -0.001783
v -0.016428 -0.020589 -0.002327
v -0.016025 -0.019306 -0.002048
v -0.016304 -0.019299 -0.002432
v -0.016561 -0.020638 -0.002731
v -0.015852 -0.018086 -0.002036
v -0.015693 -0.019340 -0.001775
v -0.015512 -0.018120 -0.001704
v -0.015421 -0.016824 -0.001575
v -0.015807 -0.016872 -0.002007
v -0.015421 -0.016824 -0.001575
v -0.015512 -0.018120 -0.001704
v -0.015019 -0.016838 -0.001251
v -0.015421 -0.016824 -0.001575
v -0.015019 -0.016838 -0.001251
v -0.014902 -0.015508 -0.001334
v -0.015468 -0.015586 -0.001688
v -0.015421 -0.016824 -0.001575
v -0.014569 -0.016895 -0.001131
v -0.014312 -0.015528 -0.001215
v -0.014184 -0.014337 -0.001288
v -0.013497 -0.014423 -0.001355
v -0.013401 -0.013238 -0.001522
v -0.012748 -0.013316 -0.001507
v -0.012671 -0.012130 -0.001663
v -0.012128 -0.012146 -0.001876
v -0.012101 -0.010899 -0.002001
v -0.011696 -0.010887 -0.002466
v -0.011872 -0.009798 -0.002730
v -0.011549 -0.009860 -0.003339
v -0.011792 -0.008925 -0.003513
v -0.011571 -0.008983 -0.004218
v -0.011708 -0.007939 -0.004137
v -0.011637 -0.007879 -0.004893
v -0.011531 -0.006806 -0.004516
v -0.011623 -0.006949 -0.003808
v -0.011575 -0.006632 -0.005209
v -0.011531 -0.006806 -0.004516
v -0.011575 -0.006632 -0.005209
v -0.011161 -0.005499 -0.004573
v -0.011712 -0.006395 -0.005824
v -0.011341 -0.005231 -0.005059
v -0.010581 -0.003987 -0.004532
v -0.010581 -0.003987 -0.004532
v -0.011341 -0.005231 -0.005059
v -0.010967 -0.003708 -0.004942
v -0.010500 -0.002311 -0.004394
v -0.010121 -0.002613 -0.003842
v -0.011118 -0.002140 -0.004796
v -0.011085 -0.001069 -0.004177
v -0.011747 -0.000984 -0.004528
v -0.011712 -0.006395 -0.005824
v -0.011712 -0.006395 -0.005824
v -0.015414 -0.023258 -0.000156
v -0.015056 -0.022994 -0.000090
v -0.015134 -0.022351 -0.000768
v -0.015636 -0.023707 -0.000315
v -0.014638 -0.022905 -0.000123
v -0.014723 -0.022333 -0.000812
v -0.014724 -0.021576 -0.001297
v -0.014343 -0.022422 -0.000947
v -0.014353 -0.021655 -0.001409
v -0.014226 -0.020657 -0.001575
v -0.014037 -0.021799 -0.001629
v -0.013871 -0.020748 -0.001791
v -0.013751 -0.019598 -0.001823
v -0.013613 -0.020842 -0.002109
v -0.013470 -0.019642 -0.002136
v -0.013327 -0.018484 -0.002094
v -0.013302 -0.019675 -0.002535
v -0.013147 -0.018521 -0.002525
v -0.012804 -0.017453 -0.002426
v -0.012993 -0.017383 -0.001965
v -0.013089 -0.018536 -0.003013
v -0.012747 -0.017465 -0.002943
v -0.012804 -0.017453 -0.002426
v -0.012747 -0.017465 -0.002943
v -0.012159 -0.016390 -0.002836
v -0.012793 -0.017444 -0.003504
v -0.012243 -0.016364 -0.003402
v -0.011754 -0.015104 -0.003450
v -0.012446 -0.016293 -0.003983
v -0.011988 -0.015137 -0.004038
v -0.011765 -0.013882 -0.004273
v -0.012325 -0.015184 -0.004674
v -0.012125 -0.014052 -0.004936
v -0.012005 -0.012978 -0.005370
v -0.012005 -0.012978 -0.005370
v -0.012125 -0.014052 -0.004936
v -0.012621 -0.014231 -0.005577
v -0.012460 -0.013209 -0.006004
v -0.012186 -0.012087 -0.006611
v -0.011770 -0.011888 -0.005968
v -0.013052 -0.013296 -0.006486
v -0.012751 -0.012155 -0.007077
v -0.012602 -0.010642 -0.007465
v -0.013417 -0.012118 -0.007333
v -0.013211 -0.010619 -0.007694
v -0.013235 -0.008995 -0.007559
v -0.013868 -0.010554 -0.007695
v -0.013801 -0.008965 -0.007576
v -0.013698 -0.007305 -0.007404
v -0.014334 -0.008950 -0.007387
v -0.014235 -0.007316 -0.007245
v -0.013959 -0.005668 -0.006770
v -0.013395 -0.005648 -0.006910
v -0.014721 -0.007379 -0.006921
v -0.014448 -0.005749 -0.006504
v -0.013959 -0.005668 -0.006770
v -0.014448 -0.005749 -0.006504
v -0.014156 -0.004439 -0.005678
v -0.014156 -0.004439 -0.005678
v -0.014448 -0.005749 -0.006504
v -0.014882 -0.005859 -0.006129
v -0.014610 -0.004561 -0.005356
v -0.014554 -0.003391 -0.004755
v -0.014046 -0.003257 -0.005095
v -0.014934 -0.004749 -0.004898
v -0.014902 -0.003612 -0.004268
v -0.014957 -0.002485 -0.003834
v -0.015100 -0.003899 -0.003716
v -0.015185 -0.002805 -0.003195
v -0.015005 -0.001819 -0.002682
v -0.015283 -0.003214 -0.002508
v -0.015119 -0.002226 -0.001911
v -0.014862 -0.001362 -0.001372
v -0.015008 -0.002731 -0.001140
v -0.014756 -0.001920 -0.000533
v -0.014551 -0.001007 -0.000091
v -0.014655 -0.000502 -0.000923
v -0.014655 -0.000502 -0.000923
v -0.014551 -0.001007 -0.000091
v -0.014745 0.000006 0.000362
v -0.014899 0.000446 -0.000480
v -0.014982 0.001053 0.000881
v -0.015123 0.001464 0.000028
v -0.014989 0.002100 0.001523
v -0.015137 0.002504 0.000672
v -0.014759 0.003074 0.002192
v -0.014645 0.001700 0.002323
v -0.014384 0.002649 0.002940
v -0.013980 0.003599 0.003433
v -0.013928 0.002256 0.003607
v -0.013660 0.003266 0.004038
v -0.013147 0.004289 0.004348
v -0.013457 0.004604 0.003866
v -0.012153 0.004956 0.004302
v -0.012439 0.005355 0.003932
v -0.011139 0.005282 0.003955
v -0.011139 0.005282 0.003955
v -0.012153 0.004956 0.004302
v -0.010817 0.004713 0.004225
v -0.010062 0.004937 0.003967
v -0.010392 0.005519 0.003696
v -0.010614 0.003970 0.004497
v -0.009698 0.004215 0.004290
v -0.010595 0.003063 0.004660
v -0.009539 0.003323 0.004567
v -0.009539 0.003323 0.004567
v -0.010595 0.003063 0.004660
v -0.010656 0.002082 0.004535
v -0.009648 0.002351 0.004503
v -0.010754 0.001069 0.004064
v -0.009778 0.001353 0.004159
v -0.008800 0.001565 0.004365
v -0.009868 0.000465 0.003530
v -0.008935 0.000605 0.003963
v -0.007918 0.000701 0.004450
v -0.007785 0.001727 0.004687
v -0.006842 0.000700 0.005223
v -0.006783 0.001812 0.005370
v -0.005661 0.000755 0.006117
v -0.005759 0.001862 0.006331
v -0.005735 0.002880 0.006369
v -0.005447 0.003875 0.006141
v -0.004608 0.001982 0.007244
v -0.004624 0.002982 0.007240
v -0.004373 0.003983 0.006882
v -0.004373 0.003983 0.006882
v -0.005447 0.003875 0.006141
v -0.003405 0.002112 0.007845
v -0.004461 0.000883 0.006997
v -0.003263 0.001033 0.007647
v -0.002049 0.001192 0.007878
v -0.002140 0.002292 0.008003
v -0.000880 0.001236 0.007623
v -0.000886 0.002495 0.007812
v -0.001035 0.000050 0.007286
v -0.001059 -0.000969 0.006802
v -0.000976 -0.001647 0.006056
v -0.000870 -0.002127 0.005306
v -0.000755 -0.002661 0.004678
v -0.000718 -0.003006 0.004326
v -0.000718 -0.003006 0.004326
v -0.000700 -0.003304 0.004120
v -0.000692 -0.003774 0.003973
v -0.000732 -0.004458 0.003767
v -0.000796 -0.005252 0.003356
v -0.000862 -0.005994 0.002665
v -0.000898 -0.006957 0.002305
v -0.000914 -0.008047 0.002063
v -0.000949 -0.009067 0.001761
v -0.000886 -0.010202 0.001926
v -0.000838 -0.011504 0.001672
v -0.000831 -0.012985 0.001972
v -0.000917 -0.014658 0.002702
v -0.000446 -0.017930 0.001776
v -0.000276 -0.018163 0.001031
v -0.000165 -0.018200 0.000377
v -0.000156 -0.018183 -0.000345
v -0.000209 -0.018156 -0.001132
v -0.000323 -0.018149 -0.001977
v -0.000478 -0.018105 -0.002859
v -0.000478 -0.018105 -0.002859
v -0.000613 -0.017909 -0.003770
v -0.000613 -0.017909 -0.003770
v -0.000847 -0.017524 -0.004590
v -0.001092 -0.016988 -0.005195
v -0.001352 -0.016290 -0.005547
v -0.001581 -0.015431 -0.005642
v -0.001495 -0.010894 -0.005021
v -0.001388 -0.009835 -0.004620
v -0.001281 -0.008789 -0.004312
v -0.001188 -0.007674 -0.004139
v -0.001112 -0.006511 -0.003972
v -0.001014 -0.005358 -0.003594
v -0.001071 -0.004048 -0.003542
v -0.001284 -0.002811 -0.004082
v -0.001491 0.002523 -0.005044
v -0.001315 0.003730 -0.004500
v -0.001189 0.004740 -0.003427
v -0.001095 0.005863 -0.002318
v -0.001030 0.007189 -0.001192
v -0.002117 0.005537 -0.002069
v -0.002363 0.004562 -0.003242
v -0.003552 0.004576 -0.003223
v -0.002643 0.003653 -0.004242
v -0.003872 0.003557 -0.004072
v -0.005099 0.003400 -0.004018
v -0.004076 0.002305 -0.004523
v -0.005384 0.002199 -0.004629
v -0.006825 0.002123 -0.004457
v -0.005786 0.000975 -0.004833
v -0.007241 0.001090 -0.004457
v -0.008368 0.001307 -0.003832
v -0.007761 0.000109 -0.004041
v -0.008706 0.000430 -0.003464
v -0.008196 -0.000702 -0.003318
v -0.008884 -0.000346 -0.002849
v -0.009267 -0.000129 -0.002441
v -0.009267 -0.000129 -0.002441
v -0.008884 -0.000346 -0.002849
v -0.008949 -0.000968 -0.002026
v -0.009214 -0.000748 -0.001739
v -0.009461 -0.000587 -0.001492
v -0.009579 0.000011 -0.002107
v -0.009119 -0.001181 -0.000872
v -0.009375 -0.001004 -0.000718
v -0.009689 -0.000936 -0.000621
v -0.009289 -0.001161 0.000145
v -0.009668 -0.001082 0.000132
v -0.010034 -0.001258 0.000055
v -0.009775 -0.001042 0.000869
v -0.010187 -0.001194 0.000706
v -0.010396 -0.001608 0.000611
v -0.010541 -0.002228 0.000477
v -0.010429 -0.001053 0.001298
v -0.010716 -0.001456 0.001157
v -0.010907 -0.002152 0.001020
v -0.010907 -0.002152 0.001020
v -0.011090 -0.001294 0.001636
v -0.011300 -0.002067 0.001490
v -0.010907 -0.002152 0.001020
v -0.011300 -0.002067 0.001490
v -0.011443 -0.003134 0.001278
v -0.011135 -0.003070 0.000771
v -0.011774 -0.002033 0.001824
v -0.011887 -0.003177 0.001598
v -0.012005 -0.004466 0.001041
v -0.012417 -0.003165 0.001703
v -0.012538 -0.004459 0.001100
v -0.012717 -0.005493 0.000135
v -0.013072 -0.004380 0.001026
v -0.013228 -0.005359 0.000110
v -0.013397 -0.005974 -0.000762
v -0.013661 -0.005045 -0.000096
v -0.013830 -0.005650 -0.000904
v -0.013933 -0.006343 -0.001593
v -0.014054 -0.007119 -0.002019
v -0.014144 -0.005285 -0.001180
v -0.014271 -0.006119 -0.001838
v -0.014412 -0.006946 -0.002258
v -0.014412 -0.006946 -0.002258
v -0.014412 -0.006946 -0.002258
v -0.014271 -0.006119 -0.001838
v -0.014564 -0.005871 -0.002275
v -0.014689 -0.006752 -0.002694
v -0.014412 -0.006946 -0.002258
v -0.014689 -0.006752 -0.002694
v -0.015004 -0.007614 -0.002831
v -0.014677 -0.007799 -0.002389
v -0.014929 -0.006541 -0.003353
v -0.015271 -0.007448 -0.003460
v -0.015767 -0.008388 -0.003328
v -0.015487 -0.007338 -0.004222
v -0.015974 -0.008362 -0.004040
v -0.016409 -0.009525 -0.003781
v -0.015947 -0.008517 -0.004818
v -0.016354 -0.009623 -0.004533
v -0.016669 -0.010800 -0.004350
v -0.016017 -0.009846 -0.005369
v -0.016360 -0.010899 -0.005157
v -0.016638 -0.012085 -0.004933
v -0.015854 -0.011096 -0.005932
v -0.016234 -0.012228 -0.005638
v -0.016531 -0.013468 -0.005399
v -0.015743 -0.012480 -0.006216
v -0.016069 -0.013645 -0.005946
v -0.016161 -0.014873 -0.005663
v -0.016161 -0.014873 -0.005663
v -0.016069 -0.013645 -0.005946
v -0.015450 -0.013867 -0.006306
v -0.015582 -0.014992 -0.006014
v -0.015541 -0.016126 -0.005725
v -0.016072 -0.016076 -0.005415
v -0.015472 -0.017308 -0.005502
v -0.015929 -0.017263 -0.005188
v -0.014911 -0.015111 -0.006193
v -0.014949 -0.016169 -0.005897
v -0.014962 -0.017344 -0.005693
v -0.014962 -0.017344 -0.005693
v -0.014323 -0.016199 -0.005863
v -0.014430 -0.017358 -0.005679
v -0.014430 -0.017358 -0.005679
v -0.014564 -0.018607 -0.005428
v -0.013916 -0.017355 -0.005475
v -0.014130 -0.018596 -0.005246
v -0.014292 -0.019830 -0.005015
v -0.013741 -0.018585 -0.004973
v -0.013949 -0.019821 -0.004751
v -0.014093 -0.021012 -0.004563
v -0.013650 -0.019798 -0.004400
v -0.013807 -0.021042 -0.004212
v -0.014019 -0.022326 -0.004165
v -0.014019 -0.022326 -0.004165
v -0.013807 -0.021042 -0.004212
v -0.014288 -0.023396 -0.004359
v -0.013650 -0.019798 -0.004400
v -0.013430 -0.019763 -0.003969
v -0.013404 -0.018582 -0.004598
v -0.013179 -0.018574 -0.004113
v -0.013097 -0.018552 -0.003549
v -0.013318 -0.019727 -0.003479
v -0.013260 -0.019702 -0.002997
v -0.013452 -0.020924 -0.002504
v -0.013668 -0.022224 -0.002303
v -0.013806 -0.021989 -0.001929
v -0.013804 -0.022903 -0.001439
v -0.014020 -0.022609 -0.001158
v -0.013925 -0.023213 -0.000460
v -0.013759 -0.023564 -0.000705
v -0.014244 -0.022993 -0.000262
v -0.014244 -0.022993 -0.000262
v -0.014181 -0.023535 0.000493
v -0.013931 -0.023744 0.000319
v -0.013925 -0.023213 -0.000460
v -0.014638 -0.022905 -0.000123
v -0.014531 -0.023469 0.000604
v -0.014357 -0.024094 0.001344
v -0.014079 -0.024136 0.001226
v -0.015056 -0.022994 -0.000090
v -0.014896 -0.023562 0.000624
v -0.014654 -0.024183 0.001374
v -0.014261 -0.024874 0.002115
v -0.014005 -0.024762 0.002059
v -0.015178 -0.023802 0.000534
v -0.014882 -0.024379 0.001297
v -0.014470 -0.025067 0.002053
v -0.013910 -0.025788 0.002719
v -0.013711 -0.025582 0.002769
v -0.014965 -0.024635 0.001128
v -0.014563 -0.025278 0.001885
v -0.014003 -0.026000 0.002552
v -0.013368 -0.026708 0.003112
v -0.013272 -0.026497 0.003281
v -0.014003 -0.026000 0.002552
v -0.014563 -0.025278 0.001885
v -0.014523 -0.025454 0.001665
v -0.013986 -0.026175 0.002322
v -0.013355 -0.026870 0.002875
v -0.013368 -0.026708 0.003112
v -0.012738 -0.027566 0.003350
v -0.012738 -0.027405 0.003606
v -0.013853 -0.026255 0.002083
v -0.013239 -0.026948 0.002621
v -0.012624 -0.027624 0.003076
v -0.012004 -0.028197 0.003392
v -0.012096 -0.028156 0.003682
v -0.013028 -0.026905 0.002415
v -0.012423 -0.027554 0.002864
v -0.011829 -0.028105 0.003165
v -0.011417 -0.028579 0.003617
v -0.012193 -0.027380 0.002766
v -0.011612 -0.027906 0.003042
v -0.012003 -0.027154 0.002802
v -0.011428 -0.027660 0.003074
v -0.011897 -0.026926 0.002968
v -0.011309 -0.027419 0.003240
v -0.011896 -0.026758 0.003223
v -0.011293 -0.027257 0.003511
v -0.012008 -0.026702 0.003505
v -0.011385 -0.027223 0.003807
v -0.010859 -0.027678 0.003977
v -0.010490 -0.028202 0.004048
v -0.011567 -0.027329 0.004045
v -0.012203 -0.026776 0.003717
v -0.012430 -0.026956 0.003817
v -0.011775 -0.027529 0.004151
v -0.012628 -0.027184 0.003781
v -0.011965 -0.027777 0.004121
v -0.012738 -0.027405 0.003606
v -0.012082 -0.028006 0.003946
v -0.012082 -0.028006 0.003946
v -0.013080 -0.026285 0.003329
v -0.012848 -0.026128 0.003247
v -0.013468 -0.025444 0.002695
v -0.012638 -0.026074 0.003055
v -0.013248 -0.025406 0.002520
v -0.013774 -0.024763 0.001910
v -0.013101 -0.025483 0.002278
v -0.013613 -0.024871 0.001703
v -0.013886 -0.024300 0.001045
v -0.013567 -0.025060 0.001497
v -0.013807 -0.024523 0.000852
v -0.013809 -0.024042 0.000127
v -0.013872 -0.024775 0.000691
v -0.013759 -0.023564 -0.000705
v -0.013634 -0.025276 0.001338
v -0.013823 -0.025464 0.001278
v -0.014066 -0.024991 0.000607
v -0.014088 -0.025575 0.001315
v -0.013622 -0.026225 0.001896
v -0.014348 -0.025574 0.001451
v -0.013365 -0.026081 0.001821
v -0.012785 -0.026756 0.002317
v -0.013167 -0.025875 0.001873
v -0.012583 -0.026538 0.002361
v -0.013073 -0.025654 0.002044
v -0.012482 -0.026311 0.002537
v -0.012501 -0.026140 0.002791
v -0.010548 -0.028590 0.003970
v -0.010837 -0.028738 0.003822
v -0.014965 -0.024635 0.001128
v -0.015288 -0.024150 0.000344
v -0.015414 -0.023258 -0.000156
v -0.015636 -0.023707 -0.000315
v -0.012916 -0.017410 -0.004085
v -0.012793 -0.017444 -0.003504
v -0.013126 -0.017374 -0.004629
v -0.012916 -0.017410 -0.004085
v -0.013126 -0.017374 -0.004629
v -0.012745 -0.016236 -0.004571
v -0.012745 -0.016236 -0.004571
v -0.013126 -0.017374 -0.004629
v -0.013458 -0.017355 -0.005113
v -0.013172 -0.016220 -0.005144
v -0.012845 -0.015230 -0.005290
v -0.012325 -0.015184 -0.004674
v -0.013717 -0.016212 -0.005608
v -0.013483 -0.015232 -0.005798
v -0.013273 -0.014294 -0.006092
v -0.014182 -0.015194 -0.006120
v -0.013997 -0.014231 -0.006406
v -0.013737 -0.013234 -0.006763
v -0.014743 -0.014076 -0.006480
v -0.014459 -0.013053 -0.006801
v -0.014125 -0.011969 -0.007325
v -0.015144 -0.012787 -0.006613
v -0.014780 -0.011720 -0.007099
v -0.014478 -0.010460 -0.007424
v -0.015334 -0.011396 -0.006602
v -0.014991 -0.010297 -0.006885
v -0.014820 -0.008971 -0.006983
v -0.014820 -0.008971 -0.006983
v -0.014991 -0.010297 -0.006885
v -0.015475 -0.010088 -0.006163
v -0.015248 -0.008961 -0.006356
v -0.015118 -0.007440 -0.006457
v -0.014721 -0.007379 -0.006921
v -0.015680 -0.008794 -0.005613
v -0.015425 -0.007444 -0.005850
v -0.015176 -0.005996 -0.005619
v -0.014882 -0.005859 -0.006129
v -0.014448 -0.005749 -0.006504
v -0.015176 -0.005996 -0.005619
v -0.015578 -0.007346 -0.005086
v -0.015304 -0.006162 -0.004965
v -0.015176 -0.005996 -0.005619
v -0.015304 -0.006162 -0.004965
v -0.015095 -0.005001 -0.004355
v -0.015199 -0.006337 -0.004130
v -0.015095 -0.005295 -0.003704
v -0.015176 -0.004266 -0.003101
v -0.014875 -0.005592 -0.002960
v -0.015038 -0.004649 -0.002391
v -0.015127 -0.003657 -0.001779
v -0.014609 -0.004962 -0.001656
v -0.014532 -0.004107 -0.001069
v -0.014391 -0.003327 -0.000477
v -0.013933 -0.004555 -0.000529
v -0.013817 -0.003814 0.000155
v -0.013828 -0.002883 0.000743
v -0.014267 -0.002526 0.000136
v -0.013908 -0.001725 0.001168
v -0.014237 -0.001466 0.000643
v -0.014237 -0.001466 0.000643
v -0.013908 -0.001725 0.001168
v -0.014035 -0.000598 0.001621
v -0.014407 -0.000342 0.001083
v -0.014179 0.000398 0.002236
v -0.014654 0.000706 0.001636
v -0.014127 0.001303 0.002998
v -0.014127 0.001303 0.002998
v -0.014179 0.000398 0.002236
v -0.013555 0.000057 0.002688
v -0.013521 0.000907 0.003587
v -0.013424 0.001920 0.004268
v -0.013928 0.002256 0.003607
v -0.012619 0.001758 0.004636
v -0.013660 0.003266 0.004038
v -0.011634 0.001805 0.004764
v -0.010656 0.002082 0.004535
v -0.013510 -0.000811 0.002049
v -0.014035 -0.000598 0.001621
v -0.013499 -0.001876 0.001605
v -0.012939 -0.001952 0.001903
v -0.013908 -0.001725 0.001168
v -0.012939 -0.001952 0.001903
v -0.012976 -0.003121 0.001592
v -0.012332 -0.001995 0.001975
v -0.012332 -0.001995 0.001975
v -0.013499 -0.001876 0.001605
v -0.013468 -0.003042 0.001256
v -0.013525 -0.004201 0.000741
v -0.013908 -0.001725 0.001168
v -0.013828 -0.002883 0.000743
v -0.013817 -0.003814 0.000155
v -0.013933 -0.004555 -0.000529
v -0.012332 -0.001995 0.001975
v -0.011774 -0.002033 0.001824
v -0.014144 -0.005285 -0.001180
v -0.014929 -0.006541 -0.003353
v -0.015199 -0.006337 -0.004130
v -0.015334 -0.011396 -0.006602
v -0.015743 -0.012480 -0.006216
v -0.013916 -0.017355 -0.005475
v -0.013458 -0.017355 -0.005113
v -0.013126 -0.017374 -0.004629
v -0.013404 -0.018582 -0.004598
v -0.010762 -0.000859 0.001808
v -0.009982 -0.000844 0.001482
v -0.010273 -0.000599 0.002029
v -0.010273 -0.000599 0.002029
v -0.009982 -0.000844 0.001482
v -0.009489 -0.000862 0.001710
v -0.009688 -0.000549 0.002307
v -0.009848 -0.000138 0.002891
v -0.010563 -0.000310 0.002564
v -0.010736 0.000155 0.003192
v -0.008958 -0.000610 0.002708
v -0.009002 -0.000099 0.003357
v -0.008000 -0.000722 0.003349
v -0.008001 -0.000103 0.003984
v -0.006887 -0.000956 0.004354
v -0.006920 -0.000260 0.004920
v -0.005624 -0.001135 0.005403
v -0.005675 -0.000304 0.005859
v -0.004323 -0.001244 0.006201
v -0.004396 -0.000239 0.006670
v -0.003239 -0.001342 0.006801
v -0.003243 -0.000159 0.007328
v -0.002173 -0.001294 0.007073
v -0.002130 -0.000053 0.007631
v -0.003103 -0.002221 0.005957
v -0.002036 -0.002166 0.006252
v -0.002893 -0.002768 0.005074
v -0.001824 -0.002679 0.005390
v -0.002668 -0.003004 0.004402
v -0.001638 -0.002964 0.004683
v -0.002498 -0.003081 0.003999
v -0.001543 -0.003122 0.004251
v -0.001543 -0.003122 0.004251
v -0.002498 -0.003081 0.003999
v -0.002387 -0.003279 0.003741
v -0.001500 -0.003335 0.004054
v -0.002347 -0.003624 0.003606
v -0.001511 -0.003740 0.004007
v -0.002342 -0.004104 0.003432
v -0.001563 -0.004372 0.003879
v -0.002406 -0.004779 0.003062
v -0.001642 -0.005177 0.003406
v -0.002496 -0.005695 0.002475
v -0.001707 -0.005926 0.002690
v -0.002599 -0.006794 0.002019
v -0.001810 -0.006919 0.002290
v -0.002688 -0.007977 0.001698
v -0.001890 -0.008041 0.001994
v -0.002647 -0.009158 0.001409
v -0.001858 -0.009126 0.001688
v -0.002524 -0.010361 0.001308
v -0.001784 -0.010314 0.001724
v -0.002339 -0.011536 0.001165
v -0.001629 -0.011563 0.001550
v -0.002273 -0.012995 0.001232
v -0.001575 -0.013055 0.001639
v -0.002330 -0.014644 0.001883
v -0.001600 -0.014833 0.002182
v -0.002423 -0.016601 0.002332
v -0.002937 -0.012779 0.000875
v -0.003096 -0.014275 0.001622
v -0.003404 -0.015892 0.002090
v -0.003751 -0.013900 0.001074
v -0.004126 -0.015301 0.001573
v -0.004656 -0.016544 0.001689
v -0.003845 -0.017204 0.002056
v -0.003845 -0.017204 0.002056
v -0.004656 -0.016544 0.001689
v -0.005113 -0.017823 0.001651
v -0.004212 -0.018334 0.001902
v -0.003156 -0.018850 0.001971
v -0.002810 -0.017896 0.002123
v -0.004420 -0.019498 0.001855
v -0.003406 -0.019855 0.001921
v -0.002444 -0.020155 0.001998
v -0.002175 -0.019237 0.001936
v -0.001768 -0.018461 0.001911
v -0.002175 -0.019237 0.001936
v -0.002444 -0.020155 0.001998
v -0.001663 -0.020362 0.001778
v -0.001417 -0.019490 0.001653
v -0.001120 -0.018774 0.001552
v -0.001768 -0.018461 0.001911
v -0.001068 -0.020530 0.001324
v -0.000904 -0.019664 0.001187
v -0.000731 -0.018953 0.001086
v -0.000731 -0.018953 0.001086
v -0.000499 -0.018456 0.001045
v -0.000605 -0.019758 0.000555
v -0.000459 -0.019038 0.000471
v -0.000459 -0.019038 0.000471
v -0.000320 -0.018524 0.000408
v -0.000343 -0.019040 -0.000237
v -0.000269 -0.018517 -0.000302
v -0.000370 -0.018996 -0.000999
v -0.000339 -0.018493 -0.001056
v -0.000626 -0.018918 -0.001772
v -0.000530 -0.018457 -0.001843
v -0.001086 -0.018777 -0.002471
v -0.000845 -0.018353 -0.002634
v -0.000845 -0.018353 -0.002634
v -0.001086 -0.018777 -0.002471
v -0.001634 -0.018591 -0.003092
v -0.001186 -0.018203 -0.003455
v -0.001186 -0.018203 -0.003455
v -0.001634 -0.018591 -0.003092
v -0.002202 -0.018418 -0.003612
v -0.001621 -0.017971 -0.004168
v -0.002836 -0.018103 -0.003973
v -0.002115 -0.017549 -0.004687
v -0.003463 -0.017624 -0.004154
v -0.002533 -0.016924 -0.004975
v -0.004003 -0.016993 -0.004155
v -0.002885 -0.016107 -0.005000
v -0.004408 -0.016316 -0.003871
v -0.004408 -0.016316 -0.003871
v -0.004003 -0.016993 -0.004155
v -0.004747 -0.018053 -0.003405
v -0.005281 -0.017627 -0.003117
v -0.005702 -0.017291 -0.002700
v -0.004709 -0.015680 -0.003302
v -0.004709 -0.015680 -0.003302
v -0.006037 -0.017132 -0.002242
v -0.005083 -0.015548 -0.002679
v -0.005083 -0.015548 -0.002679
v -0.004071 -0.013875 -0.003019
v -0.005083 -0.015548 -0.002679
v -0.006037 -0.017132 -0.002242
v -0.006241 -0.017105 -0.001654
v -0.005387 -0.015540 -0.001924
v -0.005083 -0.015548 -0.002679
v -0.005387 -0.015540 -0.001924
v -0.004551 -0.014075 -0.002213
v -0.004071 -0.013875 -0.003019
v -0.004551 -0.014075 -0.002213
v -0.004027 -0.012721 -0.002353
v -0.003530 -0.012484 -0.003113
v -0.004071 -0.013875 -0.003019
v -0.005646 -0.015595 -0.001162
v -0.004863 -0.014240 -0.001430
v -0.004863 -0.014240 -0.001430
v -0.004360 -0.012947 -0.001645
v -0.004260 -0.011832 -0.001780
v -0.003897 -0.011661 -0.002402
v -0.005036 -0.014386 -0.000654
v -0.004521 -0.013151 -0.000941
v -0.004377 -0.011990 -0.001128
v -0.004414 -0.010844 -0.001173
v -0.004271 -0.010706 -0.001789
v -0.004464 -0.013366 -0.000254
v -0.004265 -0.012143 -0.000518
v -0.004310 -0.011005 -0.000556
v -0.004332 -0.009918 -0.000378
v -0.004365 -0.009696 -0.001005
v -0.003954 -0.012319 0.000015
v -0.003977 -0.011175 -0.000014
v -0.004059 -0.010118 0.000166
v -0.004088 -0.008986 0.000463
v -0.004276 -0.008825 -0.000067
v -0.003503 -0.011324 0.000400
v -0.003637 -0.010252 0.000604
v -0.003732 -0.009109 0.000888
v -0.003743 -0.007850 0.001169
v -0.004123 -0.007761 0.000766
v -0.003117 -0.010330 0.000963
v -0.003246 -0.009160 0.001183
v -0.003278 -0.007921 0.001463
v -0.003262 -0.006696 0.001796
v -0.003765 -0.006590 0.001420
v -0.003935 -0.005359 0.001754
v -0.004376 -0.005295 0.001146
v -0.004139 -0.006517 0.000945
v -0.003297 -0.005507 0.002220
v -0.003359 -0.004441 0.002676
v -0.004221 -0.004201 0.002103
v -0.004306 -0.003487 0.002267
v -0.005078 -0.003348 0.001390
v -0.004819 -0.004123 0.001311
v -0.003329 -0.003788 0.002893
v -0.003317 -0.003340 0.003023
v -0.004306 -0.002965 0.002378
v -0.004381 -0.002560 0.002598
v -0.005381 -0.002247 0.001628
v -0.005215 -0.002743 0.001467
v -0.003355 -0.003003 0.003245
v -0.003500 -0.002756 0.003570
v -0.004559 -0.002297 0.002902
v -0.004559 -0.002297 0.002902
v -0.004875 -0.002135 0.003291
v -0.005671 -0.001965 0.001922
v -0.005671 -0.001965 0.001922
v -0.003500 -0.002756 0.003570
v -0.003754 -0.002606 0.003981
v -0.004002 -0.002426 0.004533
v -0.005213 -0.002006 0.003872
v -0.005468 -0.001707 0.004721
v -0.004183 -0.001974 0.005403
v -0.006686 -0.001947 0.000700
v -0.006686 -0.001947 0.000700
v -0.006242 -0.002331 0.000476
v -0.007395 -0.002206 -0.000500
v -0.006714 -0.002581 -0.000702
v -0.006173 -0.003029 -0.000761
v -0.005894 -0.002841 0.000384
v -0.005772 -0.003651 -0.000721
v -0.005579 -0.003439 0.000368
v -0.005276 -0.004481 -0.000510
v -0.005198 -0.004267 0.000416
v -0.004733 -0.005413 -0.000316
v -0.004670 -0.005336 0.000470
v -0.004360 -0.006446 -0.000278
v -0.004370 -0.006480 0.000389
v -0.004240 -0.007540 -0.000411
v -0.004278 -0.007658 0.000215
v -0.004273 -0.008621 -0.000687
v -0.003985 -0.007401 -0.001084
v -0.004049 -0.008435 -0.001339
v -0.004198 -0.009527 -0.001628
v -0.003676 -0.008288 -0.002007
v -0.003854 -0.009404 -0.002242
v -0.003918 -0.010564 -0.002384
v -0.003220 -0.009262 -0.002894
v -0.003322 -0.010401 -0.003062
v -0.003355 -0.011479 -0.003108
v -0.003355 -0.011479 -0.003108
v -0.003322 -0.010401 -0.003062
v -0.002515 -0.010160 -0.003896
v -0.002629 -0.011238 -0.004049
v -0.002363 -0.009033 -0.003656
v -0.003220 -0.009262 -0.002894
v -0.002219 -0.007902 -0.003478
v -0.003072 -0.008128 -0.002714
v -0.002949 -0.007039 -0.002559
v -0.002120 -0.006776 -0.003334
v -0.003072 -0.008128 -0.002714
v -0.003558 -0.007244 -0.001785
v -0.002949 -0.007039 -0.002559
v -0.003610 -0.006217 -0.001712
v -0.002951 -0.005992 -0.002504
v -0.004077 -0.006361 -0.000977
v -0.004479 -0.005421 -0.001134
v -0.003955 -0.005303 -0.001957
v -0.004476 -0.004513 -0.002459
v -0.003602 -0.004121 -0.003287
v -0.003190 -0.005025 -0.002737
v -0.005039 -0.004592 -0.001492
v -0.005562 -0.003787 -0.001831
v -0.005032 -0.003645 -0.002920
v -0.005673 -0.002852 -0.003043
v -0.004872 -0.002081 -0.004078
v -0.004171 -0.003132 -0.003877
v -0.006099 -0.003100 -0.001907
v -0.006798 -0.002599 -0.001863
v -0.006475 -0.002234 -0.002909
v -0.007489 -0.001761 -0.002775
v -0.006993 -0.001077 -0.003660
v -0.005805 -0.001473 -0.003809
v -0.007686 -0.002175 -0.001712
v -0.008455 -0.001756 -0.001369
v -0.008451 -0.001312 -0.002403
v -0.008196 -0.000702 -0.003318
v -0.008880 -0.001385 -0.001046
v -0.006993 -0.001077 -0.003660
v -0.006367 -0.000142 -0.004409
v -0.003190 -0.005025 -0.002737
v -0.003602 -0.004121 -0.003287
v -0.002488 -0.003502 -0.003906
v -0.002174 -0.004566 -0.003273
v -0.002035 -0.005667 -0.003146
v -0.002951 -0.005992 -0.002504
v -0.002962 -0.011447 0.000779
v -0.003503 -0.012525 0.000479
v -0.004189 -0.013613 0.000402
v -0.004973 -0.014602 0.000135
v -0.004617 -0.014915 0.000881
v -0.004617 -0.014915 0.000881
v -0.004973 -0.014602 0.000135
v -0.005637 -0.015834 0.000386
v -0.005197 -0.016116 0.001071
v -0.004656 -0.016544 0.001689
v -0.004126 -0.015301 0.001573
v -0.005197 -0.016116 0.001071
v -0.005637 -0.015834 0.000386
v -0.006158 -0.017347 0.000487
v -0.005708 -0.017518 0.001123
v -0.006436 -0.018907 0.000585
v -0.005994 -0.019002 0.001204
v -0.005329 -0.019199 0.001638
v -0.006123 -0.020395 0.001347
v -0.005434 -0.020481 0.001767
v -0.004579 -0.020667 0.001939
v -0.005561 -0.021787 0.002036
v -0.004806 -0.021924 0.002194
v -0.004009 -0.022134 0.002081
v -0.003667 -0.020922 0.001948
v -0.003206 -0.022328 0.002064
v -0.002787 -0.021191 0.002040
v -0.002787 -0.021191 0.002040
v -0.003206 -0.022328 0.002064
v -0.002428 -0.022510 0.001890
v -0.002011 -0.021424 0.001881
v -0.001746 -0.022597 0.001410
v -0.001415 -0.021572 0.001419
v -0.001315 -0.022571 0.000675
v -0.001043 -0.021634 0.000724
v -0.000756 -0.020639 0.000662
v -0.000923 -0.021588 -0.000110
v -0.000708 -0.020659 -0.000094
v -0.000503 -0.019779 -0.000157
v -0.000343 -0.019040 -0.000237
v -0.000765 -0.020611 -0.000901
v -0.000540 -0.019746 -0.000924
v -0.000370 -0.018996 -0.000999
v -0.000969 -0.020492 -0.001730
v -0.000780 -0.019639 -0.001710
v -0.000626 -0.018918 -0.001772
v -0.001442 -0.020330 -0.002435
v -0.001291 -0.019458 -0.002385
v -0.001086 -0.018777 -0.002471
v -0.001291 -0.019458 -0.002385
v -0.001442 -0.020330 -0.002435
v -0.002116 -0.020167 -0.002907
v -0.001934 -0.019265 -0.002873
v -0.001634 -0.018591 -0.003092
v -0.001086 -0.018777 -0.002471
v -0.002865 -0.019996 -0.003173
v -0.002634 -0.019056 -0.003191
v -0.002202 -0.018418 -0.003612
v -0.003665 -0.019784 -0.003295
v -0.003359 -0.018789 -0.003392
v -0.002836 -0.018103 -0.003973
v -0.004451 -0.019531 -0.003299
v -0.004071 -0.018458 -0.003481
v -0.003463 -0.017624 -0.004154
v -0.005175 -0.019275 -0.003191
v -0.004622 -0.020799 -0.003470
v -0.005334 -0.020670 -0.003352
v -0.005927 -0.020593 -0.003114
v -0.005803 -0.019068 -0.002911
v -0.006421 -0.020549 -0.002737
v -0.006247 -0.018930 -0.002547
v -0.006742 -0.020518 -0.002205
v -0.006584 -0.018855 -0.002119
v -0.006584 -0.018855 -0.002119
v -0.006742 -0.020518 -0.002205
v -0.006844 -0.020502 -0.001562
v -0.006717 -0.018856 -0.001579
v -0.006848 -0.020484 -0.000836
v -0.006707 -0.018892 -0.000942
v -0.006364 -0.017169 -0.001007
v -0.005646 -0.015595 -0.001162
v -0.006625 -0.018906 -0.000205
v -0.006373 -0.017251 -0.000268
v -0.005803 -0.015671 -0.000389
v -0.005803 -0.015671 -0.000389
v -0.005036 -0.014386 -0.000654
v -0.004863 -0.014240 -0.001430
v -0.005646 -0.015595 -0.001162
v -0.006786 -0.020429 -0.000035
v -0.006610 -0.020374 0.000750
v -0.006886 -0.021799 0.000227
v -0.006703 -0.021745 0.001013
v -0.006211 -0.021741 0.001617
v -0.006707 -0.023160 0.001155
v -0.006284 -0.023239 0.001784
v -0.005669 -0.023340 0.002119
v -0.006244 -0.024722 0.001499
v -0.005646 -0.024839 0.001756
v -0.004938 -0.024857 0.001719
v -0.004974 -0.023439 0.002208
v -0.004089 -0.024811 0.001633
v -0.004167 -0.023516 0.002094
v -0.003289 -0.024785 0.001727
v -0.003388 -0.023571 0.002000
v -0.003388 -0.023571 0.002000
v -0.003289 -0.024785 0.001727
v -0.002512 -0.024705 0.001622
v -0.002594 -0.023599 0.001822
v -0.001845 -0.024660 0.001226
v -0.001866 -0.023582 0.001360
v -0.001357 -0.024603 0.000635
v -0.001393 -0.023528 0.000655
v -0.001109 -0.024602 -0.000041
v -0.001152 -0.023474 -0.000151
v -0.001114 -0.022508 -0.000175
v -0.001038 -0.023486 -0.000967
v -0.001031 -0.022452 -0.001056
v -0.000946 -0.021509 -0.000980
v -0.001128 -0.022426 -0.001914
v -0.001111 -0.021399 -0.001843
v -0.001540 -0.022429 -0.002599
v -0.001566 -0.021279 -0.002550
v -0.001566 -0.021279 -0.002550
v -0.001540 -0.022429 -0.002599
v -0.002182 -0.022448 -0.003075
v -0.002225 -0.021203 -0.003026
v -0.002989 -0.022425 -0.003312
v -0.002971 -0.021109 -0.003341
v -0.003861 -0.022330 -0.003394
v -0.003808 -0.020964 -0.003473
v -0.004671 -0.022224 -0.003482
v -0.003933 -0.023575 -0.002993
v -0.004769 -0.023548 -0.003155
v -0.005420 -0.023467 -0.003140
v -0.005324 -0.022123 -0.003395
v -0.005982 -0.023356 -0.002961
v -0.005894 -0.022057 -0.003158
v -0.006429 -0.023246 -0.002573
v -0.006392 -0.021992 -0.002738
v -0.006737 -0.023173 -0.002013
v -0.006699 -0.021945 -0.002140
v -0.006699 -0.021945 -0.002140
v -0.006737 -0.023173 -0.002013
v -0.006918 -0.023112 -0.001307
v -0.006879 -0.021897 -0.001432
v -0.006977 -0.023084 -0.000487
v -0.006929 -0.021852 -0.000627
v -0.006902 -0.023112 0.000370
v -0.006941 -0.024301 -0.000493
v -0.006872 -0.024395 0.000283
v -0.006642 -0.024559 0.000981
v -0.006939 -0.025723 0.000078
v -0.006632 -0.025889 0.000636
v -0.006184 -0.026037 0.001060
v -0.006620 -0.027225 0.000357
v -0.006051 -0.027224 0.000751
v -0.005359 -0.027155 0.000976
v -0.005530 -0.026082 0.001289
v -0.004603 -0.027102 0.001104
v -0.004767 -0.026014 0.001271
v -0.003803 -0.027091 0.001231
v -0.003913 -0.025978 0.001365
v -0.003031 -0.027151 0.001404
v -0.003072 -0.025961 0.001561
v -0.003072 -0.025961 0.001561
v -0.003031 -0.027151 0.001404
v -0.002355 -0.027212 0.001344
v -0.002382 -0.025926 0.001442
v -0.001813 -0.027238 0.001041
v -0.001796 -0.025900 0.001096
v -0.001407 -0.027259 0.000568
v -0.001334 -0.025903 0.000612
v -0.001186 -0.027291 -0.000018
v -0.001066 -0.025932 0.000043
v -0.001180 -0.027277 -0.000716
v -0.001047 -0.025961 -0.000583
v -0.001055 -0.024669 -0.000710
v -0.001289 -0.025941 -0.001220
v -0.001229 -0.024751 -0.001346
v -0.001140 -0.023585 -0.001718
v -0.001667 -0.024788 -0.001933
v -0.001559 -0.023672 -0.002293
v -0.001559 -0.023672 -0.002293
v -0.001667 -0.024788 -0.001933
v -0.002302 -0.024755 -0.002368
v -0.002211 -0.023682 -0.002693
v -0.003078 -0.024714 -0.002616
v -0.003025 -0.023629 -0.002869
v -0.003967 -0.024693 -0.002720
v -0.003037 -0.025761 -0.002699
v -0.003856 -0.025792 -0.002780
v -0.004623 -0.025858 -0.002689
v -0.004799 -0.024693 -0.002766
v -0.005316 -0.025918 -0.002582
v -0.005479 -0.024704 -0.002777
v -0.005913 -0.025965 -0.002426
v -0.006074 -0.024677 -0.002678
v -0.006417 -0.025949 -0.002114
v -0.006525 -0.024598 -0.002392
v -0.006772 -0.025826 -0.001670
v -0.006788 -0.024472 -0.001892
v -0.006788 -0.024472 -0.001892
v -0.006772 -0.025826 -0.001670
v -0.006938 -0.025701 -0.001142
v -0.006889 -0.024342 -0.001239
v -0.007025 -0.025659 -0.000538
v -0.006933 -0.027186 -0.001129
v -0.007011 -0.027176 -0.000625
v -0.006902 -0.027194 -0.000113
v -0.006606 -0.028605 -0.000799
v -0.006523 -0.028552 -0.000267
v -0.006243 -0.028439 0.000191
v -0.006232 -0.029640 -0.000186
v -0.006024 -0.029522 0.000336
v -0.005642 -0.029386 0.000754
v -0.005776 -0.028311 0.000560
v -0.005124 -0.029272 0.001056
v -0.005193 -0.028216 0.000861
v -0.004528 -0.029221 0.001235
v -0.004532 -0.028174 0.001091
v -0.003908 -0.029257 0.001277
v -0.003826 -0.028195 0.001191
v -0.003296 -0.029365 0.001188
v -0.003141 -0.028287 0.001214
v -0.003141 -0.028287 0.001214
v -0.003296 -0.029365 0.001188
v -0.002707 -0.029503 0.001024
v -0.002501 -0.028421 0.001136
v -0.002153 -0.029643 0.000746
v -0.001944 -0.028498 0.000879
v -0.001683 -0.029709 0.000312
v -0.001579 -0.028508 0.000421
v -0.001458 -0.029671 -0.000288
v -0.001403 -0.028484 -0.000179
v -0.001457 -0.029615 -0.000954
v -0.001409 -0.028414 -0.000900
v -0.001541 -0.029612 -0.001644
v -0.001530 -0.028328 -0.001665
v -0.001413 -0.027158 -0.001429
v -0.001749 -0.028261 -0.002389
v -0.001757 -0.027002 -0.002098
v -0.001720 -0.025875 -0.001858
v -0.001720 -0.025875 -0.001858
v -0.001757 -0.027002 -0.002098
v -0.002266 -0.026881 -0.002667
v -0.002306 -0.025802 -0.002376
v -0.002923 -0.026836 -0.003012
v -0.002211 -0.028255 -0.002920
v -0.002816 -0.028271 -0.003224
v -0.003513 -0.028277 -0.003284
v -0.003673 -0.026897 -0.003104
v -0.004230 -0.028300 -0.003113
v -0.004397 -0.027031 -0.002917
v -0.004904 -0.028320 -0.002936
v -0.005078 -0.027098 -0.002678
v -0.005496 -0.028345 -0.002686
v -0.005669 -0.027136 -0.002405
v -0.005969 -0.028405 -0.002314
v -0.006192 -0.027170 -0.002029
v -0.006299 -0.028492 -0.001832
v -0.006633 -0.027180 -0.001592
v -0.006633 -0.027180 -0.001592
v -0.006299 -0.028492 -0.001832
v -0.006529 -0.028570 -0.001328
v -0.006094 -0.029727 -0.001937
v -0.006235 -0.029733 -0.001387
v -0.006299 -0.029713 -0.000769
v -0.006104 -0.030908 -0.001155
v -0.006203 -0.030843 -0.000559
v -0.006188 -0.030748 0.000059
v -0.006058 -0.032004 -0.000301
v -0.005986 -0.031883 0.000290
v -0.005746 -0.031743 0.000813
v -0.005964 -0.030624 0.000628
v -0.005376 -0.031613 0.001211
v -0.005545 -0.030490 0.001044
v -0.004943 -0.031517 0.001507
v -0.005059 -0.030381 0.001329
v -0.004480 -0.031462 0.001707
v -0.004539 -0.030312 0.001540
v -0.003989 -0.031454 0.001792
v -0.003982 -0.030299 0.001596
v -0.003513 -0.031481 0.001722
v -0.003431 -0.030377 0.001457
v -0.003431 -0.030377 0.001457
v -0.003513 -0.031481 0.001722
v -0.003041 -0.031584 0.001486
v -0.002901 -0.030534 0.001167
v -0.002631 -0.031767 0.001101
v -0.002425 -0.030698 0.000798
v -0.002286 -0.031983 0.000613
v -0.002000 -0.030868 0.000324
v -0.002011 -0.032214 0.000061
v -0.001696 -0.030966 -0.000249
v -0.001922 -0.032382 -0.000520
v -0.001572 -0.031012 -0.000824
v -0.002007 -0.032450 -0.001067
v -0.001663 -0.031048 -0.001375
v -0.002216 -0.032461 -0.001564
v -0.001911 -0.031092 -0.001874
v -0.001808 -0.029671 -0.002233
v -0.001808 -0.029671 -0.002233
v -0.001911 -0.031092 -0.001874
v -0.002307 -0.031124 -0.002310
v -0.002227 -0.029729 -0.002676
v -0.001749 -0.028261 -0.002389
v -0.002846 -0.031096 -0.002561
v -0.002800 -0.029752 -0.002959
v -0.003472 -0.031039 -0.002618
v -0.003456 -0.029728 -0.003020
v -0.004099 -0.030989 -0.002576
v -0.004136 -0.029691 -0.002934
v -0.004695 -0.030987 -0.002506
v -0.004770 -0.029695 -0.002844
v -0.005235 -0.031011 -0.002374
v -0.005356 -0.029723 -0.002732
v -0.005659 -0.031007 -0.002104
v -0.005822 -0.029731 -0.002433
v -0.005932 -0.030964 -0.001681
v -0.006094 -0.029727 -0.001937
v -0.005600 -0.032240 -0.001822
v -0.005856 -0.032180 -0.001388
v -0.005932 -0.030964 -0.001681
v -0.005856 -0.032180 -0.001388
v -0.005993 -0.032098 -0.000875
v -0.005700 -0.033383 -0.001045
v -0.005808 -0.033251 -0.000533
v -0.005822 -0.033105 0.000022
v -0.005704 -0.034330 -0.000095
v -0.005735 -0.034189 0.000443
v -0.005677 -0.034049 0.000960
v -0.005743 -0.032956 0.000570
v -0.005543 -0.033928 0.001417
v -0.005556 -0.032813 0.001050
v -0.005337 -0.033839 0.001789
v -0.005270 -0.032693 0.001426
v -0.005065 -0.033789 0.002068
v -0.004916 -0.032612 0.001706
v -0.004734 -0.033794 0.002235
v -0.004525 -0.032590 0.001872
v -0.004375 -0.033843 0.002288
v -0.004106 -0.032625 0.001924
v -0.004018 -0.033933 0.002212
v -0.003698 -0.032704 0.001861
v -0.003698 -0.032704 0.001861
v -0.004018 -0.033933 0.002212
v -0.003692 -0.034045 0.001999
v -0.003327 -0.032804 0.001714
v -0.003394 -0.034166 0.001681
v -0.002949 -0.032949 0.001430
v -0.003098 -0.034307 0.001275
v -0.002663 -0.033138 0.000977
v -0.002872 -0.034456 0.000742
v -0.002479 -0.033336 0.000429
v -0.002784 -0.034585 0.000173
v -0.002391 -0.033508 -0.000166
v -0.002825 -0.034692 -0.000354
v -0.002442 -0.033615 -0.000736
v -0.002956 -0.034774 -0.000808
v -0.002618 -0.033662 -0.001234
v -0.002618 -0.033662 -0.001234
v -0.002956 -0.034774 -0.000808
v -0.003187 -0.034819 -0.001168
v -0.002896 -0.033666 -0.001636
v -0.002561 -0.032433 -0.001983
v -0.002216 -0.032461 -0.001564
v -0.003264 -0.033635 -0.001926
v -0.003021 -0.032373 -0.002244
v -0.003704 -0.033565 -0.002060
v -0.003550 -0.032290 -0.002328
v -0.004155 -0.033492 -0.002030
v -0.004105 -0.032215 -0.002286
v -0.004594 -0.033459 -0.001923
v -0.004644 -0.032204 -0.002204
v -0.005046 -0.033476 -0.001777
v -0.005179 -0.032247 -0.002095
v -0.005451 -0.033473 -0.001480
v -0.004944 -0.034645 -0.001281
v -0.005314 -0.034576 -0.000994
v -0.005570 -0.034464 -0.000590
v -0.005700 -0.033383 -0.001045
v -0.005342 -0.035628 -0.000571
v -0.005601 -0.035523 -0.000197
v -0.005570 -0.034464 -0.000590
v -0.005601 -0.035523 -0.000197
v -0.005757 -0.035412 0.000283
v -0.005795 -0.036611 -0.000020
v -0.005965 -0.036552 0.000442
v -0.006019 -0.036550 0.000924
v -0.005807 -0.035311 0.000818
v -0.005986 -0.036588 0.001371
v -0.005779 -0.035247 0.001318
v -0.005899 -0.036656 0.001769
v -0.005690 -0.035214 0.001765
v -0.005722 -0.036735 0.002095
v -0.005524 -0.035220 0.002123
v -0.005480 -0.036792 0.002326
v -0.005291 -0.035237 0.002373
v -0.005190 -0.036830 0.002484
v -0.004995 -0.035262 0.002533
v -0.004862 -0.036848 0.002543
v -0.004667 -0.035300 0.002577
v -0.004509 -0.036846 0.002471
v -0.004316 -0.035347 0.002502
v -0.004316 -0.035347 0.002502
v -0.004509 -0.036846 0.002471
v -0.004154 -0.036830 0.002285
v -0.003963 -0.035389 0.002292
v -0.003803 -0.036801 0.001994
v -0.003650 -0.035441 0.001959
v -0.003484 -0.036784 0.001629
v -0.003327 -0.035508 0.001548
v -0.003260 -0.036796 0.001168
v -0.003103 -0.035596 0.001029
v -0.003195 -0.036831 0.000684
v -0.003035 -0.035689 0.000500
v -0.003269 -0.036867 0.000240
v -0.003097 -0.035778 0.000023
v -0.003431 -0.036890 -0.000131
v -0.003226 -0.035849 -0.000381
v -0.003226 -0.035849 -0.000381
v -0.003431 -0.036890 -0.000131
v -0.003623 -0.036911 -0.000448
v -0.003419 -0.035902 -0.000720
v -0.003875 -0.036919 -0.000698
v -0.003688 -0.035920 -0.000964
v -0.003490 -0.034831 -0.001430
v -0.004011 -0.035895 -0.001085
v -0.003859 -0.034800 -0.001557
v -0.004351 -0.035844 -0.001087
v -0.004221 -0.034747 -0.001543
v -0.004681 -0.035778 -0.000978
v -0.004586 -0.034691 -0.001443
v -0.005010 -0.035710 -0.000815
v -0.004846 -0.036815 -0.000763
v -0.005185 -0.036761 -0.000606
v -0.005523 -0.036693 -0.000376
v -0.005523 -0.036693 -0.000376
v -0.005185 -0.036761 -0.000606
v -0.005392 -0.037835 -0.000688
v -0.005760 -0.037799 -0.000444
v -0.006068 -0.037771 -0.000099
v -0.005795 -0.036611 -0.000020
v -0.005795 -0.036611 -0.000020
v -0.005986 -0.038926 -0.000808
v -0.006312 -0.038956 -0.000486
v -0.006068 -0.037771 -0.000099
v -0.006312 -0.038956 -0.000486
v -0.006524 -0.039019 -0.000117
v -0.006263 -0.037780 0.000290
v -0.005965 -0.036552 0.000442
v -0.005795 -0.036611 -0.000020
v -0.006606 -0.039123 0.000281
v -0.006351 -0.037844 0.000715
v -0.006019 -0.036550 0.000924
v -0.006545 -0.039252 0.000686
v -0.006325 -0.037949 0.001119
v -0.005986 -0.036588 0.001371
v -0.006366 -0.039366 0.001062
v -0.006196 -0.038067 0.001482
v -0.005899 -0.036656 0.001769
v -0.006088 -0.039464 0.001417
v -0.005975 -0.038189 0.001804
v -0.005722 -0.036735 0.002095
v -0.005700 -0.039542 0.001735
v -0.005651 -0.038293 0.002062
v -0.005480 -0.036792 0.002326
v -0.005239 -0.039589 0.001967
v -0.005269 -0.038344 0.002232
v -0.005190 -0.036830 0.002484
v -0.004741 -0.039600 0.002098
v -0.004861 -0.038348 0.002323
v -0.004862 -0.036848 0.002543
v -0.004234 -0.039570 0.002123
v -0.004439 -0.038300 0.002326
v -0.004509 -0.036846 0.002471
v -0.004439 -0.038300 0.002326
v -0.004234 -0.039570 0.002123
v -0.003756 -0.039501 0.002039
v -0.004039 -0.038206 0.002213
v -0.004154 -0.036830 0.002285
v -0.004509 -0.036846 0.002471
v -0.003335 -0.039417 0.001812
v -0.003671 -0.038115 0.001942
v -0.003803 -0.036801 0.001994
v -0.003006 -0.039331 0.001432
v -0.003386 -0.038054 0.001578
v -0.003484 -0.036784 0.001629
v -0.002825 -0.039251 0.000957
v -0.003198 -0.038018 0.001136
v -0.003260 -0.036796 0.001168
v -0.002778 -0.039180 0.000434
v -0.003149 -0.037999 0.000668
v -0.003195 -0.036831 0.000684
v -0.002891 -0.039110 -0.000071
v -0.003229 -0.037984 0.000222
v -0.003269 -0.036867 0.000240
v -0.003111 -0.039034 -0.000510
v -0.003397 -0.037968 -0.000161
v -0.003431 -0.036890 -0.000131
v -0.003397 -0.037968 -0.000161
v -0.003111 -0.039034 -0.000510
v -0.003402 -0.038951 -0.000883
v -0.003635 -0.037943 -0.000485
v -0.003623 -0.036911 -0.000448
v -0.003431 -0.036890 -0.000131
v -0.003755 -0.038877 -0.001172
v -0.003927 -0.037915 -0.000733
v -0.003875 -0.036919 -0.000698
v -0.004162 -0.038850 -0.001342
v -0.004251 -0.037893 -0.000886
v -0.004180 -0.036897 -0.000833
v -0.004180 -0.036897 -0.000833
v -0.004619 -0.037877 -0.000913
v -0.004510 -0.036860 -0.000850
v -0.004510 -0.036860 -0.000850
v -0.004999 -0.037859 -0.000839
v -0.004846 -0.036815 -0.000763
v -0.004637 -0.038877 -0.001355
v -0.005105 -0.038908 -0.001243
v -0.005567 -0.038921 -0.001059
v -0.005188 -0.039992 -0.001826
v -0.005702 -0.040034 -0.001616
v -0.006170 -0.040076 -0.001363
v -0.005821 -0.041284 -0.002146
v -0.006282 -0.041339 -0.001849
v -0.006664 -0.041420 -0.001473
v -0.006538 -0.040144 -0.001037
v -0.006538 -0.040144 -0.001037
v -0.006664 -0.041420 -0.001473
v -0.006877 -0.041513 -0.000992
v -0.006750 -0.040245 -0.000623
v -0.006900 -0.041593 -0.000463
v -0.006787 -0.040356 -0.000177
v -0.006812 -0.041640 0.000078
v -0.006705 -0.040463 0.000290
v -0.006598 -0.041663 0.000615
v -0.006508 -0.040547 0.000758
v -0.006286 -0.041681 0.001100
v -0.006189 -0.040596 0.001201
v -0.005893 -0.041712 0.001497
v -0.005779 -0.040641 0.001573
v -0.005398 -0.041754 0.001749
v -0.005287 -0.040691 0.001843
v -0.004833 -0.041798 0.001827
v -0.004731 -0.040726 0.001970
v -0.004254 -0.041834 0.001810
v -0.004174 -0.040729 0.001963
v -0.004174 -0.040729 0.001963
v -0.004254 -0.041834 0.001810
v -0.003693 -0.041846 0.001714
v -0.003637 -0.040703 0.001858
v -0.003187 -0.041823 0.001478
v -0.003169 -0.040650 0.001620
v -0.002825 -0.041765 0.001059
v -0.002811 -0.040581 0.001207
v -0.002629 -0.041690 0.000516
v -0.002623 -0.040506 0.000682
v -0.002588 -0.041616 -0.000084
v -0.002565 -0.040420 0.000103
v -0.002689 -0.041554 -0.000695
v -0.002667 -0.040328 -0.000490
v -0.002888 -0.041495 -0.001287
v -0.002874 -0.040220 -0.001040
v -0.002874 -0.040220 -0.001040
v -0.002888 -0.041495 -0.001287
v -0.003207 -0.041433 -0.001807
v -0.003174 -0.040097 -0.001511
v -0.003623 -0.041361 -0.002205
v -0.003593 -0.039996 -0.001831
v -0.004154 -0.041294 -0.002442
v -0.004084 -0.039933 -0.002007
v -0.004719 -0.041259 -0.002492
v -0.004648 -0.039947 -0.001974
v -0.005296 -0.041247 -0.002396
v -0.004761 -0.042719 -0.002568
v -0.005342 -0.042710 -0.002560
v -0.005859 -0.042719 -0.002349
v -0.005229 -0.043949 -0.002026
v -0.005640 -0.043984 -0.001891
v -0.005990 -0.044012 -0.001637
v -0.006281 -0.042747 -0.002012
v -0.006257 -0.044037 -0.001285
v -0.006611 -0.042785 -0.001595
v -0.006611 -0.042785 -0.001595
v -0.006257 -0.044037 -0.001285
v -0.006433 -0.044047 -0.000849
v -0.006825 -0.042814 -0.001077
v -0.006516 -0.044028 -0.000351
v -0.006873 -0.042820 -0.000518
v -0.006484 -0.043993 0.000173
v -0.006773 -0.042804 0.000062
v -0.006363 -0.043975 0.000640
v -0.006570 -0.042778 0.000593
v -0.006169 -0.043964 0.001016
v -0.006299 -0.042772 0.001046
v -0.005889 -0.043953 0.001307
v -0.005949 -0.042789 0.001401
v -0.005503 -0.043944 0.001474
v -0.005488 -0.042822 0.001607
v -0.005050 -0.043952 0.001526
v -0.004965 -0.042860 0.001673
v -0.004577 -0.043997 0.001505
v -0.004403 -0.042913 0.001659
v -0.004403 -0.042913 0.001659
v -0.004577 -0.043997 0.001505
v -0.004090 -0.044085 0.001379
v -0.003850 -0.042966 0.001558
v -0.003660 -0.044158 0.001145
v -0.003352 -0.042995 0.001333
v -0.003299 -0.044200 0.000785
v -0.002986 -0.042968 0.000935
v -0.003092 -0.044176 0.000327
v -0.002799 -0.042893 0.000436
v -0.003036 -0.044093 -0.000153
v -0.002755 -0.042816 -0.000105
v -0.003092 -0.044000 -0.000632
v -0.002851 -0.042763 -0.000662
v -0.003290 -0.043928 -0.001054
v -0.003099 -0.042727 -0.001183
v -0.003099 -0.042727 -0.001183
v -0.003290 -0.043928 -0.001054
v -0.003600 -0.043886 -0.001417
v -0.003422 -0.042718 -0.001661
v -0.003982 -0.043869 -0.001699
v -0.003796 -0.042714 -0.002069
v -0.004372 -0.043876 -0.001895
v -0.004254 -0.042704 -0.002367
v -0.004793 -0.043914 -0.002026
v -0.004365 -0.045070 -0.001807
v -0.004748 -0.045077 -0.001813
v -0.005113 -0.045098 -0.001749
v -0.004774 -0.046339 -0.001791
v -0.005100 -0.046342 -0.001742
v -0.005414 -0.046346 -0.001641
v -0.005448 -0.045124 -0.001618
v -0.005685 -0.046358 -0.001440
v -0.005753 -0.045155 -0.001403
v -0.005853 -0.046377 -0.001140
v -0.005974 -0.045187 -0.001100
v -0.005974 -0.045187 -0.001100
v -0.005853 -0.046377 -0.001140
v -0.005918 -0.046383 -0.000772
v -0.006092 -0.045214 -0.000714
v -0.005916 -0.046389 -0.000364
v -0.006122 -0.045220 -0.000254
v -0.005887 -0.046406 0.000029
v -0.006090 -0.045222 0.000187
v -0.005841 -0.046430 0.000380
v -0.006026 -0.045233 0.000577
v -0.005753 -0.046454 0.000700
v -0.005914 -0.045236 0.000918
v -0.005592 -0.046473 0.000950
v -0.005709 -0.045220 0.001183
v -0.005353 -0.046487 0.001112
v -0.005416 -0.045194 0.001331
v -0.005074 -0.046492 0.001168
v -0.005076 -0.045182 0.001377
v -0.004766 -0.046493 0.001146
v -0.004718 -0.045197 0.001363
v -0.004718 -0.045197 0.001363
v -0.004766 -0.046493 0.001146
v -0.004469 -0.046486 0.000997
v -0.004331 -0.045253 0.001244
v -0.004217 -0.046471 0.000722
v -0.004016 -0.045312 0.000951
v -0.003997 -0.046452 0.000397
v -0.003745 -0.045338 0.000589
v -0.003829 -0.046431 0.000019
v -0.003547 -0.045333 0.000163
v -0.003739 -0.046407 -0.000373
v -0.003469 -0.045288 -0.000283
v -0.003725 -0.046388 -0.000749
v -0.003486 -0.045232 -0.000703
v -0.003789 -0.046376 -0.001113
v -0.003571 -0.045169 -0.001086
v -0.003571 -0.045169 -0.001086
v -0.003789 -0.046376 -0.001113
v -0.003933 -0.046368 -0.001409
v -0.003737 -0.045109 -0.001417
v -0.004157 -0.046365 -0.001629
v -0.004013 -0.045077 -0.001680
v -0.004453 -0.046353 -0.001767
v -0.004182 -0.047615 -0.001517
v -0.004464 -0.047627 -0.001636
v -0.004759 -0.047637 -0.001678
v -0.004379 -0.048838 -0.001621
v -0.004670 -0.048840 -0.001646
v -0.004956 -0.048841 -0.001600
v -0.005055 -0.047648 -0.001670
v -0.005218 -0.048848 -0.001481
v -0.005353 -0.047656 -0.001584
v -0.005435 -0.048852 -0.001302
v -0.005583 -0.047656 -0.001395
v -0.005591 -0.048848 -0.001059
v -0.005739 -0.047640 -0.001118
v -0.005739 -0.047640 -0.001118
v -0.005591 -0.048848 -0.001059
v -0.005697 -0.048832 -0.000790
v -0.005801 -0.047614 -0.000796
v -0.005743 -0.048796 -0.000484
v -0.005807 -0.047594 -0.000458
v -0.005748 -0.048750 -0.000180
v -0.005793 -0.047583 -0.000124
v -0.005732 -0.048699 0.000107
v -0.005758 -0.047581 0.000187
v -0.005674 -0.048648 0.000391
v -0.005686 -0.047590 0.000468
v -0.005533 -0.048610 0.000633
v -0.005548 -0.047603 0.000706
v -0.005329 -0.048588 0.000811
v -0.005328 -0.047609 0.000857
v -0.005056 -0.048593 0.000866
v -0.005061 -0.047612 0.000883
v -0.004763 -0.048626 0.000802
v -0.004790 -0.047614 0.000807
v -0.004790 -0.047614 0.000807
v -0.004763 -0.048626 0.000802
v -0.004472 -0.048680 0.000668
v -0.004531 -0.047617 0.000676
v -0.004204 -0.048752 0.000439
v -0.004269 -0.047615 0.000473
v -0.004049 -0.047608 0.000202
v -0.003878 -0.047598 -0.000109
v -0.003770 -0.047590 -0.000438
v -0.003651 -0.048958 -0.000815
v -0.003740 -0.047588 -0.000761
v -0.003722 -0.048921 -0.001090
v -0.003798 -0.047592 -0.001071
v -0.003798 -0.047592 -0.001071
v -0.003722 -0.048921 -0.001090
v -0.003871 -0.048887 -0.001341
v -0.003950 -0.047603 -0.001331
v -0.004097 -0.048847 -0.001517
v -0.003790 -0.050001 -0.001573
v -0.004039 -0.049928 -0.001757
v -0.004344 -0.049872 -0.001857
v -0.004065 -0.050814 -0.002143
v -0.004389 -0.050740 -0.002273
v -0.004733 -0.050706 -0.002298
v -0.004658 -0.049840 -0.001877
v -0.004969 -0.049827 -0.001811
v -0.005248 -0.049835 -0.001670
v -0.005476 -0.049859 -0.001462
v -0.005814 -0.050811 -0.001538
v -0.005647 -0.049875 -0.001209
v -0.005647 -0.049875 -0.001209
v -0.005814 -0.050811 -0.001538
v -0.005935 -0.050833 -0.001173
v -0.005771 -0.049878 -0.000909
v -0.006013 -0.050833 -0.000756
v -0.005850 -0.049869 -0.000577
v -0.005922 -0.051721 -0.001344
v -0.006016 -0.051698 -0.000829
v -0.005657 -0.052347 -0.001368
v -0.005786 -0.052310 -0.000819
v -0.005857 -0.052281 -0.000171
v -0.005385 -0.052695 -0.000807
v -0.005465 -0.052697 -0.000147
v -0.005476 -0.052684 0.000711
v -0.005858 -0.052277 0.000673
v -0.005466 -0.052760 0.001795
v -0.005805 -0.052409 0.001826
v -0.006027 -0.051966 0.001867
v -0.005769 -0.052615 0.003004
v -0.005952 -0.052272 0.003070
v -0.006030 -0.051919 0.003163
v -0.006117 -0.051452 0.001905
v -0.005994 -0.051590 0.003272
v -0.006084 -0.051167 0.002119
v -0.005833 -0.051294 0.003376
v -0.005897 -0.050855 0.002305
v -0.005817 -0.050259 0.001329
v -0.005655 -0.049496 0.000814
v -0.005589 -0.050640 0.002440
v -0.005539 -0.050093 0.001580
v -0.005412 -0.049424 0.001029
v -0.005177 -0.050072 0.001655
v -0.005108 -0.049420 0.001110
v -0.004812 -0.050144 0.001624
v -0.004784 -0.049485 0.001063
v -0.004784 -0.049485 0.001063
v -0.004812 -0.050144 0.001624
v -0.004473 -0.050294 0.001499
v -0.004476 -0.049605 0.000927
v -0.004171 -0.050534 0.001289
v -0.004192 -0.049798 0.000672
v -0.004428 -0.050775 0.002369
v -0.004084 -0.050995 0.002253
v -0.003807 -0.051298 0.002127
v -0.004133 -0.051327 0.003383
v -0.003917 -0.051616 0.003332
v -0.003815 -0.051946 0.003286
v -0.003635 -0.051659 0.002028
v -0.003840 -0.052298 0.003231
v -0.003620 -0.052071 0.001947
v -0.003997 -0.052635 0.003161
v -0.003781 -0.052467 0.001887
v -0.003764 -0.052238 0.000693
v -0.003675 -0.052064 -0.000174
v -0.004097 -0.052779 0.001839
v -0.004071 -0.052618 0.000683
v -0.004022 -0.052527 -0.000150
v -0.003953 -0.052489 -0.000787
v -0.003623 -0.051965 -0.000775
v -0.004508 -0.052840 0.000692
v -0.004469 -0.052799 -0.000141
v -0.004423 -0.052753 -0.000792
v -0.004413 -0.052688 -0.001351
v -0.003966 -0.052434 -0.001337
v -0.004972 -0.052861 -0.000142
v -0.004914 -0.052834 -0.000798
v -0.004845 -0.052728 -0.001356
v -0.004778 -0.052572 -0.001828
v -0.004434 -0.052544 -0.001833
v -0.005263 -0.052633 -0.001368
v -0.005131 -0.052506 -0.001824
v -0.005131 -0.052506 -0.001824
v -0.005011 -0.052326 -0.002205
v -0.004683 -0.052323 -0.002233
v -0.004778 -0.052572 -0.001828
v -0.005486 -0.052303 -0.001811
v -0.005486 -0.052303 -0.001811
v -0.005799 -0.051699 -0.001731
v -0.005799 -0.051699 -0.001731
v -0.004500 -0.051597 -0.002542
v -0.004858 -0.051604 -0.002538
v -0.005000 -0.052881 0.000708
v -0.004529 -0.052953 0.001807
v -0.005015 -0.052952 0.001792
v -0.004656 -0.053054 0.003020
v -0.005081 -0.053049 0.002980
v -0.005473 -0.052896 0.002974
v -0.005180 -0.053136 0.004195
v -0.005505 -0.053018 0.004183
v -0.005756 -0.052799 0.004195
v -0.005535 -0.053092 0.005370
v -0.005767 -0.052906 0.005369
v -0.005932 -0.052663 0.005383
v -0.005922 -0.052522 0.004230
v -0.005990 -0.052382 0.005405
v -0.005989 -0.052215 0.004285
v -0.005949 -0.052095 0.005439
v -0.005949 -0.051904 0.004356
v -0.005795 -0.051844 0.005481
v -0.005788 -0.051634 0.004426
v -0.005552 -0.051678 0.005516
v -0.005525 -0.051450 0.004477
v -0.005552 -0.051085 0.003448
v -0.005204 -0.051379 0.004500
v -0.005191 -0.051002 0.003470
v -0.005203 -0.050579 0.002485
v -0.004815 -0.051021 0.003458
v -0.004806 -0.050632 0.002453
v -0.004806 -0.050632 0.002453
v -0.004815 -0.051021 0.003458
v -0.004449 -0.051120 0.003429
v -0.004881 -0.051374 0.004515
v -0.004570 -0.051439 0.004520
v -0.004306 -0.051612 0.004509
v -0.004687 -0.051656 0.005581
v -0.004447 -0.051808 0.005584
v -0.004289 -0.052050 0.005570
v -0.004142 -0.051874 0.004480
v -0.004230 -0.052333 0.005545
v -0.004073 -0.052172 0.004443
v -0.004275 -0.052622 0.005510
v -0.004110 -0.052483 0.004394
v -0.004413 -0.052886 0.005471
v -0.004254 -0.052776 0.004339
v -0.004642 -0.053088 0.005435
v -0.004498 -0.053008 0.004281
v -0.004277 -0.052901 0.003087
v -0.004824 -0.053137 0.004229
v -0.004932 -0.053194 0.005405
v -0.005247 -0.053198 0.005382
v -0.005247 -0.053198 0.005382
v -0.004932 -0.053194 0.005405
v -0.005012 -0.053218 0.006533
v -0.005301 -0.053215 0.006513
v -0.005573 -0.053123 0.006500
v -0.005535 -0.053092 0.005370
v -0.005364 -0.053226 0.007552
v -0.005627 -0.053135 0.007534
v -0.005847 -0.052967 0.007523
v -0.005798 -0.052952 0.006492
v -0.005767 -0.052906 0.005369
v -0.005993 -0.052741 0.007521
v -0.005955 -0.052718 0.006493
v -0.005932 -0.052663 0.005383
v -0.006058 -0.052481 0.007526
v -0.006019 -0.052446 0.006503
v -0.005990 -0.052382 0.005405
v -0.006034 -0.052218 0.007538
v -0.005985 -0.052175 0.006519
v -0.005949 -0.052095 0.005439
v -0.005907 -0.051982 0.007557
v -0.005848 -0.051931 0.006541
v -0.005795 -0.051844 0.005481
v -0.005687 -0.051827 0.007581
v -0.005615 -0.051772 0.006566
v -0.005552 -0.051678 0.005516
v -0.005423 -0.051761 0.007609
v -0.005340 -0.051701 0.006594
v -0.005265 -0.051619 0.005541
v -0.005265 -0.051619 0.005541
v -0.005057 -0.051696 0.006619
v -0.004970 -0.051599 0.005564
v -0.004970 -0.051599 0.005564
v -0.004881 -0.051374 0.004515
v -0.004970 -0.051599 0.005564
v -0.005057 -0.051696 0.006619
v -0.004784 -0.051760 0.006641
v -0.004687 -0.051656 0.005581
v -0.004970 -0.051599 0.005564
v -0.005145 -0.051759 0.007638
v -0.004874 -0.051827 0.007665
v -0.004655 -0.051987 0.007683
v -0.004554 -0.051920 0.006652
v -0.004447 -0.051808 0.005584
v -0.004514 -0.052209 0.007687
v -0.004406 -0.052153 0.006649
v -0.004289 -0.052050 0.005570
v -0.004463 -0.052472 0.007679
v -0.004352 -0.052423 0.006636
v -0.004230 -0.052333 0.005545
v -0.004502 -0.052737 0.007660
v -0.004393 -0.052697 0.006614
v -0.004275 -0.052622 0.005510
v -0.004627 -0.052976 0.007634
v -0.004526 -0.052943 0.006586
v -0.004413 -0.052886 0.005471
v -0.004832 -0.053147 0.007604
v -0.004740 -0.053127 0.006557
v -0.004642 -0.053088 0.005435
v -0.005091 -0.053232 0.007576
v -0.004953 -0.053153 0.008541
v -0.005195 -0.053233 0.008502
v -0.005453 -0.053224 0.008466
v -0.005794 -0.053086 0.009177
v -0.005698 -0.053134 0.008440
v -0.005946 -0.052941 0.009155
v -0.005894 -0.052971 0.008427
v -0.006060 -0.052754 0.009144
v -0.006032 -0.052756 0.008423
v -0.006117 -0.052545 0.009146
v -0.006096 -0.052513 0.008427
v -0.006105 -0.052325 0.009156
v -0.006074 -0.052263 0.008437
v -0.006011 -0.052119 0.009176
v -0.005958 -0.052039 0.008455
v -0.005761 -0.051888 0.008476
v -0.005514 -0.051819 0.008503
v -0.005246 -0.051820 0.008538
v -0.005145 -0.051759 0.007638
v -0.005246 -0.051820 0.008538
v -0.005386 -0.051895 0.009267
v -0.005185 -0.051976 0.009311
v -0.004993 -0.051892 0.008580
v -0.005013 -0.052125 0.009356
v -0.004791 -0.052048 0.008615
v -0.004896 -0.052318 0.009383
v -0.004657 -0.052261 0.008630
v -0.004846 -0.052535 0.009390
v -0.004602 -0.052512 0.008626
v -0.004863 -0.052764 0.009382
v -0.004631 -0.052768 0.008607
v -0.004974 -0.052977 0.009351
v -0.004752 -0.052997 0.008579
v -0.005216 -0.052392 0.009918
v -0.005303 -0.052253 0.009894
v -0.005560 -0.052389 0.010178
v -0.005501 -0.052489 0.010189
v -0.005726 -0.052528 0.010232
v -0.005677 -0.052611 0.010233
v -0.005820 -0.052736 0.010144
v -0.005733 -0.052803 0.010126
v -0.005878 -0.052655 0.010158
v -0.006048 -0.052735 0.009763
v -0.005954 -0.052859 0.009778
v -0.005846 -0.052956 0.009824
v -0.005644 -0.052297 0.010134
v -0.005432 -0.052137 0.009869
v -0.005595 -0.052082 0.009859
v -0.005760 -0.052214 0.010049
v -0.004085 -0.052329 -0.001800
v -0.003708 -0.051794 -0.001755
v -0.003620 -0.051888 -0.001286
v -0.003585 -0.051028 -0.001567
v -0.003498 -0.051127 -0.001162
v -0.003615 -0.050098 -0.001298
v -0.003546 -0.050196 -0.000979
v -0.003615 -0.050098 -0.001298
v -0.003585 -0.051028 -0.001567
v -0.003771 -0.050918 -0.001907
v -0.009775 -0.001042 0.000869
v -0.009320 -0.001082 0.001030
v -0.009320 -0.001082 0.001030
v -0.002865 0.002467 -0.004664
v -0.013147 0.004289 0.004348
v -0.013591 0.000618 -0.003192
v -0.003207 0.009061 0.005486
v -0.001971 0.007071 0.007128
v -0.002657 0.007680 0.006832
v -0.002182 0.013410 0.012807
v -0.003926 0.009859 0.011155
v -0.016689 -0.023256 -0.003665
v -0.016565 -0.023618 -0.004822
v -0.016706 -0.024293 -0.005216
v -0.016706 -0.024293 -0.005216
v -0.016706 -0.024293 -0.005216
v -0.016829 -0.024900 -0.005768
v -0.016706 -0.024293 -0.005216
v -0.016471 -0.024058 -0.005554
v -0.016671 -0.024674 -0.006081
v -0.016829 -0.024900 -0.005768
v -0.016827 -0.025383 -0.006708
v -0.016964 -0.025576 -0.006443
v -0.016560 -0.025286 -0.006889
v -0.016627 -0.026194 -0.007487
v -0.016852 -0.026281 -0.007326
v -0.016780 -0.027295 -0.007822
v -0.016885 -0.027398 -0.007595
v -0.016957 -0.026419 -0.007090
v -0.016563 -0.027220 -0.007965
v -0.016453 -0.028257 -0.008401
v -0.016681 -0.028331 -0.008257
v -0.016173 -0.028226 -0.008407
v -0.016810 -0.028425 -0.008032
v -0.016810 -0.028425 -0.008032
v -0.016864 -0.027507 -0.007342
v -0.016885 -0.027398 -0.007595
v -0.016720 -0.026706 -0.006630
v -0.016913 -0.026573 -0.006837
v -0.016957 -0.026419 -0.007090
v -0.016964 -0.025576 -0.006443
v -0.015897 -0.031861 -0.008829
v -0.014891 -0.026481 -0.001769
v -0.015318 -0.026602 -0.001881
v -0.015674 -0.026551 -0.001792
v -0.015944 -0.026409 -0.001593
v -0.015339 -0.027129 -0.001506
v -0.015694 -0.027086 -0.001441
v -0.015960 -0.026966 -0.001239
v -0.016073 -0.026807 -0.000954
v -0.016083 -0.026208 -0.001287
v -0.015696 -0.027759 -0.001035
v -0.015935 -0.027679 -0.000843
v -0.016025 -0.027562 -0.000576
v -0.015994 -0.027441 -0.000306
v -0.016029 -0.026657 -0.000648
v -0.015766 -0.028561 -0.000429
v -0.015845 -0.028483 -0.000180
v -0.015793 -0.028378 0.000062
v -0.015793 -0.028378 0.000062
v -0.015615 -0.028273 0.000232
v -0.015796 -0.027344 -0.000101
v -0.015994 -0.027441 -0.000306
v -0.015486 -0.029417 0.000177
v -0.015431 -0.029317 0.000406
v -0.015431 -0.029317 0.000406
v -0.015256 -0.029199 0.000554
v -0.015022 -0.029095 0.000603
v -0.015360 -0.028188 0.000292
v -0.015056 -0.030187 0.000729
v -0.014876 -0.030060 0.000886
v -0.014632 -0.029951 0.000917
v -0.014389 -0.029881 0.000822
v -0.014790 -0.029039 0.000517
v -0.014557 -0.030827 0.001201
v -0.014294 -0.030718 0.001241
v -0.014031 -0.030664 0.001129
v -0.013837 -0.030671 0.000905
v -0.014210 -0.029876 0.000617
v -0.014055 -0.031379 0.001523
v -0.013780 -0.031336 0.001396
v -0.013583 -0.031361 0.001147
v -0.013519 -0.031447 0.000862
v -0.013781 -0.030743 0.000626
v -0.013383 -0.032023 0.001083
v -0.013610 -0.031573 0.000595
v -0.013435 -0.032566 0.001314
v -0.013839 -0.031707 0.000420
v -0.014080 -0.030989 0.000208
v -0.013871 -0.030859 0.000370
v -0.014414 -0.030179 -0.000027
v -0.014223 -0.030049 0.000120
v -0.014150 -0.029937 0.000362
v -0.014615 -0.029204 -0.000139
v -0.014560 -0.029104 0.000089
v -0.014618 -0.029040 0.000329
v -0.014831 -0.028268 -0.000198
v -0.014911 -0.028190 0.000044
v -0.015105 -0.028161 0.000218
v -0.014941 -0.027369 -0.000227
v -0.015194 -0.027292 -0.000033
v -0.015512 -0.027286 0.000010
v -0.015136 -0.026525 -0.000256
v -0.015510 -0.026498 -0.000234
v -0.015835 -0.026545 -0.000379
v -0.015479 -0.025865 -0.000461
v -0.015814 -0.025914 -0.000646
v -0.016035 -0.026028 -0.000945
v -0.016029 -0.026657 -0.000648
v -0.015784 -0.025421 -0.000818
v -0.015984 -0.025536 -0.001177
v -0.016035 -0.026028 -0.000945
v -0.015984 -0.025536 -0.001177
v -0.016001 -0.025132 -0.001365
v -0.016001 -0.025132 -0.001365
v -0.016133 -0.024622 -0.001661
v -0.016133 -0.024622 -0.001661
v -0.014821 -0.026627 -0.000464
v -0.014678 -0.026778 -0.000790
v -0.014851 -0.027483 -0.000497
v -0.014896 -0.027610 -0.000767
v -0.014736 -0.026939 -0.001130
v -0.014890 -0.028372 -0.000423
v -0.015066 -0.028477 -0.000590
v -0.015095 -0.027716 -0.000979
v -0.014796 -0.029323 -0.000282
v -0.015021 -0.029423 -0.000328
v -0.015311 -0.028562 -0.000670
v -0.014661 -0.030291 -0.000055
v -0.014907 -0.030358 0.000049
v -0.015263 -0.029483 -0.000241
v -0.014355 -0.031100 0.000186
v -0.014617 -0.031162 0.000296
v -0.014797 -0.031154 0.000521
v -0.015083 -0.030362 0.000248
v -0.014131 -0.031811 0.000408
v -0.014404 -0.031861 0.000536
v -0.014597 -0.031840 0.000767
v -0.014651 -0.031746 0.001052
v -0.014849 -0.031080 0.000792
v -0.014261 -0.032395 0.000774
v -0.014433 -0.032342 0.000995
v -0.014764 -0.030960 0.001044
v -0.015056 -0.030187 0.000729
v -0.015135 -0.030297 0.000499
v -0.014548 -0.031615 0.001314
v -0.014548 -0.031615 0.001314
v -0.014336 -0.031483 0.001487
v -0.014764 -0.030960 0.001044
v -0.015438 -0.029485 -0.000064
v -0.015565 -0.028584 -0.000596
v -0.015386 -0.027773 -0.001084
v -0.014973 -0.027065 -0.001389
v -0.014578 -0.026298 -0.001491
v -0.014477 -0.025665 -0.001846
v -0.014381 -0.025124 -0.002291
v -0.016028 -0.031847 -0.008859
v -0.016574 -0.025337 -0.003201
v -0.016328 -0.025545 -0.002789
v -0.016574 -0.025337 -0.003201
v -0.016574 -0.025337 -0.003201
v -0.016691 -0.026029 -0.003482
v -0.016474 -0.026177 -0.003172
v -0.016328 -0.025545 -0.002789
v -0.016574 -0.025337 -0.003201
v -0.016691 -0.026029 -0.003482
v -0.016800 -0.026780 -0.003755
v -0.016626 -0.026878 -0.003473
v -0.016791 -0.026738 -0.004099
v -0.016800 -0.026780 -0.003755
v -0.016814 -0.027563 -0.004294
v -0.016828 -0.027601 -0.003998
v -0.016595 -0.026767 -0.004423
v -0.016593 -0.027548 -0.004542
v -0.016458 -0.028553 -0.004587
v -0.016678 -0.028583 -0.004376
v -0.016222 -0.026847 -0.004611
v -0.016260 -0.027556 -0.004652
v -0.016142 -0.028494 -0.004608
v -0.015796 -0.029466 -0.004439
v -0.016074 -0.029563 -0.004395
v -0.015920 -0.027578 -0.004512
v -0.015855 -0.028435 -0.004465
v -0.015571 -0.029350 -0.004286
v -0.015142 -0.030258 -0.004008
v -0.015355 -0.030390 -0.004159
v -0.015571 -0.029350 -0.004286
v -0.015855 -0.028435 -0.004465
v -0.015726 -0.028397 -0.004203
v -0.015457 -0.029255 -0.004016
v -0.015072 -0.030154 -0.003733
v -0.015142 -0.030258 -0.004008
v -0.014663 -0.031065 -0.003433
v -0.014716 -0.031167 -0.003706
v -0.015540 -0.029223 -0.003722
v -0.015171 -0.030115 -0.003443
v -0.014787 -0.031036 -0.003156
v -0.014475 -0.031942 -0.002868
v -0.014328 -0.031977 -0.003137
v -0.015412 -0.030166 -0.003258
v -0.015038 -0.031090 -0.002986
v -0.014745 -0.031987 -0.002726
v -0.014540 -0.032770 -0.002460
v -0.014246 -0.032737 -0.002591
v -0.015318 -0.031209 -0.003003
v -0.015022 -0.032094 -0.002772
v -0.014846 -0.032873 -0.002519
v -0.014694 -0.033446 -0.002344
v -0.015209 -0.032221 -0.002980
v -0.015043 -0.033007 -0.002757
v -0.014882 -0.033574 -0.002596
v -0.015043 -0.033007 -0.002757
v -0.015209 -0.032221 -0.002980
v -0.015239 -0.032321 -0.003264
v -0.015044 -0.033111 -0.003065
v -0.015044 -0.033111 -0.003065
v -0.015239 -0.032321 -0.003264
v -0.015091 -0.032353 -0.003525
v -0.014846 -0.033143 -0.003324
v -0.014822 -0.032304 -0.003656
v -0.014560 -0.033110 -0.003436
v -0.014547 -0.032201 -0.003617
v -0.014274 -0.033010 -0.003360
v -0.014358 -0.032076 -0.003419
v -0.014089 -0.032888 -0.003145
v -0.014089 -0.032888 -0.003145
v -0.014358 -0.032076 -0.003419
v -0.014077 -0.032783 -0.002851
v -0.013963 -0.033491 -0.002898
v -0.014917 -0.031299 -0.003882
v -0.014716 -0.031167 -0.003706
v -0.015191 -0.031410 -0.003891
v -0.015622 -0.030497 -0.004138
v -0.015445 -0.031465 -0.003737
v -0.015857 -0.030549 -0.003964
v -0.016283 -0.029601 -0.004192
v -0.015960 -0.030518 -0.003685
v -0.016372 -0.029571 -0.003909
v -0.016703 -0.028575 -0.004065
v -0.016703 -0.028575 -0.004065
v -0.016372 -0.029571 -0.003909
v -0.016287 -0.029477 -0.003648
v -0.016563 -0.028528 -0.003794
v -0.016662 -0.027638 -0.003731
v -0.016828 -0.027601 -0.003998
v -0.016662 -0.027638 -0.003731
v -0.016563 -0.028528 -0.003794
v -0.016278 -0.028466 -0.003671
v -0.016362 -0.027655 -0.003617
v -0.016298 -0.026980 -0.003337
v -0.016626 -0.026878 -0.003473
v -0.016020 -0.027654 -0.003641
v -0.015914 -0.027045 -0.003403
v -0.015755 -0.027649 -0.003883
v -0.015603 -0.027036 -0.003721
v -0.015734 -0.027611 -0.004225
v -0.015587 -0.026960 -0.004158
v -0.015920 -0.027578 -0.004512
v -0.015845 -0.026900 -0.004486
v -0.015845 -0.026900 -0.004486
v -0.015750 -0.028388 -0.003890
v -0.015989 -0.028412 -0.003709
v -0.015769 -0.029257 -0.003526
v -0.016057 -0.029352 -0.003498
v -0.015695 -0.030282 -0.003245
v -0.016287 -0.029477 -0.003648
v -0.015904 -0.030419 -0.003412
v -0.015516 -0.031340 -0.003189
v -0.015516 -0.031340 -0.003189
v -0.015904 -0.030419 -0.003412
v -0.015960 -0.030518 -0.003685
v -0.015565 -0.031438 -0.003473
v -0.015565 -0.031438 -0.003473
v -0.016193 -0.031738 -0.008860
v -0.014010 -0.034008 -0.002632
vt 0.335686 0.363813
vt 0.337812 0.352845
vt 0.317083 0.350121
vt 0.313382 0.359360
vt 0.330664 0.379983
vt 0.309157 0.371565
vt 0.303681 0.385337
vt 0.320906 0.394647
vt 0.333966 0.404679
vt 0.340542 0.389689
vt 0.354551 0.354373
vt 0.352923 0.344639
vt 0.346493 0.372313
vt 0.358774 0.361095
vt 0.864356 0.493244
vt 0.866008 0.476518
vt 0.857345 0.471674
vt 0.851554 0.484234
vt 0.847372 0.505634
vt 0.851690 0.514808
vt 0.866974 0.510708
vt 0.839651 0.497527
vt 0.882763 0.494689
vt 0.883118 0.484045
vt 0.833727 0.424593
vt 0.839262 0.407908
vt 0.834377 0.403950
vt 0.826050 0.419465
vt 0.840067 0.424417
vt 0.844074 0.410018
vt 0.828525 0.438054
vt 0.837403 0.436009
vt 0.826489 0.425889
vt 0.822558 0.432812
vt 0.829347 0.431025
vt 0.836156 0.430879
vt 0.812287 0.422867
vt 0.821327 0.431717
vt 0.820176 0.409445
vt 0.810124 0.414831
vt 0.829546 0.399062
vt 0.261632 0.310415
vt 0.277737 0.300134
vt 0.272788 0.293315
vt 0.257196 0.299985
vt 0.283056 0.320295
vt 0.289531 0.308212
vt 0.255952 0.325206
vt 0.275910 0.332262
vt 0.232479 0.309743
vt 0.229370 0.323112
vt 0.233069 0.301571
vt 0.841182 0.204919
vt 0.840051 0.212165
vt 0.843730 0.211913
vt 0.843497 0.203075
vt 0.839122 0.202817
vt 0.835917 0.211752
vt 0.842407 0.199945
vt 0.002553 0.122816
vt 0.009073 0.113829
vt 0.006163 0.110646
vt 0.000388 0.120848
vt 0.004498 0.123457
vt 0.011305 0.116766
vt 0.000676 0.126141
vt 0.210364 0.307699
vt 0.207403 0.315770
vt 0.225476 0.326810
vt 0.216191 0.340562
vt 0.232984 0.350820
vt 0.239610 0.338766
vt 0.203358 0.322278
vt 0.200830 0.332811
vt 0.802795 0.462065
vt 0.801900 0.449612
vt 0.795826 0.450739
vt 0.795659 0.461258
vt 0.809350 0.461375
vt 0.808234 0.447385
vt 0.803090 0.454833
vt 0.793044 0.455936
vt 0.793004 0.463715
vt 0.800846 0.470786
vt 0.807839 0.470609
vt 0.792855 0.470592
vt 0.879059 0.518107
vt 0.880082 0.521755
vt 0.884116 0.520903
vt 0.881821 0.517405
vt 0.874526 0.517828
vt 0.874418 0.522025
vt 0.878439 0.513062
vt 0.875552 0.515323
vt 0.885620 0.514988
vt 0.883912 0.510324
vt 0.880990 0.511642
vt 0.884131 0.516602
vt 0.888047 0.516158
vt 0.887158 0.509305
vt 0.886519 0.519400
vt 0.757174 0.586657
vt 0.763985 0.591610
vt 0.766022 0.587086
vt 0.761676 0.584198
vt 0.758333 0.581767
vt 0.753903 0.578653
vt 0.749624 0.581940
vt 0.760850 0.581788
vt 0.600874 0.231310
vt 0.592744 0.213633
vt 0.583179 0.213748
vt 0.582142 0.225792
vt 0.531616 0.249189
vt 0.523207 0.233223
vt 0.510220 0.243726
vt 0.518454 0.260820
vt 0.531953 0.250019
vt 0.544578 0.254928
vt 0.538725 0.234808
vt 0.532545 0.232087
vt 0.873008 0.460307
vt 0.865777 0.457131
vt 0.873694 0.476991
vt 0.879361 0.462597
vt 0.885326 0.475221
vt 0.869534 0.469627
vt 0.881270 0.508402
vt 0.895399 0.336349
vt 0.896070 0.334145
vt 0.889390 0.336748
vt 0.891029 0.339494
vt 0.897162 0.336990
vt 0.898311 0.334729
vt 0.892992 0.341854
vt 0.884750 0.531258
vt 0.893565 0.534076
vt 0.896982 0.521832
vt 0.890717 0.516549
vt 0.874065 0.523674
vt 0.871931 0.532363
vt 0.879558 0.537924
vt 0.442804 0.219443
vt 0.451634 0.221674
vt 0.459394 0.205304
vt 0.452332 0.201608
vt 0.446568 0.196719
vt 0.437166 0.211605
vt 0.906082 0.507784
vt 0.903716 0.500788
vt 0.865486 0.522310
vt 0.902940 0.493524
vt 0.332061 0.332955
vt 0.323852 0.339703
vt 0.338960 0.341972
vt 0.346231 0.335512
vt 0.347104 0.328803
vt 0.327773 0.325904
vt 0.306233 0.329138
vt 0.084148 0.692584
vt 0.092929 0.676544
vt 0.087309 0.673344
vt 0.077705 0.687220
vt 0.082348 0.707265
vt 0.094476 0.707938
vt 0.096437 0.694722
vt 0.098076 0.679146
vt 0.878349 0.440817
vt 0.899125 0.427580
vt 0.896033 0.421829
vt 0.878697 0.431341
vt 0.861968 0.434794
vt 0.859369 0.442028
vt 0.853692 0.453214
vt 0.885796 0.445151
vt 0.903469 0.432179
vt 0.536862 0.534115
vt 0.529265 0.524408
vt 0.508762 0.535378
vt 0.513984 0.544920
vt 0.514919 0.551633
vt 0.532145 0.548357
vt 0.300479 0.490112
vt 0.301691 0.473404
vt 0.279222 0.459375
vt 0.275807 0.472523
vt 0.270105 0.482478
vt 0.290916 0.499573
vt 0.316167 0.494619
vt 0.317754 0.481497
vt 0.757105 0.337751
vt 0.754950 0.338238
vt 0.756895 0.343152
vt 0.759938 0.341294
vt 0.757408 0.335258
vt 0.754580 0.335347
vt 0.762658 0.338905
vt 0.849575 0.202941
vt 0.847148 0.202320
vt 0.849623 0.210418
vt 0.853209 0.209395
vt 0.850312 0.200122
vt 0.846981 0.199247
vt 0.856593 0.207674
vt 0.012994 0.135870
vt 0.011744 0.137067
vt 0.017748 0.139017
vt 0.018150 0.136658
vt 0.018315 0.134263
vt 0.011855 0.134445
vt 0.009780 0.135788
vt 0.189122 0.189366
vt 0.199484 0.197841
vt 0.206805 0.189177
vt 0.189048 0.180687
vt 0.175393 0.181262
vt 0.180594 0.192330
vt 0.188121 0.206117
vt 0.371736 0.455102
vt 0.376818 0.431916
vt 0.363542 0.424254
vt 0.358557 0.443881
vt 0.569200 0.563432
vt 0.564368 0.549614
vt 0.555324 0.555726
vt 0.556800 0.565536
vt 0.388601 0.457035
vt 0.390646 0.436426
vt 0.375450 0.472243
vt 0.387399 0.472806
vt 0.556381 0.575364
vt 0.564667 0.577836
vt 0.990869 0.479759
vt 0.988907 0.481364
vt 0.990361 0.482984
vt 0.991995 0.479646
vt 0.990675 0.478745
vt 0.988095 0.479680
vt 0.991552 0.478297
vt 0.752788 0.336277
vt 0.750440 0.334828
vt 0.748565 0.339275
vt 0.752396 0.339099
vt 0.753308 0.332677
vt 0.330855 0.990781
vt 0.330080 0.999612
vt 0.345574 0.997410
vt 0.340012 0.985334
vt 0.323270 0.986996
vt 0.319619 0.999130
vt 0.332293 0.975802
vt 0.296001 0.867368
vt 0.271862 0.867653
vt 0.273797 0.885332
vt 0.295094 0.887237
vt 0.321424 0.892318
vt 0.324313 0.880161
vt 0.330117 0.871328
vt 0.309406 0.858434
vt 0.284929 0.846003
vt 0.267419 0.849347
vt 0.298791 0.841352
vt 0.254514 0.342752
vt 0.248703 0.358518
vt 0.764758 0.581468
vt 0.766867 0.581352
vt 0.766256 0.579524
vt 0.763928 0.580590
vt 0.762326 0.581370
vt 0.763646 0.582763
vt 0.766862 0.583796
vt 0.760739 0.579807
vt 0.760056 0.578986
vt 0.759100 0.579996
vt 0.760691 0.580591
vt 0.761819 0.580535
vt 0.761488 0.579782
vt 0.761127 0.578833
vt 0.761959 0.578523
vt 0.762524 0.579206
vt 0.764113 0.577204
vt 0.762622 0.576471
vt 0.761009 0.576214
vt 0.997625 0.478088
vt 0.994436 0.476268
vt 0.993130 0.477401
vt 0.994498 0.479159
vt 0.995282 0.485746
vt 0.999612 0.486861
vt 0.999588 0.469272
vt 0.995237 0.470314
vt 0.623650 0.855323
vt 0.636867 0.863610
vt 0.642934 0.850921
vt 0.633685 0.844046
vt 0.626835 0.834686
vt 0.618612 0.840046
vt 0.607043 0.843729
vt 0.606921 0.858227
vt 0.126407 0.453705
vt 0.130483 0.454312
vt 0.130197 0.442292
vt 0.125158 0.442638
vt 0.123048 0.455887
vt 0.127975 0.462295
vt 0.120172 0.442917
vt 0.629355 0.934926
vt 0.633264 0.942029
vt 0.641650 0.934908
vt 0.633310 0.927507
vt 0.622301 0.923909
vt 0.620992 0.935471
vt 0.622475 0.945508
vt 0.400438 0.393290
vt 0.397441 0.404765
vt 0.407831 0.406837
vt 0.407712 0.390985
vt 0.392042 0.386899
vt 0.385682 0.399495
vt 0.398256 0.379138
vt 0.503219 0.592718
vt 0.472487 0.598664
vt 0.469990 0.616482
vt 0.495648 0.615448
vt 0.513623 0.615218
vt 0.522897 0.594415
vt 0.232889 0.161255
vt 0.224034 0.141138
vt 0.199791 0.153188
vt 0.202152 0.171140
vt 0.327092 0.316478
vt 0.306102 0.314305
vt 0.296178 0.341450
vt 0.269800 0.945762
vt 0.266105 0.935508
vt 0.253990 0.940287
vt 0.263711 0.952044
vt 0.279609 0.947062
vt 0.279705 0.933662
vt 0.275557 0.958127
vt 0.990008 0.477980
vt 0.990718 0.477368
vt 0.988104 0.476022
vt 0.987808 0.477875
vt 0.992918 0.475661
vt 0.992045 0.476003
vt 0.992040 0.471562
vt 0.990123 0.472887
vt 0.815505 0.441249
vt 0.818683 0.455539
vt 0.834333 0.460163
vt 0.839512 0.447133
vt 0.843525 0.438354
vt 0.833549 0.430885
vt 0.503071 0.226649
vt 0.495780 0.213316
vt 0.488042 0.217699
vt 0.493789 0.228449
vt 0.806927 0.428569
vt 0.815692 0.434715
vt 0.509873 0.218540
vt 0.502774 0.207735
vt 0.419602 0.475131
vt 0.435578 0.468624
vt 0.430547 0.458651
vt 0.420007 0.459046
vt 0.469723 0.208454
vt 0.478860 0.221643
vt 0.481753 0.203836
vt 0.479152 0.181953
vt 0.471131 0.183898
vt 0.464425 0.182830
vt 0.460644 0.223069
vt 0.900688 0.336814
vt 0.900322 0.339532
vt 0.902900 0.339251
vt 0.902137 0.335467
vt 0.900900 0.333786
vt 0.899624 0.335681
vt 0.898412 0.338403
vt 0.816260 0.471307
vt 0.828625 0.473653
vt 0.098437 0.782703
vt 0.081949 0.772191
vt 0.079282 0.779048
vt 0.093074 0.789772
vt 0.101439 0.808005
vt 0.106170 0.804782
vt 0.107838 0.782123
vt 0.106218 0.767625
vt 0.097767 0.767177
vt 0.082704 0.763507
vt 0.111465 0.802704
vt 0.144515 0.461675
vt 0.140536 0.462851
vt 0.141810 0.469380
vt 0.147745 0.465648
vt 0.153852 0.456625
vt 0.147431 0.454638
vt 0.142316 0.453439
vt 0.004689 0.131240
vt 0.002158 0.133588
vt 0.004725 0.135194
vt 0.006165 0.133122
vt 0.009582 0.128608
vt 0.008321 0.126929
vt 0.006486 0.125067
vt 0.002323 0.129439
vt 0.008867 0.138083
vt 0.007690 0.138005
vt 0.009503 0.141217
vt 0.010672 0.139973
vt 0.009119 0.136913
vt 0.007940 0.136301
vt 0.011446 0.138478
vt 0.494853 0.803808
vt 0.489221 0.778595
vt 0.466557 0.787393
vt 0.465996 0.809163
vt 0.519157 0.783270
vt 0.510550 0.765712
vt 0.486601 0.829121
vt 0.505468 0.829423
vt 0.517011 0.810492
vt 0.533519 0.793106
vt 0.463637 0.829478
vt 0.201622 0.759084
vt 0.194648 0.737128
vt 0.171899 0.742597
vt 0.174465 0.764902
vt 0.176346 0.782886
vt 0.197513 0.782365
vt 0.216267 0.783600
vt 0.221343 0.765546
vt 0.236695 0.748070
vt 0.224951 0.739674
vt 0.214788 0.725359
vt 0.242771 0.722802
vt 0.230987 0.712117
vt 0.479910 0.984807
vt 0.473206 0.964976
vt 0.456136 0.970276
vt 0.459654 0.994956
vt 0.498130 0.975322
vt 0.490075 0.957857
vt 0.515650 0.968066
vt 0.508645 0.950693
vt 0.487575 0.935956
vt 0.470838 0.939543
vt 0.506607 0.931582
vt 0.527724 0.945351
vt 0.525572 0.926681
vt 0.508073 0.909495
vt 0.489973 0.912676
vt 0.527708 0.905050
vt 0.541603 0.923631
vt 0.543620 0.903234
vt 0.532086 0.883542
vt 0.511714 0.888551
vt 0.549776 0.883246
vt 0.559393 0.905311
vt 0.565566 0.887160
vt 0.555085 0.866702
vt 0.536051 0.865421
vt 0.572054 0.871294
vt 0.581457 0.891103
vt 0.587365 0.875110
vt 0.576604 0.857133
vt 0.560016 0.852186
vt 0.592474 0.859201
vt 0.602065 0.876917
vt 0.595298 0.844706
vt 0.581650 0.843378
vt 0.596024 0.830533
vt 0.586095 0.829296
vt 0.605385 0.829825
vt 0.613901 0.827330
vt 0.604228 0.816881
vt 0.597506 0.817270
vt 0.610408 0.815042
vt 0.620993 0.823501
vt 0.615893 0.811821
vt 0.480113 0.581613
vt 0.491902 0.577801
vt 0.489113 0.572327
vt 0.477172 0.576749
vt 0.482411 0.586589
vt 0.494147 0.583312
vt 0.484598 0.591942
vt 0.495884 0.588942
vt 0.507263 0.581164
vt 0.505492 0.574416
vt 0.507870 0.587608
vt 0.129793 0.109233
vt 0.116664 0.106690
vt 0.114895 0.113551
vt 0.128554 0.116981
vt 0.519353 0.587730
vt 0.518991 0.579585
vt 0.142372 0.119310
vt 0.142430 0.109488
vt 0.124761 0.127281
vt 0.139222 0.130870
vt 0.155038 0.119464
vt 0.153516 0.106358
vt 0.153641 0.134466
vt 0.130730 0.145233
vt 0.146786 0.150253
vt 0.165637 0.135929
vt 0.165637 0.117831
vt 0.159150 0.154291
vt 0.140400 0.165303
vt 0.151038 0.168793
vt 0.843652 0.950367
vt 0.852575 0.950650
vt 0.853657 0.930514
vt 0.844927 0.930808
vt 0.841688 0.966963
vt 0.850997 0.967724
vt 0.843117 0.984022
vt 0.852139 0.983262
vt 0.859931 0.967748
vt 0.860449 0.950682
vt 0.860762 0.982671
vt 0.855234 0.997466
vt 0.862745 0.996314
vt 0.868900 0.982257
vt 0.868334 0.967378
vt 0.869594 0.995914
vt 0.856661 0.657217
vt 0.849743 0.656569
vt 0.848865 0.670459
vt 0.857255 0.671297
vt 0.876359 0.995951
vt 0.876779 0.982036
vt 0.865088 0.671006
vt 0.863506 0.656769
vt 0.857654 0.687204
vt 0.866672 0.687464
vt 0.872802 0.669761
vt 0.870317 0.655348
vt 0.875543 0.685960
vt 0.867446 0.704134
vt 0.878142 0.702762
vt 0.884575 0.683135
vt 0.880775 0.667521
vt 0.888301 0.700107
vt 0.879626 0.720345
vt 0.890690 0.719237
vt 0.749407 0.216442
vt 0.759365 0.215825
vt 0.759688 0.197661
vt 0.749780 0.199104
vt 0.748827 0.235574
vt 0.758455 0.235298
vt 0.748366 0.255451
vt 0.758527 0.255138
vt 0.768612 0.234770
vt 0.769375 0.215387
vt 0.768693 0.254097
vt 0.759401 0.274577
vt 0.769335 0.273467
vt 0.778906 0.253316
vt 0.779185 0.234258
vt 0.778785 0.272623
vt 0.769583 0.292807
vt 0.778543 0.292225
vt 0.788625 0.271990
vt 0.789404 0.252542
vt 0.787871 0.291627
vt 0.777894 0.311435
vt 0.787341 0.311060
vt 0.797594 0.291291
vt 0.799087 0.271549
vt 0.796796 0.310836
vt 0.786694 0.329044
vt 0.796085 0.329422
vt 0.806304 0.311257
vt 0.807989 0.291769
vt 0.804814 0.330197
vt 0.496683 0.103870
vt 0.488223 0.104055
vt 0.488165 0.121757
vt 0.496317 0.122032
vt 0.813319 0.331515
vt 0.815843 0.312556
vt 0.504144 0.122390
vt 0.505017 0.103948
vt 0.494899 0.140421
vt 0.502211 0.140736
vt 0.684953 0.153089
vt 0.692186 0.151818
vt 0.688928 0.133804
vt 0.680940 0.135679
vt 0.687014 0.170755
vt 0.693878 0.169883
vt 0.687982 0.187856
vt 0.694696 0.187166
vt 0.700757 0.169113
vt 0.699322 0.150774
vt 0.701674 0.186682
vt 0.694782 0.203186
vt 0.701829 0.202817
vt 0.708486 0.186380
vt 0.707497 0.168429
vt 0.708834 0.202864
vt 0.701042 0.217528
vt 0.708076 0.217884
vt 0.715762 0.203182
vt 0.715200 0.186124
vt 0.715089 0.218714
vt 0.706425 0.231362
vt 0.713274 0.232539
vt 0.722237 0.220068
vt 0.722642 0.204000
vt 0.720275 0.234507
vt 0.710185 0.244737
vt 0.716427 0.246453
vt 0.727335 0.237175
vt 0.729789 0.222140
vt 0.722755 0.248812
vt 0.835917 0.327640
vt 0.842981 0.328988
vt 0.846574 0.316152
vt 0.840605 0.315182
vt 0.840771 0.420364
vt 0.837290 0.425545
vt 0.847024 0.431906
vt 0.850279 0.425772
vt 0.850293 0.435619
vt 0.851627 0.424535
vt 0.846052 0.424368
vt 0.843963 0.435630
vt 0.853991 0.412635
vt 0.849356 0.411362
vt 0.844823 0.301893
vt 0.849929 0.302603
vt 0.851035 0.288010
vt 0.846452 0.287933
vt 0.858575 0.400864
vt 0.854851 0.398782
vt 0.866408 0.389140
vt 0.863212 0.386597
vt 0.851009 0.396459
vt 0.859955 0.384009
vt 0.873154 0.375046
vt 0.870103 0.372291
vt 0.856688 0.381337
vt 0.847152 0.393809
vt 0.866948 0.369403
vt 0.880139 0.361150
vt 0.877210 0.358371
vt 0.863873 0.366575
vt 0.853476 0.378578
vt 0.874316 0.355553
vt 0.886320 0.348832
vt 0.883748 0.346097
vt 0.871443 0.352702
vt 0.860938 0.363813
vt 0.881280 0.343233
vt 0.878932 0.340283
vt 0.868637 0.349786
vt 0.888139 0.333979
vt 0.861023 0.219551
vt 0.856884 0.220672
vt 0.860276 0.235552
vt 0.864639 0.234743
vt 0.852793 0.221619
vt 0.856006 0.236372
vt 0.848860 0.222469
vt 0.851746 0.237127
vt 0.846766 0.211438
vt 0.845319 0.203006
vt 0.844831 0.223215
vt 0.847530 0.237857
vt 0.840704 0.223791
vt 0.843187 0.238592
vt 0.836129 0.224211
vt 0.838716 0.239309
vt 0.894890 0.356503
vt 0.891854 0.354008
vt 0.883093 0.363896
vt 0.886025 0.366624
vt 0.901041 0.347440
vt 0.897731 0.345737
vt 0.895072 0.343838
vt 0.888975 0.351438
vt 0.876229 0.377812
vt 0.842039 0.255748
vt 0.846383 0.255025
vt 0.845078 0.272371
vt 0.849409 0.271861
vt 0.853621 0.271321
vt 0.850760 0.254328
vt 0.855429 0.287894
vt 0.859927 0.287699
vt 0.857830 0.270775
vt 0.855011 0.303181
vt 0.860098 0.303545
vt 0.852523 0.316965
vt 0.858459 0.317589
vt 0.849795 0.329927
vt 0.856365 0.330653
vt 0.862964 0.331151
vt 0.864505 0.318012
vt 0.704055 0.243644
vt 0.699455 0.230856
vt 0.697849 0.243137
vt 0.692403 0.231060
vt 0.691428 0.243281
vt 0.693983 0.217822
vt 0.686937 0.218762
vt 0.685061 0.231998
vt 0.687993 0.203918
vt 0.501144 0.174838
vt 0.494474 0.176946
vt 0.497731 0.193738
vt 0.503898 0.189748
vt 0.500627 0.158355
vt 0.493615 0.158878
vt 0.486542 0.159467
vt 0.487166 0.179494
vt 0.487258 0.140232
vt 0.479241 0.140171
vt 0.478870 0.160077
vt 0.479433 0.121553
vt 0.470334 0.121514
vt 0.471324 0.140248
vt 0.479125 0.104400
vt 0.469727 0.104539
vt 0.460075 0.104264
vt 0.461450 0.121758
vt 0.777001 0.328715
vt 0.768032 0.311291
vt 0.767085 0.328374
vt 0.757436 0.310570
vt 0.757203 0.328490
vt 0.759257 0.292904
vt 0.747434 0.292618
vt 0.746757 0.309874
vt 0.747840 0.274897
vt 0.887917 0.758905
vt 0.875923 0.755959
vt 0.871490 0.772626
vt 0.883555 0.776342
vt 0.890448 0.739351
vt 0.879132 0.738081
vt 0.865801 0.736439
vt 0.863322 0.753048
vt 0.866915 0.720381
vt 0.854524 0.718865
vt 0.852895 0.735009
vt 0.856428 0.703223
vt 0.846122 0.700522
vt 0.843659 0.716772
vt 0.848098 0.685444
vt 0.838137 0.683282
vt 0.836480 0.698128
vt 0.839954 0.668712
vt 0.830696 0.666774
vt 0.828054 0.681462
vt 0.842200 0.654671
vt 0.834180 0.652134
vt 0.825666 0.649560
vt 0.820581 0.664574
vt 0.144862 0.200921
vt 0.145669 0.184828
vt 0.136940 0.183596
vt 0.136223 0.201412
vt 0.847370 0.999612
vt 0.126381 0.183958
vt 0.126202 0.202973
vt 0.126438 0.163541
vt 0.114068 0.163327
vt 0.115004 0.185780
vt 0.117804 0.142048
vt 0.105357 0.140291
vt 0.103665 0.163474
vt 0.110999 0.124016
vt 0.098145 0.121344
vt 0.094099 0.139875
vt 0.101889 0.109881
vt 0.579361 0.127476
vt 0.567113 0.128085
vt 0.569134 0.141002
vt 0.580392 0.139324
vt 0.578554 0.119292
vt 0.566010 0.118074
vt 0.104241 0.101904
vt 0.554598 0.116470
vt 0.555789 0.128812
vt 0.627221 0.818502
vt 0.633515 0.827909
vt 0.620962 0.807609
vt 0.544394 0.115766
vt 0.545574 0.130468
vt 0.640818 0.834598
vt 0.535047 0.116125
vt 0.536149 0.131938
vt 0.648824 0.838663
vt 0.526079 0.116479
vt 0.526795 0.132755
vt 0.652416 0.855545
vt 0.656819 0.841614
vt 0.661945 0.858531
vt 0.665022 0.843780
vt 0.648108 0.870353
vt 0.659304 0.874397
vt 0.644741 0.886879
vt 0.656232 0.891059
vt 0.631789 0.882373
vt 0.628181 0.898112
vt 0.641424 0.902875
vt 0.617320 0.878045
vt 0.613110 0.895176
vt 0.597180 0.893314
vt 0.593632 0.908876
vt 0.610147 0.909850
vt 0.576806 0.907378
vt 0.575415 0.922717
vt 0.592535 0.923325
vt 0.558088 0.922614
vt 0.560202 0.939166
vt 0.576412 0.937819
vt 0.544393 0.941705
vt 0.548685 0.958302
vt 0.564099 0.954492
vt 0.532889 0.962682
vt 0.257250 0.686546
vt 0.270420 0.696535
vt 0.281340 0.684185
vt 0.268304 0.674747
vt 0.244632 0.699080
vt 0.257555 0.708897
vt 0.269504 0.718655
vt 0.283653 0.705593
vt 0.253053 0.732428
vt 0.263349 0.742078
vt 0.279397 0.727851
vt 0.250415 0.756195
vt 0.267608 0.763268
vt 0.276568 0.751711
vt 0.240933 0.770658
vt 0.261192 0.773826
vt 0.236824 0.784222
vt 0.257926 0.784207
vt 0.237399 0.798932
vt 0.257380 0.795927
vt 0.217554 0.801895
vt 0.221241 0.820444
vt 0.240996 0.816497
vt 0.198370 0.802858
vt 0.201138 0.822913
vt 0.179523 0.803885
vt 0.183043 0.825171
vt 0.185593 0.845806
vt 0.204658 0.842667
vt 0.188431 0.866478
vt 0.208749 0.861732
vt 0.192966 0.886647
vt 0.213424 0.880230
vt 0.199627 0.905782
vt 0.218955 0.898111
vt 0.208104 0.923427
vt 0.225263 0.915391
vt 0.217780 0.941221
vt 0.232809 0.932321
vt 0.230175 0.957667
vt 0.242379 0.947732
vt 0.244405 0.970835
vt 0.254691 0.960327
vt 0.261670 0.982301
vt 0.269309 0.969281
vt 0.277835 0.989196
vt 0.284151 0.974396
vt 0.294050 0.992406
vt 0.298842 0.978344
vt 0.307767 0.995395
vt 0.312275 0.982432
vt 0.320105 0.968597
vt 0.305419 0.964168
vt 0.329390 0.956018
vt 0.311591 0.950428
vt 0.289915 0.961256
vt 0.294547 0.947739
vt 0.621701 0.133894
vt 0.629522 0.149565
vt 0.642523 0.145714
vt 0.634692 0.128110
vt 0.295538 0.933983
vt 0.648835 0.166984
vt 0.660770 0.166088
vt 0.654440 0.141787
vt 0.636057 0.167334
vt 0.647526 0.121104
vt 0.666400 0.138499
vt 0.662329 0.114418
vt 0.295016 0.919767
vt 0.277420 0.919138
vt 0.294386 0.903842
vt 0.275236 0.902864
vt 0.258276 0.904666
vt 0.261891 0.921036
vt 0.255247 0.887506
vt 0.252563 0.870201
vt 0.237146 0.891985
vt 0.241708 0.909108
vt 0.233222 0.874501
vt 0.249217 0.852204
vt 0.229280 0.856637
vt 0.263683 0.829925
vt 0.245498 0.834036
vt 0.225145 0.838595
vt 0.279239 0.826474
vt 0.276409 0.808785
vt 0.259036 0.811630
vt 0.294343 0.823591
vt 0.293670 0.808895
vt 0.309639 0.821470
vt 0.309214 0.810092
vt 0.313253 0.835527
vt 0.260579 0.247039
vt 0.245292 0.252200
vt 0.248941 0.265368
vt 0.264540 0.261229
vt 0.253637 0.231746
vt 0.239938 0.236959
vt 0.322393 0.849431
vt 0.244419 0.215731
vt 0.232607 0.221575
vt 0.337148 0.860956
vt 0.231039 0.197593
vt 0.222388 0.204451
vt 0.354915 0.878015
vt 0.358619 0.868677
vt 0.382088 0.882572
vt 0.383081 0.874383
vt 0.351928 0.886786
vt 0.381138 0.890494
vt 0.349971 0.895682
vt 0.380235 0.898377
vt 0.680163 0.165659
vt 0.671157 0.165531
vt 0.669493 0.194098
vt 0.677181 0.196024
vt 0.677356 0.137062
vt 0.661106 0.192263
vt 0.651447 0.216149
vt 0.659704 0.221169
vt 0.650971 0.189965
vt 0.642765 0.209734
vt 0.637702 0.185934
vt 0.632513 0.201403
vt 0.344784 0.966245
vt 0.353347 0.979818
vt 0.621701 0.213117
vt 0.628999 0.223306
vt 0.357054 0.994896
vt 0.637198 0.234210
vt 0.646207 0.242766
vt 0.656340 0.248812
vt 0.668164 0.224831
vt 0.436390 0.897941
vt 0.433985 0.887826
vt 0.409240 0.891777
vt 0.410118 0.900549
vt 0.429860 0.878678
vt 0.407875 0.883399
vt 0.424975 0.870386
vt 0.406300 0.874925
vt 0.171899 0.172644
vt 0.190789 0.171916
vt 0.211895 0.181500
vt 0.210888 0.212232
vt 0.218938 0.228092
vt 0.195955 0.220731
vt 0.204121 0.237311
vt 0.224634 0.242421
vt 0.208373 0.248216
vt 0.212044 0.261078
vt 0.229108 0.257082
vt 0.214109 0.272253
vt 0.231742 0.269406
vt 0.215236 0.279973
vt 0.233269 0.279299
vt 0.215608 0.286463
vt 0.233661 0.286434
vt 0.214667 0.292694
vt 0.233588 0.294156
vt 0.212846 0.299411
vt 0.254359 0.291859
vt 0.252527 0.283740
vt 0.269631 0.286555
vt 0.268031 0.279830
vt 0.312991 0.796300
vt 0.297473 0.791187
vt 0.294707 0.798933
vt 0.310280 0.802754
vt 0.316998 0.789917
vt 0.301196 0.783841
vt 0.321489 0.782706
vt 0.305438 0.775923
vt 0.282067 0.778279
vt 0.278338 0.786762
vt 0.287010 0.769577
vt 0.310253 0.764959
vt 0.293145 0.759267
vt 0.326424 0.769199
vt 0.330069 0.751845
vt 0.315517 0.750180
vt 0.301502 0.744873
vt 0.321952 0.729805
vt 0.312813 0.726556
vt 0.289523 0.736980
vt 0.304096 0.720984
vt 0.321497 0.706381
vt 0.313725 0.703348
vt 0.294926 0.713937
vt 0.305247 0.699354
vt 0.318622 0.687713
vt 0.311421 0.684655
vt 0.294140 0.692625
vt 0.302195 0.679492
vt 0.316635 0.671311
vt 0.308886 0.666660
vt 0.290916 0.672002
vt 0.299768 0.660217
vt 0.316087 0.654468
vt 0.308735 0.648583
vt 0.289753 0.652414
vt 0.279143 0.663262
vt 0.300691 0.641312
vt 0.318214 0.637709
vt 0.311303 0.630895
vt 0.594679 0.949966
vt 0.593103 0.937308
vt 0.579189 0.952035
vt 0.609318 0.947940
vt 0.608516 0.936341
vt 0.608458 0.923116
vt 0.624897 0.911972
vt 0.637506 0.916875
vt 0.647838 0.923300
vt 0.652772 0.907938
vt 0.332951 0.587632
vt 0.343501 0.590772
vt 0.344892 0.574430
vt 0.334073 0.570897
vt 0.331495 0.601214
vt 0.341216 0.605309
vt 0.349811 0.609238
vt 0.353064 0.593988
vt 0.335833 0.616764
vt 0.343395 0.621398
vt 0.327683 0.611939
vt 0.327841 0.627331
vt 0.334449 0.632438
vt 0.320831 0.621302
vt 0.324750 0.643345
vt 0.330984 0.648294
vt 0.340804 0.637201
vt 0.322879 0.659312
vt 0.329183 0.663341
vt 0.336743 0.652867
vt 0.323476 0.674680
vt 0.329911 0.677230
vt 0.335214 0.666937
vt 0.325898 0.689849
vt 0.331963 0.691099
vt 0.336259 0.679502
vt 0.327920 0.708266
vt 0.334435 0.708868
vt 0.337983 0.692290
vt 0.331427 0.730721
vt 0.348344 0.322890
vt 0.360085 0.337487
vt 0.363414 0.331255
vt 0.365986 0.345802
vt 0.371867 0.338750
vt 0.370006 0.352334
vt 0.377587 0.344899
vt 0.342874 0.682448
vt 0.348292 0.676295
vt 0.341490 0.671155
vt 0.354623 0.670059
vt 0.348158 0.663272
vt 0.342363 0.657705
vt 0.358110 0.653940
vt 0.352562 0.647531
vt 0.346875 0.642085
vt 0.363634 0.637107
vt 0.357152 0.631474
vt 0.350270 0.626324
vt 0.365805 0.618307
vt 0.357984 0.613552
vt 0.373553 0.623654
vt 0.381165 0.608490
vt 0.371619 0.602939
vt 0.362378 0.598033
vt 0.375675 0.587319
vt 0.365350 0.582398
vt 0.355176 0.578098
vt 0.368925 0.566485
vt 0.358455 0.562026
vt 0.347965 0.557787
vt 0.362799 0.546090
vt 0.352629 0.541609
vt 0.337167 0.553333
vt 0.342194 0.536560
vt 0.373490 0.550640
vt 0.379071 0.535084
vt 0.368173 0.530554
vt 0.358377 0.526254
vt 0.374106 0.515833
vt 0.364719 0.511742
vt 0.349140 0.521526
vt 0.356352 0.507588
vt 0.904560 0.085979
vt 0.892906 0.086221
vt 0.893470 0.101535
vt 0.905284 0.101584
vt 0.385043 0.520111
vt 0.916230 0.101324
vt 0.914804 0.085524
vt 0.905424 0.117438
vt 0.916849 0.117588
vt 0.926444 0.100606
vt 0.924165 0.084660
vt 0.928087 0.117441
vt 0.915401 0.134192
vt 0.926456 0.134865
vt 0.516490 0.149875
vt 0.527435 0.149326
vt 0.517041 0.132836
vt 0.516680 0.167238
vt 0.527538 0.166114
vt 0.517850 0.185262
vt 0.527578 0.184388
vt 0.538301 0.164707
vt 0.537756 0.147794
vt 0.537547 0.183587
vt 0.527365 0.205774
vt 0.536257 0.205281
vt 0.547940 0.182683
vt 0.549016 0.162819
vt 0.545457 0.205112
vt 0.534515 0.231306
vt 0.543090 0.230923
vt 0.554680 0.205544
vt 0.558372 0.182407
vt 0.551561 0.230509
vt 0.819268 0.815273
vt 0.810887 0.813536
vt 0.806495 0.839768
vt 0.814622 0.840353
vt 0.560444 0.229983
vt 0.563875 0.206245
vt 0.823422 0.841008
vt 0.828024 0.817419
vt 0.814712 0.864713
vt 0.823848 0.864746
vt 0.833027 0.841560
vt 0.837192 0.820024
vt 0.833612 0.864508
vt 0.825652 0.887984
vt 0.836576 0.887565
vt 0.768885 0.675157
vt 0.779602 0.677307
vt 0.785387 0.656495
vt 0.775059 0.653180
vt 0.766217 0.698026
vt 0.778731 0.698044
vt 0.768960 0.719808
vt 0.781894 0.717321
vt 0.791674 0.697542
vt 0.791810 0.678521
vt 0.794738 0.715398
vt 0.787186 0.735757
vt 0.798524 0.733510
vt 0.806398 0.713771
vt 0.804183 0.696438
vt 0.808681 0.732368
vt 0.801160 0.752736
vt 0.809785 0.751885
vt 0.817453 0.732172
vt 0.816597 0.712980
vt 0.817761 0.751571
vt 0.811024 0.771687
vt 0.818476 0.771119
vt 0.825551 0.751534
vt 0.825540 0.732564
vt 0.825733 0.770684
vt 0.819269 0.791283
vt 0.826590 0.790702
vt 0.833064 0.770389
vt 0.833474 0.751672
vt 0.834091 0.789707
vt 0.826863 0.809513
vt 0.834828 0.809074
vt 0.842139 0.788408
vt 0.841312 0.769752
vt 0.842579 0.808882
vt 0.962970 0.420751
vt 0.958212 0.416335
vt 0.944778 0.426840
vt 0.948651 0.431692
vt 0.849884 0.809021
vt 0.850021 0.787746
vt 0.952154 0.436322
vt 0.967308 0.425160
vt 0.934272 0.441306
vt 0.937979 0.446078
vt 0.955312 0.440800
vt 0.970978 0.429791
vt 0.941660 0.450786
vt 0.925044 0.456142
vt 0.929078 0.460859
vt 0.945262 0.455322
vt 0.958539 0.445174
vt 0.932876 0.465550
vt 0.917489 0.471533
vt 0.921377 0.476260
vt 0.936492 0.470096
vt 0.948668 0.459675
vt 0.924951 0.481034
vt 0.910945 0.487247
vt 0.913986 0.492936
vt 0.451522 0.178909
vt 0.457999 0.180871
vt 0.458436 0.160562
vt 0.452001 0.160601
vt 0.465051 0.160505
vt 0.463735 0.140567
vt 0.456453 0.141269
vt 0.471618 0.160540
vt 0.453069 0.122500
vt 0.445792 0.123657
vt 0.449883 0.142152
vt 0.450315 0.103870
vt 0.441370 0.104038
vt 0.976900 0.441369
vt 0.974170 0.435124
vt 0.961771 0.449825
vt 0.872159 0.811615
vt 0.877517 0.792774
vt 0.867483 0.789666
vt 0.864141 0.810290
vt 0.748221 0.329197
vt 0.858394 0.788000
vt 0.856832 0.809488
vt 0.860296 0.770041
vt 0.850053 0.769270
vt 0.851404 0.751771
vt 0.841843 0.751698
vt 0.842483 0.734110
vt 0.833871 0.733338
vt 0.834732 0.715030
vt 0.825829 0.713584
vt 0.826550 0.696514
vt 0.815763 0.695797
vt 0.817051 0.680113
vt 0.804833 0.679219
vt 0.809015 0.662203
vt 0.796713 0.659475
vt 0.815772 0.646600
vt 0.804896 0.643067
vt 0.794450 0.638943
vt 0.115239 0.205560
vt 0.104655 0.187093
vt 0.104585 0.208414
vt 0.095646 0.188127
vt 0.094339 0.210463
vt 0.094119 0.164347
vt 0.578502 0.183019
vt 0.568620 0.182453
vt 0.572750 0.206889
vt 0.581366 0.158097
vt 0.570295 0.158976
vt 0.559575 0.160702
vt 0.558343 0.143236
vt 0.547964 0.145779
vt 0.569729 0.229338
vt 0.785140 0.633909
vt 0.907279 0.482106
vt 0.897742 0.491304
vt 0.900519 0.496501
vt 0.902703 0.503088
vt 0.902998 0.477455
vt 0.894281 0.486946
vt 0.913123 0.467025
vt 0.908416 0.462434
vt 0.898196 0.473163
vt 0.920727 0.451391
vt 0.916330 0.446581
vt 0.903226 0.457920
vt 0.930468 0.436343
vt 0.926712 0.431375
vt 0.912047 0.441841
vt 0.940675 0.421659
vt 0.936458 0.416448
vt 0.922937 0.426327
vt 0.953275 0.411909
vt 0.948732 0.407223
vt 0.944368 0.402091
vt 0.932146 0.411046
vt 0.819022 0.809777
vt 0.811678 0.791670
vt 0.810928 0.809966
vt 0.803387 0.791941
vt 0.802195 0.810235
vt 0.803047 0.772433
vt 0.793880 0.773476
vt 0.794150 0.792130
vt 0.791479 0.754142
vt 0.779732 0.756838
vt 0.782998 0.775236
vt 0.774979 0.738945
vt 0.840310 0.928748
vt 0.827632 0.929486
vt 0.827841 0.947146
vt 0.840911 0.946996
vt 0.838752 0.909179
vt 0.826869 0.909841
vt 0.816250 0.909707
vt 0.815594 0.929334
vt 0.815925 0.888008
vt 0.807013 0.887824
vt 0.806131 0.909137
vt 0.806040 0.864652
vt 0.797493 0.864545
vt 0.797930 0.887544
vt 0.798276 0.839363
vt 0.789755 0.839340
vt 0.788896 0.864501
vt 0.802263 0.812484
vt 0.792962 0.812391
vt 0.783968 0.812675
vt 0.780592 0.839569
vt 0.525374 0.231310
vt 0.518523 0.206051
vt 0.516490 0.230876
vt 0.922299 0.173646
vt 0.913252 0.173502
vt 0.912580 0.197882
vt 0.921772 0.198471
vt 0.923329 0.152921
vt 0.913495 0.152505
vt 0.903413 0.152223
vt 0.903770 0.173016
vt 0.904504 0.133690
vt 0.893425 0.133804
vt 0.893146 0.152255
vt 0.893741 0.117206
vt 0.880713 0.117396
vt 0.881653 0.134492
vt 0.879599 0.101643
vt 0.864156 0.103022
vt 0.867008 0.118422
vt 0.879531 0.086381
vt 0.864426 0.087138
vt 0.397821 0.524782
vt 0.391368 0.539919
vt 0.404982 0.544970
vt 0.412562 0.529304
vt 0.384939 0.555502
vt 0.397402 0.560928
vt 0.379818 0.571460
vt 0.391519 0.577255
vt 0.386538 0.593084
vt 0.398145 0.599656
vt 0.403704 0.583549
vt 0.390796 0.614726
vt 0.400106 0.621667
vt 0.409902 0.606760
vt 0.381246 0.629339
vt 0.388391 0.635911
vt 0.369903 0.643156
vt 0.376257 0.649628
vt 0.363963 0.661464
vt 0.393202 0.360571
vt 0.384870 0.367938
vt 0.405419 0.373226
vt 0.383917 0.351409
vt 0.375447 0.359022
vt 0.365634 0.368627
vt 0.377423 0.378286
vt 0.357957 0.381390
vt 0.371805 0.391578
vt 0.351457 0.399530
vt 0.347310 0.414729
vt 0.361244 0.424028
vt 0.365651 0.409133
vt 0.343394 0.431975
vt 0.357185 0.441167
vt 0.329224 0.422069
vt 0.325496 0.439642
vt 0.339812 0.449950
vt 0.314189 0.411693
vt 0.309257 0.429020
vt 0.297104 0.401214
vt 0.290521 0.417860
vt 0.277965 0.390621
vt 0.271121 0.406045
vt 0.283805 0.376254
vt 0.289166 0.360395
vt 0.264767 0.366722
vt 0.259206 0.380029
vt 0.270422 0.350959
vt 0.271382 0.348481
vt 0.291528 0.353550
vt 0.242363 0.371466
vt 0.236349 0.385416
vt 0.252820 0.394713
vt 0.226147 0.363825
vt 0.220904 0.378318
vt 0.209271 0.356245
vt 0.204693 0.374214
vt 0.195357 0.350699
vt 0.189147 0.371292
vt 0.184123 0.388843
vt 0.202812 0.391712
vt 0.179234 0.399566
vt 0.200077 0.406759
vt 0.174490 0.411418
vt 0.194957 0.419660
vt 0.171899 0.427127
vt 0.189589 0.431415
vt 0.172516 0.439862
vt 0.185501 0.443471
vt 0.172402 0.448603
vt 0.183814 0.450947
vt 0.620925 0.450957
vt 0.617480 0.445673
vt 0.608613 0.450948
vt 0.611234 0.455495
vt 0.613589 0.438838
vt 0.604800 0.445023
vt 0.608455 0.429559
vt 0.598683 0.436968
vt 0.601837 0.420038
vt 0.591511 0.426980
vt 0.595667 0.408206
vt 0.583667 0.414500
vt 0.588310 0.394042
vt 0.575825 0.400762
vt 0.581793 0.381092
vt 0.568421 0.385559
vt 0.575986 0.364251
vt 0.562045 0.370333
vt 0.569668 0.350777
vt 0.557161 0.353620
vt 0.564520 0.331746
vt 0.552243 0.334267
vt 0.560170 0.310491
vt 0.548018 0.311638
vt 0.560931 0.284447
vt 0.546502 0.284918
vt 0.555893 0.256159
vt 0.547061 0.236693
vt 0.608536 0.219149
vt 0.602341 0.202364
vt 0.597842 0.203098
vt 0.599818 0.215432
vt 0.601824 0.192055
vt 0.597647 0.192451
vt 0.601551 0.180744
vt 0.597422 0.181102
vt 0.601332 0.168284
vt 0.597196 0.168872
vt 0.602167 0.154642
vt 0.596550 0.155547
vt 0.604038 0.140688
vt 0.596493 0.141725
vt 0.419602 0.499486
vt 0.431858 0.506812
vt 0.434816 0.497450
vt 0.421390 0.491996
vt 0.174794 0.086953
vt 0.173727 0.101378
vt 0.187339 0.099515
vt 0.184728 0.085104
vt 0.172637 0.115761
vt 0.189875 0.112174
vt 0.171899 0.129384
vt 0.192858 0.124163
vt 0.171899 0.142763
vt 0.196274 0.137031
vt 0.173059 0.160306
vt 0.173985 0.170699
vt 0.445276 0.594788
vt 0.444063 0.615752
vt 0.444741 0.636167
vt 0.468402 0.633544
vt 0.446988 0.653676
vt 0.468614 0.650731
vt 0.448067 0.669070
vt 0.468260 0.667625
vt 0.447896 0.686066
vt 0.467124 0.685105
vt 0.448301 0.704446
vt 0.466014 0.703205
vt 0.449481 0.724349
vt 0.465680 0.722305
vt 0.447958 0.746248
vt 0.465134 0.743319
vt 0.445101 0.768141
vt 0.465657 0.764814
vt 0.442469 0.791264
vt 0.439831 0.810516
vt 0.438270 0.828175
vt 0.437166 0.847463
vt 0.459925 0.849441
vt 0.437189 0.869414
vt 0.457174 0.869373
vt 0.437886 0.892328
vt 0.456197 0.891835
vt 0.438513 0.916881
vt 0.455563 0.916025
vt 0.438944 0.944038
vt 0.455055 0.942610
vt 0.438944 0.972632
vt 0.437166 0.999612
vt 0.472194 0.914541
vt 0.474628 0.891217
vt 0.492810 0.890675
vt 0.497006 0.870202
vt 0.477857 0.870244
vt 0.515711 0.868515
vt 0.520260 0.848739
vt 0.500650 0.849813
vt 0.541026 0.848943
vt 0.547910 0.834790
vt 0.527084 0.831486
vt 0.566208 0.839327
vt 0.573997 0.826504
vt 0.557977 0.821356
vt 0.581771 0.813687
vt 0.569241 0.808431
vt 0.590418 0.816136
vt 0.469432 0.566355
vt 0.482714 0.561419
vt 0.479095 0.555422
vt 0.464426 0.559436
vt 0.473461 0.571789
vt 0.485956 0.566816
vt 0.501057 0.562347
vt 0.498383 0.556779
vt 0.503365 0.568187
vt 0.517301 0.564743
vt 0.516228 0.558223
vt 0.518230 0.572003
vt 0.529363 0.570033
vt 0.529089 0.563299
vt 0.529564 0.577192
vt 0.529379 0.586521
vt 0.539056 0.575553
vt 0.539007 0.568134
vt 0.538124 0.585746
vt 0.163150 0.102809
vt 0.546363 0.585859
vt 0.548049 0.574768
vt 0.841688 0.896358
vt 0.843684 0.912286
vt 0.852993 0.910751
vt 0.851444 0.893339
vt 0.861305 0.910361
vt 0.860908 0.892146
vt 0.860981 0.930269
vt 0.868351 0.930777
vt 0.869312 0.910532
vt 0.868074 0.950551
vt 0.875713 0.950542
vt 0.875846 0.931536
vt 0.876692 0.966975
vt 0.885612 0.966154
vt 0.884178 0.950366
vt 0.884882 0.982233
vt 0.883138 0.996419
vt 0.892450 0.983061
vt 0.894493 0.966096
vt 0.890258 0.997557
vt 0.877522 0.653315
vt 0.847918 0.183092
vt 0.856429 0.183874
vt 0.856567 0.168538
vt 0.847471 0.168558
vt 0.746757 0.168837
vt 0.749318 0.183050
vt 0.758524 0.181253
vt 0.755293 0.166637
vt 0.769775 0.179222
vt 0.766671 0.163776
vt 0.770290 0.196270
vt 0.781874 0.195798
vt 0.782654 0.177513
vt 0.779911 0.215118
vt 0.791424 0.215236
vt 0.794300 0.196652
vt 0.790173 0.233764
vt 0.803270 0.233266
vt 0.805632 0.216131
vt 0.801077 0.251859
vt 0.813643 0.252325
vt 0.817794 0.233761
vt 0.810373 0.271925
vt 0.821785 0.273663
vt 0.825952 0.254441
vt 0.818397 0.293335
vt 0.767069 0.961814
vt 0.777878 0.961303
vt 0.777977 0.942884
vt 0.766217 0.941981
vt 0.770399 0.980899
vt 0.780078 0.979717
vt 0.774150 0.999612
vt 0.782796 0.998534
vt 0.789926 0.978918
vt 0.789036 0.961353
vt 0.791320 0.997833
vt 0.696840 0.132215
vt 0.799649 0.997431
vt 0.800050 0.978657
vt 0.706176 0.149851
vt 0.704616 0.130993
vt 0.713092 0.149007
vt 0.712730 0.130056
vt 0.714070 0.167933
vt 0.720562 0.167455
vt 0.720107 0.148470
vt 0.721901 0.185915
vt 0.728779 0.185780
vt 0.727415 0.167004
vt 0.730022 0.205318
vt 0.877872 0.424847
vt 0.893014 0.416355
vt 0.863384 0.427872
vt 0.910196 0.410321
vt 0.905823 0.405474
vt 0.922557 0.399473
vt 0.917859 0.394240
vt 0.914655 0.415659
vt 0.927496 0.405318
vt 0.918876 0.421034
vt 0.907877 0.436882
vt 0.891890 0.449300
vt 0.897780 0.453594
vt 0.886526 0.465672
vt 0.892761 0.469154
vt 0.880001 0.478177
vt 0.885514 0.480352
vt 0.890269 0.483243
vt 0.876342 0.450978
vt 0.874157 0.456925
vt 0.888629 0.461358
vt 0.890327 0.455270
vt 0.892124 0.449393
vt 0.878488 0.445049
vt 0.906902 0.459383
vt 0.908109 0.453933
vt 0.894096 0.443696
vt 0.880721 0.439067
vt 0.909446 0.448764
vt 0.925935 0.457956
vt 0.926876 0.453198
vt 0.910851 0.443928
vt 0.896289 0.438109
vt 0.927767 0.448548
vt 0.944545 0.456250
vt 0.945222 0.451725
vt 0.928540 0.444095
vt 0.912474 0.439219
vt 0.945874 0.447317
vt 0.962005 0.454292
vt 0.962737 0.449938
vt 0.942930 0.506235
vt 0.942454 0.501552
vt 0.923725 0.503577
vt 0.924939 0.508193
vt 0.960514 0.505124
vt 0.960065 0.500529
vt 0.977551 0.503120
vt 0.976344 0.498530
vt 0.959612 0.495882
vt 0.941965 0.496845
vt 0.975222 0.494133
vt 0.988965 0.493474
vt 0.986626 0.490013
vt 0.974256 0.489883
vt 0.959267 0.491128
vt 0.984874 0.486879
vt 0.992396 0.484446
vt 0.983535 0.483685
vt 0.973598 0.485617
vt 0.982784 0.480692
vt 0.973205 0.481485
vt 0.982538 0.477658
vt 0.973130 0.477367
vt 0.982876 0.474674
vt 0.973444 0.473276
vt 0.983734 0.471786
vt 0.974173 0.469261
vt 0.988819 0.474400
vt 0.991307 0.476586
vt 0.985143 0.468918
vt 0.975049 0.465433
vt 0.986941 0.466105
vt 0.976201 0.461465
vt 0.989317 0.462891
vt 0.977516 0.457393
vt 0.992273 0.459245
vt 0.978891 0.453064
vt 0.991875 0.497342
vt 0.961276 0.458652
vt 0.960598 0.463011
vt 0.943883 0.460850
vt 0.943226 0.465500
vt 0.960017 0.467354
vt 0.925041 0.462827
vt 0.924138 0.468262
vt 0.942599 0.470483
vt 0.905735 0.465419
vt 0.904599 0.471714
vt 0.923410 0.474134
vt 0.886995 0.467903
vt 0.903482 0.478511
vt 0.871865 0.463083
vt 0.902833 0.485561
vt 0.922706 0.485984
vt 0.922876 0.480051
vt 0.922599 0.492153
vt 0.922859 0.497997
vt 0.941714 0.491666
vt 0.941650 0.486223
vt 0.959099 0.486331
vt 0.941788 0.480946
vt 0.959063 0.481565
vt 0.959181 0.476760
vt 0.942094 0.475620
vt 0.959531 0.471982
vt 0.992305 0.477897
vt 0.993038 0.479562
vt 0.908476 0.513148
vt 0.899087 0.432410
vt 0.883506 0.432911
vt 0.887627 0.426184
vt 0.939845 0.396381
vt 0.935169 0.390287
vt 0.930485 0.384336
vt 0.793009 0.810714
vt 0.784028 0.792977
vt 0.783986 0.811615
vt 0.833142 0.982175
vt 0.822057 0.980191
vt 0.817371 0.998008
vt 0.826357 0.999612
vt 0.838758 0.965319
vt 0.826125 0.963936
vt 0.813164 0.962682
vt 0.810655 0.979009
vt 0.814598 0.946630
vt 0.802013 0.945482
vt 0.800796 0.961789
vt 0.803993 0.928343
vt 0.792382 0.926757
vt 0.789892 0.944107
vt 0.795833 0.908265
vt 0.785186 0.906535
vt 0.780623 0.924723
vt 0.788286 0.887173
vt 0.776844 0.885889
vt 0.773072 0.904113
vt 0.779035 0.864809
vt 0.833815 0.196337
vt 0.821978 0.198535
vt 0.821073 0.216879
vt 0.835141 0.217505
vt 0.828950 0.171540
vt 0.819733 0.174516
vt 0.809191 0.176522
vt 0.808117 0.198591
vt 0.812518 0.149796
vt 0.803689 0.153602
vt 0.820860 0.145801
vt 0.803296 0.153677
vt 0.793134 0.157574
vt 0.796665 0.176766
vt 0.903267 0.196269
vt 0.893783 0.172512
vt 0.892898 0.193585
vt 0.882327 0.171575
vt 0.880262 0.189336
vt 0.881950 0.152700
vt 0.869346 0.152524
vt 0.869166 0.169923
vt 0.868949 0.135014
vt 0.853541 0.135590
vt 0.855463 0.151393
vt 0.850923 0.120759
vt 0.835917 0.122076
vt 0.839485 0.137348
vt 0.848665 0.105421
vt 0.835917 0.105127
vt 0.850238 0.087419
vt 0.839935 0.086509
vt 0.426502 0.533214
vt 0.417397 0.549934
vt 0.427620 0.553978
vt 0.436390 0.536903
vt 0.409299 0.566506
vt 0.421110 0.571411
vt 0.416665 0.589801
vt 0.417566 0.442357
vt 0.403892 0.439729
vt 0.402709 0.458319
vt 0.415659 0.460559
vt 0.418580 0.424633
vt 0.405567 0.422490
vt 0.393606 0.419359
vt 0.418825 0.406936
vt 0.380948 0.414199
vt 0.367291 0.406683
vt 0.399122 0.475078
vt 0.409923 0.478062
vt 0.384649 0.489348
vt 0.393989 0.492622
vt 0.403023 0.495724
vt 0.880247 0.893001
vt 0.870335 0.891995
vt 0.877702 0.911726
vt 0.375496 0.487198
vt 0.886609 0.913899
vt 0.890517 0.894908
vt 0.883782 0.932753
vt 0.896668 0.916294
vt 0.900447 0.896520
vt 0.895306 0.934149
vt 0.895095 0.950306
vt 0.561190 0.590378
vt 0.553934 0.587584
vt 0.844027 0.152227
vt 0.867570 0.185987
vt 0.779917 0.160899
vt 0.831734 0.235966
vt 0.768542 0.922635
vt 0.808293 0.997369
vt 0.721355 0.129710
vt 0.727575 0.148405
vt 0.730022 0.130232
vt 0.548033 0.566724
vt 0.546654 0.558571
vt 0.537889 0.560803
vt 0.341281 0.480849
vt 0.332297 0.475504
vt 0.328132 0.486131
vt 0.335950 0.489962
vt 0.347001 0.471893
vt 0.336537 0.464225
vt 0.351881 0.460340
vt 0.322968 0.455344
vt 0.320199 0.468924
vt 0.306032 0.444564
vt 0.303486 0.459269
vt 0.285672 0.432958
vt 0.282499 0.446569
vt 0.265488 0.420989
vt 0.261173 0.434041
vt 0.247159 0.409931
vt 0.242040 0.424276
vt 0.231607 0.401172
vt 0.227274 0.417256
vt 0.217911 0.394933
vt 0.214608 0.411779
vt 0.209734 0.426074
vt 0.222561 0.432274
vt 0.203811 0.438560
vt 0.217600 0.445594
vt 0.198769 0.448732
vt 0.213233 0.455151
vt 0.196066 0.455320
vt 0.210140 0.461047
vt 0.600420 0.460562
vt 0.598361 0.456913
vt 0.586200 0.463916
vt 0.588607 0.468339
vt 0.595179 0.451830
vt 0.583610 0.459059
vt 0.590051 0.444469
vt 0.579633 0.452627
vt 0.582228 0.434278
vt 0.572388 0.443640
vt 0.572698 0.421941
vt 0.561945 0.430229
vt 0.563230 0.407586
vt 0.551269 0.414133
vt 0.554440 0.391296
vt 0.541810 0.396494
vt 0.548034 0.374432
vt 0.534956 0.377971
vt 0.543527 0.356029
vt 0.530518 0.358889
vt 0.539864 0.336519
vt 0.527265 0.339880
vt 0.535811 0.313217
vt 0.523758 0.316801
vt 0.533650 0.285041
vt 0.522547 0.289770
vt 0.518638 0.261092
vt 0.511150 0.296464
vt 0.512558 0.322379
vt 0.505959 0.272523
vt 0.495391 0.282895
vt 0.499861 0.304523
vt 0.497396 0.255324
vt 0.486587 0.266258
vt 0.656178 0.281539
vt 0.660491 0.299871
vt 0.675671 0.293443
vt 0.671320 0.272773
vt 0.638887 0.290950
vt 0.643219 0.306573
vt 0.646052 0.322657
vt 0.662313 0.318243
vt 0.627338 0.311686
vt 0.630599 0.326471
vt 0.621701 0.299048
vt 0.087043 0.195534
vt 0.074114 0.197035
vt 0.075903 0.210894
vt 0.088606 0.210136
vt 0.083417 0.182652
vt 0.071437 0.185359
vt 0.063165 0.198011
vt 0.064412 0.211444
vt 0.061870 0.186767
vt 0.583397 0.204220
vt 0.591979 0.203716
vt 0.051537 0.186915
vt 0.052342 0.198198
vt 0.591995 0.193124
vt 0.583757 0.193986
vt 0.592022 0.181964
vt 0.583984 0.183182
vt 0.591628 0.170184
vt 0.583993 0.171678
vt 0.590683 0.157480
vt 0.583565 0.159298
vt 0.589471 0.144279
vt 0.582142 0.146590
vt 0.420871 0.484367
vt 0.434587 0.486416
vt 0.432649 0.475907
vt 0.419602 0.476554
vt 0.194533 0.079435
vt 0.200375 0.091592
vt 0.210848 0.081899
vt 0.202876 0.072391
vt 0.206405 0.102641
vt 0.219575 0.090817
vt 0.211553 0.113456
vt 0.228525 0.099878
vt 0.217069 0.125496
vt 0.237075 0.109813
vt 0.245810 0.119733
vt 0.729612 0.991555
vt 0.742872 0.966506
vt 0.731512 0.961722
vt 0.719481 0.983084
vt 0.741559 0.999545
vt 0.753391 0.969921
vt 0.256003 0.129752
vt 0.753296 0.999612
vt 0.762720 0.970886
vt 0.253297 0.160121
vt 0.267378 0.132186
vt 0.745981 0.249588
vt 0.733736 0.252649
vt 0.731940 0.280292
vt 0.741349 0.278669
vt 0.690283 0.634054
vt 0.690283 0.664601
vt 0.702360 0.656111
vt 0.702061 0.629778
vt 0.448186 0.319098
vt 0.437166 0.326861
vt 0.440216 0.347714
vt 0.451317 0.340033
vt 0.713766 0.649426
vt 0.713513 0.624995
vt 0.461242 0.332755
vt 0.458052 0.312250
vt 0.454685 0.355431
vt 0.464366 0.349939
vt 0.470692 0.325829
vt 0.467164 0.305742
vt 0.473752 0.344672
vt 0.468416 0.366456
vt 0.477326 0.362440
vt 0.482925 0.339575
vt 0.479856 0.319029
vt 0.486476 0.358007
vt 0.482700 0.379458
vt 0.491943 0.374699
vt 0.496064 0.353120
vt 0.492297 0.334252
vt 0.501046 0.370024
vt 0.499025 0.391524
vt 0.507796 0.387771
vt 0.510269 0.365909
vt 0.505725 0.348388
vt 0.516280 0.384160
vt 0.514979 0.407359
vt 0.523702 0.403997
vt 0.525018 0.381000
vt 0.519947 0.362221
vt 0.532190 0.400508
vt 0.531251 0.424318
vt 0.540981 0.419710
vt 0.521316 0.427853
vt 0.527152 0.448967
vt 0.539087 0.444682
vt 0.550638 0.438271
vt 0.546168 0.463526
vt 0.559851 0.454328
vt 0.531536 0.469496
vt 0.534481 0.482244
vt 0.550807 0.473998
vt 0.565623 0.463176
vt 0.554768 0.481160
vt 0.569322 0.469205
vt 0.537564 0.491448
vt 0.540985 0.498972
vt 0.558608 0.487018
vt 0.572863 0.474063
vt 0.562289 0.492320
vt 0.576467 0.479285
vt 0.245098 0.476272
vt 0.264980 0.489251
vt 0.249868 0.469671
vt 0.544533 0.505413
vt 0.230450 0.461046
vt 0.226344 0.467577
vt 0.254286 0.460206
vt 0.234285 0.452521
vt 0.257619 0.446693
vt 0.237942 0.438777
vt 0.282826 0.506812
vt 0.520571 0.506984
vt 0.523863 0.515938
vt 0.500269 0.511326
vt 0.503755 0.523917
vt 0.518190 0.497376
vt 0.498598 0.499681
vt 0.516643 0.486538
vt 0.498053 0.487246
vt 0.515592 0.471489
vt 0.499688 0.470699
vt 0.514601 0.451138
vt 0.500755 0.451785
vt 0.511020 0.430451
vt 0.499249 0.432304
vt 0.505705 0.410335
vt 0.495304 0.413278
vt 0.489383 0.395817
vt 0.478838 0.399854
vt 0.483437 0.416288
vt 0.473415 0.383398
vt 0.463590 0.386913
vt 0.467500 0.403274
vt 0.459046 0.370748
vt 0.447214 0.376001
vt 0.451468 0.391455
vt 0.443230 0.361531
vt 0.509795 0.630271
vt 0.491362 0.631195
vt 0.489506 0.647788
vt 0.507565 0.646603
vt 0.488061 0.665521
vt 0.505924 0.664157
vt 0.486240 0.683195
vt 0.504078 0.681686
vt 0.484743 0.700771
vt 0.502549 0.698484
vt 0.454561 0.407107
vt 0.456085 0.422276
vt 0.470458 0.419191
vt 0.455716 0.436780
vt 0.471427 0.435264
vt 0.486004 0.433788
vt 0.469586 0.451211
vt 0.485872 0.451601
vt 0.452608 0.450769
vt 0.446562 0.465684
vt 0.465190 0.467409
vt 0.482879 0.469190
vt 0.460231 0.483801
vt 0.479346 0.485395
vt 0.439994 0.482705
vt 0.437166 0.500647
vt 0.459556 0.499387
vt 0.479267 0.499701
vt 0.462959 0.514578
vt 0.481218 0.513655
vt 0.443032 0.515776
vt 0.450032 0.531905
vt 0.467549 0.530838
vt 0.484863 0.528957
vt 0.474090 0.545983
vt 0.490582 0.542305
vt 0.458046 0.548330
vt 0.495595 0.551426
vt 0.551000 0.800996
vt 0.537707 0.815929
vt 0.502305 0.730009
vt 0.484063 0.736621
vt 0.485744 0.756729
vt 0.505090 0.746969
vt 0.501673 0.714465
vt 0.483888 0.718605
vt 0.515920 0.343975
vt 0.502177 0.328571
vt 0.489381 0.312158
vt 0.485641 0.291275
vt 0.476054 0.298758
vt 0.688352 0.626071
vt 0.668742 0.619359
vt 0.666826 0.632477
vt 0.687502 0.639645
vt 0.689507 0.611777
vt 0.669718 0.605134
vt 0.684667 0.266886
vt 0.688069 0.289634
vt 0.699829 0.287368
vt 0.697626 0.262993
vt 0.689342 0.312439
vt 0.700779 0.311044
vt 0.677100 0.314769
vt 0.676788 0.334504
vt 0.688932 0.333578
vt 0.663342 0.336479
vt 0.665401 0.355722
vt 0.676453 0.354067
vt 0.649037 0.339529
vt 0.653430 0.358422
vt 0.635075 0.343125
vt 0.641009 0.361243
vt 0.090629 0.226641
vt 0.078151 0.227655
vt 0.080755 0.245255
vt 0.093323 0.244859
vt 0.066499 0.227914
vt 0.067612 0.244632
vt 0.054367 0.227622
vt 0.054079 0.243035
vt 0.053328 0.211813
vt 0.041770 0.211647
vt 0.041243 0.226486
vt 0.041330 0.197735
vt 0.040614 0.186128
vt 0.029553 0.196827
vt 0.029207 0.210702
vt 0.029029 0.184996
vt 0.016825 0.195405
vt 0.015796 0.208998
vt 0.016555 0.184002
vt 0.003583 0.193644
vt 0.002555 0.207185
vt 0.003611 0.182652
vt 0.668075 0.941814
vt 0.680678 0.945209
vt 0.683347 0.930565
vt 0.670270 0.928311
vt 0.665799 0.952354
vt 0.677769 0.956863
vt 0.693401 0.948541
vt 0.696319 0.932720
vt 0.688662 0.961783
vt 0.706326 0.952339
vt 0.709825 0.935167
vt 0.699314 0.967693
vt 0.719012 0.956784
vt 0.723229 0.937821
vt 0.709687 0.974653
vt 0.735823 0.940195
vt 0.734410 0.917855
vt 0.723217 0.917250
vt 0.747406 0.941654
vt 0.744174 0.917743
vt 0.756795 0.942405
vt 0.753614 0.917244
vt 0.765441 0.942488
vt 0.763116 0.916700
vt 0.742032 0.306617
vt 0.733554 0.307754
vt 0.735453 0.332789
vt 0.745439 0.332241
vt 0.724022 0.309183
vt 0.724446 0.333298
vt 0.722254 0.282841
vt 0.721725 0.256327
vt 0.711424 0.285337
vt 0.712933 0.310275
vt 0.709873 0.259766
vt 0.665799 0.644892
vt 0.666263 0.657073
vt 0.689507 0.664601
vt 0.687996 0.652261
vt 0.712384 0.333276
vt 0.700403 0.333187
vt 0.698350 0.353316
vt 0.709917 0.353637
vt 0.687370 0.353452
vt 0.686631 0.374028
vt 0.696895 0.373039
vt 0.677225 0.375427
vt 0.679115 0.396590
vt 0.688330 0.394679
vt 0.667671 0.377095
vt 0.669057 0.398310
vt 0.656154 0.378961
vt 0.656489 0.399382
vt 0.644386 0.380578
vt 0.644286 0.399786
vt 0.092346 0.264129
vt 0.079889 0.262379
vt 0.075128 0.279192
vt 0.086831 0.282461
vt 0.066525 0.260355
vt 0.063238 0.277089
vt 0.053164 0.258398
vt 0.051434 0.275284
vt 0.039855 0.256747
vt 0.040278 0.274508
vt 0.040140 0.241365
vt 0.026140 0.240009
vt 0.026925 0.256270
vt 0.027561 0.225072
vt 0.013722 0.223375
vt 0.012649 0.239409
vt 0.000587 0.221849
vt 0.000388 0.239513
vt 0.672249 0.913476
vt 0.684888 0.914075
vt 0.683731 0.895275
vt 0.671719 0.895714
vt 0.697411 0.914798
vt 0.696177 0.895016
vt 0.710530 0.916009
vt 0.709322 0.895288
vt 0.721568 0.895869
vt 0.721276 0.875323
vt 0.708211 0.875370
vt 0.731445 0.896290
vt 0.731266 0.875762
vt 0.740672 0.896087
vt 0.740391 0.876221
vt 0.750503 0.895674
vt 0.749641 0.876370
vt 0.760828 0.894803
vt 0.759536 0.875707
vt 0.745981 0.354415
vt 0.734689 0.354145
vt 0.733109 0.372705
vt 0.744396 0.373662
vt 0.722500 0.353935
vt 0.720732 0.372239
vt 0.708232 0.372528
vt 0.708673 0.391214
vt 0.720339 0.390443
vt 0.697813 0.392879
vt 0.700566 0.412971
vt 0.710277 0.411160
vt 0.691129 0.414875
vt 0.692324 0.433899
vt 0.702934 0.433415
vt 0.680603 0.416191
vt 0.680758 0.433909
vt 0.668954 0.416973
vt 0.668522 0.434267
vt 0.655863 0.417650
vt 0.655830 0.434985
vt 0.642699 0.418193
vt 0.643693 0.436490
vt 0.080312 0.299746
vt 0.069824 0.297544
vt 0.066134 0.316673
vt 0.076409 0.317686
vt 0.059566 0.295907
vt 0.056929 0.315812
vt 0.049485 0.295011
vt 0.047678 0.315157
vt 0.040083 0.294804
vt 0.038349 0.314993
vt 0.030680 0.294730
vt 0.027923 0.314500
vt 0.029797 0.274892
vt 0.019500 0.275684
vt 0.020328 0.294161
vt 0.015195 0.257245
vt 0.004298 0.258714
vt 0.008145 0.276378
vt 0.669366 0.876361
vt 0.681037 0.876033
vt 0.679425 0.858371
vt 0.667320 0.858489
vt 0.693975 0.875682
vt 0.692639 0.858013
vt 0.707115 0.857243
vt 0.704336 0.839634
vt 0.691093 0.841033
vt 0.720394 0.856459
vt 0.716669 0.837959
vt 0.731122 0.855768
vt 0.727830 0.836312
vt 0.740541 0.855439
vt 0.737599 0.834861
vt 0.748832 0.855415
vt 0.746943 0.834018
vt 0.757747 0.855560
vt 0.756044 0.834327
vt 0.741874 0.393985
vt 0.731713 0.391542
vt 0.728908 0.412303
vt 0.737284 0.414951
vt 0.719688 0.410961
vt 0.718938 0.433581
vt 0.726474 0.434621
vt 0.711143 0.433232
vt 0.710627 0.455451
vt 0.719335 0.456607
vt 0.701626 0.453976
vt 0.698616 0.472590
vt 0.708181 0.474148
vt 0.691465 0.452497
vt 0.688986 0.470937
vt 0.680318 0.451632
vt 0.678897 0.469586
vt 0.668663 0.451613
vt 0.668587 0.469045
vt 0.657098 0.452334
vt 0.658428 0.469524
vt 0.646378 0.454040
vt 0.648501 0.470841
vt 0.074138 0.335422
vt 0.063930 0.335379
vt 0.063230 0.352671
vt 0.072995 0.352249
vt 0.054424 0.334957
vt 0.053253 0.353104
vt 0.045438 0.334237
vt 0.043302 0.352742
vt 0.035781 0.333361
vt 0.033596 0.351561
vt 0.024624 0.332079
vt 0.023506 0.350478
vt 0.012677 0.330746
vt 0.012979 0.350341
vt 0.016571 0.312769
vt 0.005058 0.310421
vt 0.001053 0.329793
vt 0.008577 0.293104
vt 0.665799 0.841683
vt 0.678208 0.841513
vt 0.678122 0.824108
vt 0.666393 0.823984
vt 0.689260 0.823558
vt 0.687183 0.802866
vt 0.677618 0.803636
vt 0.700436 0.822013
vt 0.696868 0.802253
vt 0.711581 0.819666
vt 0.707193 0.801102
vt 0.722591 0.817970
vt 0.717148 0.799850
vt 0.732686 0.816514
vt 0.726486 0.798488
vt 0.742696 0.814892
vt 0.735281 0.796580
vt 0.752230 0.813545
vt 0.743862 0.794149
vt 0.734765 0.435906
vt 0.727870 0.456921
vt 0.736598 0.457077
vt 0.728023 0.476023
vt 0.736969 0.476599
vt 0.717956 0.475307
vt 0.714712 0.493606
vt 0.724222 0.494734
vt 0.704928 0.492349
vt 0.701406 0.510698
vt 0.710971 0.512176
vt 0.695195 0.490947
vt 0.691989 0.509106
vt 0.685752 0.489389
vt 0.683019 0.507639
vt 0.676726 0.488059
vt 0.674430 0.506477
vt 0.667834 0.487278
vt 0.666271 0.505690
vt 0.659080 0.486949
vt 0.658334 0.505324
vt 0.650095 0.487338
vt 0.650719 0.505139
vt 0.073602 0.368484
vt 0.063987 0.369285
vt 0.065846 0.386263
vt 0.074026 0.385932
vt 0.054244 0.370214
vt 0.056922 0.387489
vt 0.044027 0.371278
vt 0.047408 0.389203
vt 0.033923 0.371578
vt 0.037691 0.391240
vt 0.024994 0.371635
vt 0.028697 0.392935
vt 0.016605 0.372114
vt 0.020368 0.393974
vt 0.008204 0.373275
vt 0.012200 0.394848
vt 0.003165 0.351409
vt 0.666429 0.782384
vt 0.675632 0.782113
vt 0.674855 0.760674
vt 0.665927 0.759927
vt 0.667090 0.804147
vt 0.684961 0.781857
vt 0.683743 0.761368
vt 0.694436 0.781611
vt 0.693149 0.761670
vt 0.704283 0.781161
vt 0.702520 0.761574
vt 0.713422 0.780257
vt 0.711387 0.760780
vt 0.721857 0.779035
vt 0.719628 0.759518
vt 0.729716 0.777696
vt 0.727148 0.758177
vt 0.737975 0.775912
vt 0.734734 0.756687
vt 0.732313 0.737602
vt 0.724770 0.739166
vt 0.732813 0.495944
vt 0.720085 0.513528
vt 0.728355 0.514874
vt 0.715515 0.532223
vt 0.723821 0.533974
vt 0.706483 0.530463
vt 0.701321 0.548609
vt 0.710111 0.549997
vt 0.697231 0.528754
vt 0.692736 0.547260
vt 0.688467 0.527174
vt 0.684894 0.546168
vt 0.680412 0.525788
vt 0.677984 0.545403
vt 0.672790 0.524785
vt 0.671809 0.544901
vt 0.665737 0.524329
vt 0.665983 0.544778
vt 0.658811 0.524352
vt 0.660269 0.544896
vt 0.652129 0.524734
vt 0.654444 0.545203
vt 0.074459 0.404954
vt 0.068184 0.405492
vt 0.071873 0.425567
vt 0.078092 0.424851
vt 0.060689 0.406395
vt 0.064876 0.426319
vt 0.052165 0.407918
vt 0.056748 0.427307
vt 0.042991 0.409787
vt 0.047395 0.428460
vt 0.033516 0.411595
vt 0.038181 0.429672
vt 0.024661 0.413109
vt 0.029867 0.431075
vt 0.016591 0.414474
vt 0.022586 0.432596
vt 0.673279 0.718628
vt 0.680398 0.720551
vt 0.682822 0.701377
vt 0.676389 0.700020
vt 0.669000 0.738153
vt 0.677014 0.740130
vt 0.684904 0.741559
vt 0.687209 0.722060
vt 0.692960 0.742502
vt 0.693954 0.723193
vt 0.701336 0.742885
vt 0.700648 0.723665
vt 0.709410 0.742205
vt 0.707325 0.723258
vt 0.717410 0.740645
vt 0.714266 0.721981
vt 0.721512 0.720210
vt 0.719701 0.701873
vt 0.712423 0.702789
vt 0.729007 0.718702
vt 0.727169 0.700881
vt 0.726810 0.683615
vt 0.719544 0.684068
vt 0.718308 0.551440
vt 0.706058 0.567688
vt 0.714092 0.568451
vt 0.705233 0.585968
vt 0.712893 0.585765
vt 0.697498 0.567062
vt 0.697744 0.586804
vt 0.689618 0.566875
vt 0.690844 0.588013
vt 0.682617 0.567025
vt 0.684551 0.589441
vt 0.676665 0.567449
vt 0.678756 0.590768
vt 0.671528 0.567751
vt 0.673498 0.591555
vt 0.666481 0.567878
vt 0.668294 0.591929
vt 0.661462 0.567982
vt 0.663046 0.591942
vt 0.655897 0.568043
vt 0.657395 0.591598
vt 0.081041 0.447344
vt 0.074698 0.447017
vt 0.073595 0.469281
vt 0.079647 0.470532
vt 0.067658 0.446767
vt 0.066716 0.467800
vt 0.059549 0.446658
vt 0.059357 0.466507
vt 0.050680 0.446954
vt 0.051515 0.465764
vt 0.042286 0.447698
vt 0.044009 0.465669
vt 0.034761 0.448806
vt 0.037103 0.465963
vt 0.028226 0.449971
vt 0.030923 0.466442
vt 0.678425 0.681957
vt 0.684454 0.682909
vt 0.686511 0.666469
vt 0.680914 0.665377
vt 0.690167 0.683626
vt 0.691900 0.667260
vt 0.688869 0.702404
vt 0.694824 0.703111
vt 0.695676 0.684183
vt 0.700445 0.703386
vt 0.701196 0.684512
vt 0.706314 0.703305
vt 0.706882 0.684573
vt 0.712865 0.684397
vt 0.713189 0.667365
vt 0.707414 0.667731
vt 0.719477 0.666903
vt 0.109092 0.213590
vt 0.105012 0.231440
vt 0.112248 0.232794
vt 0.115474 0.215134
vt 0.102222 0.211240
vt 0.097721 0.229716
vt 0.726476 0.666403
vt 0.095329 0.249780
vt 0.102544 0.250901
vt 0.166693 0.502618
vt 0.160197 0.501365
vt 0.159499 0.521510
vt 0.166035 0.521986
vt 0.171123 0.484919
vt 0.163999 0.482370
vt 0.153652 0.500457
vt 0.153183 0.521084
vt 0.156893 0.480233
vt 0.147430 0.499863
vt 0.146721 0.520639
vt 0.150220 0.478583
vt 0.141477 0.499321
vt 0.140237 0.519866
vt 0.144034 0.477374
vt 0.135443 0.498764
vt 0.133308 0.518716
vt 0.138337 0.476373
vt 0.129162 0.497940
vt 0.125679 0.517147
vt 0.133295 0.475284
vt 0.123028 0.496585
vt 0.117933 0.515253
vt 0.128395 0.474043
vt 0.117008 0.494756
vt 0.110320 0.513018
vt 0.123491 0.472759
vt 0.111037 0.492333
vt 0.102972 0.510476
vt 0.118222 0.471308
vt 0.117659 0.977405
vt 0.124291 0.976623
vt 0.122101 0.956037
vt 0.114634 0.957324
vt 0.123456 0.999612
vt 0.129487 0.997757
vt 0.131570 0.975510
vt 0.129335 0.954778
vt 0.136370 0.995847
vt 0.138852 0.974005
vt 0.136823 0.953407
vt 0.143679 0.993683
vt 0.146393 0.972202
vt 0.144354 0.952074
vt 0.151269 0.991098
vt 0.153813 0.970434
vt 0.152143 0.950766
vt 0.158437 0.988478
vt 0.160993 0.968985
vt 0.160009 0.949876
vt 0.165080 0.986196
vt 0.167562 0.967929
vt 0.167743 0.949636
vt 0.171123 0.984416
vt 0.152065 0.231377
vt 0.145477 0.232535
vt 0.148280 0.250744
vt 0.155814 0.249599
vt 0.149086 0.214076
vt 0.143219 0.215478
vt 0.138952 0.233361
vt 0.140870 0.251418
vt 0.137597 0.216509
vt 0.132633 0.233793
vt 0.133787 0.252029
vt 0.132251 0.216864
vt 0.696983 0.667784
vt 0.126967 0.216706
vt 0.126114 0.233898
vt 0.702056 0.667923
vt 0.121419 0.216134
vt 0.119384 0.233560
vt 0.118332 0.252425
vt 0.126101 0.252461
vt 0.110330 0.251883
vt 0.109960 0.271368
vt 0.118218 0.271450
vt 0.101834 0.271131
vt 0.102501 0.291593
vt 0.110512 0.291149
vt 0.094099 0.270747
vt 0.094099 0.292219
vt 0.167188 0.542246
vt 0.159988 0.541794
vt 0.158296 0.561436
vt 0.166138 0.562853
vt 0.153125 0.541017
vt 0.150599 0.559679
vt 0.145929 0.539944
vt 0.142865 0.557423
vt 0.138359 0.538337
vt 0.134841 0.554742
vt 0.130386 0.536113
vt 0.126776 0.552088
vt 0.122226 0.533888
vt 0.118813 0.549779
vt 0.113871 0.531814
vt 0.110784 0.547735
vt 0.105412 0.529693
vt 0.102378 0.545902
vt 0.097212 0.527433
vt 0.093738 0.544130
vt 0.110760 0.939431
vt 0.119069 0.937719
vt 0.114875 0.920737
vt 0.106286 0.922470
vt 0.126878 0.936227
vt 0.123091 0.919215
vt 0.134826 0.934664
vt 0.131110 0.917767
vt 0.142833 0.933076
vt 0.139425 0.916104
vt 0.151276 0.931519
vt 0.148065 0.914091
vt 0.160183 0.930048
vt 0.157003 0.911664
vt 0.169293 0.929019
vt 0.166217 0.909062
vt 0.158195 0.270179
vt 0.149561 0.270910
vt 0.149888 0.290726
vt 0.159339 0.290665
vt 0.141816 0.271169
vt 0.141693 0.290655
vt 0.134398 0.271280
vt 0.133834 0.290577
vt 0.126384 0.271407
vt 0.126380 0.290738
vt 0.118588 0.290887
vt 0.119265 0.310171
vt 0.126829 0.309781
vt 0.111900 0.310969
vt 0.114236 0.330775
vt 0.121033 0.329697
vt 0.104430 0.312134
vt 0.107554 0.332222
vt 0.096575 0.313680
vt 0.100880 0.334124
vt 0.160041 0.582733
vt 0.152272 0.579473
vt 0.141894 0.596026
vt 0.148221 0.599490
vt 0.144758 0.576415
vt 0.135214 0.592384
vt 0.136958 0.573185
vt 0.128253 0.588805
vt 0.129389 0.570022
vt 0.121717 0.585970
vt 0.122195 0.567402
vt 0.115894 0.583755
vt 0.115190 0.565319
vt 0.110252 0.581817
vt 0.107906 0.563599
vt 0.104228 0.580073
vt 0.100115 0.562088
vt 0.097520 0.578604
vt 0.091627 0.560792
vt 0.090309 0.577748
vt 0.101976 0.905895
vt 0.110418 0.904048
vt 0.105736 0.887035
vt 0.098140 0.889143
vt 0.118411 0.902296
vt 0.112986 0.884869
vt 0.126225 0.900706
vt 0.120391 0.882696
vt 0.133988 0.899217
vt 0.127668 0.880733
vt 0.141860 0.897323
vt 0.134834 0.879082
vt 0.149958 0.894647
vt 0.142040 0.877178
vt 0.158181 0.891268
vt 0.148882 0.874609
vt 0.158874 0.310580
vt 0.149981 0.310038
vt 0.149640 0.328819
vt 0.157197 0.329849
vt 0.141857 0.309693
vt 0.142017 0.328395
vt 0.134186 0.309508
vt 0.135008 0.328447
vt 0.127982 0.329019
vt 0.129203 0.348269
vt 0.135455 0.347886
vt 0.123097 0.348975
vt 0.124900 0.369156
vt 0.130130 0.368717
vt 0.117188 0.349901
vt 0.119660 0.369653
vt 0.111121 0.351114
vt 0.114348 0.370353
vt 0.105221 0.352608
vt 0.108953 0.371307
vt 0.137907 0.614827
vt 0.132250 0.612218
vt 0.125244 0.629226
vt 0.130499 0.631612
vt 0.125766 0.609173
vt 0.119396 0.626693
vt 0.119498 0.606357
vt 0.113598 0.624406
vt 0.113842 0.604026
vt 0.108314 0.622458
vt 0.108723 0.601968
vt 0.103345 0.620711
vt 0.103948 0.600081
vt 0.098866 0.619266
vt 0.099212 0.598421
vt 0.094513 0.618094
vt 0.094127 0.597138
vt 0.090216 0.617115
vt 0.088709 0.596320
vt 0.085577 0.616222
vt 0.094816 0.870526
vt 0.101001 0.868963
vt 0.097680 0.849313
vt 0.092533 0.850167
vt 0.107460 0.866700
vt 0.103432 0.847970
vt 0.114308 0.864532
vt 0.109578 0.846436
vt 0.121493 0.862328
vt 0.116069 0.844617
vt 0.128449 0.860296
vt 0.122339 0.842694
vt 0.134867 0.858309
vt 0.128071 0.840727
vt 0.140815 0.856400
vt 0.133518 0.838632
vt 0.153429 0.349693
vt 0.147595 0.348444
vt 0.145501 0.368677
vt 0.150732 0.368916
vt 0.141514 0.347896
vt 0.140483 0.368640
vt 0.135264 0.368626
vt 0.136545 0.389383
vt 0.141562 0.388975
vt 0.131657 0.389760
vt 0.133817 0.410088
vt 0.138837 0.409775
vt 0.126836 0.390143
vt 0.128808 0.410264
vt 0.121842 0.390505
vt 0.123862 0.410462
vt 0.117090 0.390873
vt 0.119125 0.410584
vt 0.111996 0.391203
vt 0.114400 0.410569
vt 0.122607 0.649441
vt 0.118011 0.647200
vt 0.111746 0.665690
vt 0.116057 0.667202
vt 0.113099 0.644955
vt 0.107051 0.663722
vt 0.108120 0.642806
vt 0.102375 0.661520
vt 0.103338 0.640845
vt 0.097909 0.659240
vt 0.098799 0.639159
vt 0.093323 0.656808
vt 0.094430 0.637645
vt 0.088837 0.654464
vt 0.090199 0.636232
vt 0.084500 0.652301
vt 0.086000 0.634983
vt 0.080092 0.650212
vt 0.081712 0.633855
vt 0.075675 0.648217
vt 0.090762 0.832008
vt 0.095189 0.830753
vt 0.090693 0.814348
vt 0.086292 0.816947
vt 0.100308 0.829279
vt 0.095618 0.811415
vt 0.105757 0.827650
vt 0.111291 0.825989
vt 0.116650 0.824317
vt 0.121586 0.822690
vt 0.116152 0.801637
vt 0.126272 0.821057
vt 0.120605 0.801076
vt 0.151217 0.388200
vt 0.146377 0.388591
vt 0.148752 0.409595
vt 0.153506 0.409360
vt 0.143949 0.409497
vt 0.145365 0.427926
vt 0.150463 0.428161
vt 0.140074 0.427670
vt 0.139602 0.442152
vt 0.144569 0.442625
vt 0.134908 0.427478
vt 0.134867 0.442062
vt 0.129704 0.427385
vt 0.124596 0.427370
vt 0.119586 0.427373
vt 0.114746 0.427045
vt 0.115019 0.442742
vt 0.114509 0.683177
vt 0.109506 0.682355
vt 0.110316 0.697839
vt 0.116141 0.698450
vt 0.104215 0.681184
vt 0.103959 0.696793
vt 0.103131 0.709695
vt 0.110606 0.711277
vt 0.102132 0.719015
vt 0.109859 0.721029
vt 0.092910 0.717624
vt 0.092380 0.725852
vt 0.101704 0.726791
vt 0.080388 0.717245
vt 0.079761 0.725706
vt 0.062581 0.719141
vt 0.063128 0.726677
vt 0.062010 0.711405
vt 0.043074 0.716215
vt 0.044222 0.722275
vt 0.061598 0.703184
vt 0.041562 0.710523
vt 0.058230 0.698589
vt 0.039729 0.705269
vt 0.054966 0.692935
vt 0.037675 0.700013
vt 0.071337 0.682840
vt 0.081725 0.669634
vt 0.066227 0.677989
vt 0.051710 0.687401
vt 0.076762 0.666122
vt 0.072313 0.662885
vt 0.062021 0.673275
vt 0.067945 0.659596
vt 0.058165 0.668610
vt 0.078937 0.805212
vt 0.082801 0.801075
vt 0.071741 0.791787
vt 0.068554 0.796947
vt 0.087526 0.795998
vt 0.075549 0.785820
vt 0.060062 0.779147
vt 0.057593 0.785126
vt 0.062143 0.773045
vt 0.043898 0.769435
vt 0.042829 0.774755
vt 0.063389 0.767052
vt 0.044494 0.764302
vt 0.064006 0.760995
vt 0.044871 0.759025
vt 0.064141 0.754777
vt 0.045195 0.753448
vt 0.082203 0.755809
vt 0.095727 0.756753
vt 0.081457 0.748345
vt 0.064059 0.748302
vt 0.094088 0.748266
vt 0.104756 0.756792
vt 0.103369 0.748023
vt 0.093061 0.740654
vt 0.080638 0.740940
vt 0.102411 0.740503
vt 0.111111 0.747177
vt 0.110287 0.740019
vt 0.101826 0.733595
vt 0.092533 0.733334
vt 0.109797 0.733948
vt 0.117537 0.739495
vt 0.117103 0.734321
vt 0.109699 0.727900
vt 0.116826 0.728892
vt 0.129648 0.469622
vt 0.135888 0.470531
vt 0.136862 0.463169
vt 0.132482 0.463514
vt 0.116685 0.722651
vt 0.123430 0.466142
vt 0.116634 0.712224
vt 0.117255 0.456789
vt 0.138355 0.453330
vt 0.134239 0.453698
vt 0.079969 0.733496
vt 0.063502 0.734154
vt 0.063823 0.741440
vt 0.045408 0.734973
vt 0.045553 0.741427
vt 0.044973 0.728552
vt 0.026400 0.730655
vt 0.026788 0.735936
vt 0.025806 0.725545
vt 0.007863 0.728157
vt 0.008288 0.732691
vt 0.024989 0.720562
vt 0.007324 0.723682
vt 0.023906 0.715675
vt 0.006716 0.719327
vt 0.022524 0.710783
vt 0.005895 0.714949
vt 0.020945 0.705882
vt 0.004793 0.710554
vt 0.019252 0.700987
vt 0.003507 0.706236
vt 0.035516 0.694748
vt 0.033230 0.689334
vt 0.017426 0.696131
vt 0.048543 0.681956
vt 0.045484 0.676351
vt 0.030848 0.684016
vt 0.055115 0.790942
vt 0.041336 0.780264
vt 0.039549 0.785750
vt 0.024302 0.776424
vt 0.023191 0.781170
vt 0.025192 0.771635
vt 0.008403 0.769455
vt 0.007829 0.773726
vt 0.025849 0.766865
vt 0.008816 0.765071
vt 0.026328 0.762110
vt 0.009080 0.760660
vt 0.026678 0.757202
vt 0.009236 0.756180
vt 0.026906 0.752099
vt 0.009277 0.751597
vt 0.027031 0.746854
vt 0.009168 0.746918
vt 0.045447 0.747608
vt 0.027010 0.741413
vt 0.008943 0.742192
vt 0.008633 0.737374
vt 0.074356 0.135370
vt 0.055203 0.135217
vt 0.055030 0.139922
vt 0.074139 0.140923
vt 0.074343 0.129981
vt 0.055191 0.130535
vt 0.039156 0.130911
vt 0.039175 0.135011
vt 0.055046 0.125887
vt 0.038898 0.126826
vt 0.074101 0.124777
vt 0.054718 0.121244
vt 0.038447 0.122786
vt 0.073652 0.119632
vt 0.054232 0.116601
vt 0.037817 0.118712
vt 0.073035 0.114619
vt 0.053614 0.112034
vt 0.037016 0.114645
vt 0.072203 0.109539
vt 0.052850 0.107301
vt 0.036050 0.110443
vt 0.071185 0.104381
vt 0.051942 0.102486
vt 0.034910 0.106147
vt 0.070206 0.099239
vt 0.050888 0.097597
vt 0.033589 0.101697
vt 0.069242 0.094117
vt 0.002009 0.702019
vt 0.068267 0.088967
vt 0.049791 0.092707
vt 0.015519 0.691522
vt 0.000388 0.697826
vt 0.065749 0.181875
vt 0.067125 0.176910
vt 0.048872 0.172110
vt 0.047528 0.176907
vt 0.007071 0.778081
vt 0.031861 0.166781
vt 0.030115 0.171378
vt 0.050148 0.167405
vt 0.033420 0.162513
vt 0.068464 0.172059
vt 0.051327 0.162813
vt 0.034791 0.158550
vt 0.069776 0.167090
vt 0.052367 0.158278
vt 0.036020 0.154594
vt 0.070971 0.162078
vt 0.053291 0.153740
vt 0.037078 0.150678
vt 0.072059 0.156977
vt 0.054075 0.149180
vt 0.037941 0.146789
vt 0.072996 0.151741
vt 0.054665 0.144589
vt 0.038591 0.142935
vt 0.073692 0.146368
vt 0.039007 0.138981
vt 0.026683 0.137951
vt 0.026206 0.141077
vt 0.026885 0.134744
vt 0.026760 0.131447
vt 0.018096 0.131928
vt 0.026337 0.128187
vt 0.017629 0.129661
vt 0.025667 0.124849
vt 0.016863 0.127241
vt 0.024790 0.121532
vt 0.015861 0.124785
vt 0.023730 0.118079
vt 0.014614 0.122212
vt 0.022457 0.114518
vt 0.013069 0.119511
vt 0.020985 0.110875
vt 0.019212 0.106986
vt 0.017067 0.102841
vt 0.032103 0.097022
vt 0.015398 0.164201
vt 0.017881 0.160229
vt 0.008191 0.152529
vt 0.004909 0.154986
vt 0.019912 0.156652
vt 0.010852 0.150056
vt 0.021652 0.153415
vt 0.012950 0.147774
vt 0.023192 0.150273
vt 0.014610 0.145666
vt 0.024478 0.147188
vt 0.015962 0.143545
vt 0.025475 0.144131
vt 0.017042 0.141240
vt 0.008017 0.142236
vt 0.006098 0.143125
vt 0.006604 0.138071
vt 0.005290 0.138082
vt 0.007025 0.135923
vt 0.006025 0.135673
vt 0.008915 0.134948
vt 0.008135 0.134223
vt 0.007193 0.133683
vt 0.011370 0.131671
vt 0.010587 0.130123
vt 0.011687 0.133145
vt 0.003472 0.137948
vt 0.000604 0.137541
vt 0.000388 0.143415
vt 0.003603 0.143706
vt 0.112256 0.756326
vt 0.119459 0.755496
vt 0.118065 0.745653
vt 0.113048 0.767782
vt 0.119544 0.767702
vt 0.113689 0.782225
vt 0.118937 0.782533
vt 0.155940 0.428424
vt 0.150128 0.443328
vt 0.156281 0.443971
vt 0.325007 0.497451
vt 0.332245 0.500031
vt 0.530108 0.556557
vt 0.481676 0.850835
vt 0.415392 0.388846
vt 0.517084 0.116552
vt 0.276495 0.795781
vt 0.266940 0.272450
vt 0.251112 0.275743
vt 0.247041 0.925559
vt 0.678688 0.110316
vt 0.490453 0.198759
vt 0.508798 0.202439
vt 0.515714 0.212432
vt 0.684310 0.243948
vt 0.807254 0.408539
vt 0.816476 0.403758
vt 0.877310 0.331515
vt 0.877087 0.318368
vt 0.870542 0.318226
vt 0.869789 0.331347
vt 0.875736 0.303197
vt 0.870230 0.303536
vt 0.865162 0.303652
vt 0.868581 0.287093
vt 0.864169 0.287440
vt 0.873128 0.286599
vt 0.870470 0.269269
vt 0.866218 0.269750
vt 0.861998 0.270250
vt 0.863534 0.252361
vt 0.859233 0.253002
vt 0.854954 0.253670
vt 0.867828 0.251716
vt 0.857985 0.361031
vt 0.847499 0.373017
vt 0.850385 0.375793
vt 0.839723 0.387559
vt 0.843347 0.390873
vt 0.836623 0.384481
vt 0.826142 0.395145
vt 0.844673 0.199399
vt 0.813052 0.484039
vt 0.822679 0.486927
vt 0.805438 0.482111
vt 0.798545 0.480600
vt 0.801335 0.494098
vt 0.807966 0.496729
vt 0.795182 0.491906
vt 0.791812 0.479462
vt 0.789671 0.490200
vt 0.789898 0.505025
vt 0.795049 0.507424
vt 0.785144 0.503097
vt 0.784470 0.488949
vt 0.780674 0.501428
vt 0.778223 0.518351
vt 0.782393 0.520431
vt 0.774254 0.516492
vt 0.820847 0.553578
vt 0.834641 0.544845
vt 0.832099 0.540701
vt 0.818156 0.550124
vt 0.766049 0.531668
vt 0.769714 0.533742
vt 0.804763 0.561209
vt 0.807653 0.564255
vt 0.815139 0.546385
vt 0.801707 0.558109
vt 0.793299 0.572412
vt 0.796362 0.575438
vt 0.790324 0.569443
vt 0.798580 0.555070
vt 0.787429 0.566533
vt 0.780663 0.578157
vt 0.783174 0.581491
vt 0.778291 0.575188
vt 0.784504 0.563752
vt 0.775959 0.572543
vt 0.771353 0.579825
vt 0.772632 0.582825
vt 0.769944 0.577398
vt 0.773612 0.570198
vt 0.768377 0.575530
vt 0.765324 0.578258
vt 0.766595 0.573976
vt 0.763238 0.579826
vt 0.771168 0.568044
vt 0.768459 0.566102
vt 0.764491 0.572692
vt 0.778418 0.558634
vt 0.775182 0.556269
vt 0.781560 0.561134
vt 0.791870 0.548965
vt 0.788304 0.546036
vt 0.795314 0.551989
vt 0.808128 0.538995
vt 0.804036 0.535233
vt 0.811823 0.542681
vt 0.825461 0.531341
vt 0.821043 0.526347
vt 0.829091 0.536206
vt 0.841698 0.528449
vt 0.838242 0.522118
vt 0.844285 0.534026
vt 0.855245 0.530993
vt 0.853928 0.523512
vt 0.846197 0.539065
vt 0.855905 0.537084
vt 0.863542 0.537470
vt 0.864501 0.530504
vt 0.785956 0.478915
vt 0.785766 0.471246
vt 0.869367 0.539955
vt 0.784752 0.465341
vt 0.875952 0.545831
vt 0.783556 0.457442
vt 0.833691 0.515606
vt 0.828191 0.509541
vt 0.816345 0.521774
vt 0.821892 0.504343
vt 0.811273 0.517607
vt 0.799857 0.531803
vt 0.805844 0.513774
vt 0.795391 0.528515
vt 0.784546 0.543226
vt 0.790840 0.525446
vt 0.780876 0.540657
vt 0.771823 0.553971
vt 0.777012 0.538146
vt 0.768253 0.551741
vt 0.765407 0.564391
vt 0.762077 0.562885
vt 0.764631 0.549639
vt 0.758382 0.561501
vt 0.759287 0.571282
vt 0.762077 0.571803
vt 0.755939 0.571078
vt 0.754288 0.560122
vt 0.751910 0.571179
vt 0.756886 0.577054
vt 0.759143 0.576367
vt 0.760919 0.547576
vt 0.757064 0.545436
vt 0.749641 0.558592
vt 0.746757 0.571481
vt 0.774952 0.591942
vt 0.786017 0.585238
vt 0.773764 0.586702
vt 0.773381 0.535902
vt 0.786523 0.522753
vt 0.800361 0.510342
vt 0.815218 0.500135
vt 0.831696 0.491364
vt 0.840782 0.478487
vt 0.847611 0.465780
vt 0.899162 0.332761
vt 0.427629 0.447455
vt 0.419602 0.446814
vt 0.486272 0.231310
vt 0.771974 0.546958
vt 0.776738 0.551437
vt 0.782028 0.543644
vt 0.778428 0.540064
vt 0.802892 0.433977
vt 0.811429 0.438604
vt 0.788387 0.536299
vt 0.785609 0.532991
vt 0.819451 0.444914
vt 0.823034 0.442357
vt 0.826680 0.452649
vt 0.829593 0.450532
vt 0.827581 0.440220
vt 0.833053 0.448529
vt 0.836713 0.460072
vt 0.839612 0.458153
vt 0.836845 0.446706
vt 0.832967 0.438497
vt 0.842740 0.456197
vt 0.847314 0.468108
vt 0.850127 0.465985
vt 0.846097 0.454259
vt 0.841015 0.444973
vt 0.852984 0.463883
vt 0.858416 0.475692
vt 0.861224 0.473496
vt 0.799169 0.393490
vt 0.795128 0.395565
vt 0.802695 0.407954
vt 0.806552 0.405607
vt 0.791945 0.380354
vt 0.788003 0.382208
vt 0.784995 0.367021
vt 0.781199 0.368875
vt 0.783947 0.384119
vt 0.790924 0.397670
vt 0.777276 0.370748
vt 0.774396 0.356133
vt 0.770527 0.358206
vt 0.773297 0.372634
vt 0.779877 0.386031
vt 0.766611 0.360262
vt 0.764444 0.347799
vt 0.760696 0.349965
vt 0.762753 0.362239
vt 0.769336 0.374501
vt 0.756715 0.351976
vt 0.753359 0.344586
vt 0.752361 0.353949
vt 0.758776 0.364264
vt 0.749051 0.345729
vt 0.866788 0.522132
vt 0.866923 0.518065
vt 0.856463 0.518511
vt 0.856367 0.522288
vt 0.870888 0.509643
vt 0.874112 0.507510
vt 0.868291 0.499190
vt 0.865232 0.501206
vt 0.877180 0.505651
vt 0.871344 0.497128
vt 0.880327 0.503826
vt 0.874312 0.495095
vt 0.883582 0.502016
vt 0.877318 0.492983
vt 0.771666 0.343014
vt 0.768032 0.345488
vt 0.778174 0.354090
vt 0.765429 0.335725
vt 0.869640 0.483167
vt 0.866748 0.485390
vt 0.863856 0.487568
vt 0.855641 0.477852
vt 0.852778 0.480096
vt 0.860876 0.489771
vt 0.844528 0.470265
vt 0.841687 0.472445
vt 0.849914 0.482349
vt 0.833718 0.462320
vt 0.805290 0.521487
vt 0.806247 0.525218
vt 0.818602 0.523498
vt 0.818450 0.519880
vt 0.793983 0.526313
vt 0.795979 0.529731
vt 0.789412 0.429152
vt 0.794136 0.427351
vt 0.788904 0.414938
vt 0.784498 0.416819
vt 0.793206 0.440107
vt 0.798550 0.438430
vt 0.804394 0.435758
vt 0.799449 0.425043
vt 0.810991 0.431714
vt 0.804908 0.421856
vt 0.816627 0.427120
vt 0.809925 0.418718
vt 0.820717 0.422593
vt 0.814285 0.415615
vt 0.837977 0.436960
vt 0.798071 0.410493
vt 0.793459 0.412895
vt 0.786679 0.399742
vt 0.782409 0.401706
vt 0.775839 0.387895
vt 0.771852 0.389659
vt 0.778250 0.403438
vt 0.765421 0.376361
vt 0.844435 0.522815
vt 0.844423 0.519004
vt 0.831643 0.519472
vt 0.831640 0.523170
vt 0.858011 0.491900
vt 0.896291 0.332291
vt 0.757733 0.332291
vt 0.335686 0.363813
vt 0.313382 0.359360
vt 0.317083 0.350121
vt 0.337812 0.352845
vt 0.330664 0.379983
vt 0.320906 0.394647
vt 0.303681 0.385337
vt 0.309157 0.371565
vt 0.340542 0.389689
vt 0.333966 0.404679
vt 0.352923 0.344639
vt 0.354551 0.354373
vt 0.358774 0.361095
vt 0.346493 0.372313
vt 0.864356 0.493244
vt 0.851554 0.484234
vt 0.857345 0.471674
vt 0.866008 0.476518
vt 0.866974 0.510708
vt 0.851690 0.514808
vt 0.847372 0.505634
vt 0.839651 0.497527
vt 0.883118 0.484045
vt 0.882763 0.494689
vt 0.833727 0.424593
vt 0.826050 0.419465
vt 0.834377 0.403950
vt 0.839262 0.407908
vt 0.844074 0.410018
vt 0.840067 0.424417
vt 0.837403 0.436009
vt 0.828525 0.438054
vt 0.822558 0.432812
vt 0.826489 0.425889
vt 0.836156 0.430879
vt 0.829347 0.431025
vt 0.821327 0.431717
vt 0.812287 0.422867
vt 0.810124 0.414831
vt 0.820176 0.409445
vt 0.829546 0.399062
vt 0.261632 0.310415
vt 0.257196 0.299985
vt 0.272788 0.293315
vt 0.277737 0.300134
vt 0.289531 0.308212
vt 0.283056 0.320295
vt 0.275910 0.332262
vt 0.255952 0.325206
vt 0.229370 0.323112
vt 0.232479 0.309743
vt 0.233069 0.301571
vt 0.841182 0.204919
vt 0.843497 0.203075
vt 0.843730 0.211913
vt 0.840051 0.212165
vt 0.835917 0.211752
vt 0.839122 0.202817
vt 0.842407 0.199945
vt 0.002553 0.122816
vt 0.000388 0.120848
vt 0.006163 0.110646
vt 0.009073 0.113829
vt 0.011305 0.116766
vt 0.004498 0.123457
vt 0.000676 0.126141
vt 0.225476 0.326810
vt 0.239610 0.338766
vt 0.232984 0.350820
vt 0.216191 0.340562
vt 0.802795 0.462065
vt 0.795659 0.461258
vt 0.795826 0.450739
vt 0.801900 0.449612
vt 0.808234 0.447385
vt 0.809350 0.461375
vt 0.793004 0.463715
vt 0.793044 0.455936
vt 0.803090 0.454833
vt 0.807839 0.470609
vt 0.800846 0.470786
vt 0.792855 0.470592
vt 0.879059 0.518107
vt 0.881821 0.517405
vt 0.884116 0.520903
vt 0.880082 0.521755
vt 0.874418 0.522025
vt 0.874526 0.517828
vt 0.875552 0.515323
vt 0.878439 0.513062
vt 0.885620 0.514988
vt 0.884131 0.516602
vt 0.880990 0.511642
vt 0.883912 0.510324
vt 0.887158 0.509305
vt 0.888047 0.516158
vt 0.886519 0.519400
vt 0.757174 0.586657
vt 0.761676 0.584198
vt 0.766022 0.587086
vt 0.763985 0.591610
vt 0.749624 0.581940
vt 0.753903 0.578653
vt 0.758333 0.581767
vt 0.760850 0.581788
vt 0.600874 0.231310
vt 0.582142 0.225792
vt 0.583179 0.213748
vt 0.592744 0.213633
vt 0.531616 0.249189
vt 0.518454 0.260820
vt 0.510220 0.243726
vt 0.523207 0.233223
vt 0.531953 0.250019
vt 0.532545 0.232087
vt 0.538725 0.234808
vt 0.544578 0.254928
vt 0.865777 0.457131
vt 0.873008 0.460307
vt 0.879361 0.462597
vt 0.873694 0.476991
vt 0.869534 0.469627
vt 0.885326 0.475221
vt 0.881270 0.508402
vt 0.895399 0.336349
vt 0.891029 0.339494
vt 0.889390 0.336748
vt 0.896070 0.334145
vt 0.898311 0.334729
vt 0.897162 0.336990
vt 0.892992 0.341854
vt 0.884750 0.531258
vt 0.890717 0.516549
vt 0.896982 0.521832
vt 0.893565 0.534076
vt 0.879558 0.537924
vt 0.871931 0.532363
vt 0.874065 0.523674
vt 0.442804 0.219443
vt 0.452332 0.201608
vt 0.459394 0.205304
vt 0.451634 0.221674
vt 0.437166 0.211605
vt 0.446568 0.196719
vt 0.903716 0.500788
vt 0.906082 0.507784
vt 0.865486 0.522310
vt 0.902940 0.493524
vt 0.332061 0.332955
vt 0.346231 0.335512
vt 0.338960 0.341972
vt 0.323852 0.339703
vt 0.327773 0.325904
vt 0.347104 0.328803
vt 0.306233 0.329138
vt 0.084148 0.692584
vt 0.077705 0.687220
vt 0.087309 0.673344
vt 0.092929 0.676544
vt 0.096437 0.694722
vt 0.094476 0.707938
vt 0.082348 0.707265
vt 0.098076 0.679146
vt 0.878349 0.440817
vt 0.878697 0.431341
vt 0.896033 0.421829
vt 0.899125 0.427580
vt 0.859369 0.442028
vt 0.861968 0.434794
vt 0.853692 0.453214
vt 0.903469 0.432179
vt 0.885796 0.445151
vt 0.536862 0.534115
vt 0.513984 0.544920
vt 0.508762 0.535378
vt 0.529265 0.524408
vt 0.532145 0.548357
vt 0.514919 0.551633
vt 0.300479 0.490112
vt 0.275807 0.472523
vt 0.279222 0.459375
vt 0.301691 0.473404
vt 0.290916 0.499573
vt 0.270105 0.482478
vt 0.317754 0.481497
vt 0.316167 0.494619
vt 0.757105 0.337751
vt 0.759938 0.341294
vt 0.756895 0.343152
vt 0.754950 0.338238
vt 0.754580 0.335347
vt 0.757408 0.335258
vt 0.762658 0.338905
vt 0.849575 0.202941
vt 0.853209 0.209395
vt 0.849623 0.210418
vt 0.847148 0.202320
vt 0.846981 0.199247
vt 0.850312 0.200122
vt 0.856593 0.207674
vt 0.012994 0.135870
vt 0.018150 0.136658
vt 0.017748 0.139017
vt 0.011744 0.137067
vt 0.011855 0.134445
vt 0.018315 0.134263
vt 0.009780 0.135788
vt 0.189122 0.189366
vt 0.189048 0.180687
vt 0.206805 0.189177
vt 0.199484 0.197841
vt 0.371736 0.455102
vt 0.358557 0.443881
vt 0.363542 0.424254
vt 0.376818 0.431916
vt 0.569200 0.563432
vt 0.556800 0.565536
vt 0.555324 0.555726
vt 0.564368 0.549614
vt 0.390646 0.436426
vt 0.388601 0.457035
vt 0.387399 0.472806
vt 0.375450 0.472243
vt 0.564667 0.577836
vt 0.556381 0.575364
vt 0.990869 0.479759
vt 0.991995 0.479646
vt 0.990361 0.482984
vt 0.988907 0.481364
vt 0.988095 0.479680
vt 0.990675 0.478745
vt 0.991552 0.478297
vt 0.752788 0.336277
vt 0.752396 0.339099
vt 0.748565 0.339275
vt 0.750440 0.334828
vt 0.753308 0.332677
vt 0.330855 0.990781
vt 0.340012 0.985334
vt 0.323270 0.986996
vt 0.332293 0.975802
vt 0.296001 0.867368
vt 0.295094 0.887237
vt 0.273797 0.885332
vt 0.271862 0.867653
vt 0.324313 0.880161
vt 0.321424 0.892318
vt 0.309406 0.858434
vt 0.330117 0.871328
vt 0.267419 0.849347
vt 0.284929 0.846003
vt 0.298791 0.841352
vt 0.254514 0.342752
vt 0.248703 0.358518
vt 0.764758 0.581468
vt 0.763928 0.580590
vt 0.766256 0.579524
vt 0.766867 0.581352
vt 0.763646 0.582763
vt 0.762326 0.581370
vt 0.766862 0.583796
vt 0.760739 0.579807
vt 0.760691 0.580591
vt 0.759100 0.579996
vt 0.760056 0.578986
vt 0.761488 0.579782
vt 0.761819 0.580535
vt 0.761127 0.578833
vt 0.761959 0.578523
vt 0.762622 0.576471
vt 0.764113 0.577204
vt 0.762524 0.579206
vt 0.761009 0.576214
vt 0.997625 0.478088
vt 0.994498 0.479159
vt 0.993130 0.477401
vt 0.994436 0.476268
vt 0.999612 0.486861
vt 0.995282 0.485746
vt 0.995237 0.470314
vt 0.999588 0.469272
vt 0.623650 0.855323
vt 0.633685 0.844046
vt 0.642934 0.850921
vt 0.636867 0.863610
vt 0.618612 0.840046
vt 0.626835 0.834686
vt 0.606921 0.858227
vt 0.607043 0.843729
vt 0.126407 0.453705
vt 0.125158 0.442638
vt 0.130197 0.442292
vt 0.130483 0.454312
vt 0.127975 0.462295
vt 0.123048 0.455887
vt 0.120172 0.442917
vt 0.629355 0.934926
vt 0.633310 0.927507
vt 0.641650 0.934908
vt 0.633264 0.942029
vt 0.620992 0.935471
vt 0.622301 0.923909
vt 0.622475 0.945508
vt 0.400438 0.393290
vt 0.407712 0.390985
vt 0.407831 0.406837
vt 0.397441 0.404765
vt 0.385682 0.399495
vt 0.392042 0.386899
vt 0.398256 0.379138
vt 0.503219 0.592718
vt 0.495648 0.615448
vt 0.469990 0.616482
vt 0.472487 0.598664
vt 0.522897 0.594415
vt 0.513623 0.615218
vt 0.232889 0.161255
vt 0.202152 0.171140
vt 0.199791 0.153188
vt 0.224034 0.141138
vt 0.306102 0.314305
vt 0.327092 0.316478
vt 0.296178 0.341450
vt 0.269800 0.945762
vt 0.263711 0.952044
vt 0.253990 0.940287
vt 0.266105 0.935508
vt 0.279705 0.933662
vt 0.279609 0.947062
vt 0.275557 0.958127
vt 0.990008 0.477980
vt 0.990718 0.477368
vt 0.987808 0.477875
vt 0.988104 0.476022
vt 0.992918 0.475661
vt 0.992045 0.476003
vt 0.990123 0.472887
vt 0.992040 0.471562
vt 0.818683 0.455539
vt 0.815505 0.441249
vt 0.839512 0.447133
vt 0.834333 0.460163
vt 0.833549 0.430885
vt 0.843525 0.438354
vt 0.503071 0.226649
vt 0.493789 0.228449
vt 0.488042 0.217699
vt 0.495780 0.213316
vt 0.815692 0.434715
vt 0.806927 0.428569
vt 0.502774 0.207735
vt 0.509873 0.218540
vt 0.419602 0.475131
vt 0.420007 0.459046
vt 0.430547 0.458651
vt 0.435578 0.468624
vt 0.469723 0.208454
vt 0.481753 0.203836
vt 0.478860 0.221643
vt 0.471131 0.183898
vt 0.479152 0.181953
vt 0.464425 0.182830
vt 0.460644 0.223069
vt 0.900688 0.336814
vt 0.902137 0.335467
vt 0.902900 0.339251
vt 0.900322 0.339532
vt 0.899624 0.335681
vt 0.900900 0.333786
vt 0.898412 0.338403
vt 0.828625 0.473653
vt 0.816260 0.471307
vt 0.098437 0.782703
vt 0.093074 0.789772
vt 0.079282 0.779048
vt 0.081949 0.772191
vt 0.106170 0.804782
vt 0.101439 0.808005
vt 0.097767 0.767177
vt 0.106218 0.767625
vt 0.107838 0.782123
vt 0.082704 0.763507
vt 0.111465 0.802704
vt 0.144515 0.461675
vt 0.147745 0.465648
vt 0.141810 0.469380
vt 0.140536 0.462851
vt 0.147431 0.454638
vt 0.153852 0.456625
vt 0.142316 0.453439
vt 0.004689 0.131240
vt 0.006165 0.133122
vt 0.004725 0.135194
vt 0.002158 0.133588
vt 0.008321 0.126929
vt 0.009582 0.128608
vt 0.002323 0.129439
vt 0.006486 0.125067
vt 0.008867 0.138083
vt 0.010672 0.139973
vt 0.009503 0.141217
vt 0.007690 0.138005
vt 0.007940 0.136301
vt 0.009119 0.136913
vt 0.011446 0.138478
vt 0.494853 0.803808
vt 0.465996 0.809163
vt 0.466557 0.787393
vt 0.489221 0.778595
vt 0.510550 0.765712
vt 0.519157 0.783270
vt 0.517011 0.810492
vt 0.505468 0.829423
vt 0.486601 0.829121
vt 0.533519 0.793106
vt 0.463637 0.829478
vt 0.201622 0.759084
vt 0.194648 0.737128
vt 0.197513 0.782365
vt 0.221343 0.765546
vt 0.216267 0.783600
vt 0.224951 0.739674
vt 0.236695 0.748070
vt 0.214788 0.725359
vt 0.230987 0.712117
vt 0.242771 0.722802
vt 0.479910 0.984807
vt 0.459654 0.994956
vt 0.456136 0.970276
vt 0.473206 0.964976
vt 0.490075 0.957857
vt 0.498130 0.975322
vt 0.508645 0.950693
vt 0.515650 0.968066
vt 0.470838 0.939543
vt 0.487575 0.935956
vt 0.506607 0.931582
vt 0.525572 0.926681
vt 0.527724 0.945351
vt 0.489973 0.912676
vt 0.508073 0.909495
vt 0.527708 0.905050
vt 0.543620 0.903234
vt 0.541603 0.923631
vt 0.511714 0.888551
vt 0.532086 0.883542
vt 0.549776 0.883246
vt 0.565566 0.887160
vt 0.559393 0.905311
vt 0.536051 0.865421
vt 0.555085 0.866702
vt 0.572054 0.871294
vt 0.587365 0.875110
vt 0.581457 0.891103
vt 0.560016 0.852186
vt 0.576604 0.857133
vt 0.592474 0.859201
vt 0.602065 0.876917
vt 0.581650 0.843378
vt 0.595298 0.844706
vt 0.586095 0.829296
vt 0.596024 0.830533
vt 0.605385 0.829825
vt 0.613901 0.827330
vt 0.597506 0.817270
vt 0.604228 0.816881
vt 0.610408 0.815042
vt 0.615893 0.811821
vt 0.620993 0.823501
vt 0.480113 0.581613
vt 0.477172 0.576749
vt 0.489113 0.572327
vt 0.491902 0.577801
vt 0.494147 0.583312
vt 0.482411 0.586589
vt 0.495884 0.588942
vt 0.484598 0.591942
vt 0.505492 0.574416
vt 0.507263 0.581164
vt 0.507870 0.587608
vt 0.129793 0.109233
vt 0.128554 0.116981
vt 0.114895 0.113551
vt 0.116664 0.106690
vt 0.518991 0.579585
vt 0.519353 0.587730
vt 0.142430 0.109488
vt 0.142372 0.119310
vt 0.139222 0.130870
vt 0.124761 0.127281
vt 0.153516 0.106358
vt 0.155038 0.119464
vt 0.153641 0.134466
vt 0.146786 0.150253
vt 0.130730 0.145233
vt 0.165637 0.117831
vt 0.165637 0.135929
vt 0.159150 0.154291
vt 0.151038 0.168793
vt 0.140400 0.165303
vt 0.843652 0.950367
vt 0.844927 0.930808
vt 0.853657 0.930514
vt 0.852575 0.950650
vt 0.850997 0.967724
vt 0.841688 0.966963
vt 0.852139 0.983262
vt 0.843117 0.984022
vt 0.860449 0.950682
vt 0.859931 0.967748
vt 0.860762 0.982671
vt 0.862745 0.996314
vt 0.855234 0.997466
vt 0.868334 0.967378
vt 0.868900 0.982257
vt 0.869594 0.995914
vt 0.856661 0.657217
vt 0.857255 0.671297
vt 0.848865 0.670459
vt 0.849743 0.656569
vt 0.876779 0.982036
vt 0.876359 0.995951
vt 0.863506 0.656769
vt 0.865088 0.671006
vt 0.866672 0.687464
vt 0.857654 0.687204
vt 0.870317 0.655348
vt 0.872802 0.669761
vt 0.875543 0.685960
vt 0.878142 0.702762
vt 0.867446 0.704134
vt 0.880775 0.667521
vt 0.884575 0.683135
vt 0.888301 0.700107
vt 0.890690 0.719237
vt 0.879626 0.720345
vt 0.749407 0.216442
vt 0.749780 0.199104
vt 0.759688 0.197661
vt 0.759365 0.215825
vt 0.758455 0.235298
vt 0.748827 0.235574
vt 0.758527 0.255138
vt 0.748366 0.255451
vt 0.769375 0.215387
vt 0.768612 0.234770
vt 0.768693 0.254097
vt 0.769335 0.273467
vt 0.759401 0.274577
vt 0.779185 0.234258
vt 0.778906 0.253316
vt 0.778785 0.272623
vt 0.778543 0.292225
vt 0.769583 0.292807
vt 0.789404 0.252542
vt 0.788625 0.271990
vt 0.787871 0.291627
vt 0.787341 0.311060
vt 0.777894 0.311435
vt 0.799087 0.271549
vt 0.797594 0.291291
vt 0.796796 0.310836
vt 0.796085 0.329422
vt 0.786694 0.329044
vt 0.807989 0.291769
vt 0.806304 0.311257
vt 0.804814 0.330197
vt 0.496683 0.103870
vt 0.496317 0.122032
vt 0.488165 0.121757
vt 0.488223 0.104055
vt 0.815843 0.312556
vt 0.813319 0.331515
vt 0.505017 0.103948
vt 0.504144 0.122390
vt 0.502211 0.140736
vt 0.494899 0.140421
vt 0.684953 0.153089
vt 0.680940 0.135679
vt 0.688928 0.133804
vt 0.692186 0.151818
vt 0.693878 0.169883
vt 0.687014 0.170755
vt 0.694696 0.187166
vt 0.687982 0.187856
vt 0.699322 0.150774
vt 0.700757 0.169113
vt 0.701674 0.186682
vt 0.701829 0.202817
vt 0.694782 0.203186
vt 0.707497 0.168429
vt 0.708486 0.186380
vt 0.708834 0.202864
vt 0.708076 0.217884
vt 0.701042 0.217528
vt 0.715200 0.186124
vt 0.715762 0.203182
vt 0.715089 0.218714
vt 0.713274 0.232539
vt 0.706425 0.231362
vt 0.722642 0.204000
vt 0.722237 0.220068
vt 0.720275 0.234507
vt 0.716427 0.246453
vt 0.710185 0.244737
vt 0.729789 0.222140
vt 0.727335 0.237175
vt 0.722755 0.248812
vt 0.835917 0.327640
vt 0.840605 0.315182
vt 0.846574 0.316152
vt 0.842981 0.328988
vt 0.840771 0.420364
vt 0.850279 0.425772
vt 0.847024 0.431906
vt 0.837290 0.425545
vt 0.850293 0.435619
vt 0.843963 0.435630
vt 0.846052 0.424368
vt 0.851627 0.424535
vt 0.849356 0.411362
vt 0.853991 0.412635
vt 0.844823 0.301893
vt 0.846452 0.287933
vt 0.851035 0.288010
vt 0.849929 0.302603
vt 0.854851 0.398782
vt 0.858575 0.400864
vt 0.863212 0.386597
vt 0.866408 0.389140
vt 0.851009 0.396459
vt 0.859955 0.384009
vt 0.870103 0.372291
vt 0.873154 0.375046
vt 0.847152 0.393809
vt 0.856688 0.381337
vt 0.866948 0.369403
vt 0.877210 0.358371
vt 0.880139 0.361150
vt 0.853476 0.378578
vt 0.863873 0.366575
vt 0.874316 0.355553
vt 0.883748 0.346097
vt 0.886320 0.348832
vt 0.860938 0.363813
vt 0.871443 0.352702
vt 0.881280 0.343233
vt 0.868637 0.349786
vt 0.878932 0.340283
vt 0.888139 0.333979
vt 0.861023 0.219551
vt 0.864639 0.234743
vt 0.860276 0.235552
vt 0.856884 0.220672
vt 0.856006 0.236372
vt 0.852793 0.221619
vt 0.851746 0.237127
vt 0.848860 0.222469
vt 0.846766 0.211438
vt 0.845319 0.203006
vt 0.844831 0.223215
vt 0.847530 0.237857
vt 0.843187 0.238592
vt 0.840704 0.223791
vt 0.838716 0.239309
vt 0.836129 0.224211
vt 0.894890 0.356503
vt 0.886025 0.366624
vt 0.883093 0.363896
vt 0.891854 0.354008
vt 0.897731 0.345737
vt 0.901041 0.347440
vt 0.888975 0.351438
vt 0.895072 0.343838
vt 0.876229 0.377812
vt 0.842039 0.255748
vt 0.846383 0.255025
vt 0.849409 0.271861
vt 0.845078 0.272371
vt 0.850760 0.254328
vt 0.853621 0.271321
vt 0.855429 0.287894
vt 0.857830 0.270775
vt 0.859927 0.287699
vt 0.860098 0.303545
vt 0.855011 0.303181
vt 0.858459 0.317589
vt 0.852523 0.316965
vt 0.856365 0.330653
vt 0.849795 0.329927
vt 0.864505 0.318012
vt 0.862964 0.331151
vt 0.704055 0.243644
vt 0.697849 0.243137
vt 0.699455 0.230856
vt 0.691428 0.243281
vt 0.692403 0.231060
vt 0.693983 0.217822
vt 0.685061 0.231998
vt 0.686937 0.218762
vt 0.687993 0.203918
vt 0.501144 0.174838
vt 0.503898 0.189748
vt 0.497731 0.193738
vt 0.494474 0.176946
vt 0.493615 0.158878
vt 0.500627 0.158355
vt 0.487166 0.179494
vt 0.486542 0.159467
vt 0.487258 0.140232
vt 0.478870 0.160077
vt 0.479241 0.140171
vt 0.479433 0.121553
vt 0.471324 0.140248
vt 0.470334 0.121514
vt 0.469727 0.104539
vt 0.479125 0.104400
vt 0.461450 0.121758
vt 0.460075 0.104264
vt 0.777001 0.328715
vt 0.767085 0.328374
vt 0.768032 0.311291
vt 0.757203 0.328490
vt 0.757436 0.310570
vt 0.759257 0.292904
vt 0.746757 0.309874
vt 0.747434 0.292618
vt 0.747840 0.274897
vt 0.887917 0.758905
vt 0.883555 0.776342
vt 0.871490 0.772626
vt 0.875923 0.755959
vt 0.879132 0.738081
vt 0.890448 0.739351
vt 0.863322 0.753048
vt 0.865801 0.736439
vt 0.866915 0.720381
vt 0.852895 0.735009
vt 0.854524 0.718865
vt 0.856428 0.703223
vt 0.843659 0.716772
vt 0.846122 0.700522
vt 0.848098 0.685444
vt 0.836480 0.698128
vt 0.838137 0.683282
vt 0.839954 0.668712
vt 0.828054 0.681462
vt 0.830696 0.666774
vt 0.834180 0.652134
vt 0.842200 0.654671
vt 0.820581 0.664574
vt 0.825666 0.649560
vt 0.144862 0.200921
vt 0.136223 0.201412
vt 0.136940 0.183596
vt 0.145669 0.184828
vt 0.847370 0.999612
vt 0.126202 0.202973
vt 0.126381 0.183958
vt 0.126438 0.163541
vt 0.115004 0.185780
vt 0.114068 0.163327
vt 0.117804 0.142048
vt 0.103665 0.163474
vt 0.105357 0.140291
vt 0.110999 0.124016
vt 0.094099 0.139875
vt 0.098145 0.121344
vt 0.101889 0.109881
vt 0.579361 0.127476
vt 0.580392 0.139324
vt 0.569134 0.141002
vt 0.567113 0.128085
vt 0.566010 0.118074
vt 0.578554 0.119292
vt 0.104241 0.101904
vt 0.555789 0.128812
vt 0.554598 0.116470
vt 0.627221 0.818502
vt 0.633515 0.827909
vt 0.620962 0.807609
vt 0.545574 0.130468
vt 0.544394 0.115766
vt 0.640818 0.834598
vt 0.536149 0.131938
vt 0.535047 0.116125
vt 0.648824 0.838663
vt 0.526795 0.132755
vt 0.526079 0.116479
vt 0.656819 0.841614
vt 0.652416 0.855545
vt 0.665022 0.843780
vt 0.661945 0.858531
vt 0.659304 0.874397
vt 0.648108 0.870353
vt 0.656232 0.891059
vt 0.644741 0.886879
vt 0.631789 0.882373
vt 0.641424 0.902875
vt 0.628181 0.898112
vt 0.613110 0.895176
vt 0.617320 0.878045
vt 0.597180 0.893314
vt 0.610147 0.909850
vt 0.593632 0.908876
vt 0.576806 0.907378
vt 0.592535 0.923325
vt 0.575415 0.922717
vt 0.558088 0.922614
vt 0.576412 0.937819
vt 0.560202 0.939166
vt 0.544393 0.941705
vt 0.564099 0.954492
vt 0.548685 0.958302
vt 0.532889 0.962682
vt 0.257250 0.686546
vt 0.268304 0.674747
vt 0.281340 0.684185
vt 0.270420 0.696535
vt 0.257555 0.708897
vt 0.244632 0.699080
vt 0.283653 0.705593
vt 0.269504 0.718655
vt 0.253053 0.732428
vt 0.279397 0.727851
vt 0.263349 0.742078
vt 0.250415 0.756195
vt 0.276568 0.751711
vt 0.267608 0.763268
vt 0.261192 0.773826
vt 0.240933 0.770658
vt 0.257926 0.784207
vt 0.236824 0.784222
vt 0.257380 0.795927
vt 0.237399 0.798932
vt 0.217554 0.801895
vt 0.240996 0.816497
vt 0.221241 0.820444
vt 0.201138 0.822913
vt 0.198370 0.802858
vt 0.204658 0.842667
vt 0.208749 0.861732
vt 0.213424 0.880230
vt 0.218955 0.898111
vt 0.225263 0.915391
vt 0.232809 0.932321
vt 0.242379 0.947732
vt 0.254691 0.960327
vt 0.269309 0.969281
vt 0.284151 0.974396
vt 0.298842 0.978344
vt 0.312275 0.982432
vt 0.320105 0.968597
vt 0.305419 0.964168
vt 0.311591 0.950428
vt 0.329390 0.956018
vt 0.289915 0.961256
vt 0.294547 0.947739
vt 0.621701 0.133894
vt 0.634692 0.128110
vt 0.642523 0.145714
vt 0.629522 0.149565
vt 0.295538 0.933983
vt 0.654440 0.141787
vt 0.660770 0.166088
vt 0.648835 0.166984
vt 0.636057 0.167334
vt 0.647526 0.121104
vt 0.662329 0.114418
vt 0.666400 0.138499
vt 0.295016 0.919767
vt 0.277420 0.919138
vt 0.275236 0.902864
vt 0.294386 0.903842
vt 0.261891 0.921036
vt 0.258276 0.904666
vt 0.255247 0.887506
vt 0.252563 0.870201
vt 0.241708 0.909108
vt 0.237146 0.891985
vt 0.233222 0.874501
vt 0.229280 0.856637
vt 0.249217 0.852204
vt 0.245498 0.834036
vt 0.263683 0.829925
vt 0.225145 0.838595
vt 0.259036 0.811630
vt 0.276409 0.808785
vt 0.279239 0.826474
vt 0.293670 0.808895
vt 0.294343 0.823591
vt 0.309214 0.810092
vt 0.309639 0.821470
vt 0.313253 0.835527
vt 0.260579 0.247039
vt 0.264540 0.261229
vt 0.248941 0.265368
vt 0.245292 0.252200
vt 0.239938 0.236959
vt 0.253637 0.231746
vt 0.322393 0.849431
vt 0.232607 0.221575
vt 0.244419 0.215731
vt 0.337148 0.860956
vt 0.222388 0.204451
vt 0.231039 0.197593
vt 0.358619 0.868677
vt 0.354915 0.878015
vt 0.383081 0.874383
vt 0.382088 0.882572
vt 0.381138 0.890494
vt 0.351928 0.886786
vt 0.380235 0.898377
vt 0.349971 0.895682
vt 0.680163 0.165659
vt 0.677181 0.196024
vt 0.669493 0.194098
vt 0.671157 0.165531
vt 0.677356 0.137062
vt 0.661106 0.192263
vt 0.659704 0.221169
vt 0.651447 0.216149
vt 0.642765 0.209734
vt 0.650971 0.189965
vt 0.632513 0.201403
vt 0.637702 0.185934
vt 0.344784 0.966245
vt 0.353347 0.979818
vt 0.668164 0.224831
vt 0.410118 0.900549
vt 0.409240 0.891777
vt 0.407875 0.883399
vt 0.406300 0.874925
vt 0.190789 0.171916
vt 0.211895 0.181500
vt 0.210888 0.212232
vt 0.218938 0.228092
vt 0.224634 0.242421
vt 0.229108 0.257082
vt 0.231742 0.269406
vt 0.233269 0.279299
vt 0.233661 0.286434
vt 0.233588 0.294156
vt 0.252527 0.283740
vt 0.254359 0.291859
vt 0.268031 0.279830
vt 0.269631 0.286555
vt 0.312991 0.796300
vt 0.310280 0.802754
vt 0.294707 0.798933
vt 0.297473 0.791187
vt 0.301196 0.783841
vt 0.316998 0.789917
vt 0.305438 0.775923
vt 0.321489 0.782706
vt 0.278338 0.786762
vt 0.282067 0.778279
vt 0.287010 0.769577
vt 0.293145 0.759267
vt 0.310253 0.764959
vt 0.315517 0.750180
vt 0.330069 0.751845
vt 0.326424 0.769199
vt 0.301502 0.744873
vt 0.312813 0.726556
vt 0.321952 0.729805
vt 0.289523 0.736980
vt 0.304096 0.720984
vt 0.313725 0.703348
vt 0.321497 0.706381
vt 0.294926 0.713937
vt 0.305247 0.699354
vt 0.311421 0.684655
vt 0.318622 0.687713
vt 0.294140 0.692625
vt 0.302195 0.679492
vt 0.308886 0.666660
vt 0.316635 0.671311
vt 0.290916 0.672002
vt 0.299768 0.660217
vt 0.308735 0.648583
vt 0.316087 0.654468
vt 0.279143 0.663262
vt 0.289753 0.652414
vt 0.300691 0.641312
vt 0.311303 0.630895
vt 0.318214 0.637709
vt 0.594679 0.949966
vt 0.579189 0.952035
vt 0.593103 0.937308
vt 0.608516 0.936341
vt 0.609318 0.947940
vt 0.608458 0.923116
vt 0.624897 0.911972
vt 0.637506 0.916875
vt 0.652772 0.907938
vt 0.647838 0.923300
vt 0.332951 0.587632
vt 0.334073 0.570897
vt 0.344892 0.574430
vt 0.343501 0.590772
vt 0.341216 0.605309
vt 0.331495 0.601214
vt 0.353064 0.593988
vt 0.349811 0.609238
vt 0.343395 0.621398
vt 0.335833 0.616764
vt 0.327683 0.611939
vt 0.334449 0.632438
vt 0.327841 0.627331
vt 0.320831 0.621302
vt 0.324750 0.643345
vt 0.340804 0.637201
vt 0.330984 0.648294
vt 0.322879 0.659312
vt 0.336743 0.652867
vt 0.329183 0.663341
vt 0.323476 0.674680
vt 0.335214 0.666937
vt 0.329911 0.677230
vt 0.325898 0.689849
vt 0.336259 0.679502
vt 0.331963 0.691099
vt 0.327920 0.708266
vt 0.337983 0.692290
vt 0.334435 0.708868
vt 0.331427 0.730721
vt 0.348344 0.322890
vt 0.363414 0.331255
vt 0.360085 0.337487
vt 0.365986 0.345802
vt 0.371867 0.338750
vt 0.377587 0.344899
vt 0.370006 0.352334
vt 0.342874 0.682448
vt 0.341490 0.671155
vt 0.348292 0.676295
vt 0.348158 0.663272
vt 0.354623 0.670059
vt 0.342363 0.657705
vt 0.352562 0.647531
vt 0.358110 0.653940
vt 0.346875 0.642085
vt 0.357152 0.631474
vt 0.363634 0.637107
vt 0.350270 0.626324
vt 0.357984 0.613552
vt 0.365805 0.618307
vt 0.371619 0.602939
vt 0.381165 0.608490
vt 0.373553 0.623654
vt 0.362378 0.598033
vt 0.365350 0.582398
vt 0.375675 0.587319
vt 0.355176 0.578098
vt 0.358455 0.562026
vt 0.368925 0.566485
vt 0.347965 0.557787
vt 0.352629 0.541609
vt 0.362799 0.546090
vt 0.337167 0.553333
vt 0.342194 0.536560
vt 0.368173 0.530554
vt 0.379071 0.535084
vt 0.373490 0.550640
vt 0.358377 0.526254
vt 0.364719 0.511742
vt 0.374106 0.515833
vt 0.349140 0.521526
vt 0.356352 0.507588
vt 0.904560 0.085979
vt 0.905284 0.101584
vt 0.893470 0.101535
vt 0.892906 0.086221
vt 0.385043 0.520111
vt 0.914804 0.085524
vt 0.916230 0.101324
vt 0.916849 0.117588
vt 0.905424 0.117438
vt 0.924165 0.084660
vt 0.926444 0.100606
vt 0.928087 0.117441
vt 0.926456 0.134865
vt 0.915401 0.134192
vt 0.516490 0.149875
vt 0.517041 0.132836
vt 0.527435 0.149326
vt 0.527538 0.166114
vt 0.516680 0.167238
vt 0.527578 0.184388
vt 0.517850 0.185262
vt 0.537756 0.147794
vt 0.538301 0.164707
vt 0.537547 0.183587
vt 0.536257 0.205281
vt 0.527365 0.205774
vt 0.549016 0.162819
vt 0.547940 0.182683
vt 0.545457 0.205112
vt 0.543090 0.230923
vt 0.534515 0.231306
vt 0.558372 0.182407
vt 0.554680 0.205544
vt 0.551561 0.230509
vt 0.819268 0.815273
vt 0.814622 0.840353
vt 0.806495 0.839768
vt 0.810887 0.813536
vt 0.563875 0.206245
vt 0.560444 0.229983
vt 0.828024 0.817419
vt 0.823422 0.841008
vt 0.823848 0.864746
vt 0.814712 0.864713
vt 0.837192 0.820024
vt 0.833027 0.841560
vt 0.833612 0.864508
vt 0.836576 0.887565
vt 0.825652 0.887984
vt 0.768885 0.675157
vt 0.775059 0.653180
vt 0.785387 0.656495
vt 0.779602 0.677307
vt 0.778731 0.698044
vt 0.766217 0.698026
vt 0.781894 0.717321
vt 0.768960 0.719808
vt 0.791810 0.678521
vt 0.791674 0.697542
vt 0.794738 0.715398
vt 0.798524 0.733510
vt 0.787186 0.735757
vt 0.804183 0.696438
vt 0.806398 0.713771
vt 0.808681 0.732368
vt 0.809785 0.751885
vt 0.801160 0.752736
vt 0.816597 0.712980
vt 0.817453 0.732172
vt 0.817761 0.751571
vt 0.818476 0.771119
vt 0.811024 0.771687
vt 0.825540 0.732564
vt 0.825551 0.751534
vt 0.825733 0.770684
vt 0.826590 0.790702
vt 0.819269 0.791283
vt 0.833474 0.751672
vt 0.833064 0.770389
vt 0.834091 0.789707
vt 0.834828 0.809074
vt 0.826863 0.809513
vt 0.841312 0.769752
vt 0.842139 0.788408
vt 0.842579 0.808882
vt 0.962970 0.420751
vt 0.948651 0.431692
vt 0.944778 0.426840
vt 0.958212 0.416335
vt 0.850021 0.787746
vt 0.849884 0.809021
vt 0.967308 0.425160
vt 0.952154 0.436322
vt 0.937979 0.446078
vt 0.934272 0.441306
vt 0.970978 0.429791
vt 0.955312 0.440800
vt 0.941660 0.450786
vt 0.929078 0.460859
vt 0.925044 0.456142
vt 0.958539 0.445174
vt 0.945262 0.455322
vt 0.932876 0.465550
vt 0.921377 0.476260
vt 0.917489 0.471533
vt 0.948668 0.459675
vt 0.936492 0.470096
vt 0.924951 0.481034
vt 0.913986 0.492936
vt 0.910945 0.487247
vt 0.451522 0.178909
vt 0.452001 0.160601
vt 0.458436 0.160562
vt 0.457999 0.180871
vt 0.465051 0.160505
vt 0.456453 0.141269
vt 0.463735 0.140567
vt 0.471618 0.160540
vt 0.453069 0.122500
vt 0.449883 0.142152
vt 0.445792 0.123657
vt 0.441370 0.104038
vt 0.450315 0.103870
vt 0.976900 0.441369
vt 0.961771 0.449825
vt 0.974170 0.435124
vt 0.872159 0.811615
vt 0.864141 0.810290
vt 0.867483 0.789666
vt 0.877517 0.792774
vt 0.748221 0.329197
vt 0.856832 0.809488
vt 0.858394 0.788000
vt 0.860296 0.770041
vt 0.850053 0.769270
vt 0.851404 0.751771
vt 0.841843 0.751698
vt 0.842483 0.734110
vt 0.833871 0.733338
vt 0.834732 0.715030
vt 0.825829 0.713584
vt 0.826550 0.696514
vt 0.815763 0.695797
vt 0.817051 0.680113
vt 0.804833 0.679219
vt 0.809015 0.662203
vt 0.796713 0.659475
vt 0.804896 0.643067
vt 0.815772 0.646600
vt 0.794450 0.638943
vt 0.115239 0.205560
vt 0.104585 0.208414
vt 0.104655 0.187093
vt 0.094339 0.210463
vt 0.095646 0.188127
vt 0.094119 0.164347
vt 0.578502 0.183019
vt 0.572750 0.206889
vt 0.568620 0.182453
vt 0.570295 0.158976
vt 0.581366 0.158097
vt 0.559575 0.160702
vt 0.558343 0.143236
vt 0.547964 0.145779
vt 0.569729 0.229338
vt 0.785140 0.633909
vt 0.900519 0.496501
vt 0.897742 0.491304
vt 0.907279 0.482106
vt 0.902703 0.503088
vt 0.894281 0.486946
vt 0.902998 0.477455
vt 0.913123 0.467025
vt 0.898196 0.473163
vt 0.908416 0.462434
vt 0.920727 0.451391
vt 0.903226 0.457920
vt 0.916330 0.446581
vt 0.930468 0.436343
vt 0.912047 0.441841
vt 0.926712 0.431375
vt 0.940675 0.421659
vt 0.922937 0.426327
vt 0.936458 0.416448
vt 0.948732 0.407223
vt 0.953275 0.411909
vt 0.932146 0.411046
vt 0.944368 0.402091
vt 0.819022 0.809777
vt 0.810928 0.809966
vt 0.811678 0.791670
vt 0.802195 0.810235
vt 0.803387 0.791941
vt 0.803047 0.772433
vt 0.794150 0.792130
vt 0.793880 0.773476
vt 0.791479 0.754142
vt 0.782998 0.775236
vt 0.779732 0.756838
vt 0.774979 0.738945
vt 0.840310 0.928748
vt 0.840911 0.946996
vt 0.827841 0.947146
vt 0.827632 0.929486
vt 0.826869 0.909841
vt 0.838752 0.909179
vt 0.815594 0.929334
vt 0.816250 0.909707
vt 0.815925 0.888008
vt 0.806131 0.909137
vt 0.807013 0.887824
vt 0.806040 0.864652
vt 0.797930 0.887544
vt 0.797493 0.864545
vt 0.798276 0.839363
vt 0.788896 0.864501
vt 0.789755 0.839340
vt 0.792962 0.812391
vt 0.802263 0.812484
vt 0.780592 0.839569
vt 0.783968 0.812675
vt 0.525374 0.231310
vt 0.516490 0.230876
vt 0.518523 0.206051
vt 0.922299 0.173646
vt 0.921772 0.198471
vt 0.912580 0.197882
vt 0.913252 0.173502
vt 0.913495 0.152505
vt 0.923329 0.152921
vt 0.903770 0.173016
vt 0.903413 0.152223
vt 0.904504 0.133690
vt 0.893146 0.152255
vt 0.893425 0.133804
vt 0.893741 0.117206
vt 0.881653 0.134492
vt 0.880713 0.117396
vt 0.879599 0.101643
vt 0.867008 0.118422
vt 0.864156 0.103022
vt 0.864426 0.087138
vt 0.879531 0.086381
vt 0.397821 0.524782
vt 0.412562 0.529304
vt 0.404982 0.544970
vt 0.391368 0.539919
vt 0.397402 0.560928
vt 0.384939 0.555502
vt 0.391519 0.577255
vt 0.379818 0.571460
vt 0.386538 0.593084
vt 0.403704 0.583549
vt 0.398145 0.599656
vt 0.390796 0.614726
vt 0.409902 0.606760
vt 0.400106 0.621667
vt 0.388391 0.635911
vt 0.381246 0.629339
vt 0.376257 0.649628
vt 0.369903 0.643156
vt 0.363963 0.661464
vt 0.393202 0.360571
vt 0.405419 0.373226
vt 0.384870 0.367938
vt 0.375447 0.359022
vt 0.383917 0.351409
vt 0.377423 0.378286
vt 0.365634 0.368627
vt 0.371805 0.391578
vt 0.357957 0.381390
vt 0.351457 0.399530
vt 0.365651 0.409133
vt 0.361244 0.424028
vt 0.347310 0.414729
vt 0.357185 0.441167
vt 0.343394 0.431975
vt 0.329224 0.422069
vt 0.339812 0.449950
vt 0.325496 0.439642
vt 0.309257 0.429020
vt 0.314189 0.411693
vt 0.290521 0.417860
vt 0.297104 0.401214
vt 0.271121 0.406045
vt 0.277965 0.390621
vt 0.283805 0.376254
vt 0.289166 0.360395
vt 0.259206 0.380029
vt 0.264767 0.366722
vt 0.270422 0.350959
vt 0.271382 0.348481
vt 0.291528 0.353550
vt 0.242363 0.371466
vt 0.252820 0.394713
vt 0.236349 0.385416
vt 0.220904 0.378318
vt 0.226147 0.363825
vt 0.204693 0.374214
vt 0.209271 0.356245
vt 0.202812 0.391712
vt 0.200077 0.406759
vt 0.194957 0.419660
vt 0.189589 0.431415
vt 0.185501 0.443471
vt 0.183814 0.450947
vt 0.611234 0.455495
vt 0.608613 0.450948
vt 0.604800 0.445023
vt 0.598683 0.436968
vt 0.591511 0.426980
vt 0.583667 0.414500
vt 0.575825 0.400762
vt 0.568421 0.385559
vt 0.562045 0.370333
vt 0.557161 0.353620
vt 0.552243 0.334267
vt 0.548018 0.311638
vt 0.546502 0.284918
vt 0.599818 0.215432
vt 0.597842 0.203098
vt 0.597647 0.192451
vt 0.597422 0.181102
vt 0.597196 0.168872
vt 0.596550 0.155547
vt 0.596493 0.141725
vt 0.421390 0.491996
vt 0.434816 0.497450
vt 0.184728 0.085104
vt 0.187339 0.099515
vt 0.189875 0.112174
vt 0.192858 0.124163
vt 0.196274 0.137031
vt 0.468402 0.633544
vt 0.468614 0.650731
vt 0.468260 0.667625
vt 0.467124 0.685105
vt 0.466014 0.703205
vt 0.465680 0.722305
vt 0.465134 0.743319
vt 0.465657 0.764814
vt 0.459925 0.849441
vt 0.457174 0.869373
vt 0.456197 0.891835
vt 0.455563 0.916025
vt 0.455055 0.942610
vt 0.472194 0.914541
vt 0.474628 0.891217
vt 0.492810 0.890675
vt 0.477857 0.870244
vt 0.497006 0.870202
vt 0.515711 0.868515
vt 0.500650 0.849813
vt 0.520260 0.848739
vt 0.541026 0.848943
vt 0.527084 0.831486
vt 0.547910 0.834790
vt 0.566208 0.839327
vt 0.557977 0.821356
vt 0.573997 0.826504
vt 0.569241 0.808431
vt 0.581771 0.813687
vt 0.590418 0.816136
vt 0.469432 0.566355
vt 0.464426 0.559436
vt 0.479095 0.555422
vt 0.482714 0.561419
vt 0.485956 0.566816
vt 0.473461 0.571789
vt 0.498383 0.556779
vt 0.501057 0.562347
vt 0.503365 0.568187
vt 0.516228 0.558223
vt 0.517301 0.564743
vt 0.518230 0.572003
vt 0.529089 0.563299
vt 0.529363 0.570033
vt 0.529564 0.577192
vt 0.529379 0.586521
vt 0.539007 0.568134
vt 0.539056 0.575553
vt 0.538124 0.585746
vt 0.163150 0.102809
vt 0.548049 0.574768
vt 0.546363 0.585859
vt 0.841688 0.896358
vt 0.851444 0.893339
vt 0.852993 0.910751
vt 0.843684 0.912286
vt 0.860908 0.892146
vt 0.861305 0.910361
vt 0.860981 0.930269
vt 0.869312 0.910532
vt 0.868351 0.930777
vt 0.868074 0.950551
vt 0.875846 0.931536
vt 0.875713 0.950542
vt 0.876692 0.966975
vt 0.884178 0.950366
vt 0.885612 0.966154
vt 0.884882 0.982233
vt 0.883138 0.996419
vt 0.894493 0.966096
vt 0.892450 0.983061
vt 0.890258 0.997557
vt 0.877522 0.653315
vt 0.847918 0.183092
vt 0.847471 0.168558
vt 0.856567 0.168538
vt 0.856429 0.183874
vt 0.746757 0.168837
vt 0.755293 0.166637
vt 0.758524 0.181253
vt 0.749318 0.183050
vt 0.766671 0.163776
vt 0.769775 0.179222
vt 0.770290 0.196270
vt 0.782654 0.177513
vt 0.781874 0.195798
vt 0.779911 0.215118
vt 0.794300 0.196652
vt 0.791424 0.215236
vt 0.790173 0.233764
vt 0.805632 0.216131
vt 0.803270 0.233266
vt 0.801077 0.251859
vt 0.817794 0.233761
vt 0.813643 0.252325
vt 0.810373 0.271925
vt 0.825952 0.254441
vt 0.821785 0.273663
vt 0.818397 0.293335
vt 0.767069 0.961814
vt 0.766217 0.941981
vt 0.777977 0.942884
vt 0.777878 0.961303
vt 0.780078 0.979717
vt 0.770399 0.980899
vt 0.782796 0.998534
vt 0.774150 0.999612
vt 0.789036 0.961353
vt 0.789926 0.978918
vt 0.791320 0.997833
vt 0.696840 0.132215
vt 0.800050 0.978657
vt 0.799649 0.997431
vt 0.704616 0.130993
vt 0.706176 0.149851
vt 0.712730 0.130056
vt 0.713092 0.149007
vt 0.714070 0.167933
vt 0.720107 0.148470
vt 0.720562 0.167455
vt 0.721901 0.185915
vt 0.727415 0.167004
vt 0.728779 0.185780
vt 0.730022 0.205318
vt 0.877872 0.424847
vt 0.893014 0.416355
vt 0.863384 0.427872
vt 0.905823 0.405474
vt 0.910196 0.410321
vt 0.917859 0.394240
vt 0.922557 0.399473
vt 0.927496 0.405318
vt 0.914655 0.415659
vt 0.918876 0.421034
vt 0.907877 0.436882
vt 0.891890 0.449300
vt 0.897780 0.453594
vt 0.886526 0.465672
vt 0.892761 0.469154
vt 0.885514 0.480352
vt 0.880001 0.478177
vt 0.890269 0.483243
vt 0.876342 0.450978
vt 0.890327 0.455270
vt 0.888629 0.461358
vt 0.874157 0.456925
vt 0.878488 0.445049
vt 0.892124 0.449393
vt 0.908109 0.453933
vt 0.906902 0.459383
vt 0.880721 0.439067
vt 0.894096 0.443696
vt 0.909446 0.448764
vt 0.926876 0.453198
vt 0.925935 0.457956
vt 0.896289 0.438109
vt 0.910851 0.443928
vt 0.927767 0.448548
vt 0.945222 0.451725
vt 0.944545 0.456250
vt 0.912474 0.439219
vt 0.928540 0.444095
vt 0.945874 0.447317
vt 0.962737 0.449938
vt 0.962005 0.454292
vt 0.942930 0.506235
vt 0.924939 0.508193
vt 0.923725 0.503577
vt 0.942454 0.501552
vt 0.960065 0.500529
vt 0.960514 0.505124
vt 0.976344 0.498530
vt 0.977551 0.503120
vt 0.941965 0.496845
vt 0.959612 0.495882
vt 0.975222 0.494133
vt 0.986626 0.490013
vt 0.988965 0.493474
vt 0.959267 0.491128
vt 0.974256 0.489883
vt 0.984874 0.486879
vt 0.992396 0.484446
vt 0.973598 0.485617
vt 0.983535 0.483685
vt 0.973205 0.481485
vt 0.982784 0.480692
vt 0.973130 0.477367
vt 0.982538 0.477658
vt 0.973444 0.473276
vt 0.982876 0.474674
vt 0.974173 0.469261
vt 0.983734 0.471786
vt 0.988819 0.474400
vt 0.991307 0.476586
vt 0.985143 0.468918
vt 0.975049 0.465433
vt 0.976201 0.461465
vt 0.986941 0.466105
vt 0.977516 0.457393
vt 0.989317 0.462891
vt 0.978891 0.453064
vt 0.992273 0.459245
vt 0.991875 0.497342
vt 0.961276 0.458652
vt 0.960598 0.463011
vt 0.943883 0.460850
vt 0.960017 0.467354
vt 0.943226 0.465500
vt 0.925041 0.462827
vt 0.942599 0.470483
vt 0.924138 0.468262
vt 0.905735 0.465419
vt 0.923410 0.474134
vt 0.904599 0.471714
vt 0.886995 0.467903
vt 0.903482 0.478511
vt 0.871865 0.463083
vt 0.922876 0.480051
vt 0.922706 0.485984
vt 0.902833 0.485561
vt 0.922599 0.492153
vt 0.941714 0.491666
vt 0.922859 0.497997
vt 0.941650 0.486223
vt 0.959099 0.486331
vt 0.941788 0.480946
vt 0.959063 0.481565
vt 0.942094 0.475620
vt 0.959181 0.476760
vt 0.959531 0.471982
vt 0.992305 0.477897
vt 0.993038 0.479562
vt 0.908476 0.513148
vt 0.899087 0.432410
vt 0.883506 0.432911
vt 0.887627 0.426184
vt 0.935169 0.390287
vt 0.939845 0.396381
vt 0.930485 0.384336
vt 0.793009 0.810714
vt 0.783986 0.811615
vt 0.784028 0.792977
vt 0.833142 0.982175
vt 0.826357 0.999612
vt 0.817371 0.998008
vt 0.822057 0.980191
vt 0.826125 0.963936
vt 0.838758 0.965319
vt 0.810655 0.979009
vt 0.813164 0.962682
vt 0.814598 0.946630
vt 0.800796 0.961789
vt 0.802013 0.945482
vt 0.803993 0.928343
vt 0.789892 0.944107
vt 0.792382 0.926757
vt 0.795833 0.908265
vt 0.780623 0.924723
vt 0.785186 0.906535
vt 0.788286 0.887173
vt 0.773072 0.904113
vt 0.776844 0.885889
vt 0.779035 0.864809
vt 0.833815 0.196337
vt 0.835141 0.217505
vt 0.821073 0.216879
vt 0.821978 0.198535
vt 0.819733 0.174516
vt 0.828950 0.171540
vt 0.808117 0.198591
vt 0.809191 0.176522
vt 0.803689 0.153602
vt 0.812518 0.149796
vt 0.820860 0.145801
vt 0.803296 0.153677
vt 0.796665 0.176766
vt 0.793134 0.157574
vt 0.903267 0.196269
vt 0.892898 0.193585
vt 0.893783 0.172512
vt 0.880262 0.189336
vt 0.882327 0.171575
vt 0.881950 0.152700
vt 0.869166 0.169923
vt 0.869346 0.152524
vt 0.868949 0.135014
vt 0.855463 0.151393
vt 0.853541 0.135590
vt 0.850923 0.120759
vt 0.839485 0.137348
vt 0.835917 0.122076
vt 0.835917 0.105127
vt 0.848665 0.105421
vt 0.839935 0.086509
vt 0.850238 0.087419
vt 0.426502 0.533214
vt 0.436390 0.536903
vt 0.427620 0.553978
vt 0.417397 0.549934
vt 0.421110 0.571411
vt 0.409299 0.566506
vt 0.416665 0.589801
vt 0.417566 0.442357
vt 0.415659 0.460559
vt 0.402709 0.458319
vt 0.403892 0.439729
vt 0.405567 0.422490
vt 0.418580 0.424633
vt 0.393606 0.419359
vt 0.418825 0.406936
vt 0.380948 0.414199
vt 0.367291 0.406683
vt 0.399122 0.475078
vt 0.409923 0.478062
vt 0.393989 0.492622
vt 0.384649 0.489348
vt 0.403023 0.495724
vt 0.880247 0.893001
vt 0.877702 0.911726
vt 0.870335 0.891995
vt 0.375496 0.487198
vt 0.890517 0.894908
vt 0.886609 0.913899
vt 0.883782 0.932753
vt 0.900447 0.896520
vt 0.896668 0.916294
vt 0.895306 0.934149
vt 0.895095 0.950306
vt 0.561190 0.590378
vt 0.553934 0.587584
vt 0.844027 0.152227
vt 0.867570 0.185987
vt 0.779917 0.160899
vt 0.831734 0.235966
vt 0.768542 0.922635
vt 0.808293 0.997369
vt 0.721355 0.129710
vt 0.730022 0.130232
vt 0.727575 0.148405
vt 0.548033 0.566724
vt 0.537889 0.560803
vt 0.546654 0.558571
vt 0.341281 0.480849
vt 0.335950 0.489962
vt 0.328132 0.486131
vt 0.332297 0.475504
vt 0.336537 0.464225
vt 0.347001 0.471893
vt 0.351881 0.460340
vt 0.320199 0.468924
vt 0.322968 0.455344
vt 0.303486 0.459269
vt 0.306032 0.444564
vt 0.282499 0.446569
vt 0.285672 0.432958
vt 0.261173 0.434041
vt 0.265488 0.420989
vt 0.242040 0.424276
vt 0.247159 0.409931
vt 0.227274 0.417256
vt 0.231607 0.401172
vt 0.214608 0.411779
vt 0.217911 0.394933
vt 0.222561 0.432274
vt 0.209734 0.426074
vt 0.217600 0.445594
vt 0.203811 0.438560
vt 0.213233 0.455151
vt 0.198769 0.448732
vt 0.210140 0.461047
vt 0.196066 0.455320
vt 0.600420 0.460562
vt 0.588607 0.468339
vt 0.586200 0.463916
vt 0.598361 0.456913
vt 0.583610 0.459059
vt 0.595179 0.451830
vt 0.579633 0.452627
vt 0.590051 0.444469
vt 0.572388 0.443640
vt 0.582228 0.434278
vt 0.561945 0.430229
vt 0.572698 0.421941
vt 0.551269 0.414133
vt 0.563230 0.407586
vt 0.541810 0.396494
vt 0.554440 0.391296
vt 0.534956 0.377971
vt 0.548034 0.374432
vt 0.530518 0.358889
vt 0.543527 0.356029
vt 0.527265 0.339880
vt 0.539864 0.336519
vt 0.523758 0.316801
vt 0.535811 0.313217
vt 0.522547 0.289770
vt 0.533650 0.285041
vt 0.518638 0.261092
vt 0.512558 0.322379
vt 0.511150 0.296464
vt 0.505959 0.272523
vt 0.499861 0.304523
vt 0.495391 0.282895
vt 0.486587 0.266258
vt 0.497396 0.255324
vt 0.656178 0.281539
vt 0.671320 0.272773
vt 0.675671 0.293443
vt 0.660491 0.299871
vt 0.643219 0.306573
vt 0.638887 0.290950
vt 0.662313 0.318243
vt 0.646052 0.322657
vt 0.630599 0.326471
vt 0.627338 0.311686
vt 0.621701 0.299048
vt 0.087043 0.195534
vt 0.088606 0.210136
vt 0.075903 0.210894
vt 0.074114 0.197035
vt 0.071437 0.185359
vt 0.083417 0.182652
vt 0.064412 0.211444
vt 0.063165 0.198011
vt 0.061870 0.186767
vt 0.583397 0.204220
vt 0.591979 0.203716
vt 0.052342 0.198198
vt 0.051537 0.186915
vt 0.583757 0.193986
vt 0.591995 0.193124
vt 0.583984 0.183182
vt 0.592022 0.181964
vt 0.583993 0.171678
vt 0.591628 0.170184
vt 0.583565 0.159298
vt 0.590683 0.157480
vt 0.582142 0.146590
vt 0.589471 0.144279
vt 0.420871 0.484367
vt 0.419602 0.476554
vt 0.432649 0.475907
vt 0.434587 0.486416
vt 0.194533 0.079435
vt 0.202876 0.072391
vt 0.210848 0.081899
vt 0.200375 0.091592
vt 0.219575 0.090817
vt 0.206405 0.102641
vt 0.228525 0.099878
vt 0.211553 0.113456
vt 0.237075 0.109813
vt 0.217069 0.125496
vt 0.245810 0.119733
vt 0.729612 0.991555
vt 0.719481 0.983084
vt 0.731512 0.961722
vt 0.742872 0.966506
vt 0.753391 0.969921
vt 0.741559 0.999545
vt 0.256003 0.129752
vt 0.762720 0.970886
vt 0.753296 0.999612
vt 0.267378 0.132186
vt 0.253297 0.160121
vt 0.745981 0.249588
vt 0.741349 0.278669
vt 0.731940 0.280292
vt 0.733736 0.252649
vt 0.690283 0.634054
vt 0.702061 0.629778
vt 0.702360 0.656111
vt 0.690283 0.664601
vt 0.448186 0.319098
vt 0.451317 0.340033
vt 0.440216 0.347714
vt 0.437166 0.326861
vt 0.713513 0.624995
vt 0.713766 0.649426
vt 0.458052 0.312250
vt 0.461242 0.332755
vt 0.464366 0.349939
vt 0.454685 0.355431
vt 0.467164 0.305742
vt 0.470692 0.325829
vt 0.473752 0.344672
vt 0.477326 0.362440
vt 0.468416 0.366456
vt 0.479856 0.319029
vt 0.482925 0.339575
vt 0.486476 0.358007
vt 0.491943 0.374699
vt 0.482700 0.379458
vt 0.492297 0.334252
vt 0.496064 0.353120
vt 0.501046 0.370024
vt 0.507796 0.387771
vt 0.499025 0.391524
vt 0.505725 0.348388
vt 0.510269 0.365909
vt 0.516280 0.384160
vt 0.523702 0.403997
vt 0.514979 0.407359
vt 0.519947 0.362221
vt 0.525018 0.381000
vt 0.532190 0.400508
vt 0.540981 0.419710
vt 0.531251 0.424318
vt 0.539087 0.444682
vt 0.527152 0.448967
vt 0.521316 0.427853
vt 0.550638 0.438271
vt 0.559851 0.454328
vt 0.546168 0.463526
vt 0.550807 0.473998
vt 0.534481 0.482244
vt 0.531536 0.469496
vt 0.565623 0.463176
vt 0.569322 0.469205
vt 0.554768 0.481160
vt 0.558608 0.487018
vt 0.540985 0.498972
vt 0.537564 0.491448
vt 0.572863 0.474063
vt 0.576467 0.479285
vt 0.562289 0.492320
vt 0.245098 0.476272
vt 0.249868 0.469671
vt 0.264980 0.489251
vt 0.544533 0.505413
vt 0.226344 0.467577
vt 0.230450 0.461046
vt 0.234285 0.452521
vt 0.254286 0.460206
vt 0.257619 0.446693
vt 0.237942 0.438777
vt 0.282826 0.506812
vt 0.523863 0.515938
vt 0.520571 0.506984
vt 0.503755 0.523917
vt 0.500269 0.511326
vt 0.498598 0.499681
vt 0.518190 0.497376
vt 0.498053 0.487246
vt 0.516643 0.486538
vt 0.499688 0.470699
vt 0.515592 0.471489
vt 0.500755 0.451785
vt 0.514601 0.451138
vt 0.499249 0.432304
vt 0.511020 0.430451
vt 0.495304 0.413278
vt 0.505705 0.410335
vt 0.489383 0.395817
vt 0.483437 0.416288
vt 0.478838 0.399854
vt 0.473415 0.383398
vt 0.467500 0.403274
vt 0.463590 0.386913
vt 0.459046 0.370748
vt 0.451468 0.391455
vt 0.447214 0.376001
vt 0.443230 0.361531
vt 0.509795 0.630271
vt 0.507565 0.646603
vt 0.489506 0.647788
vt 0.491362 0.631195
vt 0.488061 0.665521
vt 0.505924 0.664157
vt 0.486240 0.683195
vt 0.504078 0.681686
vt 0.502549 0.698484
vt 0.484743 0.700771
vt 0.454561 0.407107
vt 0.470458 0.419191
vt 0.456085 0.422276
vt 0.471427 0.435264
vt 0.455716 0.436780
vt 0.486004 0.433788
vt 0.485872 0.451601
vt 0.469586 0.451211
vt 0.465190 0.467409
vt 0.446562 0.465684
vt 0.452608 0.450769
vt 0.482879 0.469190
vt 0.479346 0.485395
vt 0.460231 0.483801
vt 0.459556 0.499387
vt 0.437166 0.500647
vt 0.439994 0.482705
vt 0.479267 0.499701
vt 0.481218 0.513655
vt 0.462959 0.514578
vt 0.467549 0.530838
vt 0.450032 0.531905
vt 0.443032 0.515776
vt 0.484863 0.528957
vt 0.490582 0.542305
vt 0.474090 0.545983
vt 0.458046 0.548330
vt 0.495595 0.551426
vt 0.551000 0.800996
vt 0.537707 0.815929
vt 0.502305 0.730009
vt 0.505090 0.746969
vt 0.485744 0.756729
vt 0.484063 0.736621
vt 0.483888 0.718605
vt 0.501673 0.714465
vt 0.515920 0.343975
vt 0.502177 0.328571
vt 0.489381 0.312158
vt 0.476054 0.298758
vt 0.485641 0.291275
vt 0.688352 0.626071
vt 0.687502 0.639645
vt 0.666826 0.632477
vt 0.668742 0.619359
vt 0.669718 0.605134
vt 0.689507 0.611777
vt 0.684667 0.266886
vt 0.697626 0.262993
vt 0.699829 0.287368
vt 0.688069 0.289634
vt 0.700779 0.311044
vt 0.689342 0.312439
vt 0.677100 0.314769
vt 0.688932 0.333578
vt 0.676788 0.334504
vt 0.663342 0.336479
vt 0.676453 0.354067
vt 0.665401 0.355722
vt 0.653430 0.358422
vt 0.649037 0.339529
vt 0.641009 0.361243
vt 0.635075 0.343125
vt 0.090629 0.226641
vt 0.093323 0.244859
vt 0.080755 0.245255
vt 0.078151 0.227655
vt 0.067612 0.244632
vt 0.066499 0.227914
vt 0.054079 0.243035
vt 0.054367 0.227622
vt 0.053328 0.211813
vt 0.041243 0.226486
vt 0.041770 0.211647
vt 0.041330 0.197735
vt 0.040614 0.186128
vt 0.029207 0.210702
vt 0.029553 0.196827
vt 0.029029 0.184996
vt 0.015796 0.208998
vt 0.016825 0.195405
vt 0.016555 0.184002
vt 0.002555 0.207185
vt 0.003583 0.193644
vt 0.003611 0.182652
vt 0.668075 0.941814
vt 0.670270 0.928311
vt 0.683347 0.930565
vt 0.680678 0.945209
vt 0.677769 0.956863
vt 0.665799 0.952354
vt 0.696319 0.932720
vt 0.693401 0.948541
vt 0.688662 0.961783
vt 0.709825 0.935167
vt 0.706326 0.952339
vt 0.699314 0.967693
vt 0.723229 0.937821
vt 0.719012 0.956784
vt 0.709687 0.974653
vt 0.735823 0.940195
vt 0.723217 0.917250
vt 0.734410 0.917855
vt 0.744174 0.917743
vt 0.747406 0.941654
vt 0.753614 0.917244
vt 0.756795 0.942405
vt 0.763116 0.916700
vt 0.765441 0.942488
vt 0.742032 0.306617
vt 0.745439 0.332241
vt 0.735453 0.332789
vt 0.733554 0.307754
vt 0.724446 0.333298
vt 0.724022 0.309183
vt 0.722254 0.282841
vt 0.721725 0.256327
vt 0.712933 0.310275
vt 0.711424 0.285337
vt 0.709873 0.259766
vt 0.665799 0.644892
vt 0.687996 0.652261
vt 0.689507 0.664601
vt 0.666263 0.657073
vt 0.712384 0.333276
vt 0.700403 0.333187
vt 0.709917 0.353637
vt 0.698350 0.353316
vt 0.687370 0.353452
vt 0.696895 0.373039
vt 0.686631 0.374028
vt 0.677225 0.375427
vt 0.688330 0.394679
vt 0.679115 0.396590
vt 0.669057 0.398310
vt 0.667671 0.377095
vt 0.656489 0.399382
vt 0.656154 0.378961
vt 0.644286 0.399786
vt 0.644386 0.380578
vt 0.092346 0.264129
vt 0.086831 0.282461
vt 0.075128 0.279192
vt 0.079889 0.262379
vt 0.063238 0.277089
vt 0.066525 0.260355
vt 0.051434 0.275284
vt 0.053164 0.258398
vt 0.040278 0.274508
vt 0.039855 0.256747
vt 0.040140 0.241365
vt 0.026925 0.256270
vt 0.026140 0.240009
vt 0.027561 0.225072
vt 0.012649 0.239409
vt 0.013722 0.223375
vt 0.000388 0.239513
vt 0.000587 0.221849
vt 0.672249 0.913476
vt 0.671719 0.895714
vt 0.683731 0.895275
vt 0.684888 0.914075
vt 0.696177 0.895016
vt 0.697411 0.914798
vt 0.709322 0.895288
vt 0.710530 0.916009
vt 0.721568 0.895869
vt 0.708211 0.875370
vt 0.721276 0.875323
vt 0.731266 0.875762
vt 0.731445 0.896290
vt 0.740391 0.876221
vt 0.740672 0.896087
vt 0.749641 0.876370
vt 0.750503 0.895674
vt 0.759536 0.875707
vt 0.760828 0.894803
vt 0.745981 0.354415
vt 0.744396 0.373662
vt 0.733109 0.372705
vt 0.734689 0.354145
vt 0.720732 0.372239
vt 0.722500 0.353935
vt 0.708232 0.372528
vt 0.720339 0.390443
vt 0.708673 0.391214
vt 0.697813 0.392879
vt 0.710277 0.411160
vt 0.700566 0.412971
vt 0.691129 0.414875
vt 0.702934 0.433415
vt 0.692324 0.433899
vt 0.680758 0.433909
vt 0.680603 0.416191
vt 0.668522 0.434267
vt 0.668954 0.416973
vt 0.655830 0.434985
vt 0.655863 0.417650
vt 0.643693 0.436490
vt 0.642699 0.418193
vt 0.080312 0.299746
vt 0.076409 0.317686
vt 0.066134 0.316673
vt 0.069824 0.297544
vt 0.056929 0.315812
vt 0.059566 0.295907
vt 0.047678 0.315157
vt 0.049485 0.295011
vt 0.038349 0.314993
vt 0.040083 0.294804
vt 0.027923 0.314500
vt 0.030680 0.294730
vt 0.029797 0.274892
vt 0.020328 0.294161
vt 0.019500 0.275684
vt 0.015195 0.257245
vt 0.008145 0.276378
vt 0.004298 0.258714
vt 0.669366 0.876361
vt 0.667320 0.858489
vt 0.679425 0.858371
vt 0.681037 0.876033
vt 0.692639 0.858013
vt 0.693975 0.875682
vt 0.707115 0.857243
vt 0.691093 0.841033
vt 0.704336 0.839634
vt 0.716669 0.837959
vt 0.720394 0.856459
vt 0.727830 0.836312
vt 0.731122 0.855768
vt 0.737599 0.834861
vt 0.740541 0.855439
vt 0.746943 0.834018
vt 0.748832 0.855415
vt 0.756044 0.834327
vt 0.757747 0.855560
vt 0.741874 0.393985
vt 0.737284 0.414951
vt 0.728908 0.412303
vt 0.731713 0.391542
vt 0.719688 0.410961
vt 0.726474 0.434621
vt 0.718938 0.433581
vt 0.711143 0.433232
vt 0.719335 0.456607
vt 0.710627 0.455451
vt 0.701626 0.453976
vt 0.708181 0.474148
vt 0.698616 0.472590
vt 0.688986 0.470937
vt 0.691465 0.452497
vt 0.678897 0.469586
vt 0.680318 0.451632
vt 0.668587 0.469045
vt 0.668663 0.451613
vt 0.658428 0.469524
vt 0.657098 0.452334
vt 0.648501 0.470841
vt 0.646378 0.454040
vt 0.074138 0.335422
vt 0.072995 0.352249
vt 0.063230 0.352671
vt 0.063930 0.335379
vt 0.053253 0.353104
vt 0.054424 0.334957
vt 0.043302 0.352742
vt 0.045438 0.334237
vt 0.033596 0.351561
vt 0.035781 0.333361
vt 0.023506 0.350478
vt 0.024624 0.332079
vt 0.012979 0.350341
vt 0.012677 0.330746
vt 0.016571 0.312769
vt 0.001053 0.329793
vt 0.005058 0.310421
vt 0.008577 0.293104
vt 0.665799 0.841683
vt 0.666393 0.823984
vt 0.678122 0.824108
vt 0.678208 0.841513
vt 0.689260 0.823558
vt 0.677618 0.803636
vt 0.687183 0.802866
vt 0.696868 0.802253
vt 0.700436 0.822013
vt 0.707193 0.801102
vt 0.711581 0.819666
vt 0.717148 0.799850
vt 0.722591 0.817970
vt 0.726486 0.798488
vt 0.732686 0.816514
vt 0.735281 0.796580
vt 0.742696 0.814892
vt 0.743862 0.794149
vt 0.752230 0.813545
vt 0.734765 0.435906
vt 0.736598 0.457077
vt 0.727870 0.456921
vt 0.736969 0.476599
vt 0.728023 0.476023
vt 0.717956 0.475307
vt 0.724222 0.494734
vt 0.714712 0.493606
vt 0.704928 0.492349
vt 0.710971 0.512176
vt 0.701406 0.510698
vt 0.691989 0.509106
vt 0.695195 0.490947
vt 0.683019 0.507639
vt 0.685752 0.489389
vt 0.674430 0.506477
vt 0.676726 0.488059
vt 0.666271 0.505690
vt 0.667834 0.487278
vt 0.658334 0.505324
vt 0.659080 0.486949
vt 0.650719 0.505139
vt 0.650095 0.487338
vt 0.073602 0.368484
vt 0.074026 0.385932
vt 0.065846 0.386263
vt 0.063987 0.369285
vt 0.056922 0.387489
vt 0.054244 0.370214
vt 0.047408 0.389203
vt 0.044027 0.371278
vt 0.037691 0.391240
vt 0.033923 0.371578
vt 0.028697 0.392935
vt 0.024994 0.371635
vt 0.020368 0.393974
vt 0.016605 0.372114
vt 0.012200 0.394848
vt 0.008204 0.373275
vt 0.003165 0.351409
vt 0.666429 0.782384
vt 0.665927 0.759927
vt 0.674855 0.760674
vt 0.675632 0.782113
vt 0.667090 0.804147
vt 0.683743 0.761368
vt 0.684961 0.781857
vt 0.693149 0.761670
vt 0.694436 0.781611
vt 0.702520 0.761574
vt 0.704283 0.781161
vt 0.711387 0.760780
vt 0.713422 0.780257
vt 0.719628 0.759518
vt 0.721857 0.779035
vt 0.727148 0.758177
vt 0.729716 0.777696
vt 0.734734 0.756687
vt 0.737975 0.775912
vt 0.724770 0.739166
vt 0.732313 0.737602
vt 0.732813 0.495944
vt 0.728355 0.514874
vt 0.720085 0.513528
vt 0.723821 0.533974
vt 0.715515 0.532223
vt 0.706483 0.530463
vt 0.710111 0.549997
vt 0.701321 0.548609
vt 0.692736 0.547260
vt 0.697231 0.528754
vt 0.684894 0.546168
vt 0.688467 0.527174
vt 0.677984 0.545403
vt 0.680412 0.525788
vt 0.671809 0.544901
vt 0.672790 0.524785
vt 0.665983 0.544778
vt 0.665737 0.524329
vt 0.660269 0.544896
vt 0.658811 0.524352
vt 0.654444 0.545203
vt 0.652129 0.524734
vt 0.074459 0.404954
vt 0.078092 0.424851
vt 0.071873 0.425567
vt 0.068184 0.405492
vt 0.064876 0.426319
vt 0.060689 0.406395
vt 0.056748 0.427307
vt 0.052165 0.407918
vt 0.047395 0.428460
vt 0.042991 0.409787
vt 0.038181 0.429672
vt 0.033516 0.411595
vt 0.029867 0.431075
vt 0.024661 0.413109
vt 0.022586 0.432596
vt 0.016591 0.414474
vt 0.673279 0.718628
vt 0.676389 0.700020
vt 0.682822 0.701377
vt 0.680398 0.720551
vt 0.677014 0.740130
vt 0.669000 0.738153
vt 0.687209 0.722060
vt 0.684904 0.741559
vt 0.693954 0.723193
vt 0.692960 0.742502
vt 0.700648 0.723665
vt 0.701336 0.742885
vt 0.707325 0.723258
vt 0.709410 0.742205
vt 0.714266 0.721981
vt 0.717410 0.740645
vt 0.721512 0.720210
vt 0.712423 0.702789
vt 0.719701 0.701873
vt 0.727169 0.700881
vt 0.729007 0.718702
vt 0.719544 0.684068
vt 0.726810 0.683615
vt 0.718308 0.551440
vt 0.714092 0.568451
vt 0.706058 0.567688
vt 0.712893 0.585765
vt 0.705233 0.585968
vt 0.697744 0.586804
vt 0.697498 0.567062
vt 0.690844 0.588013
vt 0.689618 0.566875
vt 0.684551 0.589441
vt 0.682617 0.567025
vt 0.678756 0.590768
vt 0.676665 0.567449
vt 0.673498 0.591555
vt 0.671528 0.567751
vt 0.668294 0.591929
vt 0.666481 0.567878
vt 0.663046 0.591942
vt 0.661462 0.567982
vt 0.657395 0.591598
vt 0.655897 0.568043
vt 0.081041 0.447344
vt 0.079647 0.470532
vt 0.073595 0.469281
vt 0.074698 0.447017
vt 0.066716 0.467800
vt 0.067658 0.446767
vt 0.059357 0.466507
vt 0.059549 0.446658
vt 0.051515 0.465764
vt 0.050680 0.446954
vt 0.044009 0.465669
vt 0.042286 0.447698
vt 0.037103 0.465963
vt 0.034761 0.448806
vt 0.030923 0.466442
vt 0.028226 0.449971
vt 0.678425 0.681957
vt 0.680914 0.665377
vt 0.686511 0.666469
vt 0.684454 0.682909
vt 0.691900 0.667260
vt 0.690167 0.683626
vt 0.688869 0.702404
vt 0.695676 0.684183
vt 0.694824 0.703111
vt 0.701196 0.684512
vt 0.700445 0.703386
vt 0.706882 0.684573
vt 0.706314 0.703305
vt 0.712865 0.684397
vt 0.707414 0.667731
vt 0.713189 0.667365
vt 0.719477 0.666903
vt 0.109092 0.213590
vt 0.115474 0.215134
vt 0.112248 0.232794
vt 0.105012 0.231440
vt 0.097721 0.229716
vt 0.102222 0.211240
vt 0.726476 0.666403
vt 0.102544 0.250901
vt 0.095329 0.249780
vt 0.166693 0.502618
vt 0.166035 0.521986
vt 0.159499 0.521510
vt 0.160197 0.501365
vt 0.163999 0.482370
vt 0.171123 0.484919
vt 0.153183 0.521084
vt 0.153652 0.500457
vt 0.156893 0.480233
vt 0.146721 0.520639
vt 0.147430 0.499863
vt 0.150220 0.478583
vt 0.140237 0.519866
vt 0.141477 0.499321
vt 0.144034 0.477374
vt 0.133308 0.518716
vt 0.135443 0.498764
vt 0.138337 0.476373
vt 0.125679 0.517147
vt 0.129162 0.497940
vt 0.133295 0.475284
vt 0.117933 0.515253
vt 0.123028 0.496585
vt 0.128395 0.474043
vt 0.110320 0.513018
vt 0.117008 0.494756
vt 0.123491 0.472759
vt 0.102972 0.510476
vt 0.111037 0.492333
vt 0.118222 0.471308
vt 0.117659 0.977405
vt 0.114634 0.957324
vt 0.122101 0.956037
vt 0.124291 0.976623
vt 0.129487 0.997757
vt 0.123456 0.999612
vt 0.129335 0.954778
vt 0.131570 0.975510
vt 0.136370 0.995847
vt 0.136823 0.953407
vt 0.138852 0.974005
vt 0.143679 0.993683
vt 0.144354 0.952074
vt 0.146393 0.972202
vt 0.151269 0.991098
vt 0.152143 0.950766
vt 0.153813 0.970434
vt 0.158437 0.988478
vt 0.160009 0.949876
vt 0.160993 0.968985
vt 0.165080 0.986196
vt 0.167743 0.949636
vt 0.167562 0.967929
vt 0.171123 0.984416
vt 0.152065 0.231377
vt 0.155814 0.249599
vt 0.148280 0.250744
vt 0.145477 0.232535
vt 0.143219 0.215478
vt 0.149086 0.214076
vt 0.140870 0.251418
vt 0.138952 0.233361
vt 0.137597 0.216509
vt 0.133787 0.252029
vt 0.132633 0.233793
vt 0.132251 0.216864
vt 0.696983 0.667784
vt 0.126114 0.233898
vt 0.126967 0.216706
vt 0.702056 0.667923
vt 0.119384 0.233560
vt 0.121419 0.216134
vt 0.126101 0.252461
vt 0.118332 0.252425
vt 0.110330 0.251883
vt 0.118218 0.271450
vt 0.109960 0.271368
vt 0.101834 0.271131
vt 0.110512 0.291149
vt 0.102501 0.291593
vt 0.094099 0.292219
vt 0.094099 0.270747
vt 0.167188 0.542246
vt 0.166138 0.562853
vt 0.158296 0.561436
vt 0.159988 0.541794
vt 0.150599 0.559679
vt 0.153125 0.541017
vt 0.142865 0.557423
vt 0.145929 0.539944
vt 0.134841 0.554742
vt 0.138359 0.538337
vt 0.126776 0.552088
vt 0.130386 0.536113
vt 0.118813 0.549779
vt 0.122226 0.533888
vt 0.110784 0.547735
vt 0.113871 0.531814
vt 0.102378 0.545902
vt 0.105412 0.529693
vt 0.093738 0.544130
vt 0.097212 0.527433
vt 0.110760 0.939431
vt 0.106286 0.922470
vt 0.114875 0.920737
vt 0.119069 0.937719
vt 0.123091 0.919215
vt 0.126878 0.936227
vt 0.131110 0.917767
vt 0.134826 0.934664
vt 0.139425 0.916104
vt 0.142833 0.933076
vt 0.148065 0.914091
vt 0.151276 0.931519
vt 0.157003 0.911664
vt 0.160183 0.930048
vt 0.166217 0.909062
vt 0.169293 0.929019
vt 0.158195 0.270179
vt 0.159339 0.290665
vt 0.149888 0.290726
vt 0.149561 0.270910
vt 0.141693 0.290655
vt 0.141816 0.271169
vt 0.133834 0.290577
vt 0.134398 0.271280
vt 0.126380 0.290738
vt 0.126384 0.271407
vt 0.118588 0.290887
vt 0.126829 0.309781
vt 0.119265 0.310171
vt 0.111900 0.310969
vt 0.121033 0.329697
vt 0.114236 0.330775
vt 0.107554 0.332222
vt 0.104430 0.312134
vt 0.100880 0.334124
vt 0.096575 0.313680
vt 0.160041 0.582733
vt 0.148221 0.599490
vt 0.141894 0.596026
vt 0.152272 0.579473
vt 0.135214 0.592384
vt 0.144758 0.576415
vt 0.128253 0.588805
vt 0.136958 0.573185
vt 0.121717 0.585970
vt 0.129389 0.570022
vt 0.115894 0.583755
vt 0.122195 0.567402
vt 0.110252 0.581817
vt 0.115190 0.565319
vt 0.104228 0.580073
vt 0.107906 0.563599
vt 0.097520 0.578604
vt 0.100115 0.562088
vt 0.090309 0.577748
vt 0.091627 0.560792
vt 0.101976 0.905895
vt 0.098140 0.889143
vt 0.105736 0.887035
vt 0.110418 0.904048
vt 0.112986 0.884869
vt 0.118411 0.902296
vt 0.120391 0.882696
vt 0.126225 0.900706
vt 0.127668 0.880733
vt 0.133988 0.899217
vt 0.134834 0.879082
vt 0.141860 0.897323
vt 0.142040 0.877178
vt 0.149958 0.894647
vt 0.148882 0.874609
vt 0.158181 0.891268
vt 0.158874 0.310580
vt 0.157197 0.329849
vt 0.149640 0.328819
vt 0.149981 0.310038
vt 0.142017 0.328395
vt 0.141857 0.309693
vt 0.135008 0.328447
vt 0.134186 0.309508
vt 0.127982 0.329019
vt 0.135455 0.347886
vt 0.129203 0.348269
vt 0.123097 0.348975
vt 0.130130 0.368717
vt 0.124900 0.369156
vt 0.119660 0.369653
vt 0.117188 0.349901
vt 0.114348 0.370353
vt 0.111121 0.351114
vt 0.108953 0.371307
vt 0.105221 0.352608
vt 0.137907 0.614827
vt 0.130499 0.631612
vt 0.125244 0.629226
vt 0.132250 0.612218
vt 0.119396 0.626693
vt 0.125766 0.609173
vt 0.113598 0.624406
vt 0.119498 0.606357
vt 0.108314 0.622458
vt 0.113842 0.604026
vt 0.103345 0.620711
vt 0.108723 0.601968
vt 0.098866 0.619266
vt 0.103948 0.600081
vt 0.094513 0.618094
vt 0.099212 0.598421
vt 0.090216 0.617115
vt 0.094127 0.597138
vt 0.085577 0.616222
vt 0.088709 0.596320
vt 0.094816 0.870526
vt 0.092533 0.850167
vt 0.097680 0.849313
vt 0.101001 0.868963
vt 0.103432 0.847970
vt 0.107460 0.866700
vt 0.109578 0.846436
vt 0.114308 0.864532
vt 0.116069 0.844617
vt 0.121493 0.862328
vt 0.122339 0.842694
vt 0.128449 0.860296
vt 0.128071 0.840727
vt 0.134867 0.858309
vt 0.133518 0.838632
vt 0.140815 0.856400
vt 0.153429 0.349693
vt 0.150732 0.368916
vt 0.145501 0.368677
vt 0.147595 0.348444
vt 0.140483 0.368640
vt 0.141514 0.347896
vt 0.135264 0.368626
vt 0.141562 0.388975
vt 0.136545 0.389383
vt 0.131657 0.389760
vt 0.138837 0.409775
vt 0.133817 0.410088
vt 0.128808 0.410264
vt 0.126836 0.390143
vt 0.123862 0.410462
vt 0.121842 0.390505
vt 0.119125 0.410584
vt 0.117090 0.390873
vt 0.114400 0.410569
vt 0.111996 0.391203
vt 0.122607 0.649441
vt 0.116057 0.667202
vt 0.111746 0.665690
vt 0.118011 0.647200
vt 0.107051 0.663722
vt 0.113099 0.644955
vt 0.102375 0.661520
vt 0.108120 0.642806
vt 0.097909 0.659240
vt 0.103338 0.640845
vt 0.093323 0.656808
vt 0.098799 0.639159
vt 0.088837 0.654464
vt 0.094430 0.637645
vt 0.084500 0.652301
vt 0.090199 0.636232
vt 0.080092 0.650212
vt 0.086000 0.634983
vt 0.075675 0.648217
vt 0.081712 0.633855
vt 0.090762 0.832008
vt 0.086292 0.816947
vt 0.090693 0.814348
vt 0.095189 0.830753
vt 0.095618 0.811415
vt 0.100308 0.829279
vt 0.105757 0.827650
vt 0.111291 0.825989
vt 0.116650 0.824317
vt 0.116152 0.801637
vt 0.121586 0.822690
vt 0.120605 0.801076
vt 0.126272 0.821057
vt 0.151217 0.388200
vt 0.153506 0.409360
vt 0.148752 0.409595
vt 0.146377 0.388591
vt 0.143949 0.409497
vt 0.150463 0.428161
vt 0.145365 0.427926
vt 0.140074 0.427670
vt 0.144569 0.442625
vt 0.139602 0.442152
vt 0.134867 0.442062
vt 0.134908 0.427478
vt 0.129704 0.427385
vt 0.124596 0.427370
vt 0.119586 0.427373
vt 0.115019 0.442742
vt 0.114746 0.427045
vt 0.114509 0.683177
vt 0.116141 0.698450
vt 0.110316 0.697839
vt 0.109506 0.682355
vt 0.103959 0.696793
vt 0.104215 0.681184
vt 0.110606 0.711277
vt 0.103131 0.709695
vt 0.109859 0.721029
vt 0.102132 0.719015
vt 0.092910 0.717624
vt 0.101704 0.726791
vt 0.092380 0.725852
vt 0.079761 0.725706
vt 0.080388 0.717245
vt 0.063128 0.726677
vt 0.062581 0.719141
vt 0.062010 0.711405
vt 0.044222 0.722275
vt 0.043074 0.716215
vt 0.041562 0.710523
vt 0.061598 0.703184
vt 0.039729 0.705269
vt 0.058230 0.698589
vt 0.037675 0.700013
vt 0.054966 0.692935
vt 0.071337 0.682840
vt 0.081725 0.669634
vt 0.051710 0.687401
vt 0.066227 0.677989
vt 0.076762 0.666122
vt 0.062021 0.673275
vt 0.072313 0.662885
vt 0.058165 0.668610
vt 0.067945 0.659596
vt 0.078937 0.805212
vt 0.068554 0.796947
vt 0.071741 0.791787
vt 0.082801 0.801075
vt 0.075549 0.785820
vt 0.087526 0.795998
vt 0.057593 0.785126
vt 0.060062 0.779147
vt 0.062143 0.773045
vt 0.042829 0.774755
vt 0.043898 0.769435
vt 0.044494 0.764302
vt 0.063389 0.767052
vt 0.044871 0.759025
vt 0.064006 0.760995
vt 0.045195 0.753448
vt 0.064141 0.754777
vt 0.082203 0.755809
vt 0.095727 0.756753
vt 0.064059 0.748302
vt 0.081457 0.748345
vt 0.094088 0.748266
vt 0.103369 0.748023
vt 0.104756 0.756792
vt 0.080638 0.740940
vt 0.093061 0.740654
vt 0.102411 0.740503
vt 0.110287 0.740019
vt 0.111111 0.747177
vt 0.092533 0.733334
vt 0.101826 0.733595
vt 0.109797 0.733948
vt 0.117103 0.734321
vt 0.117537 0.739495
vt 0.109699 0.727900
vt 0.116826 0.728892
vt 0.129648 0.469622
vt 0.132482 0.463514
vt 0.136862 0.463169
vt 0.135888 0.470531
vt 0.116685 0.722651
vt 0.123430 0.466142
vt 0.116634 0.712224
vt 0.117255 0.456789
vt 0.138355 0.453330
vt 0.134239 0.453698
vt 0.079969 0.733496
vt 0.063823 0.741440
vt 0.063502 0.734154
vt 0.045553 0.741427
vt 0.045408 0.734973
vt 0.044973 0.728552
vt 0.026788 0.735936
vt 0.026400 0.730655
vt 0.025806 0.725545
vt 0.008288 0.732691
vt 0.007863 0.728157
vt 0.007324 0.723682
vt 0.024989 0.720562
vt 0.006716 0.719327
vt 0.023906 0.715675
vt 0.005895 0.714949
vt 0.022524 0.710783
vt 0.004793 0.710554
vt 0.020945 0.705882
vt 0.003507 0.706236
vt 0.019252 0.700987
vt 0.035516 0.694748
vt 0.017426 0.696131
vt 0.033230 0.689334
vt 0.048543 0.681956
vt 0.030848 0.684016
vt 0.045484 0.676351
vt 0.055115 0.790942
vt 0.039549 0.785750
vt 0.041336 0.780264
vt 0.023191 0.781170
vt 0.024302 0.776424
vt 0.025192 0.771635
vt 0.007829 0.773726
vt 0.008403 0.769455
vt 0.008816 0.765071
vt 0.025849 0.766865
vt 0.009080 0.760660
vt 0.026328 0.762110
vt 0.009236 0.756180
vt 0.026678 0.757202
vt 0.009277 0.751597
vt 0.026906 0.752099
vt 0.009168 0.746918
vt 0.027031 0.746854
vt 0.045447 0.747608
vt 0.027010 0.741413
vt 0.008943 0.742192
vt 0.008633 0.737374
vt 0.074356 0.135370
vt 0.074139 0.140923
vt 0.055030 0.139922
vt 0.055203 0.135217
vt 0.055191 0.130535
vt 0.074343 0.129981
vt 0.039175 0.135011
vt 0.039156 0.130911
vt 0.038898 0.126826
vt 0.055046 0.125887
vt 0.074101 0.124777
vt 0.038447 0.122786
vt 0.054718 0.121244
vt 0.073652 0.119632
vt 0.037817 0.118712
vt 0.054232 0.116601
vt 0.073035 0.114619
vt 0.037016 0.114645
vt 0.053614 0.112034
vt 0.072203 0.109539
vt 0.036050 0.110443
vt 0.052850 0.107301
vt 0.071185 0.104381
vt 0.034910 0.106147
vt 0.051942 0.102486
vt 0.070206 0.099239
vt 0.033589 0.101697
vt 0.050888 0.097597
vt 0.069242 0.094117
vt 0.002009 0.702019
vt 0.049791 0.092707
vt 0.068267 0.088967
vt 0.000388 0.697826
vt 0.015519 0.691522
vt 0.065749 0.181875
vt 0.047528 0.176907
vt 0.048872 0.172110
vt 0.067125 0.176910
vt 0.007071 0.778081
vt 0.030115 0.171378
vt 0.031861 0.166781
vt 0.033420 0.162513
vt 0.050148 0.167405
vt 0.068464 0.172059
vt 0.034791 0.158550
vt 0.051327 0.162813
vt 0.069776 0.167090
vt 0.036020 0.154594
vt 0.052367 0.158278
vt 0.070971 0.162078
vt 0.037078 0.150678
vt 0.053291 0.153740
vt 0.072059 0.156977
vt 0.037941 0.146789
vt 0.054075 0.149180
vt 0.072996 0.151741
vt 0.038591 0.142935
vt 0.054665 0.144589
vt 0.073692 0.146368
vt 0.039007 0.138981
vt 0.026206 0.141077
vt 0.026683 0.137951
vt 0.026885 0.134744
vt 0.018096 0.131928
vt 0.026760 0.131447
vt 0.017629 0.129661
vt 0.026337 0.128187
vt 0.016863 0.127241
vt 0.025667 0.124849
vt 0.015861 0.124785
vt 0.024790 0.121532
vt 0.014614 0.122212
vt 0.023730 0.118079
vt 0.013069 0.119511
vt 0.022457 0.114518
vt 0.020985 0.110875
vt 0.019212 0.106986
vt 0.017067 0.102841
vt 0.032103 0.097022
vt 0.015398 0.164201
vt 0.004909 0.154986
vt 0.008191 0.152529
vt 0.017881 0.160229
vt 0.010852 0.150056
vt 0.019912 0.156652
vt 0.012950 0.147774
vt 0.021652 0.153415
vt 0.014610 0.145666
vt 0.023192 0.150273
vt 0.015962 0.143545
vt 0.024478 0.147188
vt 0.017042 0.141240
vt 0.025475 0.144131
vt 0.008017 0.142236
vt 0.006098 0.143125
vt 0.005290 0.138082
vt 0.006604 0.138071
vt 0.006025 0.135673
vt 0.007025 0.135923
vt 0.008135 0.134223
vt 0.008915 0.134948
vt 0.007193 0.133683
vt 0.010587 0.130123
vt 0.011370 0.131671
vt 0.011687 0.133145
vt 0.003472 0.137948
vt 0.003603 0.143706
vt 0.000388 0.143415
vt 0.000604 0.137541
vt 0.118065 0.745653
vt 0.119459 0.755496
vt 0.112256 0.756326
vt 0.119544 0.767702
vt 0.113048 0.767782
vt 0.118937 0.782533
vt 0.113689 0.782225
vt 0.155940 0.428424
vt 0.156281 0.443971
vt 0.150128 0.443328
vt 0.332245 0.500031
vt 0.325007 0.497451
vt 0.530108 0.556557
vt 0.481676 0.850835
vt 0.415392 0.388846
vt 0.517084 0.116552
vt 0.276495 0.795781
vt 0.251112 0.275743
vt 0.266940 0.272450
vt 0.247041 0.925559
vt 0.678688 0.110316
vt 0.490453 0.198759
vt 0.508798 0.202439
vt 0.515714 0.212432
vt 0.684310 0.243948
vt 0.807254 0.408539
vt 0.816476 0.403758
vt 0.877310 0.331515
vt 0.869789 0.331347
vt 0.870542 0.318226
vt 0.877087 0.318368
vt 0.870230 0.303536
vt 0.875736 0.303197
vt 0.865162 0.303652
vt 0.864169 0.287440
vt 0.868581 0.287093
vt 0.866218 0.269750
vt 0.870470 0.269269
vt 0.873128 0.286599
vt 0.861998 0.270250
vt 0.859233 0.253002
vt 0.863534 0.252361
vt 0.854954 0.253670
vt 0.867828 0.251716
vt 0.857985 0.361031
vt 0.850385 0.375793
vt 0.847499 0.373017
vt 0.843347 0.390873
vt 0.839723 0.387559
vt 0.836623 0.384481
vt 0.826142 0.395145
vt 0.844673 0.199399
vt 0.822679 0.486927
vt 0.813052 0.484039
vt 0.805438 0.482111
vt 0.798545 0.480600
vt 0.807966 0.496729
vt 0.801335 0.494098
vt 0.795182 0.491906
vt 0.789671 0.490200
vt 0.791812 0.479462
vt 0.795049 0.507424
vt 0.789898 0.505025
vt 0.785144 0.503097
vt 0.780674 0.501428
vt 0.784470 0.488949
vt 0.782393 0.520431
vt 0.778223 0.518351
vt 0.774254 0.516492
vt 0.820847 0.553578
vt 0.818156 0.550124
vt 0.832099 0.540701
vt 0.834641 0.544845
vt 0.769714 0.533742
vt 0.766049 0.531668
vt 0.807653 0.564255
vt 0.804763 0.561209
vt 0.801707 0.558109
vt 0.815139 0.546385
vt 0.796362 0.575438
vt 0.793299 0.572412
vt 0.790324 0.569443
vt 0.787429 0.566533
vt 0.798580 0.555070
vt 0.783174 0.581491
vt 0.780663 0.578157
vt 0.778291 0.575188
vt 0.775959 0.572543
vt 0.784504 0.563752
vt 0.772632 0.582825
vt 0.771353 0.579825
vt 0.769944 0.577398
vt 0.768377 0.575530
vt 0.773612 0.570198
vt 0.765324 0.578258
vt 0.766595 0.573976
vt 0.763238 0.579826
vt 0.764491 0.572692
vt 0.768459 0.566102
vt 0.771168 0.568044
vt 0.775182 0.556269
vt 0.778418 0.558634
vt 0.781560 0.561134
vt 0.788304 0.546036
vt 0.791870 0.548965
vt 0.795314 0.551989
vt 0.804036 0.535233
vt 0.808128 0.538995
vt 0.811823 0.542681
vt 0.821043 0.526347
vt 0.825461 0.531341
vt 0.829091 0.536206
vt 0.838242 0.522118
vt 0.841698 0.528449
vt 0.844285 0.534026
vt 0.853928 0.523512
vt 0.855245 0.530993
vt 0.855905 0.537084
vt 0.846197 0.539065
vt 0.864501 0.530504
vt 0.863542 0.537470
vt 0.785956 0.478915
vt 0.785766 0.471246
vt 0.869367 0.539955
vt 0.784752 0.465341
vt 0.875952 0.545831
vt 0.783556 0.457442
vt 0.833691 0.515606
vt 0.828191 0.509541
vt 0.816345 0.521774
vt 0.811273 0.517607
vt 0.821892 0.504343
vt 0.799857 0.531803
vt 0.795391 0.528515
vt 0.805844 0.513774
vt 0.784546 0.543226
vt 0.780876 0.540657
vt 0.790840 0.525446
vt 0.771823 0.553971
vt 0.768253 0.551741
vt 0.777012 0.538146
vt 0.765407 0.564391
vt 0.762077 0.562885
vt 0.758382 0.561501
vt 0.764631 0.549639
vt 0.762077 0.571803
vt 0.759287 0.571282
vt 0.755939 0.571078
vt 0.751910 0.571179
vt 0.754288 0.560122
vt 0.759143 0.576367
vt 0.756886 0.577054
vt 0.749641 0.558592
vt 0.757064 0.545436
vt 0.760919 0.547576
vt 0.746757 0.571481
vt 0.774952 0.591942
vt 0.773764 0.586702
vt 0.786017 0.585238
vt 0.773381 0.535902
vt 0.786523 0.522753
vt 0.800361 0.510342
vt 0.815218 0.500135
vt 0.831696 0.491364
vt 0.840782 0.478487
vt 0.847611 0.465780
vt 0.899162 0.332761
vt 0.419602 0.446814
vt 0.427629 0.447455
vt 0.486272 0.231310
vt 0.771974 0.546958
vt 0.778428 0.540064
vt 0.782028 0.543644
vt 0.776738 0.551437
vt 0.802892 0.433977
vt 0.811429 0.438604
vt 0.785609 0.532991
vt 0.788387 0.536299
vt 0.823034 0.442357
vt 0.819451 0.444914
vt 0.829593 0.450532
vt 0.826680 0.452649
vt 0.827581 0.440220
vt 0.833053 0.448529
vt 0.839612 0.458153
vt 0.836713 0.460072
vt 0.832967 0.438497
vt 0.836845 0.446706
vt 0.842740 0.456197
vt 0.850127 0.465985
vt 0.847314 0.468108
vt 0.841015 0.444973
vt 0.846097 0.454259
vt 0.852984 0.463883
vt 0.861224 0.473496
vt 0.858416 0.475692
vt 0.799169 0.393490
vt 0.806552 0.405607
vt 0.802695 0.407954
vt 0.795128 0.395565
vt 0.788003 0.382208
vt 0.791945 0.380354
vt 0.781199 0.368875
vt 0.784995 0.367021
vt 0.790924 0.397670
vt 0.783947 0.384119
vt 0.777276 0.370748
vt 0.770527 0.358206
vt 0.774396 0.356133
vt 0.779877 0.386031
vt 0.773297 0.372634
vt 0.766611 0.360262
vt 0.760696 0.349965
vt 0.764444 0.347799
vt 0.769336 0.374501
vt 0.762753 0.362239
vt 0.756715 0.351976
vt 0.753359 0.344586
vt 0.758776 0.364264
vt 0.752361 0.353949
vt 0.749051 0.345729
vt 0.866788 0.522132
vt 0.856367 0.522288
vt 0.856463 0.518511
vt 0.866923 0.518065
vt 0.870888 0.509643
vt 0.865232 0.501206
vt 0.868291 0.499190
vt 0.874112 0.507510
vt 0.871344 0.497128
vt 0.877180 0.505651
vt 0.874312 0.495095
vt 0.880327 0.503826
vt 0.877318 0.492983
vt 0.883582 0.502016
vt 0.771666 0.343014
vt 0.778174 0.354090
vt 0.768032 0.345488
vt 0.765429 0.335725
vt 0.866748 0.485390
vt 0.869640 0.483167
vt 0.863856 0.487568
vt 0.855641 0.477852
vt 0.860876 0.489771
vt 0.852778 0.480096
vt 0.844528 0.470265
vt 0.849914 0.482349
vt 0.841687 0.472445
vt 0.833718 0.462320
vt 0.805290 0.521487
vt 0.818450 0.519880
vt 0.818602 0.523498
vt 0.806247 0.525218
vt 0.795979 0.529731
vt 0.793983 0.526313
vt 0.789412 0.429152
vt 0.784498 0.416819
vt 0.788904 0.414938
vt 0.794136 0.427351
vt 0.798550 0.438430
vt 0.793206 0.440107
vt 0.799449 0.425043
vt 0.804394 0.435758
vt 0.804908 0.421856
vt 0.810991 0.431714
vt 0.809925 0.418718
vt 0.816627 0.427120
vt 0.814285 0.415615
vt 0.820717 0.422593
vt 0.837977 0.436960
vt 0.798071 0.410493
vt 0.793459 0.412895
vt 0.786679 0.399742
vt 0.782409 0.401706
vt 0.775839 0.387895
vt 0.778250 0.403438
vt 0.771852 0.389659
vt 0.765421 0.376361
vt 0.844435 0.522815
vt 0.831640 0.523170
vt 0.831643 0.519472
vt 0.844423 0.519004
vt 0.858011 0.491900
vt 0.896291 0.332291
vt 0.757733 0.332291
usemtl material_0
f 1/1 2/2 3/3
f 1/1 3/3 4/4
f 5/5 6/6 7/7
f 5/5 7/7 8/8
f 5/5 8/8 9/9
f 5/5 9/9 10/10
f 1/1 11/11 12/12
f 1/1 12/12 2/2
f 1/1 13/13 14/14
f 1/1 14/14 11/11
f 15/15 16/16 17/17
f 15/15 17/17 18/18
f 15/15 19/19 20/20
f 15/15 20/20 21/21
f 15/15 18/18 22/22
f 15/15 22/22 19/19
f 15/15 23/23 24/24
f 15/15 24/24 16/16
f 25/25 26/26 27/27
f 25/25 27/27 28/28
f 25/25 29/29 30/30
f 25/25 30/30 26/26
f 25/25 31/31 32/32
f 25/25 32/32 29/29
f 25/25 33/33 34/34
f 25/25 34/34 31/31
f 25/25 28/28 35/35
f 25/25 35/35 36/36
f 28/28 37/37 38/38
f 28/28 38/38 35/35
f 28/28 39/39 40/40
f 28/28 40/40 37/37
f 28/28 27/27 41/41
f 28/28 41/41 39/39
f 42/42 43/43 44/44
f 42/42 44/44 45/45
f 42/42 46/46 47/47
f 42/42 47/47 43/43
f 42/42 48/48 49/49
f 42/42 49/49 46/46
f 42/42 50/50 51/51
f 42/42 51/51 48/48
f 42/42 45/45 52/52
f 42/42 52/52 50/50
f 53/53 54/54 55/55
f 53/53 55/55 56/56
f 53/53 57/57 58/58
f 53/53 58/58 54/54
f 53/53 56/56 59/59
f 53/53 59/59 57/57
f 60/60 61/61 62/62
f 60/60 62/62 63/63
f 60/60 64/64 65/65
f 60/60 65/65 61/61
f 60/60 63/63 66/66
f 60/60 66/66 64/64
f 51/51 50/50 67/67
f 51/51 67/67 68/68
f 69/69 70/70 71/71
f 69/69 71/71 72/72
f 69/69 73/73 74/74
f 69/69 74/74 70/70
f 75/75 76/76 77/77
f 75/75 77/77 78/78
f 75/75 79/79 80/80
f 75/75 80/80 76/76
f 75/75 81/81 82/82
f 75/75 82/82 83/83
f 75/75 84/84 85/85
f 75/75 85/85 79/79
f 75/75 83/83 86/86
f 75/75 86/86 84/84
f 87/87 88/88 89/89
f 87/87 89/89 90/90
f 87/87 91/91 92/92
f 87/87 92/92 88/88
f 87/87 90/90 93/93
f 87/87 93/93 94/94
f 95/95 96/96 97/97
f 95/95 97/97 98/98
f 95/95 99/99 100/100
f 95/95 100/100 96/96
f 95/95 98/98 101/101
f 95/95 101/101 99/99
f 102/102 103/103 104/104
f 102/102 104/104 105/105
f 102/102 106/106 107/107
f 102/102 107/107 108/108
f 102/102 105/105 109/109
f 102/102 109/109 106/106
f 110/110 111/111 112/112
f 110/110 112/112 113/113
f 114/114 115/115 116/116
f 114/114 116/116 117/117
f 118/118 119/119 120/120
f 118/118 120/120 121/121
f 16/16 122/122 123/123
f 16/16 123/123 17/17
f 16/16 124/124 125/125
f 16/16 125/125 122/122
f 16/16 24/24 126/126
f 16/16 126/126 127/127
f 15/15 21/21 128/128
f 15/15 128/128 23/23
f 129/129 130/130 131/131
f 129/129 131/131 132/132
f 129/129 133/133 134/134
f 129/129 134/134 130/130
f 129/129 132/132 135/135
f 129/129 135/135 133/133
f 136/136 137/137 138/138
f 136/136 138/138 139/139
f 136/136 140/140 141/141
f 136/136 141/141 142/142
f 143/143 144/144 145/145
f 143/143 145/145 146/146
f 143/143 146/146 147/147
f 143/143 147/147 148/148
f 136/136 139/139 128/128
f 136/136 128/128 140/140
f 128/128 139/139 149/149
f 128/128 149/149 150/150
f 128/128 21/21 151/151
f 128/128 151/151 140/140
f 128/128 150/150 152/152
f 128/128 152/152 23/23
f 153/153 154/154 155/155
f 153/153 155/155 156/156
f 153/153 156/156 157/157
f 153/153 157/157 158/158
f 153/153 158/158 159/159
f 153/153 159/159 154/154
f 155/155 2/2 12/12
f 155/155 12/12 156/156
f 160/160 161/161 162/162
f 160/160 162/162 163/163
f 160/160 164/164 165/165
f 160/160 165/165 166/166
f 160/160 166/166 167/167
f 160/160 167/167 161/161
f 168/168 169/169 170/170
f 168/168 170/170 171/171
f 168/168 171/171 172/172
f 168/168 172/172 173/173
f 168/168 173/173 174/174
f 168/168 174/174 123/123
f 168/168 175/175 176/176
f 168/168 176/176 169/169
f 168/168 123/123 122/122
f 168/168 122/122 175/175
f 177/177 178/178 179/179
f 177/177 179/179 180/180
f 177/177 180/180 181/181
f 177/177 181/181 182/182
f 183/183 184/184 185/185
f 183/183 185/185 186/186
f 183/183 186/186 187/187
f 183/183 187/187 188/188
f 183/183 189/189 190/190
f 183/183 190/190 184/184
f 191/191 192/192 193/193
f 191/191 193/193 194/194
f 191/191 195/195 196/196
f 191/191 196/196 192/192
f 191/191 194/194 197/197
f 191/191 197/197 195/195
f 198/198 199/199 200/200
f 198/198 200/200 201/201
f 198/198 202/202 203/203
f 198/198 203/203 199/199
f 198/198 201/201 204/204
f 198/198 204/204 202/202
f 205/205 206/206 207/207
f 205/205 207/207 208/208
f 205/205 208/208 209/209
f 205/205 209/209 210/210
f 205/205 210/210 211/211
f 205/205 211/211 206/206
f 212/212 213/213 214/214
f 212/212 214/214 215/215
f 212/212 215/215 216/216
f 212/212 216/216 217/217
f 212/212 217/217 218/218
f 212/212 218/218 213/213
f 219/219 220/220 221/221
f 219/219 221/221 222/222
f 223/223 224/224 225/225
f 223/223 225/225 226/226
f 219/219 227/227 228/228
f 219/219 228/228 220/220
f 219/219 229/229 230/230
f 219/219 230/230 227/227
f 223/223 226/226 231/231
f 223/223 231/231 232/232
f 233/233 234/234 235/235
f 233/233 235/235 236/236
f 233/233 237/237 238/238
f 233/233 238/238 234/234
f 233/233 236/236 239/239
f 233/233 239/239 237/237
f 240/240 241/241 242/242
f 240/240 242/242 243/243
f 240/240 196/196 244/244
f 240/240 244/244 241/241
f 240/240 243/243 192/192
f 240/240 192/192 196/196
f 245/245 246/246 247/247
f 245/245 247/247 248/248
f 245/245 249/249 250/250
f 245/245 250/250 246/246
f 245/245 248/248 251/251
f 245/245 251/251 249/249
f 252/252 253/253 254/254
f 252/252 254/254 255/255
f 252/252 255/255 256/256
f 252/252 256/256 257/257
f 252/252 257/257 258/258
f 252/252 258/258 259/259
f 252/252 260/260 261/261
f 252/252 261/261 253/253
f 252/252 259/259 262/262
f 252/252 262/262 260/260
f 72/72 263/263 48/48
f 72/72 48/48 51/51
f 72/72 71/71 264/264
f 72/72 264/264 263/263
f 265/265 266/266 267/267
f 265/265 267/267 268/268
f 265/265 268/268 269/269
f 265/265 269/269 270/270
f 265/265 270/270 271/271
f 265/265 271/271 266/266
f 272/272 273/273 274/274
f 272/272 274/274 275/275
f 272/272 275/275 276/276
f 272/272 276/276 277/277
f 272/272 277/277 278/278
f 272/272 278/278 273/273
f 279/279 280/280 281/281
f 279/279 281/281 282/282
f 279/279 282/282 283/283
f 279/279 283/283 278/278
f 279/279 278/278 277/277
f 279/279 277/277 280/280
f 284/284 285/285 286/286
f 284/284 286/286 287/287
f 284/284 287/287 288/288
f 284/284 288/288 289/289
f 284/284 290/290 291/291
f 284/284 291/291 285/285
f 292/292 293/293 294/294
f 292/292 294/294 295/295
f 292/292 295/295 296/296
f 292/292 296/296 297/297
f 292/292 297/297 298/298
f 292/292 298/298 299/299
f 300/300 301/301 302/302
f 300/300 302/302 303/303
f 300/300 304/304 305/305
f 300/300 305/305 301/301
f 300/300 303/303 306/306
f 300/300 306/306 304/304
f 307/307 308/308 309/309
f 307/307 309/309 310/310
f 307/307 310/310 311/311
f 307/307 311/311 312/312
f 307/307 312/312 313/313
f 307/307 313/313 308/308
f 314/314 315/315 316/316
f 314/314 316/316 317/317
f 314/314 318/318 319/319
f 314/314 319/319 315/315
f 314/314 317/317 320/320
f 314/314 320/320 318/318
f 321/321 322/322 323/323
f 321/321 323/323 324/324
f 321/321 324/324 325/325
f 321/321 325/325 326/326
f 327/327 328/328 329/329
f 327/327 329/329 330/330
f 159/159 158/158 331/331
f 159/159 331/331 332/332
f 159/159 46/46 49/49
f 159/159 49/49 333/333
f 159/159 332/332 47/47
f 159/159 47/47 46/46
f 159/159 333/333 3/3
f 159/159 3/3 154/154
f 334/334 335/335 336/336
f 334/334 336/336 337/337
f 334/334 338/338 339/339
f 334/334 339/339 335/335
f 334/334 337/337 340/340
f 334/334 340/340 338/338
f 341/341 237/237 239/239
f 341/341 239/239 342/342
f 341/341 342/342 343/343
f 341/341 343/343 344/344
f 341/341 344/344 238/238
f 341/341 238/238 237/237
f 345/345 346/346 286/286
f 345/345 286/286 285/285
f 345/345 347/347 348/348
f 345/345 348/348 346/346
f 345/345 285/285 291/291
f 345/345 291/291 347/347
f 31/31 34/34 349/349
f 31/31 349/349 350/350
f 31/31 350/350 351/351
f 31/31 351/351 352/352
f 31/31 352/352 353/353
f 31/31 353/353 354/354
f 355/355 356/356 357/357
f 355/355 357/357 358/358
f 37/37 359/359 360/360
f 37/37 360/360 38/38
f 355/355 361/361 362/362
f 355/355 362/362 356/356
f 363/363 364/364 365/365
f 363/363 365/365 366/366
f 367/367 368/368 357/357
f 367/367 357/357 369/369
f 367/367 369/369 370/370
f 367/367 370/370 371/371
f 367/367 371/371 372/372
f 367/367 372/372 145/145
f 367/367 145/145 144/144
f 367/367 144/144 373/373
f 374/374 375/375 376/376
f 374/374 376/376 377/377
f 374/374 377/377 378/378
f 374/374 378/378 379/379
f 374/374 379/379 380/380
f 374/374 380/380 375/375
f 350/350 381/381 382/382
f 350/350 382/382 351/351
f 350/350 349/349 80/80
f 350/350 80/80 79/79
f 350/350 79/79 85/85
f 350/350 85/85 381/381
f 383/383 384/384 385/385
f 383/383 385/385 386/386
f 383/383 386/386 387/387
f 383/383 387/387 388/388
f 383/383 389/389 390/390
f 383/383 390/390 391/391
f 383/383 391/391 392/392
f 383/383 392/392 384/384
f 383/383 388/388 393/393
f 383/383 393/393 389/389
f 394/394 395/395 396/396
f 394/394 396/396 397/397
f 394/394 397/397 398/398
f 394/394 398/398 399/399
f 394/394 399/399 400/400
f 394/394 400/400 395/395
f 401/401 402/402 403/403
f 401/401 403/403 404/404
f 401/401 404/404 405/405
f 401/401 405/405 406/406
f 401/401 406/406 407/407
f 401/401 407/407 408/408
f 409/409 410/410 411/411
f 409/409 411/411 412/412
f 409/409 413/413 414/414
f 409/409 414/414 410/410
f 409/409 412/412 415/415
f 409/409 415/415 413/413
f 416/416 417/417 418/418
f 416/416 418/418 419/419
f 416/416 420/420 421/421
f 416/416 421/421 417/417
f 416/416 422/422 423/423
f 416/416 423/423 424/424
f 416/416 424/424 425/425
f 416/416 425/425 420/420
f 416/416 419/419 426/426
f 416/416 426/426 422/422
f 427/427 428/428 429/429
f 427/427 429/429 430/430
f 427/427 430/430 431/431
f 427/427 431/431 432/432
f 427/427 432/432 433/433
f 427/427 433/433 434/434
f 427/427 434/434 435/435
f 427/427 435/435 436/436
f 427/427 436/436 437/437
f 427/427 437/437 428/428
f 437/437 436/436 438/438
f 437/437 438/438 439/439
f 440/440 441/441 442/442
f 440/440 442/442 443/443
f 440/440 444/444 445/445
f 440/440 445/445 441/441
f 445/445 444/444 446/446
f 445/445 446/446 447/447
f 445/445 448/448 449/449
f 445/445 449/449 441/441
f 445/445 447/447 450/450
f 445/445 450/450 448/448
f 450/450 447/447 451/451
f 450/450 451/451 452/452
f 450/450 453/453 454/454
f 450/450 454/454 448/448
f 450/450 452/452 455/455
f 450/450 455/455 453/453
f 455/455 452/452 456/456
f 455/455 456/456 457/457
f 455/455 458/458 459/459
f 455/455 459/459 453/453
f 455/455 457/457 460/460
f 455/455 460/460 458/458
f 460/460 457/457 461/461
f 460/460 461/461 462/462
f 460/460 463/463 464/464
f 460/460 464/464 458/458
f 460/460 462/462 465/465
f 460/460 465/465 463/463
f 465/465 462/462 466/466
f 465/465 466/466 467/467
f 465/465 468/468 469/469
f 465/465 469/469 463/463
f 465/465 467/467 470/470
f 465/465 470/470 468/468
f 470/470 467/467 471/471
f 470/470 471/471 299/299
f 470/470 472/472 473/473
f 470/470 473/473 468/468
f 470/470 299/299 298/298
f 470/470 298/298 472/472
f 472/472 474/474 475/475
f 472/472 475/475 473/473
f 472/472 298/298 476/476
f 472/472 476/476 474/474
f 476/476 298/298 297/297
f 476/476 297/297 477/477
f 476/476 478/478 479/479
f 476/476 479/479 474/474
f 476/476 477/477 480/480
f 476/476 480/480 478/478
f 480/480 477/477 481/481
f 480/480 481/481 482/482
f 483/483 484/484 485/485
f 483/483 485/485 486/486
f 483/483 487/487 488/488
f 483/483 488/488 484/484
f 488/488 487/487 489/489
f 488/488 489/489 490/490
f 488/488 491/491 492/492
f 488/488 492/492 484/484
f 488/488 490/490 493/493
f 488/488 493/493 491/491
f 494/494 495/495 496/496
f 494/494 496/496 497/497
f 493/493 498/498 499/499
f 493/493 499/499 491/491
f 494/494 497/497 500/500
f 494/494 500/500 501/501
f 500/500 497/497 502/502
f 500/500 502/502 503/503
f 500/500 504/504 505/505
f 500/500 505/505 501/501
f 500/500 503/503 506/506
f 500/500 506/506 504/504
f 506/506 503/503 507/507
f 506/506 507/507 508/508
f 506/506 509/509 510/510
f 506/506 510/510 504/504
f 506/506 508/508 511/511
f 506/506 511/511 509/509
f 511/511 508/508 512/512
f 511/511 512/512 513/513
f 514/514 515/515 516/516
f 514/514 516/516 517/517
f 514/514 518/518 519/519
f 514/514 519/519 515/515
f 519/519 518/518 520/520
f 519/519 520/520 521/521
f 519/519 522/522 523/523
f 519/519 523/523 515/515
f 519/519 521/521 524/524
f 519/519 524/524 522/522
f 524/524 521/521 525/525
f 524/524 525/525 526/526
f 524/524 527/527 528/528
f 524/524 528/528 522/522
f 524/524 526/526 529/529
f 524/524 529/529 527/527
f 530/530 531/531 532/532
f 530/530 532/532 533/533
f 529/529 534/534 535/535
f 529/529 535/535 527/527
f 530/530 533/533 536/536
f 530/530 536/536 537/537
f 536/536 533/533 538/538
f 536/536 538/538 539/539
f 536/536 540/540 541/541
f 536/536 541/541 537/537
f 536/536 539/539 542/542
f 536/536 542/542 540/540
f 542/542 539/539 543/543
f 542/542 543/543 544/544
f 542/542 545/545 546/546
f 542/542 546/546 540/540
f 542/542 544/544 547/547
f 542/542 547/547 545/545
f 547/547 544/544 548/548
f 547/547 548/548 549/549
f 550/550 551/551 552/552
f 550/550 552/552 553/553
f 550/550 554/554 555/555
f 550/550 555/555 551/551
f 555/555 554/554 556/556
f 555/555 556/556 557/557
f 555/555 558/558 559/559
f 555/555 559/559 551/551
f 555/555 557/557 560/560
f 555/555 560/560 558/558
f 560/560 557/557 561/561
f 560/560 561/561 562/562
f 560/560 563/563 564/564
f 560/560 564/564 558/558
f 560/560 562/562 565/565
f 560/560 565/565 563/563
f 565/565 562/562 566/566
f 565/565 566/566 567/567
f 565/565 568/568 569/569
f 565/565 569/569 563/563
f 565/565 567/567 570/570
f 565/565 570/570 568/568
f 570/570 567/567 571/571
f 570/570 571/571 572/572
f 570/570 573/573 574/574
f 570/570 574/574 568/568
f 570/570 572/572 575/575
f 570/570 575/575 573/573
f 575/575 572/572 576/576
f 575/575 576/576 577/577
f 575/575 578/578 579/579
f 575/575 579/579 573/573
f 575/575 577/577 580/580
f 575/575 580/580 578/578
f 581/581 582/582 583/583
f 581/581 583/583 584/584
f 580/580 585/585 586/586
f 580/580 586/586 578/578
f 581/581 584/584 587/587
f 581/581 587/587 588/588
f 587/587 584/584 589/589
f 587/587 589/589 590/590
f 591/591 592/592 593/593
f 591/591 593/593 594/594
f 591/591 595/595 596/596
f 591/591 596/596 592/592
f 596/596 595/595 597/597
f 596/596 597/597 598/598
f 596/596 599/599 600/600
f 596/596 600/600 592/592
f 596/596 598/598 601/601
f 596/596 601/601 599/599
f 601/601 598/598 602/602
f 601/601 602/602 603/603
f 601/601 604/604 605/605
f 601/601 605/605 599/599
f 601/601 603/603 606/606
f 601/601 606/606 604/604
f 606/606 603/603 607/607
f 606/606 607/607 608/608
f 606/606 609/609 610/610
f 606/606 610/610 604/604
f 606/606 608/608 611/611
f 606/606 611/611 609/609
f 611/611 608/608 612/612
f 611/611 612/612 613/613
f 611/611 614/614 615/615
f 611/611 615/615 609/609
f 611/611 613/613 616/616
f 611/611 616/616 614/614
f 616/616 613/613 617/617
f 616/616 617/617 618/618
f 616/616 619/619 620/620
f 616/616 620/620 614/614
f 616/616 618/618 621/621
f 616/616 621/621 619/619
f 622/622 623/623 624/624
f 622/622 624/624 625/625
f 626/626 627/627 628/628
f 626/626 628/628 629/629
f 630/630 631/631 632/632
f 630/630 632/632 633/633
f 632/632 631/631 634/634
f 632/632 634/634 635/635
f 632/632 29/29 32/32
f 632/632 32/32 633/633
f 632/632 635/635 30/30
f 632/632 30/30 29/29
f 636/636 637/637 638/638
f 636/636 638/638 639/639
f 636/636 625/625 624/624
f 636/636 624/624 637/637
f 634/634 640/640 641/641
f 634/634 641/641 635/635
f 641/641 640/640 642/642
f 641/641 642/642 643/643
f 641/641 644/644 30/30
f 641/641 30/30 635/635
f 641/641 643/643 645/645
f 641/641 645/645 644/644
f 645/645 643/643 646/646
f 645/645 646/646 647/647
f 645/645 648/648 649/649
f 645/645 649/649 644/644
f 645/645 647/647 650/650
f 645/645 650/650 648/648
f 650/650 647/647 651/651
f 650/650 651/651 652/652
f 650/650 653/653 654/654
f 650/650 654/654 648/648
f 650/650 652/652 655/655
f 650/650 655/655 653/653
f 655/655 652/652 656/656
f 655/655 656/656 657/657
f 655/655 658/658 659/659
f 655/655 659/659 653/653
f 655/655 657/657 660/660
f 655/655 660/660 658/658
f 660/660 657/657 132/132
f 660/660 132/132 131/131
f 660/660 661/661 662/662
f 660/660 662/662 658/658
f 660/660 131/131 663/663
f 660/660 663/663 661/661
f 664/664 665/665 666/666
f 664/664 666/666 667/667
f 664/664 204/204 201/201
f 664/664 201/201 665/665
f 665/665 668/668 669/669
f 665/665 669/669 666/666
f 665/665 201/201 200/200
f 665/665 200/200 668/668
f 668/668 670/670 671/671
f 668/668 671/671 669/669
f 668/668 200/200 672/672
f 668/668 672/672 670/670
f 672/672 200/200 199/199
f 672/672 199/199 673/673
f 672/672 55/55 674/674
f 672/672 674/674 670/670
f 672/672 673/673 56/56
f 672/672 56/56 55/55
f 674/674 675/675 671/671
f 674/674 671/671 670/670
f 674/674 676/676 677/677
f 674/674 677/677 675/675
f 674/674 55/55 54/54
f 674/674 54/54 676/676
f 676/676 678/678 679/679
f 676/676 679/679 677/677
f 676/676 54/54 58/58
f 676/676 58/58 678/678
f 680/680 681/681 682/682
f 680/680 682/682 683/683
f 680/680 684/684 685/685
f 680/680 685/685 681/681
f 685/685 684/684 376/376
f 685/685 376/376 375/375
f 685/685 686/686 687/687
f 685/685 687/687 681/681
f 685/685 375/375 380/380
f 685/685 380/380 686/686
f 686/686 135/135 656/656
f 686/686 656/656 687/687
f 686/686 380/380 133/133
f 686/686 133/133 135/135
f 687/687 651/651 682/682
f 687/687 682/682 681/681
f 687/687 656/656 652/652
f 687/687 652/652 651/651
f 682/682 646/646 688/688
f 682/682 688/688 683/683
f 682/682 651/651 647/647
f 682/682 647/647 646/646
f 689/689 690/690 677/677
f 689/689 677/677 679/679
f 689/689 691/691 692/692
f 689/689 692/692 690/690
f 688/688 646/646 643/643
f 688/688 643/643 642/642
f 692/692 693/693 694/694
f 692/692 694/694 690/690
f 692/692 638/638 695/695
f 692/692 695/695 693/693
f 692/692 691/691 639/639
f 692/692 639/639 638/638
f 695/695 696/696 697/697
f 695/695 697/697 693/693
f 695/695 698/698 699/699
f 695/695 699/699 696/696
f 695/695 638/638 637/637
f 695/695 637/637 698/698
f 698/698 700/700 701/701
f 698/698 701/701 699/699
f 698/698 637/637 624/624
f 698/698 624/624 700/700
f 700/700 702/702 703/703
f 700/700 703/703 701/701
f 700/700 624/624 623/623
f 700/700 623/623 702/702
f 703/703 704/704 705/705
f 703/703 705/705 701/701
f 706/706 612/612 707/707
f 706/706 707/707 708/708
f 706/706 617/617 613/613
f 706/706 613/613 612/612
f 707/707 709/709 710/710
f 707/707 710/710 708/708
f 707/707 607/607 711/711
f 707/707 711/711 709/709
f 707/707 612/612 608/608
f 707/707 608/608 607/607
f 711/711 712/712 713/713
f 711/711 713/713 709/709
f 711/711 602/602 714/714
f 711/711 714/714 712/712
f 711/711 607/607 603/603
f 711/711 603/603 602/602
f 715/715 716/716 717/717
f 715/715 717/717 718/718
f 715/715 719/719 720/720
f 715/715 720/720 716/716
f 714/714 602/602 598/598
f 714/714 598/598 597/597
f 720/720 721/721 722/722
f 720/720 722/722 716/716
f 720/720 589/589 723/723
f 720/720 723/723 721/721
f 720/720 719/719 590/590
f 720/720 590/590 589/589
f 723/723 724/724 725/725
f 723/723 725/725 721/721
f 723/723 583/583 726/726
f 723/723 726/726 724/724
f 723/723 589/589 584/584
f 723/723 584/584 583/583
f 726/726 727/727 728/728
f 726/726 728/728 724/724
f 726/726 729/729 730/730
f 726/726 730/730 727/727
f 726/726 583/583 582/582
f 726/726 582/582 729/729
f 730/730 731/731 732/732
f 730/730 732/732 727/727
f 733/733 571/571 734/734
f 733/733 734/734 735/735
f 733/733 576/576 572/572
f 733/733 572/572 571/571
f 734/734 736/736 737/737
f 734/734 737/737 735/735
f 734/734 566/566 738/738
f 734/734 738/738 736/736
f 734/734 571/571 567/567
f 734/734 567/567 566/566
f 738/738 739/739 740/740
f 738/738 740/740 736/736
f 738/738 561/561 741/741
f 738/738 741/741 739/739
f 738/738 566/566 562/562
f 738/738 562/562 561/561
f 742/742 743/743 744/744
f 742/742 744/744 745/745
f 742/742 746/746 747/747
f 742/742 747/747 743/743
f 741/741 561/561 557/557
f 741/741 557/557 556/556
f 747/747 748/748 749/749
f 747/747 749/749 743/743
f 747/747 548/548 750/750
f 747/747 750/750 748/748
f 747/747 746/746 549/549
f 747/747 549/549 548/548
f 750/750 751/751 752/752
f 750/750 752/752 748/748
f 750/750 543/543 753/753
f 750/750 753/753 751/751
f 750/750 548/548 544/544
f 750/750 544/544 543/543
f 753/753 754/754 755/755
f 753/753 755/755 751/751
f 753/753 538/538 756/756
f 753/753 756/756 754/754
f 753/753 543/543 539/539
f 753/753 539/539 538/538
f 756/756 757/757 758/758
f 756/756 758/758 754/754
f 756/756 532/532 759/759
f 756/756 759/759 757/757
f 756/756 538/538 533/533
f 756/756 533/533 532/532
f 759/759 760/760 761/761
f 759/759 761/761 757/757
f 759/759 762/762 763/763
f 759/759 763/763 760/760
f 759/759 532/532 531/531
f 759/759 531/531 762/762
f 763/763 764/764 765/765
f 763/763 765/765 760/760
f 766/766 767/767 768/768
f 766/766 768/768 769/769
f 770/770 525/525 521/521
f 770/770 521/521 520/520
f 768/768 771/771 772/772
f 768/768 772/772 769/769
f 768/768 512/512 773/773
f 768/768 773/773 771/771
f 768/768 767/767 513/513
f 768/768 513/513 512/512
f 773/773 774/774 775/775
f 773/773 775/775 771/771
f 773/773 507/507 776/776
f 773/773 776/776 774/774
f 773/773 512/512 508/508
f 773/773 508/508 507/507
f 776/776 777/777 778/778
f 776/776 778/778 774/774
f 776/776 502/502 779/779
f 776/776 779/779 777/777
f 776/776 507/507 503/503
f 776/776 503/503 502/502
f 779/779 780/780 781/781
f 779/779 781/781 777/777
f 779/779 496/496 782/782
f 779/779 782/782 780/780
f 779/779 502/502 497/497
f 779/779 497/497 496/496
f 783/783 784/784 785/785
f 783/783 785/785 786/786
f 783/783 787/787 788/788
f 783/783 788/788 784/784
f 782/782 496/496 495/495
f 782/782 495/495 789/789
f 788/788 790/790 791/791
f 788/788 791/791 784/784
f 792/792 481/481 296/296
f 792/792 296/296 793/793
f 792/792 794/794 482/482
f 792/792 482/482 481/481
f 790/790 795/795 796/796
f 790/790 796/796 791/791
f 793/793 296/296 295/295
f 793/793 295/295 797/797
f 795/795 798/798 799/799
f 795/795 799/799 796/796
f 797/797 295/295 294/294
f 797/797 294/294 800/800
f 798/798 801/801 802/802
f 798/798 802/802 799/799
f 800/800 294/294 803/803
f 800/800 803/803 804/804
f 803/803 805/805 806/806
f 803/803 806/806 804/804
f 803/803 807/807 808/808
f 803/803 808/808 805/805
f 803/803 294/294 293/293
f 803/803 293/293 807/807
f 807/807 809/809 810/810
f 807/807 810/810 808/808
f 807/807 293/293 811/811
f 807/807 811/811 809/809
f 811/811 812/812 813/813
f 811/811 813/813 809/809
f 811/811 814/814 815/815
f 811/811 815/815 812/812
f 811/811 293/293 292/292
f 811/811 292/292 814/814
f 814/814 471/471 816/816
f 814/814 816/816 815/815
f 814/814 292/292 299/299
f 814/814 299/299 471/471
f 816/816 817/817 818/818
f 816/816 818/818 815/815
f 816/816 466/466 819/819
f 816/816 819/819 817/817
f 816/816 471/471 467/467
f 816/816 467/467 466/466
f 819/819 820/820 821/821
f 819/819 821/821 817/817
f 819/819 461/461 822/822
f 819/819 822/822 820/820
f 819/819 466/466 462/462
f 819/819 462/462 461/461
f 822/822 823/823 824/824
f 822/822 824/824 820/820
f 822/822 456/456 825/825
f 822/822 825/825 823/823
f 822/822 461/461 457/457
f 822/822 457/457 456/456
f 825/825 826/826 827/827
f 825/825 827/827 823/823
f 825/825 451/451 828/828
f 825/825 828/828 826/826
f 825/825 456/456 452/452
f 825/825 452/452 451/451
f 829/829 830/830 831/831
f 829/829 831/831 832/832
f 829/829 833/833 834/834
f 829/829 834/834 830/830
f 828/828 451/451 447/447
f 828/828 447/447 446/446
f 834/834 835/835 836/836
f 834/834 836/836 830/830
f 834/834 438/438 837/837
f 834/834 837/837 835/835
f 834/834 833/833 439/439
f 834/834 439/439 438/438
f 837/837 838/838 839/839
f 837/837 839/839 835/835
f 837/837 435/435 840/840
f 837/837 840/840 838/838
f 837/837 438/438 436/436
f 837/837 436/436 435/435
f 840/840 841/841 842/842
f 840/840 842/842 838/838
f 840/840 843/843 844/844
f 840/840 844/844 841/841
f 840/840 435/435 434/434
f 840/840 434/434 843/843
f 843/843 845/845 846/846
f 843/843 846/846 844/844
f 843/843 434/434 433/433
f 843/843 433/433 845/845
f 845/845 847/847 848/848
f 845/845 848/848 846/846
f 845/845 433/433 849/849
f 845/845 849/849 847/847
f 849/849 850/850 851/851
f 849/849 851/851 847/847
f 849/849 852/852 853/853
f 849/849 853/853 850/850
f 849/849 433/433 432/432
f 849/849 432/432 852/852
f 852/852 854/854 855/855
f 852/852 855/855 853/853
f 852/852 432/432 431/431
f 852/852 431/431 854/854
f 855/855 856/856 857/857
f 855/855 857/857 853/853
f 856/856 858/858 859/859
f 856/856 859/859 857/857
f 858/858 860/860 861/861
f 858/858 861/861 859/859
f 860/860 862/862 863/863
f 860/860 863/863 861/861
f 862/862 864/864 865/865
f 862/862 865/865 863/863
f 864/864 866/866 867/867
f 864/864 867/867 865/865
f 866/866 868/868 869/869
f 866/866 869/869 867/867
f 868/868 870/870 871/871
f 868/868 871/871 869/869
f 870/870 872/872 873/873
f 870/870 873/873 871/871
f 872/872 874/874 875/875
f 872/872 875/875 873/873
f 874/874 876/876 877/877
f 874/874 877/877 875/875
f 876/876 878/878 879/879
f 876/876 879/879 877/877
f 878/878 250/250 249/249
f 878/878 249/249 879/879
f 879/879 249/249 251/251
f 879/879 251/251 880/880
f 879/879 880/880 881/881
f 879/879 881/881 877/877
f 881/881 880/880 882/882
f 881/881 882/882 883/883
f 881/881 884/884 875/875
f 881/881 875/875 877/877
f 881/881 883/883 885/885
f 881/881 885/885 884/884
f 886/886 887/887 888/888
f 886/886 888/888 889/889
f 885/885 338/338 340/340
f 885/885 340/340 884/884
f 885/885 890/890 339/339
f 885/885 339/339 338/338
f 888/888 891/891 892/892
f 888/888 892/892 893/893
f 888/888 887/887 894/894
f 888/888 894/894 891/891
f 888/888 893/893 895/895
f 888/888 895/895 889/889
f 895/895 893/893 896/896
f 895/895 896/896 897/897
f 898/898 899/899 339/339
f 898/898 339/339 890/890
f 898/898 900/900 901/901
f 898/898 901/901 899/899
f 901/901 900/900 255/255
f 901/901 255/255 254/254
f 901/901 902/902 903/903
f 901/901 903/903 899/899
f 901/901 254/254 904/904
f 901/901 904/904 902/902
f 904/904 254/254 253/253
f 904/904 253/253 905/905
f 904/904 906/906 907/907
f 904/904 907/907 902/902
f 904/904 905/905 908/908
f 904/904 908/908 906/906
f 908/908 905/905 909/909
f 908/908 909/909 910/910
f 908/908 861/861 863/863
f 908/908 863/863 906/906
f 908/908 910/910 859/859
f 908/908 859/859 861/861
f 909/909 261/261 911/911
f 909/909 911/911 912/912
f 909/909 905/905 253/253
f 909/909 253/253 261/261
f 909/909 912/912 913/913
f 909/909 913/913 910/910
f 913/913 912/912 851/851
f 913/913 851/851 850/850
f 913/913 857/857 859/859
f 913/913 859/859 910/910
f 913/913 850/850 853/853
f 913/913 853/853 857/857
f 911/911 914/914 915/915
f 911/911 915/915 916/916
f 911/911 261/261 260/260
f 911/911 260/260 914/914
f 911/911 916/916 851/851
f 911/911 851/851 912/912
f 914/914 917/917 918/918
f 914/914 918/918 915/915
f 914/914 260/260 262/262
f 914/914 262/262 917/917
f 917/917 919/919 920/920
f 917/917 920/920 918/918
f 917/917 262/262 921/921
f 917/917 921/921 919/919
f 922/922 923/923 924/924
f 922/922 924/924 925/925
f 922/922 926/926 927/927
f 922/922 927/927 923/923
f 921/921 262/262 259/259
f 921/921 259/259 928/928
f 926/926 929/929 930/930
f 926/926 930/930 927/927
f 928/928 259/259 258/258
f 928/928 258/258 931/931
f 929/929 932/932 933/933
f 929/929 933/933 930/930
f 931/931 258/258 934/934
f 931/931 934/934 935/935
f 934/934 936/936 937/937
f 934/934 937/937 935/935
f 934/934 938/938 939/939
f 934/934 939/939 936/936
f 934/934 258/258 257/257
f 934/934 257/257 938/938
f 938/938 940/940 941/941
f 938/938 941/941 939/939
f 938/938 257/257 256/256
f 938/938 256/256 940/940
f 942/942 943/943 944/944
f 942/942 944/944 945/945
f 942/942 946/946 896/896
f 942/942 896/896 943/943
f 943/943 892/892 947/947
f 943/943 947/947 944/944
f 943/943 896/896 893/893
f 943/943 893/893 892/892
f 947/947 948/948 949/949
f 947/947 949/949 944/944
f 947/947 950/950 951/951
f 947/947 951/951 948/948
f 947/947 892/892 891/891
f 947/947 891/891 950/950
f 950/950 952/952 953/953
f 950/950 953/953 951/951
f 950/950 891/891 894/894
f 950/950 894/894 952/952
f 954/954 251/251 248/248
f 954/954 248/248 955/955
f 954/954 882/882 880/880
f 954/954 880/880 251/251
f 953/953 956/956 957/957
f 953/953 957/957 951/951
f 955/955 248/248 247/247
f 955/955 247/247 958/958
f 957/957 959/959 948/948
f 957/957 948/948 951/951
f 959/959 960/960 949/949
f 959/959 949/949 948/948
f 960/960 961/961 962/962
f 960/960 962/962 949/949
f 963/963 964/964 965/965
f 963/963 965/965 966/966
f 964/964 967/967 968/968
f 964/964 968/968 965/965
f 967/967 969/969 970/970
f 967/967 970/970 968/968
f 971/971 216/216 215/215
f 971/971 215/215 972/972
f 970/970 937/937 936/936
f 970/970 936/936 968/968
f 972/972 215/215 214/214
f 972/972 214/214 973/973
f 968/968 936/936 939/939
f 968/968 939/939 965/965
f 965/965 939/939 941/941
f 965/965 941/941 966/966
f 962/962 945/945 944/944
f 962/962 944/944 949/949
f 973/973 214/214 933/933
f 973/973 933/933 932/932
f 933/933 214/214 213/213
f 933/933 213/213 974/974
f 933/933 974/974 975/975
f 933/933 975/975 930/930
f 975/975 974/974 976/976
f 975/975 976/976 977/977
f 975/975 978/978 927/927
f 975/975 927/927 930/930
f 975/975 977/977 979/979
f 975/975 979/979 978/978
f 979/979 980/980 981/981
f 979/979 981/981 978/978
f 980/980 982/982 983/983
f 980/980 983/983 981/981
f 982/982 984/984 985/985
f 982/982 985/985 983/983
f 984/984 986/986 987/987
f 984/984 987/987 985/985
f 986/986 988/988 989/989
f 986/986 989/989 987/987
f 988/988 990/990 52/52
f 988/988 52/52 989/989
f 990/990 67/67 50/50
f 990/990 50/50 52/52
f 989/989 991/991 992/992
f 989/989 992/992 987/987
f 989/989 52/52 45/45
f 989/989 45/45 991/991
f 991/991 993/993 994/994
f 991/991 994/994 992/992
f 991/991 45/45 44/44
f 991/991 44/44 993/993
f 995/995 996/996 997/997
f 995/995 997/997 998/998
f 995/995 999/999 1000/1000
f 995/995 1000/1000 996/996
f 1000/1000 999/999 1001/1001
f 1000/1000 1001/1001 1002/1002
f 1000/1000 1003/1003 1004/1004
f 1000/1000 1004/1004 996/996
f 1000/1000 1002/1002 1005/1005
f 1000/1000 1005/1005 1003/1003
f 1005/1005 1002/1002 1006/1006
f 1005/1005 1006/1006 1007/1007
f 1005/1005 841/841 844/844
f 1005/1005 844/844 1003/1003
f 1005/1005 1007/1007 842/842
f 1005/1005 842/842 841/841
f 1006/1006 1008/1008 1009/1009
f 1006/1006 1009/1009 1010/1010
f 1006/1006 1002/1002 1001/1001
f 1006/1006 1001/1001 1008/1008
f 1006/1006 1010/1010 1011/1011
f 1006/1006 1011/1011 1007/1007
f 1011/1011 1010/1010 1012/1012
f 1011/1011 1012/1012 1013/1013
f 1011/1011 1014/1014 842/842
f 1011/1011 842/842 1007/1007
f 1011/1011 1013/1013 1015/1015
f 1011/1011 1015/1015 1014/1014
f 1015/1015 1013/1013 1016/1016
f 1015/1015 1016/1016 1017/1017
f 1015/1015 1018/1018 839/839
f 1015/1015 839/839 1014/1014
f 1015/1015 1017/1017 1019/1019
f 1015/1015 1019/1019 1018/1018
f 1019/1019 1017/1017 1020/1020
f 1019/1019 1020/1020 1021/1021
f 1019/1019 1022/1022 836/836
f 1019/1019 836/836 1018/1018
f 1019/1019 1021/1021 1023/1023
f 1019/1019 1023/1023 1022/1022
f 1023/1023 1021/1021 1024/1024
f 1023/1023 1024/1024 1025/1025
f 1023/1023 1026/1026 831/831
f 1023/1023 831/831 1022/1022
f 1023/1023 1025/1025 1027/1027
f 1023/1023 1027/1027 1026/1026
f 1027/1027 1025/1025 1028/1028
f 1027/1027 1028/1028 1029/1029
f 1027/1027 1030/1030 1031/1031
f 1027/1027 1031/1031 1026/1026
f 1027/1027 1029/1029 1032/1032
f 1027/1027 1032/1032 1030/1030
f 1032/1032 1029/1029 1033/1033
f 1032/1032 1033/1033 1034/1034
f 1035/1035 1036/1036 824/824
f 1035/1035 824/824 1037/1037
f 1035/1035 1038/1038 1039/1039
f 1035/1035 1039/1039 1036/1036
f 1039/1039 1038/1038 313/313
f 1039/1039 313/313 312/312
f 1039/1039 1040/1040 821/821
f 1039/1039 821/821 1036/1036
f 1039/1039 312/312 311/311
f 1039/1039 311/311 1040/1040
f 1040/1040 818/818 817/817
f 1040/1040 817/817 821/821
f 1040/1040 311/311 1041/1041
f 1040/1040 1041/1041 818/818
f 1041/1041 1042/1042 813/813
f 1041/1041 813/813 812/812
f 1041/1041 311/311 310/310
f 1041/1041 310/310 1042/1042
f 1041/1041 812/812 815/815
f 1041/1041 815/815 818/818
f 1042/1042 1043/1043 1044/1044
f 1042/1042 1044/1044 813/813
f 1042/1042 310/310 309/309
f 1042/1042 309/309 1043/1043
f 1045/1045 1046/1046 1047/1047
f 1045/1045 1047/1047 1048/1048
f 1045/1045 1049/1049 1050/1050
f 1045/1045 1050/1050 1046/1046
f 1050/1050 1051/1051 1052/1052
f 1050/1050 1052/1052 1046/1046
f 1050/1050 1053/1053 1054/1054
f 1050/1050 1054/1054 1051/1051
f 1050/1050 1049/1049 1055/1055
f 1050/1050 1055/1055 1053/1053
f 1053/1053 1056/1056 1057/1057
f 1053/1053 1057/1057 1054/1054
f 1053/1053 1055/1055 1058/1058
f 1053/1053 1058/1058 1056/1056
f 1056/1056 1033/1033 1059/1059
f 1056/1056 1059/1059 1057/1057
f 1056/1056 1058/1058 1034/1034
f 1056/1056 1034/1034 1033/1033
f 1059/1059 1060/1060 1061/1061
f 1059/1059 1061/1061 1057/1057
f 1059/1059 1028/1028 1062/1062
f 1059/1059 1062/1062 1060/1060
f 1059/1059 1033/1033 1029/1029
f 1059/1059 1029/1029 1028/1028
f 1062/1062 1063/1063 1064/1064
f 1062/1062 1064/1064 1060/1060
f 1062/1062 1024/1024 1065/1065
f 1062/1062 1065/1065 1063/1063
f 1062/1062 1028/1028 1025/1025
f 1062/1062 1025/1025 1024/1024
f 1065/1065 1066/1066 1067/1067
f 1065/1065 1067/1067 1063/1063
f 1065/1065 1020/1020 1068/1068
f 1065/1065 1068/1068 1066/1066
f 1065/1065 1024/1024 1021/1021
f 1065/1065 1021/1021 1020/1020
f 1068/1068 1069/1069 1070/1070
f 1068/1068 1070/1070 1066/1066
f 1068/1068 1016/1016 1071/1071
f 1068/1068 1071/1071 1069/1069
f 1068/1068 1020/1020 1017/1017
f 1068/1068 1017/1017 1016/1016
f 1071/1071 1072/1072 1073/1073
f 1071/1071 1073/1073 1069/1069
f 1071/1071 1012/1012 1074/1074
f 1071/1071 1074/1074 1072/1072
f 1071/1071 1016/1016 1013/1013
f 1071/1071 1013/1013 1012/1012
f 1075/1075 157/157 1076/1076
f 1075/1075 1076/1076 1077/1077
f 1075/1075 331/331 158/158
f 1075/1075 158/158 157/157
f 1076/1076 12/12 11/11
f 1076/1076 11/11 1078/1078
f 1076/1076 157/157 156/156
f 1076/1076 156/156 12/12
f 1076/1076 1078/1078 1079/1079
f 1076/1076 1079/1079 1077/1077
f 1079/1079 1078/1078 1080/1080
f 1079/1079 1080/1080 1081/1081
f 1082/1082 1070/1070 1069/1069
f 1082/1082 1069/1069 1073/1073
f 1082/1082 1083/1083 1084/1084
f 1082/1082 1084/1084 1070/1070
f 1084/1084 1083/1083 1085/1085
f 1084/1084 1085/1085 1086/1086
f 1084/1084 1067/1067 1066/1066
f 1084/1084 1066/1066 1070/1070
f 1084/1084 1086/1086 1087/1087
f 1084/1084 1087/1087 1067/1067
f 1087/1087 1086/1086 1088/1088
f 1087/1087 1088/1088 1089/1089
f 1087/1087 1064/1064 1063/1063
f 1087/1087 1063/1063 1067/1067
f 1087/1087 1089/1089 1090/1090
f 1087/1087 1090/1090 1064/1064
f 1090/1090 1089/1089 1091/1091
f 1090/1090 1091/1091 1092/1092
f 1090/1090 1061/1061 1060/1060
f 1090/1090 1060/1060 1064/1064
f 1090/1090 1092/1092 1093/1093
f 1090/1090 1093/1093 1061/1061
f 1093/1093 1092/1092 1094/1094
f 1093/1093 1094/1094 1095/1095
f 1093/1093 1054/1054 1057/1057
f 1093/1093 1057/1057 1061/1061
f 1093/1093 1095/1095 1051/1051
f 1093/1093 1051/1051 1054/1054
f 1094/1094 1096/1096 1097/1097
f 1094/1094 1097/1097 1098/1098
f 1094/1094 1092/1092 1091/1091
f 1094/1094 1091/1091 1096/1096
f 1094/1094 1098/1098 1099/1099
f 1094/1094 1099/1099 1095/1095
f 1099/1099 1098/1098 1100/1100
f 1099/1099 1100/1100 1101/1101
f 1099/1099 1052/1052 1051/1051
f 1099/1099 1051/1051 1095/1095
f 1099/1099 1101/1101 1102/1102
f 1099/1099 1102/1102 1052/1052
f 1102/1102 1101/1101 1103/1103
f 1102/1102 1103/1103 1104/1104
f 1102/1102 1047/1047 1046/1046
f 1102/1102 1046/1046 1052/1052
f 1102/1102 1104/1104 1105/1105
f 1102/1102 1105/1105 1047/1047
f 1105/1105 1104/1104 1106/1106
f 1105/1105 1106/1106 1107/1107
f 1105/1105 1108/1108 1048/1048
f 1105/1105 1048/1048 1047/1047
f 1105/1105 1107/1107 1109/1109
f 1105/1105 1109/1109 1108/1108
f 1106/1106 1110/1110 1111/1111
f 1106/1106 1111/1111 1112/1112
f 1106/1106 1104/1104 1103/1103
f 1106/1106 1103/1103 1110/1110
f 1106/1106 1112/1112 1113/1113
f 1106/1106 1113/1113 1107/1107
f 1113/1113 1112/1112 1114/1114
f 1113/1113 1114/1114 1115/1115
f 1113/1113 1116/1116 1109/1109
f 1113/1113 1109/1109 1107/1107
f 1113/1113 1115/1115 1117/1117
f 1113/1113 1117/1117 1116/1116
f 1118/1118 1119/1119 1120/1120
f 1118/1118 1120/1120 1121/1121
f 1114/1114 1112/1112 1111/1111
f 1114/1114 1111/1111 1122/1122
f 1118/1118 1121/1121 1123/1123
f 1118/1118 1123/1123 1124/1124
f 1123/1123 1121/1121 1125/1125
f 1123/1123 1125/1125 1126/1126
f 1123/1123 1127/1127 1128/1128
f 1123/1123 1128/1128 1124/1124
f 1123/1123 1126/1126 1129/1129
f 1123/1123 1129/1129 1127/1127
f 1129/1129 1126/1126 1130/1130
f 1129/1129 1130/1130 1131/1131
f 1132/1132 1133/1133 802/802
f 1132/1132 802/802 1134/1134
f 1132/1132 1135/1135 1136/1136
f 1132/1132 1136/1136 1133/1133
f 1136/1136 1135/1135 1137/1137
f 1136/1136 1137/1137 1138/1138
f 1136/1136 1139/1139 1140/1140
f 1136/1136 1140/1140 1133/1133
f 1136/1136 1138/1138 1141/1141
f 1136/1136 1141/1141 1139/1139
f 1141/1141 1138/1138 1142/1142
f 1141/1141 1142/1142 1143/1143
f 1141/1141 1144/1144 1145/1145
f 1141/1141 1145/1145 1139/1139
f 1141/1141 1143/1143 1146/1146
f 1141/1141 1146/1146 1144/1144
f 1146/1146 1143/1143 1147/1147
f 1146/1146 1147/1147 1148/1148
f 1146/1146 1149/1149 1150/1150
f 1146/1146 1150/1150 1144/1144
f 1146/1146 1148/1148 1151/1151
f 1146/1146 1151/1151 1149/1149
f 1152/1152 1153/1153 1154/1154
f 1152/1152 1154/1154 1155/1155
f 1151/1151 1156/1156 1157/1157
f 1151/1151 1157/1157 1149/1149
f 1152/1152 1155/1155 1158/1158
f 1152/1152 1158/1158 1159/1159
f 1158/1158 1155/1155 1160/1160
f 1158/1158 1160/1160 1161/1161
f 1158/1158 1162/1162 1163/1163
f 1158/1158 1163/1163 1159/1159
f 1158/1158 1161/1161 1164/1164
f 1158/1158 1164/1164 1162/1162
f 1164/1164 1161/1161 1165/1165
f 1164/1164 1165/1165 1166/1166
f 1167/1167 1168/1168 1169/1169
f 1167/1167 1169/1169 1170/1170
f 1167/1167 1171/1171 1172/1172
f 1167/1167 1172/1172 1168/1168
f 1172/1172 1171/1171 1173/1173
f 1172/1172 1173/1173 1174/1174
f 1172/1172 1175/1175 1176/1176
f 1172/1172 1176/1176 1168/1168
f 1172/1172 1174/1174 1177/1177
f 1172/1172 1177/1177 1175/1175
f 1177/1177 1174/1174 1178/1178
f 1177/1177 1178/1178 1179/1179
f 1177/1177 1180/1180 1181/1181
f 1177/1177 1181/1181 1175/1175
f 1177/1177 1179/1179 1182/1182
f 1177/1177 1182/1182 1180/1180
f 1182/1182 1179/1179 1183/1183
f 1182/1182 1183/1183 1184/1184
f 1182/1182 1185/1185 1186/1186
f 1182/1182 1186/1186 1180/1180
f 1182/1182 1184/1184 1187/1187
f 1182/1182 1187/1187 1185/1185
f 1187/1187 1184/1184 1188/1188
f 1187/1187 1188/1188 1189/1189
f 1187/1187 1190/1190 1191/1191
f 1187/1187 1191/1191 1185/1185
f 1187/1187 1189/1189 1192/1192
f 1187/1187 1192/1192 1190/1190
f 1192/1192 1189/1189 1193/1193
f 1192/1192 1193/1193 1194/1194
f 1192/1192 1195/1195 1196/1196
f 1192/1192 1196/1196 1190/1190
f 1192/1192 1194/1194 1197/1197
f 1192/1192 1197/1197 1195/1195
f 1197/1197 1194/1194 1198/1198
f 1197/1197 1198/1198 1199/1199
f 1197/1197 1200/1200 1201/1201
f 1197/1197 1201/1201 1195/1195
f 1197/1197 1199/1199 1202/1202
f 1197/1197 1202/1202 1200/1200
f 1203/1203 1204/1204 1205/1205
f 1203/1203 1205/1205 1206/1206
f 1202/1202 1207/1207 1208/1208
f 1202/1202 1208/1208 1200/1200
f 1203/1203 1206/1206 1209/1209
f 1203/1203 1209/1209 1210/1210
f 1209/1209 1206/1206 1211/1211
f 1209/1209 1211/1211 1212/1212
f 1209/1209 1213/1213 1214/1214
f 1209/1209 1214/1214 1210/1210
f 1209/1209 1212/1212 1215/1215
f 1209/1209 1215/1215 1213/1213
f 1215/1215 1212/1212 1216/1216
f 1215/1215 1216/1216 1217/1217
f 1215/1215 1218/1218 1219/1219
f 1215/1215 1219/1219 1213/1213
f 1215/1215 1217/1217 1220/1220
f 1215/1215 1220/1220 1218/1218
f 1220/1220 1217/1217 1221/1221
f 1220/1220 1221/1221 1222/1222
f 1220/1220 1223/1223 1224/1224
f 1220/1220 1224/1224 1218/1218
f 1220/1220 1222/1222 1225/1225
f 1220/1220 1225/1225 1223/1223
f 1225/1225 1222/1222 1226/1226
f 1225/1225 1226/1226 1227/1227
f 1228/1228 1229/1229 1230/1230
f 1228/1228 1230/1230 1231/1231
f 1228/1228 147/147 146/146
f 1228/1228 146/146 1229/1229
f 1229/1229 372/372 1232/1232
f 1229/1229 1232/1232 1230/1230
f 1229/1229 146/146 145/145
f 1229/1229 145/145 372/372
f 1232/1232 1233/1233 1234/1234
f 1232/1232 1234/1234 1230/1230
f 1232/1232 1235/1235 728/728
f 1232/1232 728/728 1233/1233
f 1232/1232 372/372 371/371
f 1232/1232 371/371 1235/1235
f 1235/1235 725/725 724/724
f 1235/1235 724/724 728/728
f 1235/1235 371/371 370/370
f 1235/1235 370/370 725/725
f 1233/1233 732/732 1236/1236
f 1233/1233 1236/1236 1234/1234
f 1233/1233 728/728 727/727
f 1233/1233 727/727 732/732
f 1236/1236 1237/1237 1238/1238
f 1236/1236 1238/1238 1234/1234
f 1236/1236 1239/1239 1240/1240
f 1236/1236 1240/1240 1237/1237
f 1236/1236 732/732 731/731
f 1236/1236 731/731 1239/1239
f 1241/1241 1242/1242 1219/1219
f 1241/1241 1219/1219 1243/1243
f 1244/1244 1245/1245 1246/1246
f 1244/1244 1246/1246 1247/1247
f 1248/1248 737/737 736/736
f 1248/1248 736/736 740/740
f 1246/1246 1249/1249 1250/1250
f 1246/1246 1250/1250 1247/1247
f 1246/1246 744/744 1251/1251
f 1246/1246 1251/1251 1249/1249
f 1246/1246 1245/1245 745/745
f 1246/1246 745/745 744/744
f 1251/1251 1252/1252 1208/1208
f 1251/1251 1208/1208 1249/1249
f 1251/1251 749/749 1253/1253
f 1251/1251 1253/1253 1252/1252
f 1251/1251 744/744 743/743
f 1251/1251 743/743 749/749
f 1253/1253 1254/1254 1201/1201
f 1253/1253 1201/1201 1252/1252
f 1253/1253 752/752 1255/1255
f 1253/1253 1255/1255 1254/1254
f 1253/1253 749/749 748/748
f 1253/1253 748/748 752/752
f 1255/1255 1256/1256 1196/1196
f 1255/1255 1196/1196 1254/1254
f 1255/1255 755/755 1257/1257
f 1255/1255 1257/1257 1256/1256
f 1255/1255 752/752 751/751
f 1255/1255 751/751 755/755
f 1257/1257 1258/1258 1191/1191
f 1257/1257 1191/1191 1256/1256
f 1257/1257 758/758 1259/1259
f 1257/1257 1259/1259 1258/1258
f 1257/1257 755/755 754/754
f 1257/1257 754/754 758/758
f 1259/1259 1260/1260 1186/1186
f 1259/1259 1186/1186 1258/1258
f 1259/1259 761/761 1261/1261
f 1259/1259 1261/1261 1260/1260
f 1259/1259 758/758 757/757
f 1259/1259 757/757 761/761
f 1261/1261 1262/1262 1181/1181
f 1261/1261 1181/1181 1260/1260
f 1261/1261 765/765 1263/1263
f 1261/1261 1263/1263 1262/1262
f 1261/1261 761/761 760/760
f 1261/1261 760/760 765/765
f 1263/1263 1264/1264 1176/1176
f 1263/1263 1176/1176 1262/1262
f 1263/1263 1265/1265 1266/1266
f 1263/1263 1266/1266 1264/1264
f 1263/1263 765/765 764/764
f 1263/1263 764/764 1265/1265
f 1266/1266 1267/1267 1169/1169
f 1266/1266 1169/1169 1264/1264
f 1268/1268 775/775 1269/1269
f 1268/1268 1269/1269 1270/1270
f 1268/1268 772/772 771/771
f 1268/1268 771/771 775/775
f 1269/1269 1271/1271 1272/1272
f 1269/1269 1272/1272 1270/1270
f 1269/1269 778/778 1273/1273
f 1269/1269 1273/1273 1271/1271
f 1269/1269 775/775 774/774
f 1269/1269 774/774 778/778
f 1274/1274 1275/1275 1157/1157
f 1274/1274 1157/1157 1276/1276
f 1274/1274 1277/1277 1278/1278
f 1274/1274 1278/1278 1275/1275
f 1273/1273 778/778 777/777
f 1273/1273 777/777 781/781
f 1278/1278 1279/1279 1150/1150
f 1278/1278 1150/1150 1275/1275
f 1278/1278 785/785 1280/1280
f 1278/1278 1280/1280 1279/1279
f 1278/1278 1277/1277 786/786
f 1278/1278 786/786 785/785
f 1280/1280 1281/1281 1145/1145
f 1280/1280 1145/1145 1279/1279
f 1280/1280 791/791 796/796
f 1280/1280 796/796 1281/1281
f 1280/1280 785/785 784/784
f 1280/1280 784/784 791/791
f 1281/1281 1140/1140 1139/1139
f 1281/1281 1139/1139 1145/1145
f 1281/1281 796/796 799/799
f 1281/1281 799/799 1140/1140
f 1279/1279 1145/1145 1144/1144
f 1279/1279 1144/1144 1150/1150
f 1275/1275 1150/1150 1149/1149
f 1275/1275 1149/1149 1157/1157
f 1276/1276 1157/1157 1156/1156
f 1276/1276 1156/1156 1282/1282
f 1267/1267 1283/1283 1170/1170
f 1267/1267 1170/1170 1169/1169
f 1264/1264 1169/1169 1168/1168
f 1264/1264 1168/1168 1176/1176
f 1262/1262 1176/1176 1175/1175
f 1262/1262 1175/1175 1181/1181
f 1260/1260 1181/1181 1180/1180
f 1260/1260 1180/1180 1186/1186
f 1258/1258 1186/1186 1185/1185
f 1258/1258 1185/1185 1191/1191
f 1256/1256 1191/1191 1190/1190
f 1256/1256 1190/1190 1196/1196
f 1254/1254 1196/1196 1195/1195
f 1254/1254 1195/1195 1201/1201
f 1252/1252 1201/1201 1200/1200
f 1252/1252 1200/1200 1208/1208
f 1249/1249 1208/1208 1207/1207
f 1249/1249 1207/1207 1250/1250
f 1242/1242 1214/1214 1213/1213
f 1242/1242 1213/1213 1219/1219
f 1243/1243 1219/1219 1218/1218
f 1243/1243 1218/1218 1224/1224
f 1234/1234 1238/1238 1231/1231
f 1234/1234 1231/1231 1230/1230
f 1226/1226 1284/1284 1285/1285
f 1226/1226 1285/1285 1286/1286
f 1226/1226 1222/1222 1221/1221
f 1226/1226 1221/1221 1284/1284
f 1226/1226 1286/1286 1287/1287
f 1226/1226 1287/1287 1227/1227
f 1284/1284 1288/1288 1289/1289
f 1284/1284 1289/1289 1285/1285
f 1284/1284 1221/1221 1290/1290
f 1284/1284 1290/1290 1288/1288
f 1290/1290 1291/1291 1292/1292
f 1290/1290 1292/1292 1288/1288
f 1290/1290 1216/1216 1293/1293
f 1290/1290 1293/1293 1291/1291
f 1290/1290 1221/1221 1217/1217
f 1290/1290 1217/1217 1216/1216
f 1293/1293 1294/1294 1295/1295
f 1293/1293 1295/1295 1291/1291
f 1293/1293 1211/1211 1296/1296
f 1293/1293 1296/1296 1294/1294
f 1293/1293 1216/1216 1212/1212
f 1293/1293 1212/1212 1211/1211
f 1296/1296 1297/1297 1298/1298
f 1296/1296 1298/1298 1294/1294
f 1296/1296 1205/1205 1299/1299
f 1296/1296 1299/1299 1297/1297
f 1296/1296 1211/1211 1206/1206
f 1296/1296 1206/1206 1205/1205
f 1299/1299 1300/1300 1301/1301
f 1299/1299 1301/1301 1297/1297
f 1299/1299 1302/1302 1303/1303
f 1299/1299 1303/1303 1300/1300
f 1299/1299 1205/1205 1204/1204
f 1299/1299 1204/1204 1302/1302
f 1303/1303 1304/1304 1305/1305
f 1303/1303 1305/1305 1300/1300
f 1306/1306 1193/1193 1307/1307
f 1306/1306 1307/1307 1308/1308
f 1306/1306 1198/1198 1194/1194
f 1306/1306 1194/1194 1193/1193
f 1307/1307 1309/1309 1310/1310
f 1307/1307 1310/1310 1308/1308
f 1307/1307 1188/1188 1311/1311
f 1307/1307 1311/1311 1309/1309
f 1307/1307 1193/1193 1189/1189
f 1307/1307 1189/1189 1188/1188
f 1311/1311 1312/1312 1313/1313
f 1311/1311 1313/1313 1309/1309
f 1311/1311 1183/1183 1314/1314
f 1311/1311 1314/1314 1312/1312
f 1311/1311 1188/1188 1184/1184
f 1311/1311 1184/1184 1183/1183
f 1314/1314 1315/1315 1316/1316
f 1314/1314 1316/1316 1312/1312
f 1314/1314 1178/1178 1317/1317
f 1314/1314 1317/1317 1315/1315
f 1314/1314 1183/1183 1179/1179
f 1314/1314 1179/1179 1178/1178
f 1318/1318 1319/1319 1320/1320
f 1318/1318 1320/1320 1321/1321
f 1318/1318 1322/1322 1323/1323
f 1318/1318 1323/1323 1319/1319
f 1317/1317 1178/1178 1174/1174
f 1317/1317 1174/1174 1173/1173
f 1323/1323 1324/1324 1325/1325
f 1323/1323 1325/1325 1319/1319
f 1323/1323 1165/1165 1326/1326
f 1323/1323 1326/1326 1324/1324
f 1323/1323 1322/1322 1166/1166
f 1323/1323 1166/1166 1165/1165
f 1326/1326 1327/1327 1328/1328
f 1326/1326 1328/1328 1324/1324
f 1326/1326 1160/1160 1329/1329
f 1326/1326 1329/1329 1327/1327
f 1326/1326 1165/1165 1161/1161
f 1326/1326 1161/1161 1160/1160
f 1329/1329 1330/1330 1331/1331
f 1329/1329 1331/1331 1327/1327
f 1329/1329 1154/1154 1332/1332
f 1329/1329 1332/1332 1330/1330
f 1329/1329 1160/1160 1155/1155
f 1329/1329 1155/1155 1154/1154
f 1332/1332 1333/1333 1334/1334
f 1332/1332 1334/1334 1330/1330
f 1332/1332 1335/1335 1336/1336
f 1332/1332 1336/1336 1333/1333
f 1332/1332 1154/1154 1153/1153
f 1332/1332 1153/1153 1335/1335
f 1336/1336 1337/1337 1338/1338
f 1336/1336 1338/1338 1333/1333
f 1339/1339 1142/1142 1340/1340
f 1339/1339 1340/1340 1341/1341
f 1339/1339 1147/1147 1143/1143
f 1339/1339 1143/1143 1142/1142
f 1342/1342 1343/1343 1344/1344
f 1342/1342 1344/1344 1345/1345
f 1342/1342 1346/1346 1347/1347
f 1342/1342 1347/1347 1343/1343
f 1340/1340 1142/1142 1138/1138
f 1340/1340 1138/1138 1137/1137
f 1347/1347 1348/1348 1349/1349
f 1347/1347 1349/1349 1343/1343
f 1347/1347 1130/1130 1350/1350
f 1347/1347 1350/1350 1348/1348
f 1347/1347 1346/1346 1131/1131
f 1347/1347 1131/1131 1130/1130
f 1350/1350 1351/1351 1352/1352
f 1350/1350 1352/1352 1348/1348
f 1350/1350 1125/1125 1353/1353
f 1350/1350 1353/1353 1351/1351
f 1350/1350 1130/1130 1126/1126
f 1350/1350 1126/1126 1125/1125
f 1353/1353 1354/1354 1355/1355
f 1353/1353 1355/1355 1351/1351
f 1353/1353 1120/1120 1356/1356
f 1353/1353 1356/1356 1354/1354
f 1353/1353 1125/1125 1121/1121
f 1353/1353 1121/1121 1120/1120
f 1356/1356 1357/1357 1358/1358
f 1356/1356 1358/1358 1354/1354
f 1356/1356 1359/1359 1360/1360
f 1356/1356 1360/1360 1357/1357
f 1356/1356 1120/1120 1119/1119
f 1356/1356 1119/1119 1359/1359
f 1361/1361 1362/1362 1363/1363
f 1361/1361 1363/1363 1364/1364
f 1361/1361 1122/1122 1111/1111
f 1361/1361 1111/1111 1362/1362
f 1362/1362 1365/1365 1366/1366
f 1362/1362 1366/1366 1363/1363
f 1362/1362 1111/1111 1110/1110
f 1362/1362 1110/1110 1365/1365
f 1365/1365 1367/1367 1368/1368
f 1365/1365 1368/1368 1366/1366
f 1365/1365 1110/1110 1103/1103
f 1365/1365 1103/1103 1367/1367
f 1367/1367 1100/1100 1369/1369
f 1367/1367 1369/1369 1368/1368
f 1367/1367 1103/1103 1101/1101
f 1367/1367 1101/1101 1100/1100
f 1369/1369 1370/1370 1371/1371
f 1369/1369 1371/1371 1368/1368
f 1369/1369 1097/1097 1372/1372
f 1369/1369 1372/1372 1370/1370
f 1369/1369 1100/1100 1098/1098
f 1369/1369 1098/1098 1097/1097
f 1372/1372 1373/1373 1374/1374
f 1372/1372 1374/1374 1370/1370
f 1372/1372 1375/1375 1376/1376
f 1372/1372 1376/1376 1373/1373
f 1372/1372 1097/1097 1096/1096
f 1372/1372 1096/1096 1375/1375
f 1375/1375 1377/1377 1378/1378
f 1375/1375 1378/1378 1376/1376
f 1375/1375 1096/1096 1091/1091
f 1375/1375 1091/1091 1377/1377
f 1377/1377 1088/1088 1379/1379
f 1377/1377 1379/1379 1378/1378
f 1377/1377 1091/1091 1089/1089
f 1377/1377 1089/1089 1088/1088
f 1380/1380 1381/1381 320/320
f 1380/1380 320/320 1382/1382
f 1380/1380 1383/1383 1384/1384
f 1380/1380 1384/1384 1381/1381
f 1379/1379 1088/1088 1086/1086
f 1379/1379 1086/1086 1085/1085
f 1384/1384 1385/1385 1386/1386
f 1384/1384 1386/1386 1381/1381
f 1384/1384 1080/1080 14/14
f 1384/1384 14/14 1385/1385
f 1384/1384 1383/1383 1081/1081
f 1384/1384 1081/1081 1080/1080
f 1385/1385 1387/1387 1388/1388
f 1385/1385 1388/1388 1386/1386
f 1385/1385 14/14 13/13
f 1385/1385 13/13 1387/1387
f 1389/1389 1390/1390 1391/1391
f 1389/1389 1391/1391 1392/1392
f 1389/1389 10/10 9/9
f 1389/1389 9/9 1390/1390
f 1390/1390 1393/1393 1394/1394
f 1390/1390 1394/1394 1391/1391
f 1390/1390 9/9 1395/1395
f 1390/1390 1395/1395 1393/1393
f 1395/1395 1396/1396 1397/1397
f 1395/1395 1397/1397 1393/1393
f 1395/1395 1398/1398 1399/1399
f 1395/1395 1399/1399 1396/1396
f 1395/1395 9/9 8/8
f 1395/1395 8/8 1398/1398
f 1398/1398 1400/1400 1401/1401
f 1398/1398 1401/1401 1399/1399
f 1398/1398 8/8 7/7
f 1398/1398 7/7 1400/1400
f 1400/1400 1402/1402 1403/1403
f 1400/1400 1403/1403 1401/1401
f 1400/1400 7/7 1404/1404
f 1400/1400 1404/1404 1402/1402
f 1404/1404 7/7 6/6
f 1404/1404 6/6 1405/1405
f 1404/1404 1406/1406 1407/1407
f 1404/1404 1407/1407 1402/1402
f 1404/1404 1405/1405 1408/1408
f 1404/1404 1408/1408 1406/1406
f 1409/1409 1410/1410 333/333
f 1409/1409 333/333 49/49
f 1408/1408 263/263 264/264
f 1408/1408 264/264 1406/1406
f 1409/1409 49/49 48/48
f 1409/1409 48/48 263/263
f 1406/1406 264/264 1411/1411
f 1406/1406 1411/1411 1407/1407
f 1411/1411 1412/1412 1413/1413
f 1411/1411 1413/1413 1407/1407
f 1411/1411 1414/1414 1415/1415
f 1411/1411 1415/1415 1412/1412
f 1411/1411 264/264 71/71
f 1411/1411 71/71 1414/1414
f 1414/1414 1416/1416 1417/1417
f 1414/1414 1417/1417 1415/1415
f 1414/1414 71/71 70/70
f 1414/1414 70/70 1416/1416
f 1416/1416 1418/1418 1419/1419
f 1416/1416 1419/1419 1417/1417
f 1416/1416 70/70 74/74
f 1416/1416 74/74 1418/1418
f 1419/1419 1420/1420 1421/1421
f 1419/1419 1421/1421 1417/1417
f 1420/1420 1422/1422 1423/1423
f 1420/1420 1423/1423 1421/1421
f 1422/1422 1424/1424 1425/1425
f 1422/1422 1425/1425 1423/1423
f 1424/1424 1426/1426 1427/1427
f 1424/1424 1427/1427 1425/1425
f 1426/1426 1428/1428 1429/1429
f 1426/1426 1429/1429 1427/1427
f 1428/1428 1430/1430 1431/1431
f 1428/1428 1431/1431 1429/1429
f 1432/1432 1433/1433 1434/1434
f 1432/1432 1434/1434 1435/1435
f 1433/1433 1436/1436 1437/1437
f 1433/1433 1437/1437 1434/1434
f 1436/1436 1438/1438 1439/1439
f 1436/1436 1439/1439 1437/1437
f 1438/1438 1440/1440 1441/1441
f 1438/1438 1441/1441 1439/1439
f 1440/1440 1442/1442 1443/1443
f 1440/1440 1443/1443 1441/1441
f 1442/1442 1444/1444 1445/1445
f 1442/1442 1445/1445 1443/1443
f 1444/1444 1446/1446 1447/1447
f 1444/1444 1447/1447 1445/1445
f 1446/1446 1448/1448 1449/1449
f 1446/1446 1449/1449 1447/1447
f 1448/1448 1450/1450 1451/1451
f 1448/1448 1451/1451 1449/1449
f 1450/1450 1452/1452 1453/1453
f 1450/1450 1453/1453 1451/1451
f 1452/1452 1454/1454 1455/1455
f 1452/1452 1455/1455 1453/1453
f 1454/1454 1456/1456 1457/1457
f 1454/1454 1457/1457 1455/1455
f 1456/1456 1458/1458 119/119
f 1456/1456 119/119 1457/1457
f 1458/1458 1459/1459 120/120
f 1458/1458 120/120 119/119
f 1460/1460 1461/1461 1462/1462
f 1460/1460 1462/1462 1463/1463
f 1461/1461 1464/1464 1465/1465
f 1461/1461 1465/1465 1462/1462
f 1464/1464 1466/1466 1467/1467
f 1464/1464 1467/1467 1465/1465
f 1466/1466 1468/1468 1469/1469
f 1466/1466 1469/1469 1467/1467
f 1468/1468 1470/1470 1471/1471
f 1468/1468 1471/1471 1469/1469
f 1470/1470 1472/1472 1473/1473
f 1470/1470 1473/1473 1471/1471
f 1474/1474 1475/1475 1476/1476
f 1474/1474 1476/1476 1477/1477
f 1478/1478 1479/1479 1480/1480
f 1478/1478 1480/1480 1481/1481
f 1479/1479 1482/1482 1483/1483
f 1479/1479 1483/1483 1480/1480
f 1482/1482 1484/1484 1485/1485
f 1482/1482 1485/1485 1483/1483
f 1484/1484 1486/1486 1487/1487
f 1484/1484 1487/1487 1485/1485
f 1486/1486 1488/1488 329/329
f 1486/1486 329/329 1487/1487
f 1488/1488 1489/1489 330/330
f 1488/1488 330/330 329/329
f 1490/1490 1491/1491 323/323
f 1490/1490 323/323 322/322
f 1491/1491 1492/1492 1493/1493
f 1491/1491 1493/1493 323/323
f 1492/1492 1494/1494 1495/1495
f 1492/1492 1495/1495 1493/1493
f 1494/1494 1496/1496 1497/1497
f 1494/1494 1497/1497 1495/1495
f 1496/1496 1498/1498 1499/1499
f 1496/1496 1499/1499 1497/1497
f 1498/1498 1500/1500 1501/1501
f 1498/1498 1501/1501 1499/1499
f 1500/1500 1502/1502 1503/1503
f 1500/1500 1503/1503 1501/1501
f 1502/1502 1504/1504 1505/1505
f 1502/1502 1505/1505 1503/1503
f 1504/1504 1506/1506 1507/1507
f 1504/1504 1507/1507 1505/1505
f 1506/1506 1508/1508 418/418
f 1506/1506 418/418 1507/1507
f 1508/1508 1509/1509 419/419
f 1508/1508 419/419 418/418
f 1509/1509 1510/1510 426/426
f 1509/1509 426/426 419/419
f 1510/1510 1511/1511 1512/1512
f 1510/1510 1512/1512 426/426
f 1511/1511 1513/1513 1514/1514
f 1511/1511 1514/1514 1512/1512
f 1513/1513 1515/1515 1516/1516
f 1513/1513 1516/1516 1514/1514
f 1515/1515 1517/1517 1518/1518
f 1515/1515 1518/1518 1516/1516
f 1517/1517 1519/1519 1520/1520
f 1517/1517 1520/1520 1518/1518
f 1519/1519 1521/1521 442/442
f 1519/1519 442/442 1520/1520
f 1521/1521 1522/1522 443/443
f 1521/1521 443/443 442/442
f 1520/1520 442/442 441/441
f 1520/1520 441/441 449/449
f 1520/1520 449/449 1523/1523
f 1520/1520 1523/1523 1518/1518
f 1523/1523 449/449 448/448
f 1523/1523 448/448 454/454
f 1523/1523 1524/1524 1516/1516
f 1523/1523 1516/1516 1518/1518
f 1523/1523 454/454 1525/1525
f 1523/1523 1525/1525 1524/1524
f 1525/1525 454/454 453/453
f 1525/1525 453/453 459/459
f 1525/1525 1526/1526 1527/1527
f 1525/1525 1527/1527 1524/1524
f 1525/1525 459/459 1528/1528
f 1525/1525 1528/1528 1526/1526
f 1528/1528 459/459 458/458
f 1528/1528 458/458 464/464
f 1528/1528 1529/1529 1530/1530
f 1528/1528 1530/1530 1526/1526
f 1528/1528 464/464 1531/1531
f 1528/1528 1531/1531 1529/1529
f 1531/1531 464/464 463/463
f 1531/1531 463/463 469/469
f 1531/1531 1532/1532 1533/1533
f 1531/1531 1533/1533 1529/1529
f 1531/1531 469/469 1534/1534
f 1531/1531 1534/1534 1532/1532
f 1534/1534 469/469 468/468
f 1534/1534 468/468 473/473
f 1534/1534 1535/1535 1536/1536
f 1534/1534 1536/1536 1532/1532
f 1534/1534 473/473 475/475
f 1534/1534 475/475 1535/1535
f 1535/1535 1537/1537 1538/1538
f 1535/1535 1538/1538 1536/1536
f 1535/1535 475/475 1539/1539
f 1535/1535 1539/1539 1537/1537
f 1539/1539 475/475 474/474
f 1539/1539 474/474 479/479
f 1540/1540 1541/1541 1542/1542
f 1540/1540 1542/1542 1543/1543
f 1540/1540 1544/1544 1545/1545
f 1540/1540 1545/1545 1541/1541
f 1545/1545 1544/1544 486/486
f 1545/1545 486/486 485/485
f 1545/1545 1546/1546 1547/1547
f 1545/1545 1547/1547 1541/1541
f 1545/1545 485/485 1548/1548
f 1545/1545 1548/1548 1546/1546
f 1548/1548 485/485 484/484
f 1548/1548 484/484 492/492
f 1548/1548 1549/1549 1550/1550
f 1548/1548 1550/1550 1546/1546
f 1548/1548 492/492 1551/1551
f 1548/1548 1551/1551 1549/1549
f 1551/1551 492/492 491/491
f 1551/1551 491/491 499/499
f 1551/1551 1552/1552 1553/1553
f 1551/1551 1553/1553 1549/1549
f 1551/1551 499/499 1554/1554
f 1551/1551 1554/1554 1552/1552
f 1554/1554 499/499 498/498
f 1554/1554 498/498 1555/1555
f 1554/1554 1556/1556 1557/1557
f 1554/1554 1557/1557 1552/1552
f 1554/1554 1555/1555 1558/1558
f 1554/1554 1558/1558 1556/1556
f 1559/1559 505/505 504/504
f 1559/1559 504/504 510/510
f 1558/1558 1560/1560 1561/1561
f 1558/1558 1561/1561 1556/1556
f 1562/1562 1563/1563 1564/1564
f 1562/1562 1564/1564 1565/1565
f 1564/1564 1563/1563 517/517
f 1564/1564 517/517 516/516
f 1564/1564 1566/1566 1567/1567
f 1564/1564 1567/1567 1565/1565
f 1564/1564 516/516 1568/1568
f 1564/1564 1568/1568 1566/1566
f 1568/1568 516/516 515/515
f 1568/1568 515/515 523/523
f 1568/1568 1569/1569 1570/1570
f 1568/1568 1570/1570 1566/1566
f 1568/1568 523/523 1571/1571
f 1568/1568 1571/1571 1569/1569
f 1571/1571 523/523 522/522
f 1571/1571 522/522 528/528
f 1571/1571 1572/1572 1573/1573
f 1571/1571 1573/1573 1569/1569
f 1571/1571 528/528 1574/1574
f 1571/1571 1574/1574 1572/1572
f 1574/1574 528/528 527/527
f 1574/1574 527/527 535/535
f 1574/1574 1575/1575 1576/1576
f 1574/1574 1576/1576 1572/1572
f 1574/1574 535/535 1577/1577
f 1574/1574 1577/1577 1575/1575
f 1577/1577 535/535 534/534
f 1577/1577 534/534 1578/1578
f 1577/1577 1579/1579 1580/1580
f 1577/1577 1580/1580 1575/1575
f 1577/1577 1578/1578 1581/1581
f 1577/1577 1581/1581 1579/1579
f 1582/1582 541/541 540/540
f 1582/1582 540/540 546/546
f 1583/1583 1584/1584 1585/1585
f 1583/1583 1585/1585 1586/1586
f 1587/1587 1588/1588 1589/1589
f 1587/1587 1589/1589 1590/1590
f 1589/1589 1588/1588 553/553
f 1589/1589 553/553 552/552
f 1589/1589 1591/1591 1592/1592
f 1589/1589 1592/1592 1590/1590
f 1589/1589 552/552 1593/1593
f 1589/1589 1593/1593 1591/1591
f 1593/1593 552/552 551/551
f 1593/1593 551/551 559/559
f 1593/1593 1594/1594 1595/1595
f 1593/1593 1595/1595 1591/1591
f 1593/1593 559/559 1596/1596
f 1593/1593 1596/1596 1594/1594
f 1596/1596 559/559 558/558
f 1596/1596 558/558 564/564
f 1596/1596 1597/1597 1598/1598
f 1596/1596 1598/1598 1594/1594
f 1596/1596 564/564 1599/1599
f 1596/1596 1599/1599 1597/1597
f 1599/1599 564/564 563/563
f 1599/1599 563/563 569/569
f 1599/1599 1600/1600 1601/1601
f 1599/1599 1601/1601 1597/1597
f 1599/1599 569/569 1602/1602
f 1599/1599 1602/1602 1600/1600
f 1602/1602 569/569 568/568
f 1602/1602 568/568 574/574
f 1602/1602 1603/1603 1604/1604
f 1602/1602 1604/1604 1600/1600
f 1602/1602 574/574 1605/1605
f 1602/1602 1605/1605 1603/1603
f 1605/1605 574/574 573/573
f 1605/1605 573/573 579/579
f 1605/1605 1606/1606 1607/1607
f 1605/1605 1607/1607 1603/1603
f 1605/1605 579/579 1608/1608
f 1605/1605 1608/1608 1606/1606
f 1608/1608 579/579 578/578
f 1608/1608 578/578 586/586
f 1609/1609 1610/1610 1611/1611
f 1609/1609 1611/1611 1612/1612
f 1609/1609 1613/1613 1614/1614
f 1609/1609 1614/1614 1610/1610
f 1614/1614 1613/1613 1615/1615
f 1614/1614 1615/1615 1616/1616
f 1614/1614 1617/1617 1618/1618
f 1614/1614 1618/1618 1610/1610
f 1614/1614 1616/1616 1619/1619
f 1614/1614 1619/1619 1617/1617
f 1620/1620 593/593 592/592
f 1620/1620 592/592 600/600
f 1619/1619 1621/1621 1622/1622
f 1619/1619 1622/1622 1617/1617
f 1620/1620 600/600 1623/1623
f 1620/1620 1623/1623 1624/1624
f 1623/1623 600/600 599/599
f 1623/1623 599/599 605/605
f 1623/1623 1625/1625 1626/1626
f 1623/1623 1626/1626 1624/1624
f 1623/1623 605/605 1627/1627
f 1623/1623 1627/1627 1625/1625
f 1627/1627 605/605 604/604
f 1627/1627 604/604 610/610
f 1627/1627 1628/1628 1629/1629
f 1627/1627 1629/1629 1625/1625
f 1627/1627 610/610 1630/1630
f 1627/1627 1630/1630 1628/1628
f 1630/1630 610/610 609/609
f 1630/1630 609/609 615/615
f 1630/1630 1631/1631 1632/1632
f 1630/1630 1632/1632 1628/1628
f 1630/1630 615/615 1633/1633
f 1630/1630 1633/1633 1631/1631
f 1633/1633 615/615 614/614
f 1633/1633 614/614 620/620
f 1634/1634 171/171 170/170
f 1634/1634 170/170 1635/1635
f 1634/1634 1636/1636 172/172
f 1634/1634 172/172 171/171
f 1635/1635 170/170 1637/1637
f 1635/1635 1637/1637 1638/1638
f 1637/1637 1639/1639 1640/1640
f 1637/1637 1640/1640 1638/1638
f 1637/1637 1641/1641 1642/1642
f 1637/1637 1642/1642 1639/1639
f 1637/1637 170/170 169/169
f 1637/1637 169/169 1641/1641
f 1641/1641 1643/1643 1305/1305
f 1641/1641 1305/1305 1642/1642
f 1641/1641 169/169 176/176
f 1641/1641 176/176 1643/1643
f 1643/1643 1301/1301 1300/1300
f 1643/1643 1300/1300 1305/1305
f 1643/1643 176/176 1644/1644
f 1643/1643 1644/1644 1301/1301
f 1644/1644 176/176 175/175
f 1644/1644 175/175 1645/1645
f 1644/1644 1298/1298 1297/1297
f 1644/1644 1297/1297 1301/1301
f 1644/1644 1645/1645 1646/1646
f 1644/1644 1646/1646 1298/1298
f 1646/1646 1645/1645 125/125
f 1646/1646 125/125 1647/1647
f 1646/1646 1295/1295 1294/1294
f 1646/1646 1294/1294 1298/1298
f 1646/1646 1647/1647 1648/1648
f 1646/1646 1648/1648 1295/1295
f 1648/1648 1647/1647 1649/1649
f 1648/1648 1649/1649 1650/1650
f 1648/1648 1292/1292 1291/1291
f 1648/1648 1291/1291 1295/1295
f 1648/1648 1650/1650 1651/1651
f 1648/1648 1651/1651 1292/1292
f 1652/1652 1653/1653 1654/1654
f 1652/1652 1654/1654 1655/1655
f 1651/1651 1289/1289 1288/1288
f 1651/1651 1288/1288 1292/1292
f 1652/1652 1655/1655 1656/1656
f 1652/1652 1656/1656 1657/1657
f 1656/1656 1655/1655 1658/1658
f 1656/1656 1658/1658 1659/1659
f 1656/1656 1660/1660 1661/1661
f 1656/1656 1661/1661 1657/1657
f 1656/1656 1659/1659 1662/1662
f 1656/1656 1662/1662 1660/1660
f 1662/1662 1659/1659 1663/1663
f 1662/1662 1663/1663 1664/1664
f 1662/1662 1665/1665 1666/1666
f 1662/1662 1666/1666 1660/1660
f 1662/1662 1664/1664 1667/1667
f 1662/1662 1667/1667 1665/1665
f 1667/1667 1664/1664 1668/1668
f 1667/1667 1668/1668 1669/1669
f 1667/1667 1670/1670 1671/1671
f 1667/1667 1671/1671 1665/1665
f 1667/1667 1669/1669 1672/1672
f 1667/1667 1672/1672 1670/1670
f 1672/1672 1669/1669 1673/1673
f 1672/1672 1673/1673 1674/1674
f 1675/1675 1676/1676 1677/1677
f 1675/1675 1677/1677 1678/1678
f 1675/1675 1679/1679 1680/1680
f 1675/1675 1680/1680 1676/1676
f 1680/1680 1679/1679 1681/1681
f 1680/1680 1681/1681 1682/1682
f 1680/1680 1683/1683 1684/1684
f 1680/1680 1684/1684 1676/1676
f 1680/1680 1682/1682 1685/1685
f 1680/1680 1685/1685 1683/1683
f 1685/1685 1682/1682 1686/1686
f 1685/1685 1686/1686 1687/1687
f 1685/1685 1688/1688 1689/1689
f 1685/1685 1689/1689 1683/1683
f 1685/1685 1687/1687 1690/1690
f 1685/1685 1690/1690 1688/1688
f 1690/1690 1687/1687 1691/1691
f 1690/1690 1691/1691 235/235
f 1690/1690 1692/1692 1693/1693
f 1690/1690 1693/1693 1688/1688
f 1690/1690 235/235 234/234
f 1690/1690 234/234 1692/1692
f 1692/1692 1694/1694 1695/1695
f 1692/1692 1695/1695 1693/1693
f 1692/1692 234/234 238/238
f 1692/1692 238/238 1694/1694
f 1694/1694 1696/1696 1697/1697
f 1694/1694 1697/1697 1695/1695
f 1694/1694 238/238 344/344
f 1694/1694 344/344 1696/1696
f 1696/1696 1698/1698 1699/1699
f 1696/1696 1699/1699 1697/1697
f 1696/1696 344/344 343/343
f 1696/1696 343/343 1698/1698
f 1698/1698 1700/1700 1701/1701
f 1698/1698 1701/1701 1699/1699
f 1698/1698 343/343 1702/1702
f 1698/1698 1702/1702 1700/1700
f 1702/1702 343/343 342/342
f 1702/1702 342/342 1703/1703
f 1702/1702 348/348 1704/1704
f 1702/1702 1704/1704 1700/1700
f 1702/1702 1703/1703 346/346
f 1702/1702 346/346 348/348
f 1704/1704 1705/1705 1701/1701
f 1704/1704 1701/1701 1700/1700
f 1704/1704 1706/1706 1707/1707
f 1704/1704 1707/1707 1705/1705
f 1704/1704 348/348 347/347
f 1704/1704 347/347 1706/1706
f 1706/1706 1708/1708 1709/1709
f 1706/1706 1709/1709 1707/1707
f 1706/1706 347/347 291/291
f 1706/1706 291/291 1708/1708
f 1708/1708 1710/1710 1711/1711
f 1708/1708 1711/1711 1709/1709
f 1708/1708 291/291 290/290
f 1708/1708 290/290 1710/1710
f 1712/1712 1686/1686 1682/1682
f 1712/1712 1682/1682 1681/1681
f 1712/1712 289/289 288/288
f 1712/1712 288/288 1686/1686
f 1709/1709 1673/1673 1713/1713
f 1709/1709 1713/1713 1707/1707
f 1709/1709 1711/1711 1674/1674
f 1709/1709 1674/1674 1673/1673
f 1713/1713 1714/1714 1705/1705
f 1713/1713 1705/1705 1707/1707
f 1713/1713 1668/1668 1715/1715
f 1713/1713 1715/1715 1714/1714
f 1713/1713 1673/1673 1669/1669
f 1713/1713 1669/1669 1668/1668
f 1715/1715 1716/1716 1717/1717
f 1715/1715 1717/1717 1714/1714
f 1715/1715 1663/1663 1718/1718
f 1715/1715 1718/1718 1716/1716
f 1715/1715 1668/1668 1664/1664
f 1715/1715 1664/1664 1663/1663
f 1718/1718 1719/1719 1720/1720
f 1718/1718 1720/1720 1716/1716
f 1718/1718 1658/1658 1721/1721
f 1718/1718 1721/1721 1719/1719
f 1718/1718 1663/1663 1659/1659
f 1718/1718 1659/1659 1658/1658
f 1721/1721 1722/1722 1723/1723
f 1721/1721 1723/1723 1719/1719
f 1721/1721 1654/1654 1724/1724
f 1721/1721 1724/1724 1722/1722
f 1721/1721 1658/1658 1655/1655
f 1721/1721 1655/1655 1654/1654
f 1724/1724 126/126 1725/1725
f 1724/1724 1725/1725 1722/1722
f 1724/1724 1726/1726 127/127
f 1724/1724 127/127 126/126
f 1724/1724 1654/1654 1653/1653
f 1724/1724 1653/1653 1726/1726
f 1725/1725 1727/1727 1728/1728
f 1725/1725 1728/1728 1729/1729
f 1725/1725 126/126 24/24
f 1725/1725 24/24 1727/1727
f 1725/1725 1729/1729 1723/1723
f 1725/1725 1723/1723 1722/1722
f 1727/1727 152/152 1730/1730
f 1727/1727 1730/1730 1728/1728
f 1727/1727 24/24 23/23
f 1727/1727 23/23 152/152
f 1730/1730 1731/1731 1684/1684
f 1730/1730 1684/1684 1732/1732
f 1730/1730 152/152 150/150
f 1730/1730 150/150 1731/1731
f 1730/1730 1732/1732 1733/1733
f 1730/1730 1733/1733 1728/1728
f 1733/1733 1732/1732 1689/1689
f 1733/1733 1689/1689 1734/1734
f 1733/1733 1735/1735 1729/1729
f 1733/1733 1729/1729 1728/1728
f 1733/1733 1734/1734 1736/1736
f 1733/1733 1736/1736 1735/1735
f 1736/1736 1734/1734 1693/1693
f 1736/1736 1693/1693 1695/1695
f 1736/1736 1737/1737 1738/1738
f 1736/1736 1738/1738 1735/1735
f 1736/1736 1695/1695 1697/1697
f 1736/1736 1697/1697 1737/1737
f 1737/1737 1739/1739 1720/1720
f 1737/1737 1720/1720 1738/1738
f 1737/1737 1697/1697 1699/1699
f 1737/1737 1699/1699 1739/1739
f 1739/1739 1717/1717 1716/1716
f 1739/1739 1716/1716 1720/1720
f 1739/1739 1699/1699 1701/1701
f 1739/1739 1701/1701 1717/1717
f 1738/1738 1723/1723 1729/1729
f 1738/1738 1729/1729 1735/1735
f 1738/1738 1720/1720 1719/1719
f 1738/1738 1719/1719 1723/1723
f 1734/1734 1689/1689 1688/1688
f 1734/1734 1688/1688 1693/1693
f 1731/1731 1677/1677 1676/1676
f 1731/1731 1676/1676 1684/1684
f 1731/1731 150/150 149/149
f 1731/1731 149/149 1677/1677
f 1732/1732 1684/1684 1683/1683
f 1732/1732 1683/1683 1689/1689
f 1717/1717 1701/1701 1705/1705
f 1717/1717 1705/1705 1714/1714
f 1703/1703 342/342 239/239
f 1703/1703 239/239 1740/1740
f 1703/1703 1740/1740 286/286
f 1703/1703 286/286 346/346
f 1740/1740 239/239 236/236
f 1740/1740 236/236 1741/1741
f 1740/1740 1741/1741 287/287
f 1740/1740 287/287 286/286
f 1741/1741 1691/1691 288/288
f 1741/1741 288/288 287/287
f 1741/1741 236/236 235/235
f 1741/1741 235/235 1691/1691
f 1691/1691 1687/1687 1686/1686
f 1691/1691 1686/1686 288/288
f 1677/1677 149/149 1742/1742
f 1677/1677 1742/1742 1678/1678
f 1671/1671 1743/1743 1666/1666
f 1671/1671 1666/1666 1665/1665
f 1742/1742 149/149 139/139
f 1742/1742 139/139 138/138
f 1666/1666 1744/1744 1661/1661
f 1666/1666 1661/1661 1660/1660
f 1666/1666 1743/1743 1745/1745
f 1666/1666 1745/1745 1744/1744
f 1649/1649 1647/1647 125/125
f 1649/1649 125/125 124/124
f 1645/1645 175/175 122/122
f 1645/1645 122/122 125/125
f 1642/1642 1746/1746 1747/1747
f 1642/1642 1747/1747 1639/1639
f 1642/1642 1305/1305 1304/1304
f 1642/1642 1304/1304 1746/1746
f 1747/1747 1748/1748 1640/1640
f 1747/1747 1640/1640 1639/1639
f 1749/1749 1313/1313 1750/1750
f 1749/1749 1750/1750 1751/1751
f 1749/1749 1310/1310 1309/1309
f 1749/1749 1309/1309 1313/1313
f 1752/1752 1753/1753 1754/1754
f 1752/1752 1754/1754 1755/1755
f 1752/1752 1756/1756 1757/1757
f 1752/1752 1757/1757 1753/1753
f 1750/1750 1313/1313 1312/1312
f 1750/1750 1312/1312 1316/1316
f 1757/1757 1758/1758 1759/1759
f 1757/1757 1759/1759 1753/1753
f 1757/1757 1320/1320 1760/1760
f 1757/1757 1760/1760 1758/1758
f 1757/1757 1756/1756 1321/1321
f 1757/1757 1321/1321 1320/1320
f 1760/1760 1761/1761 1762/1762
f 1760/1760 1762/1762 1758/1758
f 1760/1760 1325/1325 1763/1763
f 1760/1760 1763/1763 1761/1761
f 1760/1760 1320/1320 1319/1319
f 1760/1760 1319/1319 1325/1325
f 1763/1763 1764/1764 1765/1765
f 1763/1763 1765/1765 1761/1761
f 1763/1763 1328/1328 1766/1766
f 1763/1763 1766/1766 1764/1764
f 1763/1763 1325/1325 1324/1324
f 1763/1763 1324/1324 1328/1328
f 1766/1766 1767/1767 1768/1768
f 1766/1766 1768/1768 1764/1764
f 1766/1766 1331/1331 1769/1769
f 1766/1766 1769/1769 1767/1767
f 1766/1766 1328/1328 1327/1327
f 1766/1766 1327/1327 1331/1331
f 1769/1769 1770/1770 1771/1771
f 1769/1769 1771/1771 1767/1767
f 1769/1769 1334/1334 1772/1772
f 1769/1769 1772/1772 1770/1770
f 1769/1769 1331/1331 1330/1330
f 1769/1769 1330/1330 1334/1334
f 1773/1773 1774/1774 1775/1775
f 1773/1773 1775/1775 1776/1776
f 1773/1773 1777/1777 1778/1778
f 1773/1773 1778/1778 1774/1774
f 1772/1772 1334/1334 1333/1333
f 1772/1772 1333/1333 1338/1338
f 1778/1778 1779/1779 1780/1780
f 1778/1778 1780/1780 1774/1774
f 1778/1778 1781/1781 1782/1782
f 1778/1778 1782/1782 1779/1779
f 1778/1778 1777/1777 1783/1783
f 1778/1778 1783/1783 1781/1781
f 1784/1784 1785/1785 1786/1786
f 1784/1784 1786/1786 1779/1779
f 1787/1787 1349/1349 1788/1788
f 1787/1787 1788/1788 1789/1789
f 1787/1787 1344/1344 1343/1343
f 1787/1787 1343/1343 1349/1349
f 1788/1788 1790/1790 1791/1791
f 1788/1788 1791/1791 1789/1789
f 1788/1788 1352/1352 1792/1792
f 1788/1788 1792/1792 1790/1790
f 1788/1788 1349/1349 1348/1348
f 1788/1788 1348/1348 1352/1352
f 1792/1792 1793/1793 1794/1794
f 1792/1792 1794/1794 1790/1790
f 1792/1792 1355/1355 1795/1795
f 1792/1792 1795/1795 1793/1793
f 1792/1792 1352/1352 1351/1351
f 1792/1792 1351/1351 1355/1355
f 1795/1795 1796/1796 1797/1797
f 1795/1795 1797/1797 1793/1793
f 1795/1795 1358/1358 1798/1798
f 1795/1795 1798/1798 1796/1796
f 1795/1795 1355/1355 1354/1354
f 1795/1795 1354/1354 1358/1358
f 1798/1798 1799/1799 1800/1800
f 1798/1798 1800/1800 1796/1796
f 1798/1798 1801/1801 1802/1802
f 1798/1798 1802/1802 1799/1799
f 1798/1798 1358/1358 1357/1357
f 1798/1798 1357/1357 1801/1801
f 1801/1801 1803/1803 1804/1804
f 1801/1801 1804/1804 1802/1802
f 1801/1801 1357/1357 1360/1360
f 1801/1801 1360/1360 1803/1803
f 1805/1805 1806/1806 1807/1807
f 1805/1805 1807/1807 1808/1808
f 1805/1805 1364/1364 1363/1363
f 1805/1805 1363/1363 1806/1806
f 1806/1806 1809/1809 1810/1810
f 1806/1806 1810/1810 1807/1807
f 1806/1806 1363/1363 1366/1366
f 1806/1806 1366/1366 1809/1809
f 1809/1809 1371/1371 1811/1811
f 1809/1809 1811/1811 1810/1810
f 1809/1809 1366/1366 1368/1368
f 1809/1809 1368/1368 1371/1371
f 1812/1812 1813/1813 1814/1814
f 1812/1812 1814/1814 1815/1815
f 1812/1812 1816/1816 1817/1817
f 1812/1812 1817/1817 1813/1813
f 1811/1811 1371/1371 1370/1370
f 1811/1811 1370/1370 1374/1374
f 1817/1817 1818/1818 228/228
f 1817/1817 228/228 1813/1813
f 1817/1817 316/316 315/315
f 1817/1817 315/315 1818/1818
f 1817/1817 1816/1816 1819/1819
f 1817/1817 1819/1819 316/316
f 1818/1818 1820/1820 220/220
f 1818/1818 220/220 228/228
f 1818/1818 315/315 319/319
f 1818/1818 319/319 1820/1820
f 1820/1820 1821/1821 221/221
f 1820/1820 221/221 220/220
f 1820/1820 319/319 1388/1388
f 1820/1820 1388/1388 1821/1821
f 1813/1813 228/228 227/227
f 1813/1813 227/227 1814/1814
f 1814/1814 227/227 230/230
f 1814/1814 230/230 1822/1822
f 1814/1814 1822/1822 1823/1823
f 1814/1814 1823/1823 1815/1815
f 1822/1822 230/230 1824/1824
f 1822/1822 1824/1824 1825/1825
f 1822/1822 1825/1825 1826/1826
f 1822/1822 1826/1826 1823/1823
f 1827/1827 1828/1828 1570/1570
f 1827/1827 1570/1570 1829/1829
f 1824/1824 230/230 229/229
f 1824/1824 229/229 1830/1830
f 1827/1827 1829/1829 1831/1831
f 1827/1827 1831/1831 1832/1832
f 1831/1831 1829/1829 1573/1573
f 1831/1831 1573/1573 1833/1833
f 1831/1831 1834/1834 1835/1835
f 1831/1831 1835/1835 1832/1832
f 1831/1831 1833/1833 1836/1836
f 1831/1831 1836/1836 1834/1834
f 1833/1833 1573/1573 1572/1572
f 1833/1833 1572/1572 1576/1576
f 1833/1833 1576/1576 1837/1837
f 1833/1833 1837/1837 1836/1836
f 1828/1828 1567/1567 1566/1566
f 1828/1828 1566/1566 1570/1570
f 1838/1838 232/232 231/231
f 1838/1838 231/231 1839/1839
f 1829/1829 1570/1570 1569/1569
f 1829/1829 1569/1569 1573/1573
f 1837/1837 1576/1576 1575/1575
f 1837/1837 1575/1575 1580/1580
f 1800/1800 1840/1840 1797/1797
f 1800/1800 1797/1797 1796/1796
f 1797/1797 1840/1840 1586/1586
f 1797/1797 1586/1586 1585/1585
f 1797/1797 1585/1585 1794/1794
f 1797/1797 1794/1794 1793/1793
f 1794/1794 1585/1585 1584/1584
f 1794/1794 1584/1584 1841/1841
f 1794/1794 1841/1841 1791/1791
f 1794/1794 1791/1791 1790/1790
f 1842/1842 1592/1592 1591/1591
f 1842/1842 1591/1591 1595/1595
f 1842/1842 1595/1595 1786/1786
f 1842/1842 1786/1786 1785/1785
f 1786/1786 1595/1595 1594/1594
f 1786/1786 1594/1594 1598/1598
f 1786/1786 1598/1598 1780/1780
f 1786/1786 1780/1780 1779/1779
f 1780/1780 1598/1598 1597/1597
f 1780/1780 1597/1597 1601/1601
f 1780/1780 1601/1601 1775/1775
f 1780/1780 1775/1775 1774/1774
f 1775/1775 1601/1601 1600/1600
f 1775/1775 1600/1600 1604/1604
f 1775/1775 1604/1604 1843/1843
f 1775/1775 1843/1843 1776/1776
f 1843/1843 1604/1604 1603/1603
f 1843/1843 1603/1603 1607/1607
f 1771/1771 1844/1844 1768/1768
f 1771/1771 1768/1768 1767/1767
f 1768/1768 1844/1844 1612/1612
f 1768/1768 1612/1612 1611/1611
f 1768/1768 1611/1611 1765/1765
f 1768/1768 1765/1765 1764/1764
f 1765/1765 1611/1611 1610/1610
f 1765/1765 1610/1610 1618/1618
f 1765/1765 1618/1618 1762/1762
f 1765/1765 1762/1762 1761/1761
f 1762/1762 1618/1618 1617/1617
f 1762/1762 1617/1617 1622/1622
f 1762/1762 1622/1622 1759/1759
f 1762/1762 1759/1759 1758/1758
f 1759/1759 1622/1622 1621/1621
f 1759/1759 1621/1621 1845/1845
f 1759/1759 1845/1845 1754/1754
f 1759/1759 1754/1754 1753/1753
f 1846/1846 1626/1626 1625/1625
f 1846/1846 1625/1625 1629/1629
f 1846/1846 1629/1629 1847/1847
f 1846/1846 1847/1847 1848/1848
f 1847/1847 1629/1629 1628/1628
f 1847/1847 1628/1628 1632/1632
f 1839/1839 231/231 1561/1561
f 1839/1839 1561/1561 1560/1560
f 1561/1561 1849/1849 1557/1557
f 1561/1561 1557/1557 1556/1556
f 1561/1561 231/231 226/226
f 1561/1561 226/226 1849/1849
f 1849/1849 1850/1850 1851/1851
f 1849/1849 1851/1851 1557/1557
f 1849/1849 226/226 225/225
f 1849/1849 225/225 1850/1850
f 1852/1852 1853/1853 1854/1854
f 1852/1852 1854/1854 1855/1855
f 1852/1852 1856/1856 1857/1857
f 1852/1852 1857/1857 1853/1853
f 1857/1857 1856/1856 1858/1858
f 1857/1857 1858/1858 1397/1397
f 1857/1857 1859/1859 1860/1860
f 1857/1857 1860/1860 1853/1853
f 1857/1857 1397/1397 1396/1396
f 1857/1857 1396/1396 1859/1859
f 1859/1859 1861/1861 1862/1862
f 1859/1859 1862/1862 1860/1860
f 1859/1859 1396/1396 1399/1399
f 1859/1859 1399/1399 1861/1861
f 1861/1861 1863/1863 1864/1864
f 1861/1861 1864/1864 1862/1862
f 1861/1861 1399/1399 1401/1401
f 1861/1861 1401/1401 1863/1863
f 1863/1863 1865/1865 1866/1866
f 1863/1863 1866/1866 1864/1864
f 1863/1863 1401/1401 1403/1403
f 1863/1863 1403/1403 1865/1865
f 1865/1865 1867/1867 1868/1868
f 1865/1865 1868/1868 1866/1866
f 1865/1865 1403/1403 1413/1413
f 1865/1865 1413/1413 1867/1867
f 1867/1867 1869/1869 1870/1870
f 1867/1867 1870/1870 1868/1868
f 1867/1867 1413/1413 1412/1412
f 1867/1867 1412/1412 1869/1869
f 1869/1869 1871/1871 1872/1872
f 1869/1869 1872/1872 1870/1870
f 1869/1869 1412/1412 1415/1415
f 1869/1869 1415/1415 1871/1871
f 1871/1871 1421/1421 1423/1423
f 1871/1871 1423/1423 1872/1872
f 1871/1871 1415/1415 1417/1417
f 1871/1871 1417/1417 1421/1421
f 1872/1872 1873/1873 1874/1874
f 1872/1872 1874/1874 1870/1870
f 1872/1872 1423/1423 1425/1425
f 1872/1872 1425/1425 1873/1873
f 1873/1873 1875/1875 1876/1876
f 1873/1873 1876/1876 1874/1874
f 1873/1873 1425/1425 1427/1427
f 1873/1873 1427/1427 1875/1875
f 1875/1875 1877/1877 1878/1878
f 1875/1875 1878/1878 1876/1876
f 1875/1875 1427/1427 1429/1429
f 1875/1875 1429/1429 1877/1877
f 1877/1877 1879/1879 1880/1880
f 1877/1877 1880/1880 1878/1878
f 1877/1877 1429/1429 1431/1431
f 1877/1877 1431/1431 1879/1879
f 1881/1881 1882/1882 1883/1883
f 1881/1881 1883/1883 1884/1884
f 1881/1881 1435/1435 1434/1434
f 1881/1881 1434/1434 1882/1882
f 1882/1882 1885/1885 1886/1886
f 1882/1882 1886/1886 1883/1883
f 1882/1882 1434/1434 1437/1437
f 1882/1882 1437/1437 1885/1885
f 1885/1885 1887/1887 1888/1888
f 1885/1885 1888/1888 1886/1886
f 1885/1885 1437/1437 1439/1439
f 1885/1885 1439/1439 1887/1887
f 1887/1887 1889/1889 1890/1890
f 1887/1887 1890/1890 1888/1888
f 1887/1887 1439/1439 1441/1441
f 1887/1887 1441/1441 1889/1889
f 1889/1889 1891/1891 1892/1892
f 1889/1889 1892/1892 1890/1890
f 1889/1889 1441/1441 1443/1443
f 1889/1889 1443/1443 1891/1891
f 1891/1891 1893/1893 1894/1894
f 1891/1891 1894/1894 1892/1892
f 1891/1891 1443/1443 1445/1445
f 1891/1891 1445/1445 1893/1893
f 1893/1893 1895/1895 1896/1896
f 1893/1893 1896/1896 1894/1894
f 1893/1893 1445/1445 1447/1447
f 1893/1893 1447/1447 1895/1895
f 1895/1895 1897/1897 1898/1898
f 1895/1895 1898/1898 1896/1896
f 1895/1895 1447/1447 1449/1449
f 1895/1895 1449/1449 1897/1897
f 1897/1897 1899/1899 1900/1900
f 1897/1897 1900/1900 1898/1898
f 1897/1897 1449/1449 1451/1451
f 1897/1897 1451/1451 1899/1899
f 1899/1899 1901/1901 1902/1902
f 1899/1899 1902/1902 1900/1900
f 1899/1899 1451/1451 1453/1453
f 1899/1899 1453/1453 1901/1901
f 1901/1901 1903/1903 1904/1904
f 1901/1901 1904/1904 1902/1902
f 1901/1901 1453/1453 1455/1455
f 1901/1901 1455/1455 1903/1903
f 1903/1903 1905/1905 1906/1906
f 1903/1903 1906/1906 1904/1904
f 1903/1903 1455/1455 1457/1457
f 1903/1903 1457/1457 1905/1905
f 1905/1905 118/118 1907/1907
f 1905/1905 1907/1907 1906/1906
f 1905/1905 1457/1457 119/119
f 1905/1905 119/119 118/118
f 1906/1906 1908/1908 1909/1909
f 1906/1906 1909/1909 1904/1904
f 1906/1906 1907/1907 1910/1910
f 1906/1906 1910/1910 1908/1908
f 1910/1910 1911/1911 1912/1912
f 1910/1910 1912/1912 1908/1908
f 1910/1910 1913/1913 1914/1914
f 1910/1910 1914/1914 1911/1911
f 1910/1910 117/117 116/116
f 1910/1910 116/116 1913/1913
f 1915/1915 1916/1916 1917/1917
f 1915/1915 1917/1917 1918/1918
f 1915/1915 1919/1919 1920/1920
f 1915/1915 1920/1920 1916/1916
f 1920/1920 1921/1921 1922/1922
f 1920/1920 1922/1922 1916/1916
f 1920/1920 1923/1923 1924/1924
f 1920/1920 1924/1924 1921/1921
f 1920/1920 1919/1919 1925/1925
f 1920/1920 1925/1925 1923/1923
f 1926/1926 1927/1927 1928/1928
f 1926/1926 1928/1928 1929/1929
f 1926/1926 1930/1930 1931/1931
f 1926/1926 1931/1931 1927/1927
f 1927/1927 1932/1932 1933/1933
f 1927/1927 1933/1933 1928/1928
f 1927/1927 1931/1931 1934/1934
f 1927/1927 1934/1934 1932/1932
f 1935/1935 112/112 111/111
f 1935/1935 111/111 1936/1936
f 1934/1934 1937/1937 1938/1938
f 1934/1934 1938/1938 1932/1932
f 1935/1935 1936/1936 1939/1939
f 1935/1935 1939/1939 1940/1940
f 1939/1939 1936/1936 1462/1462
f 1939/1939 1462/1462 1465/1465
f 1939/1939 1941/1941 1942/1942
f 1939/1939 1942/1942 1940/1940
f 1939/1939 1465/1465 1467/1467
f 1939/1939 1467/1467 1941/1941
f 1941/1941 1943/1943 1944/1944
f 1941/1941 1944/1944 1942/1942
f 1941/1941 1467/1467 1469/1469
f 1941/1941 1469/1469 1943/1943
f 1943/1943 1945/1945 1946/1946
f 1943/1943 1946/1946 1944/1944
f 1943/1943 1469/1469 1471/1471
f 1943/1943 1471/1471 1945/1945
f 1945/1945 1947/1947 1948/1948
f 1945/1945 1948/1948 1946/1946
f 1945/1945 1471/1471 1473/1473
f 1945/1945 1473/1473 1947/1947
f 1949/1949 1950/1950 1951/1951
f 1949/1949 1951/1951 1952/1952
f 1949/1949 1477/1477 1476/1476
f 1949/1949 1476/1476 1950/1950
f 1953/1953 1954/1954 1955/1955
f 1953/1953 1955/1955 1956/1956
f 1953/1953 1481/1481 1480/1480
f 1953/1953 1480/1480 1954/1954
f 1954/1954 1957/1957 1958/1958
f 1954/1954 1958/1958 1955/1955
f 1954/1954 1480/1480 1483/1483
f 1954/1954 1483/1483 1957/1957
f 1957/1957 1959/1959 1960/1960
f 1957/1957 1960/1960 1958/1958
f 1957/1957 1483/1483 1485/1485
f 1957/1957 1485/1485 1959/1959
f 1959/1959 1961/1961 1962/1962
f 1959/1959 1962/1962 1960/1960
f 1959/1959 1485/1485 1487/1487
f 1959/1959 1487/1487 1961/1961
f 1961/1961 328/328 1963/1963
f 1961/1961 1963/1963 1962/1962
f 1961/1961 1487/1487 329/329
f 1961/1961 329/329 328/328
f 1964/1964 1965/1965 1966/1966
f 1964/1964 1966/1966 1967/1967
f 1964/1964 1968/1968 1969/1969
f 1964/1964 1969/1969 1965/1965
f 1963/1963 328/328 327/327
f 1963/1963 327/327 1970/1970
f 1968/1968 1971/1971 1972/1972
f 1968/1968 1972/1972 1969/1969
f 1970/1970 327/327 1973/1973
f 1970/1970 1973/1973 1974/1974
f 1975/1975 1976/1976 1977/1977
f 1975/1975 1977/1977 1978/1978
f 1979/1979 1980/1980 1981/1981
f 1979/1979 1981/1981 1982/1982
f 1983/1983 1984/1984 1985/1985
f 1983/1983 1985/1985 1986/1986
f 1981/1981 1987/1987 1988/1988
f 1981/1981 1988/1988 1982/1982
f 1983/1983 1986/1986 1989/1989
f 1983/1983 1989/1989 1990/1990
f 1989/1989 1986/1986 1991/1991
f 1989/1989 1991/1991 1992/1992
f 1989/1989 1993/1993 1994/1994
f 1989/1989 1994/1994 1990/1990
f 1989/1989 1992/1992 1995/1995
f 1989/1989 1995/1995 1993/1993
f 1995/1995 1992/1992 1996/1996
f 1995/1995 1996/1996 1997/1997
f 1995/1995 1998/1998 1999/1999
f 1995/1995 1999/1999 1993/1993
f 1995/1995 1997/1997 2000/2000
f 1995/1995 2000/2000 1998/1998
f 2000/2000 1997/1997 2001/2001
f 2000/2000 2001/2001 2002/2002
f 2000/2000 2003/2003 2004/2004
f 2000/2000 2004/2004 1998/1998
f 2000/2000 2002/2002 2005/2005
f 2000/2000 2005/2005 2003/2003
f 2005/2005 2002/2002 2006/2006
f 2005/2005 2006/2006 2007/2007
f 2005/2005 2008/2008 2009/2009
f 2005/2005 2009/2009 2003/2003
f 2005/2005 2007/2007 2010/2010
f 2005/2005 2010/2010 2008/2008
f 2010/2010 2007/2007 2011/2011
f 2010/2010 2011/2011 2012/2012
f 2010/2010 2013/2013 2014/2014
f 2010/2010 2014/2014 2008/2008
f 2010/2010 2012/2012 2015/2015
f 2010/2010 2015/2015 2013/2013
f 2015/2015 2012/2012 2016/2016
f 2015/2015 2016/2016 2017/2017
f 2015/2015 1896/1896 1898/1898
f 2015/2015 1898/1898 2013/2013
f 2015/2015 2017/2017 1894/1894
f 2015/2015 1894/1894 1896/1896
f 2016/2016 2018/2018 2019/2019
f 2016/2016 2019/2019 2020/2020
f 2016/2016 2012/2012 2011/2011
f 2016/2016 2011/2011 2018/2018
f 2016/2016 2020/2020 2021/2021
f 2016/2016 2021/2021 2017/2017
f 2021/2021 2020/2020 2022/2022
f 2021/2021 2022/2022 2023/2023
f 2021/2021 1892/1892 1894/1894
f 2021/2021 1894/1894 2017/2017
f 2021/2021 2023/2023 1890/1890
f 2021/2021 1890/1890 1892/1892
f 2022/2022 2024/2024 2025/2025
f 2022/2022 2025/2025 2026/2026
f 2022/2022 2020/2020 2019/2019
f 2022/2022 2019/2019 2024/2024
f 2022/2022 2026/2026 2027/2027
f 2022/2022 2027/2027 2023/2023
f 2027/2027 2026/2026 2028/2028
f 2027/2027 2028/2028 2029/2029
f 2027/2027 1888/1888 1890/1890
f 2027/2027 1890/1890 2023/2023
f 2027/2027 2029/2029 1886/1886
f 2027/2027 1886/1886 1888/1888
f 2028/2028 2030/2030 2031/2031
f 2028/2028 2031/2031 2032/2032
f 2028/2028 2026/2026 2025/2025
f 2028/2028 2025/2025 2030/2030
f 2028/2028 2032/2032 2033/2033
f 2028/2028 2033/2033 2029/2029
f 2033/2033 2032/2032 2034/2034
f 2033/2033 2034/2034 2035/2035
f 2033/2033 1883/1883 1886/1886
f 2033/2033 1886/1886 2029/2029
f 2033/2033 2035/2035 1884/1884
f 2033/2033 1884/1884 1883/1883
f 2036/2036 2037/2037 187/187
f 2036/2036 187/187 2038/2038
f 2034/2034 2032/2032 2031/2031
f 2034/2034 2031/2031 2039/2039
f 2036/2036 2038/2038 2040/2040
f 2036/2036 2040/2040 2041/2041
f 2040/2040 2038/2038 2042/2042
f 2040/2040 2042/2042 2043/2043
f 2040/2040 1878/1878 1880/1880
f 2040/2040 1880/1880 2041/2041
f 2040/2040 2043/2043 1876/1876
f 2040/2040 1876/1876 1878/1878
f 2042/2042 186/186 185/185
f 2042/2042 185/185 2044/2044
f 2042/2042 2038/2038 187/187
f 2042/2042 187/187 186/186
f 2042/2042 2044/2044 2045/2045
f 2042/2042 2045/2045 2043/2043
f 2045/2045 2044/2044 1866/1866
f 2045/2045 1866/1866 1868/1868
f 2045/2045 1874/1874 1876/1876
f 2045/2045 1876/1876 2043/2043
f 2045/2045 1868/1868 1870/1870
f 2045/2045 1870/1870 1874/1874
f 2044/2044 185/185 1864/1864
f 2044/2044 1864/1864 1866/1866
f 2037/2037 2046/2046 188/188
f 2037/2037 188/188 187/187
f 2039/2039 2031/2031 2047/2047
f 2039/2039 2047/2047 2048/2048
f 2047/2047 2049/2049 2050/2050
f 2047/2047 2050/2050 2048/2048
f 2047/2047 2051/2051 2052/2052
f 2047/2047 2052/2052 2049/2049
f 2047/2047 2031/2031 2030/2030
f 2047/2047 2030/2030 2051/2051
f 2051/2051 2053/2053 2054/2054
f 2051/2051 2054/2054 2052/2052
f 2051/2051 2030/2030 2025/2025
f 2051/2051 2025/2025 2053/2053
f 2053/2053 2055/2055 2056/2056
f 2053/2053 2056/2056 2054/2054
f 2053/2053 2025/2025 2024/2024
f 2053/2053 2024/2024 2055/2055
f 2055/2055 2057/2057 2058/2058
f 2055/2055 2058/2058 2056/2056
f 2055/2055 2024/2024 2019/2019
f 2055/2055 2019/2019 2057/2057
f 2057/2057 2059/2059 2060/2060
f 2057/2057 2060/2060 2058/2058
f 2057/2057 2019/2019 2018/2018
f 2057/2057 2018/2018 2059/2059
f 2059/2059 2061/2061 2062/2062
f 2059/2059 2062/2062 2060/2060
f 2059/2059 2018/2018 2011/2011
f 2059/2059 2011/2011 2061/2061
f 2061/2061 2006/2006 2063/2063
f 2061/2061 2063/2063 2062/2062
f 2061/2061 2011/2011 2007/2007
f 2061/2061 2007/2007 2006/2006
f 2063/2063 2064/2064 2065/2065
f 2063/2063 2065/2065 2062/2062
f 2063/2063 2001/2001 2066/2066
f 2063/2063 2066/2066 2064/2064
f 2063/2063 2006/2006 2002/2002
f 2063/2063 2002/2002 2001/2001
f 2066/2066 2067/2067 2068/2068
f 2066/2066 2068/2068 2064/2064
f 2066/2066 1996/1996 2069/2069
f 2066/2066 2069/2069 2067/2067
f 2066/2066 2001/2001 1997/1997
f 2066/2066 1997/1997 1996/1996
f 2069/2069 2070/2070 2071/2071
f 2069/2069 2071/2071 2067/2067
f 2069/2069 1991/1991 2072/2072
f 2069/2069 2072/2072 2070/2070
f 2069/2069 1996/1996 1992/1992
f 2069/2069 1992/1992 1991/1991
f 2073/2073 2074/2074 2075/2075
f 2073/2073 2075/2075 2076/2076
f 2073/2073 325/325 324/324
f 2073/2073 324/324 2074/2074
f 2072/2072 1991/1991 1986/1986
f 2072/2072 1986/1986 1985/1985
f 2074/2074 1493/1493 1495/1495
f 2074/2074 1495/1495 2075/2075
f 2074/2074 324/324 323/323
f 2074/2074 323/323 1493/1493
f 2075/2075 1495/1495 1497/1497
f 2075/2075 1497/1497 2077/2077
f 2075/2075 2077/2077 2078/2078
f 2075/2075 2078/2078 2076/2076
f 2077/2077 1497/1497 1499/1499
f 2077/2077 1499/1499 2079/2079
f 2077/2077 2079/2079 2080/2080
f 2077/2077 2080/2080 2078/2078
f 2080/2080 2079/2079 2081/2081
f 2080/2080 2081/2081 2082/2082
f 2083/2083 2068/2068 2067/2067
f 2083/2083 2067/2067 2071/2071
f 2083/2083 2084/2084 2085/2085
f 2083/2083 2085/2085 2068/2068
f 2085/2085 2084/2084 2086/2086
f 2085/2085 2086/2086 2087/2087
f 2085/2085 2065/2065 2064/2064
f 2085/2085 2064/2064 2068/2068
f 2085/2085 2087/2087 2088/2088
f 2085/2085 2088/2088 2065/2065
f 2088/2088 2087/2087 2089/2089
f 2088/2088 2089/2089 2090/2090
f 2088/2088 2060/2060 2062/2062
f 2088/2088 2062/2062 2065/2065
f 2088/2088 2090/2090 2058/2058
f 2088/2088 2058/2058 2060/2060
f 2089/2089 2091/2091 2092/2092
f 2089/2089 2092/2092 2093/2093
f 2089/2089 2087/2087 2086/2086
f 2089/2089 2086/2086 2091/2091
f 2089/2089 2093/2093 2094/2094
f 2089/2089 2094/2094 2090/2090
f 2094/2094 2093/2093 2095/2095
f 2094/2094 2095/2095 2096/2096
f 2094/2094 2056/2056 2058/2058
f 2094/2094 2058/2058 2090/2090
f 2094/2094 2096/2096 2054/2054
f 2094/2094 2054/2054 2056/2056
f 2095/2095 2097/2097 2098/2098
f 2095/2095 2098/2098 2099/2099
f 2095/2095 2093/2093 2092/2092
f 2095/2095 2092/2092 2097/2097
f 2095/2095 2099/2099 2100/2100
f 2095/2095 2100/2100 2096/2096
f 2100/2100 2099/2099 2101/2101
f 2100/2100 2101/2101 2102/2102
f 2100/2100 2052/2052 2054/2054
f 2100/2100 2054/2054 2096/2096
f 2100/2100 2102/2102 2049/2049
f 2100/2100 2049/2049 2052/2052
f 2101/2101 2103/2103 2104/2104
f 2101/2101 2104/2104 2105/2105
f 2101/2101 2099/2099 2098/2098
f 2101/2101 2098/2098 2103/2103
f 2101/2101 2105/2105 2106/2106
f 2101/2101 2106/2106 2102/2102
f 2106/2106 2105/2105 2107/2107
f 2106/2106 2107/2107 2108/2108
f 2106/2106 2050/2050 2049/2049
f 2106/2106 2049/2049 2102/2102
f 2106/2106 2108/2108 179/179
f 2106/2106 179/179 2050/2050
f 2107/2107 2109/2109 1543/1543
f 2107/2107 1543/1543 1542/1542
f 2107/2107 2105/2105 2104/2104
f 2107/2107 2104/2104 2109/2109
f 2107/2107 1542/1542 2110/2110
f 2107/2107 2110/2110 2108/2108
f 2110/2110 1542/1542 1541/1541
f 2110/2110 1541/1541 1547/1547
f 2110/2110 180/180 179/179
f 2110/2110 179/179 2108/2108
f 2110/2110 1547/1547 181/181
f 2110/2110 181/181 180/180
f 2111/2111 2112/2112 1536/1536
f 2111/2111 1536/1536 1538/1538
f 2111/2111 425/425 424/424
f 2111/2111 424/424 2112/2112
f 2112/2112 1533/1533 1532/1532
f 2112/2112 1532/1532 1536/1536
f 2112/2112 424/424 423/423
f 2112/2112 423/423 1533/1533
f 2113/2113 2114/2114 2115/2115
f 2113/2113 2115/2115 2116/2116
f 2113/2113 2117/2117 2118/2118
f 2113/2113 2118/2118 2114/2114
f 2118/2118 1503/1503 1505/1505
f 2118/2118 1505/1505 2114/2114
f 2118/2118 2081/2081 1501/1501
f 2118/2118 1501/1501 1503/1503
f 2118/2118 2117/2117 2082/2082
f 2118/2118 2082/2082 2081/2081
f 2114/2114 1505/1505 1507/1507
f 2114/2114 1507/1507 2115/2115
f 2115/2115 1507/1507 418/418
f 2115/2115 418/418 417/417
f 2115/2115 417/417 421/421
f 2115/2115 421/421 2116/2116
f 2081/2081 2079/2079 1499/1499
f 2081/2081 1499/1499 1501/1501
f 2050/2050 179/179 178/178
f 2050/2050 178/178 2048/2048
f 2013/2013 1898/1898 1900/1900
f 2013/2013 1900/1900 2014/2014
f 2014/2014 2119/2119 2009/2009
f 2014/2014 2009/2009 2008/2008
f 2014/2014 1900/1900 1902/1902
f 2014/2014 1902/1902 2119/2119
f 2119/2119 1909/1909 2120/2120
f 2119/2119 2120/2120 2009/2009
f 2119/2119 1902/1902 1904/1904
f 2119/2119 1904/1904 1909/1909
f 2120/2120 2004/2004 2003/2003
f 2120/2120 2003/2003 2009/2009
f 2120/2120 1912/1912 2121/2121
f 2120/2120 2121/2121 2004/2004
f 2120/2120 1909/1909 1908/1908
f 2120/2120 1908/1908 1912/1912
f 2121/2121 1999/1999 1998/1998
f 2121/2121 1998/1998 2004/2004
f 2121/2121 2122/2122 2123/2123
f 2121/2121 2123/2123 1999/1999
f 2121/2121 1912/1912 1911/1911
f 2121/2121 1911/1911 2122/2122
f 2124/2124 2125/2125 2126/2126
f 2124/2124 2126/2126 2127/2127
f 2124/2124 2128/2128 2129/2129
f 2124/2124 2129/2129 2125/2125
f 2130/2130 2131/2131 2132/2132
f 2130/2130 2132/2132 2133/2133
f 2130/2130 1918/1918 1917/1917
f 2130/2130 1917/1917 2131/2131
f 2131/2131 2134/2134 2135/2135
f 2131/2131 2135/2135 2132/2132
f 2131/2131 1917/1917 2136/2136
f 2131/2131 2136/2136 2134/2134
f 2136/2136 2137/2137 2138/2138
f 2136/2136 2138/2138 2134/2134
f 2136/2136 1922/1922 2139/2139
f 2136/2136 2139/2139 2137/2137
f 2136/2136 1917/1917 1916/1916
f 2136/2136 1916/1916 1922/1922
f 2139/2139 2140/2140 2141/2141
f 2139/2139 2141/2141 2137/2137
f 2139/2139 2142/2142 2143/2143
f 2139/2139 2143/2143 2140/2140
f 2139/2139 1922/1922 1921/1921
f 2139/2139 1921/1921 2142/2142
f 2142/2142 2144/2144 2145/2145
f 2142/2142 2145/2145 2143/2143
f 2142/2142 1921/1921 1924/1924
f 2142/2142 1924/1924 2144/2144
f 2146/2146 2147/2147 2148/2148
f 2146/2146 2148/2148 2149/2149
f 2146/2146 1929/1929 1928/1928
f 2146/2146 1928/1928 2147/2147
f 2147/2147 2150/2150 2151/2151
f 2147/2147 2151/2151 2148/2148
f 2147/2147 1928/1928 1933/1933
f 2147/2147 1933/1933 2150/2150
f 2150/2150 2152/2152 2153/2153
f 2150/2150 2153/2153 2151/2151
f 2150/2150 1933/1933 2154/2154
f 2150/2150 2154/2154 2152/2152
f 2154/2154 1933/1933 1932/1932
f 2154/2154 1932/1932 1938/1938
f 2154/2154 2155/2155 2156/2156
f 2154/2154 2156/2156 2152/2152
f 2154/2154 1938/1938 2157/2157
f 2154/2154 2157/2157 2155/2155
f 2157/2157 1938/1938 1937/1937
f 2157/2157 1937/1937 2158/2158
f 2157/2157 2159/2159 2160/2160
f 2157/2157 2160/2160 2155/2155
f 2157/2157 2158/2158 2161/2161
f 2157/2157 2161/2161 2159/2159
f 2159/2159 2162/2162 2163/2163
f 2159/2159 2163/2163 2160/2160
f 2159/2159 2161/2161 2164/2164
f 2159/2159 2164/2164 2162/2162
f 2162/2162 2165/2165 2166/2166
f 2162/2162 2166/2166 2163/2163
f 2162/2162 2164/2164 2167/2167
f 2162/2162 2167/2167 2165/2165
f 2168/2168 2169/2169 2170/2170
f 2168/2168 2170/2170 2171/2171
f 2168/2168 2172/2172 2173/2173
f 2168/2168 2173/2173 2169/2169
f 2169/2169 2174/2174 2175/2175
f 2169/2169 2175/2175 2170/2170
f 2169/2169 2173/2173 2176/2176
f 2169/2169 2176/2176 2174/2174
f 2174/2174 2177/2177 2178/2178
f 2174/2174 2178/2178 2175/2175
f 2174/2174 2176/2176 2179/2179
f 2174/2174 2179/2179 2177/2177
f 2177/2177 2180/2180 2181/2181
f 2177/2177 2181/2181 2178/2178
f 2177/2177 2179/2179 2182/2182
f 2177/2177 2182/2182 2180/2180
f 2180/2180 1966/1966 2183/2183
f 2180/2180 2183/2183 2181/2181
f 2180/2180 2182/2182 1967/1967
f 2180/2180 1967/1967 1966/1966
f 2183/2183 2184/2184 2185/2185
f 2183/2183 2185/2185 2181/2181
f 2183/2183 2186/2186 2187/2187
f 2183/2183 2187/2187 2184/2184
f 2183/2183 1966/1966 1965/1965
f 2183/2183 1965/1965 2186/2186
f 2186/2186 2188/2188 2189/2189
f 2186/2186 2189/2189 2187/2187
f 2186/2186 1965/1965 1969/1969
f 2186/2186 1969/1969 2188/2188
f 2188/2188 2190/2190 2191/2191
f 2188/2188 2191/2191 2189/2189
f 2188/2188 1969/1969 1972/1972
f 2188/2188 1972/1972 2190/2190
f 2192/2192 2193/2193 2194/2194
f 2192/2192 2194/2194 2195/2195
f 2192/2192 1978/1978 1977/1977
f 2192/2192 1977/1977 2193/2193
f 2193/2193 2196/2196 2197/2197
f 2193/2193 2197/2197 2194/2194
f 2193/2193 1977/1977 2198/2198
f 2193/2193 2198/2198 2196/2196
f 2198/2198 1977/1977 1976/1976
f 2198/2198 1976/1976 2199/2199
f 2198/2198 2200/2200 2201/2201
f 2198/2198 2201/2201 2196/2196
f 2198/2198 2199/2199 2202/2202
f 2198/2198 2202/2202 2200/2200
f 2203/2203 2204/2204 2205/2205
f 2203/2203 2205/2205 2206/2206
f 2202/2202 2133/2133 2132/2132
f 2202/2202 2132/2132 2200/2200
f 2203/2203 2206/2206 2127/2127
f 2203/2203 2127/2127 2126/2126
f 2200/2200 2132/2132 2135/2135
f 2200/2200 2135/2135 2201/2201
f 2201/2201 2207/2207 2197/2197
f 2201/2201 2197/2197 2196/2196
f 2201/2201 2135/2135 2208/2208
f 2201/2201 2208/2208 2207/2207
f 2208/2208 2209/2209 2210/2210
f 2208/2208 2210/2210 2207/2207
f 2208/2208 2138/2138 2211/2211
f 2208/2208 2211/2211 2209/2209
f 2208/2208 2135/2135 2134/2134
f 2208/2208 2134/2134 2138/2138
f 2211/2211 2212/2212 2213/2213
f 2211/2211 2213/2213 2209/2209
f 2211/2211 2141/2141 2214/2214
f 2211/2211 2214/2214 2212/2212
f 2211/2211 2138/2138 2137/2137
f 2211/2211 2137/2137 2141/2141
f 2214/2214 2215/2215 2216/2216
f 2214/2214 2216/2216 2212/2212
f 2214/2214 2217/2217 2218/2218
f 2214/2214 2218/2218 2215/2215
f 2214/2214 2141/2141 2140/2140
f 2214/2214 2140/2140 2217/2217
f 2217/2217 2219/2219 2220/2220
f 2217/2217 2220/2220 2218/2218
f 2217/2217 2140/2140 2143/2143
f 2217/2217 2143/2143 2219/2219
f 2219/2219 2221/2221 2222/2222
f 2219/2219 2222/2222 2220/2220
f 2219/2219 2143/2143 2145/2145
f 2219/2219 2145/2145 2221/2221
f 2223/2223 2224/2224 2225/2225
f 2223/2223 2225/2225 2226/2226
f 2223/2223 2149/2149 2148/2148
f 2223/2223 2148/2148 2224/2224
f 2224/2224 2227/2227 2228/2228
f 2224/2224 2228/2228 2225/2225
f 2224/2224 2148/2148 2151/2151
f 2224/2224 2151/2151 2227/2227
f 2227/2227 2229/2229 2230/2230
f 2227/2227 2230/2230 2228/2228
f 2227/2227 2151/2151 2153/2153
f 2227/2227 2153/2153 2229/2229
f 2229/2229 2231/2231 2232/2232
f 2229/2229 2232/2232 2230/2230
f 2229/2229 2153/2153 2233/2233
f 2229/2229 2233/2233 2231/2231
f 2233/2233 2153/2153 2152/2152
f 2233/2233 2152/2152 2156/2156
f 2233/2233 2234/2234 2235/2235
f 2233/2233 2235/2235 2231/2231
f 2233/2233 2156/2156 2236/2236
f 2233/2233 2236/2236 2234/2234
f 2236/2236 2156/2156 2155/2155
f 2236/2236 2155/2155 2160/2160
f 2236/2236 2237/2237 2238/2238
f 2236/2236 2238/2238 2234/2234
f 2236/2236 2160/2160 2163/2163
f 2236/2236 2163/2163 2237/2237
f 2237/2237 2239/2239 2240/2240
f 2237/2237 2240/2240 2238/2238
f 2237/2237 2163/2163 2166/2166
f 2237/2237 2166/2166 2239/2239
f 2241/2241 2242/2242 2243/2243
f 2241/2241 2243/2243 2244/2244
f 2241/2241 2171/2171 2170/2170
f 2241/2241 2170/2170 2242/2242
f 2242/2242 2245/2245 2246/2246
f 2242/2242 2246/2246 2243/2243
f 2242/2242 2170/2170 2175/2175
f 2242/2242 2175/2175 2245/2245
f 2245/2245 2247/2247 2248/2248
f 2245/2245 2248/2248 2246/2246
f 2245/2245 2175/2175 2178/2178
f 2245/2245 2178/2178 2247/2247
f 2247/2247 2185/2185 2249/2249
f 2247/2247 2249/2249 2248/2248
f 2247/2247 2178/2178 2181/2181
f 2247/2247 2181/2181 2185/2185
f 2249/2249 2250/2250 2251/2251
f 2249/2249 2251/2251 2248/2248
f 2249/2249 2252/2252 2253/2253
f 2249/2249 2253/2253 2250/2250
f 2249/2249 2185/2185 2184/2184
f 2249/2249 2184/2184 2252/2252
f 2252/2252 2254/2254 2255/2255
f 2252/2252 2255/2255 2253/2253
f 2252/2252 2184/2184 2187/2187
f 2252/2252 2187/2187 2254/2254
f 2254/2254 2256/2256 2257/2257
f 2254/2254 2257/2257 2255/2255
f 2254/2254 2187/2187 2189/2189
f 2254/2254 2189/2189 2256/2256
f 2256/2256 2258/2258 2259/2259
f 2256/2256 2259/2259 2257/2257
f 2256/2256 2189/2189 2191/2191
f 2256/2256 2191/2191 2258/2258
f 2260/2260 2261/2261 2262/2262
f 2260/2260 2262/2262 2263/2263
f 2260/2260 2195/2195 2194/2194
f 2260/2260 2194/2194 2261/2261
f 2261/2261 2264/2264 2265/2265
f 2261/2261 2265/2265 2262/2262
f 2261/2261 2194/2194 2197/2197
f 2261/2261 2197/2197 2264/2264
f 2264/2264 2210/2210 2266/2266
f 2264/2264 2266/2266 2265/2265
f 2264/2264 2197/2197 2207/2207
f 2264/2264 2207/2207 2210/2210
f 2266/2266 2267/2267 2268/2268
f 2266/2266 2268/2268 2265/2265
f 2266/2266 2213/2213 2269/2269
f 2266/2266 2269/2269 2267/2267
f 2266/2266 2210/2210 2209/2209
f 2266/2266 2209/2209 2213/2213
f 2269/2269 2270/2270 2271/2271
f 2269/2269 2271/2271 2267/2267
f 2269/2269 2216/2216 2272/2272
f 2269/2269 2272/2272 2270/2270
f 2269/2269 2213/2213 2212/2212
f 2269/2269 2212/2212 2216/2216
f 2272/2272 2273/2273 2274/2274
f 2272/2272 2274/2274 2270/2270
f 2272/2272 2275/2275 2276/2276
f 2272/2272 2276/2276 2273/2273
f 2272/2272 2216/2216 2215/2215
f 2272/2272 2215/2215 2275/2275
f 2275/2275 2277/2277 2278/2278
f 2275/2275 2278/2278 2276/2276
f 2275/2275 2215/2215 2218/2218
f 2275/2275 2218/2218 2277/2277
f 2277/2277 2279/2279 2280/2280
f 2277/2277 2280/2280 2278/2278
f 2277/2277 2218/2218 2220/2220
f 2277/2277 2220/2220 2279/2279
f 2279/2279 2281/2281 2282/2282
f 2279/2279 2282/2282 2280/2280
f 2279/2279 2220/2220 2222/2222
f 2279/2279 2222/2222 2281/2281
f 2283/2283 2284/2284 2285/2285
f 2283/2283 2285/2285 2286/2286
f 2283/2283 2226/2226 2225/2225
f 2283/2283 2225/2225 2284/2284
f 2284/2284 2287/2287 2288/2288
f 2284/2284 2288/2288 2285/2285
f 2284/2284 2225/2225 2228/2228
f 2284/2284 2228/2228 2287/2287
f 2287/2287 2289/2289 2290/2290
f 2287/2287 2290/2290 2288/2288
f 2287/2287 2228/2228 2230/2230
f 2287/2287 2230/2230 2289/2289
f 2289/2289 2291/2291 2292/2292
f 2289/2289 2292/2292 2290/2290
f 2289/2289 2230/2230 2232/2232
f 2289/2289 2232/2232 2291/2291
f 2291/2291 2293/2293 2294/2294
f 2291/2291 2294/2294 2292/2292
f 2291/2291 2232/2232 2295/2295
f 2291/2291 2295/2295 2293/2293
f 2295/2295 2232/2232 2231/2231
f 2295/2295 2231/2231 2235/2235
f 2295/2295 2296/2296 2297/2297
f 2295/2295 2297/2297 2293/2293
f 2295/2295 2235/2235 2298/2298
f 2295/2295 2298/2298 2296/2296
f 2298/2298 2235/2235 2234/2234
f 2298/2298 2234/2234 2238/2238
f 2298/2298 2299/2299 2300/2300
f 2298/2298 2300/2300 2296/2296
f 2298/2298 2238/2238 2240/2240
f 2298/2298 2240/2240 2299/2299
f 2301/2301 2302/2302 2303/2303
f 2301/2301 2303/2303 2304/2304
f 2301/2301 2244/2244 2243/2243
f 2301/2301 2243/2243 2302/2302
f 2302/2302 2305/2305 2306/2306
f 2302/2302 2306/2306 2303/2303
f 2302/2302 2243/2243 2246/2246
f 2302/2302 2246/2246 2305/2305
f 2305/2305 2251/2251 2307/2307
f 2305/2305 2307/2307 2306/2306
f 2305/2305 2246/2246 2248/2248
f 2305/2305 2248/2248 2251/2251
f 2307/2307 2308/2308 2309/2309
f 2307/2307 2309/2309 2306/2306
f 2307/2307 2310/2310 2311/2311
f 2307/2307 2311/2311 2308/2308
f 2307/2307 2251/2251 2250/2250
f 2307/2307 2250/2250 2310/2310
f 2310/2310 2312/2312 2313/2313
f 2310/2310 2313/2313 2311/2311
f 2310/2310 2250/2250 2253/2253
f 2310/2310 2253/2253 2312/2312
f 2312/2312 2314/2314 2315/2315
f 2312/2312 2315/2315 2313/2313
f 2312/2312 2253/2253 2255/2255
f 2312/2312 2255/2255 2314/2314
f 2314/2314 2316/2316 2317/2317
f 2314/2314 2317/2317 2315/2315
f 2314/2314 2255/2255 2257/2257
f 2314/2314 2257/2257 2316/2316
f 2316/2316 2318/2318 2319/2319
f 2316/2316 2319/2319 2317/2317
f 2316/2316 2257/2257 2259/2259
f 2316/2316 2259/2259 2318/2318
f 2320/2320 2321/2321 2322/2322
f 2320/2320 2322/2322 2323/2323
f 2320/2320 2263/2263 2262/2262
f 2320/2320 2262/2262 2321/2321
f 2321/2321 2268/2268 2324/2324
f 2321/2321 2324/2324 2322/2322
f 2321/2321 2262/2262 2265/2265
f 2321/2321 2265/2265 2268/2268
f 2324/2324 2325/2325 2326/2326
f 2324/2324 2326/2326 2322/2322
f 2324/2324 2271/2271 2327/2327
f 2324/2324 2327/2327 2325/2325
f 2324/2324 2268/2268 2267/2267
f 2324/2324 2267/2267 2271/2271
f 2327/2327 2328/2328 2329/2329
f 2327/2327 2329/2329 2325/2325
f 2327/2327 2274/2274 2330/2330
f 2327/2327 2330/2330 2328/2328
f 2327/2327 2271/2271 2270/2270
f 2327/2327 2270/2270 2274/2274
f 2330/2330 2331/2331 2332/2332
f 2330/2330 2332/2332 2328/2328
f 2330/2330 2333/2333 2334/2334
f 2330/2330 2334/2334 2331/2331
f 2330/2330 2274/2274 2273/2273
f 2330/2330 2273/2273 2333/2333
f 2333/2333 2335/2335 2336/2336
f 2333/2333 2336/2336 2334/2334
f 2333/2333 2273/2273 2276/2276
f 2333/2333 2276/2276 2335/2335
f 2335/2335 2337/2337 2338/2338
f 2335/2335 2338/2338 2336/2336
f 2335/2335 2276/2276 2278/2278
f 2335/2335 2278/2278 2337/2337
f 2337/2337 2339/2339 2340/2340
f 2337/2337 2340/2340 2338/2338
f 2337/2337 2278/2278 2280/2280
f 2337/2337 2280/2280 2339/2339
f 2339/2339 2341/2341 2342/2342
f 2339/2339 2342/2342 2340/2340
f 2339/2339 2280/2280 2282/2282
f 2339/2339 2282/2282 2341/2341
f 2343/2343 2344/2344 2345/2345
f 2343/2343 2345/2345 2346/2346
f 2343/2343 2286/2286 2285/2285
f 2343/2343 2285/2285 2344/2344
f 2344/2344 2347/2347 2348/2348
f 2344/2344 2348/2348 2345/2345
f 2344/2344 2285/2285 2288/2288
f 2344/2344 2288/2288 2347/2347
f 2347/2347 2349/2349 2350/2350
f 2347/2347 2350/2350 2348/2348
f 2347/2347 2288/2288 2290/2290
f 2347/2347 2290/2290 2349/2349
f 2349/2349 2351/2351 2352/2352
f 2349/2349 2352/2352 2350/2350
f 2349/2349 2290/2290 2292/2292
f 2349/2349 2292/2292 2351/2351
f 2351/2351 2353/2353 2354/2354
f 2351/2351 2354/2354 2352/2352
f 2351/2351 2292/2292 2294/2294
f 2351/2351 2294/2294 2353/2353
f 2353/2353 2355/2355 2356/2356
f 2353/2353 2356/2356 2354/2354
f 2353/2353 2294/2294 2357/2357
f 2353/2353 2357/2357 2355/2355
f 2357/2357 2294/2294 2293/2293
f 2357/2357 2293/2293 2297/2297
f 2357/2357 2358/2358 2359/2359
f 2357/2357 2359/2359 2355/2355
f 2357/2357 2297/2297 2360/2360
f 2357/2357 2360/2360 2358/2358
f 2360/2360 2297/2297 2296/2296
f 2360/2360 2296/2296 2300/2300
f 2361/2361 2362/2362 2363/2363
f 2361/2361 2363/2363 2364/2364
f 2361/2361 2304/2304 2303/2303
f 2361/2361 2303/2303 2362/2362
f 2362/2362 2309/2309 2365/2365
f 2362/2362 2365/2365 2363/2363
f 2362/2362 2303/2303 2306/2306
f 2362/2362 2306/2306 2309/2309
f 2365/2365 2366/2366 2367/2367
f 2365/2365 2367/2367 2363/2363
f 2365/2365 2368/2368 2369/2369
f 2365/2365 2369/2369 2366/2366
f 2365/2365 2309/2309 2308/2308
f 2365/2365 2308/2308 2368/2368
f 2368/2368 2370/2370 2371/2371
f 2368/2368 2371/2371 2369/2369
f 2368/2368 2308/2308 2311/2311
f 2368/2368 2311/2311 2370/2370
f 2370/2370 2372/2372 2373/2373
f 2370/2370 2373/2373 2371/2371
f 2370/2370 2311/2311 2313/2313
f 2370/2370 2313/2313 2372/2372
f 2372/2372 2374/2374 2375/2375
f 2372/2372 2375/2375 2373/2373
f 2372/2372 2313/2313 2315/2315
f 2372/2372 2315/2315 2374/2374
f 2374/2374 2376/2376 2377/2377
f 2374/2374 2377/2377 2375/2375
f 2374/2374 2315/2315 2317/2317
f 2374/2374 2317/2317 2376/2376
f 2376/2376 2378/2378 2379/2379
f 2376/2376 2379/2379 2377/2377
f 2376/2376 2317/2317 2319/2319
f 2376/2376 2319/2319 2378/2378
f 2380/2380 2326/2326 2381/2381
f 2380/2380 2381/2381 2382/2382
f 2380/2380 2323/2323 2322/2322
f 2380/2380 2322/2322 2326/2326
f 2381/2381 2383/2383 2384/2384
f 2381/2381 2384/2384 2382/2382
f 2381/2381 2329/2329 2385/2385
f 2381/2381 2385/2385 2383/2383
f 2381/2381 2326/2326 2325/2325
f 2381/2381 2325/2325 2329/2329
f 2385/2385 2386/2386 2387/2387
f 2385/2385 2387/2387 2383/2383
f 2385/2385 2332/2332 2388/2388
f 2385/2385 2388/2388 2386/2386
f 2385/2385 2329/2329 2328/2328
f 2385/2385 2328/2328 2332/2332
f 2388/2388 2389/2389 2390/2390
f 2388/2388 2390/2390 2386/2386
f 2388/2388 2391/2391 2392/2392
f 2388/2388 2392/2392 2389/2389
f 2388/2388 2332/2332 2331/2331
f 2388/2388 2331/2331 2391/2391
f 2391/2391 2393/2393 2394/2394
f 2391/2391 2394/2394 2392/2392
f 2391/2391 2331/2331 2334/2334
f 2391/2391 2334/2334 2393/2393
f 2393/2393 2395/2395 2396/2396
f 2393/2393 2396/2396 2394/2394
f 2393/2393 2334/2334 2336/2336
f 2393/2393 2336/2336 2395/2395
f 2395/2395 2397/2397 2398/2398
f 2395/2395 2398/2398 2396/2396
f 2395/2395 2336/2336 2338/2338
f 2395/2395 2338/2338 2397/2397
f 2397/2397 2399/2399 2400/2400
f 2397/2397 2400/2400 2398/2398
f 2397/2397 2338/2338 2340/2340
f 2397/2397 2340/2340 2399/2399
f 2399/2399 2401/2401 2402/2402
f 2399/2399 2402/2402 2400/2400
f 2399/2399 2340/2340 2342/2342
f 2399/2399 2342/2342 2401/2401
f 2403/2403 2404/2404 2405/2405
f 2403/2403 2405/2405 2406/2406
f 2403/2403 2346/2346 2345/2345
f 2403/2403 2345/2345 2404/2404
f 2404/2404 2407/2407 2408/2408
f 2404/2404 2408/2408 2405/2405
f 2404/2404 2345/2345 2348/2348
f 2404/2404 2348/2348 2407/2407
f 2407/2407 2409/2409 2410/2410
f 2407/2407 2410/2410 2408/2408
f 2407/2407 2348/2348 2350/2350
f 2407/2407 2350/2350 2409/2409
f 2409/2409 2411/2411 2412/2412
f 2409/2409 2412/2412 2410/2410
f 2409/2409 2350/2350 2352/2352
f 2409/2409 2352/2352 2411/2411
f 2411/2411 2413/2413 2414/2414
f 2411/2411 2414/2414 2412/2412
f 2411/2411 2352/2352 2354/2354
f 2411/2411 2354/2354 2413/2413
f 2413/2413 2415/2415 2416/2416
f 2413/2413 2416/2416 2414/2414
f 2413/2413 2354/2354 2356/2356
f 2413/2413 2356/2356 2415/2415
f 2415/2415 2417/2417 2418/2418
f 2415/2415 2418/2418 2416/2416
f 2415/2415 2356/2356 2419/2419
f 2415/2415 2419/2419 2417/2417
f 2419/2419 2356/2356 2355/2355
f 2419/2419 2355/2355 2359/2359
f 2420/2420 2421/2421 2422/2422
f 2420/2420 2422/2422 2423/2423
f 2420/2420 2424/2424 2367/2367
f 2420/2420 2367/2367 2421/2421
f 2421/2421 2425/2425 2426/2426
f 2421/2421 2426/2426 2422/2422
f 2421/2421 2367/2367 2366/2366
f 2421/2421 2366/2366 2425/2425
f 2425/2425 2427/2427 2428/2428
f 2425/2425 2428/2428 2426/2426
f 2425/2425 2366/2366 2369/2369
f 2425/2425 2369/2369 2427/2427
f 2427/2427 2429/2429 2430/2430
f 2427/2427 2430/2430 2428/2428
f 2427/2427 2369/2369 2371/2371
f 2427/2427 2371/2371 2429/2429
f 2429/2429 2431/2431 2432/2432
f 2429/2429 2432/2432 2430/2430
f 2429/2429 2371/2371 2373/2373
f 2429/2429 2373/2373 2431/2431
f 2431/2431 2433/2433 2434/2434
f 2431/2431 2434/2434 2432/2432
f 2431/2431 2373/2373 2375/2375
f 2431/2431 2375/2375 2433/2433
f 2433/2433 2435/2435 2436/2436
f 2433/2433 2436/2436 2434/2434
f 2433/2433 2375/2375 2377/2377
f 2433/2433 2377/2377 2435/2435
f 2435/2435 2437/2437 2438/2438
f 2435/2435 2438/2438 2436/2436
f 2435/2435 2377/2377 2379/2379
f 2435/2435 2379/2379 2437/2437
f 2438/2438 2439/2439 2440/2440
f 2438/2438 2440/2440 2436/2436
f 2441/2441 2387/2387 2442/2442
f 2441/2441 2442/2442 2443/2443
f 2441/2441 2384/2384 2383/2383
f 2441/2441 2383/2383 2387/2387
f 2442/2442 2444/2444 2445/2445
f 2442/2442 2445/2445 2443/2443
f 2442/2442 2390/2390 2446/2446
f 2442/2442 2446/2446 2444/2444
f 2442/2442 2387/2387 2386/2386
f 2442/2442 2386/2386 2390/2390
f 2446/2446 2447/2447 2448/2448
f 2446/2446 2448/2448 2444/2444
f 2446/2446 2449/2449 2450/2450
f 2446/2446 2450/2450 2447/2447
f 2446/2446 2390/2390 2389/2389
f 2446/2446 2389/2389 2449/2449
f 2449/2449 2451/2451 2452/2452
f 2449/2449 2452/2452 2450/2450
f 2449/2449 2389/2389 2392/2392
f 2449/2449 2392/2392 2451/2451
f 2451/2451 2453/2453 2454/2454
f 2451/2451 2454/2454 2452/2452
f 2451/2451 2392/2392 2394/2394
f 2451/2451 2394/2394 2453/2453
f 2453/2453 2455/2455 2456/2456
f 2453/2453 2456/2456 2454/2454
f 2453/2453 2394/2394 2396/2396
f 2453/2453 2396/2396 2455/2455
f 2455/2455 2457/2457 2458/2458
f 2455/2455 2458/2458 2456/2456
f 2455/2455 2396/2396 2398/2398
f 2455/2455 2398/2398 2457/2457
f 2457/2457 2459/2459 2460/2460
f 2457/2457 2460/2460 2458/2458
f 2457/2457 2398/2398 2400/2400
f 2457/2457 2400/2400 2459/2459
f 2459/2459 2461/2461 2462/2462
f 2459/2459 2462/2462 2460/2460
f 2459/2459 2400/2400 2402/2402
f 2459/2459 2402/2402 2461/2461
f 2463/2463 2464/2464 2465/2465
f 2463/2463 2465/2465 2466/2466
f 2463/2463 2406/2406 2405/2405
f 2463/2463 2405/2405 2464/2464
f 2464/2464 2467/2467 2468/2468
f 2464/2464 2468/2468 2465/2465
f 2464/2464 2405/2405 2408/2408
f 2464/2464 2408/2408 2467/2467
f 2467/2467 2469/2469 2470/2470
f 2467/2467 2470/2470 2468/2468
f 2467/2467 2408/2408 2410/2410
f 2467/2467 2410/2410 2469/2469
f 2469/2469 2471/2471 2472/2472
f 2469/2469 2472/2472 2470/2470
f 2469/2469 2410/2410 2412/2412
f 2469/2469 2412/2412 2471/2471
f 2471/2471 2473/2473 2474/2474
f 2471/2471 2474/2474 2472/2472
f 2471/2471 2412/2412 2414/2414
f 2471/2471 2414/2414 2473/2473
f 2473/2473 2475/2475 2476/2476
f 2473/2473 2476/2476 2474/2474
f 2473/2473 2414/2414 2416/2416
f 2473/2473 2416/2416 2475/2475
f 2475/2475 2477/2477 2478/2478
f 2475/2475 2478/2478 2476/2476
f 2475/2475 2416/2416 2418/2418
f 2475/2475 2418/2418 2477/2477
f 2479/2479 2480/2480 2481/2481
f 2479/2479 2481/2481 2482/2482
f 2479/2479 2483/2483 2484/2484
f 2479/2479 2484/2484 2480/2480
f 2484/2484 2483/2483 2423/2423
f 2484/2484 2423/2423 2422/2422
f 2484/2484 2485/2485 2486/2486
f 2484/2484 2486/2486 2480/2480
f 2484/2484 2422/2422 2426/2426
f 2484/2484 2426/2426 2485/2485
f 2485/2485 2487/2487 2488/2488
f 2485/2485 2488/2488 2486/2486
f 2485/2485 2426/2426 2428/2428
f 2485/2485 2428/2428 2487/2487
f 2487/2487 2489/2489 2490/2490
f 2487/2487 2490/2490 2488/2488
f 2487/2487 2428/2428 2430/2430
f 2487/2487 2430/2430 2489/2489
f 2489/2489 2491/2491 2492/2492
f 2489/2489 2492/2492 2490/2490
f 2489/2489 2430/2430 2432/2432
f 2489/2489 2432/2432 2491/2491
f 2491/2491 2493/2493 2494/2494
f 2491/2491 2494/2494 2492/2492
f 2491/2491 2432/2432 2434/2434
f 2491/2491 2434/2434 2493/2493
f 2493/2493 2440/2440 2495/2495
f 2493/2493 2495/2495 2494/2494
f 2493/2493 2434/2434 2436/2436
f 2493/2493 2436/2436 2440/2440
f 2495/2495 2496/2496 2497/2497
f 2495/2495 2497/2497 2494/2494
f 2495/2495 2498/2498 2499/2499
f 2495/2495 2499/2499 2496/2496
f 2495/2495 2440/2440 2439/2439
f 2495/2495 2439/2439 2498/2498
f 2499/2499 2500/2500 2501/2501
f 2499/2499 2501/2501 2496/2496
f 2502/2502 2448/2448 2503/2503
f 2502/2502 2503/2503 2504/2504
f 2502/2502 2445/2445 2444/2444
f 2502/2502 2444/2444 2448/2448
f 2503/2503 2505/2505 2506/2506
f 2503/2503 2506/2506 2504/2504
f 2503/2503 2507/2507 2508/2508
f 2503/2503 2508/2508 2505/2505
f 2503/2503 2448/2448 2447/2447
f 2503/2503 2447/2447 2507/2507
f 2507/2507 2509/2509 2510/2510
f 2507/2507 2510/2510 2508/2508
f 2507/2507 2447/2447 2450/2450
f 2507/2507 2450/2450 2509/2509
f 2509/2509 2511/2511 2512/2512
f 2509/2509 2512/2512 2510/2510
f 2509/2509 2450/2450 2452/2452
f 2509/2509 2452/2452 2511/2511
f 2511/2511 2513/2513 2514/2514
f 2511/2511 2514/2514 2512/2512
f 2511/2511 2452/2452 2454/2454
f 2511/2511 2454/2454 2513/2513
f 2513/2513 2515/2515 2516/2516
f 2513/2513 2516/2516 2514/2514
f 2513/2513 2454/2454 2456/2456
f 2513/2513 2456/2456 2515/2515
f 2515/2515 2517/2517 2518/2518
f 2515/2515 2518/2518 2516/2516
f 2515/2515 2456/2456 2458/2458
f 2515/2515 2458/2458 2517/2517
f 2517/2517 2519/2519 2520/2520
f 2517/2517 2520/2520 2518/2518
f 2517/2517 2458/2458 2460/2460
f 2517/2517 2460/2460 2519/2519
f 2519/2519 2521/2521 2522/2522
f 2519/2519 2522/2522 2520/2520
f 2519/2519 2460/2460 2462/2462
f 2519/2519 2462/2462 2521/2521
f 2523/2523 2524/2524 2525/2525
f 2523/2523 2525/2525 2526/2526
f 2523/2523 2466/2466 2465/2465
f 2523/2523 2465/2465 2524/2524
f 2524/2524 2527/2527 2528/2528
f 2524/2524 2528/2528 2525/2525
f 2524/2524 2465/2465 2468/2468
f 2524/2524 2468/2468 2527/2527
f 2527/2527 2529/2529 2530/2530
f 2527/2527 2530/2530 2528/2528
f 2527/2527 2468/2468 2470/2470
f 2527/2527 2470/2470 2529/2529
f 2529/2529 2531/2531 2532/2532
f 2529/2529 2532/2532 2530/2530
f 2529/2529 2470/2470 2472/2472
f 2529/2529 2472/2472 2531/2531
f 2531/2531 2533/2533 2534/2534
f 2531/2531 2534/2534 2532/2532
f 2531/2531 2472/2472 2474/2474
f 2531/2531 2474/2474 2533/2533
f 2533/2533 2535/2535 2536/2536
f 2533/2533 2536/2536 2534/2534
f 2533/2533 2474/2474 2476/2476
f 2533/2533 2476/2476 2535/2535
f 2535/2535 2537/2537 2538/2538
f 2535/2535 2538/2538 2536/2536
f 2535/2535 2476/2476 2478/2478
f 2535/2535 2478/2478 2537/2537
f 2539/2539 2540/2540 2541/2541
f 2539/2539 2541/2541 2542/2542
f 2539/2539 2482/2482 2481/2481
f 2539/2539 2481/2481 2540/2540
f 2540/2540 2543/2543 2544/2544
f 2540/2540 2544/2544 2541/2541
f 2540/2540 2481/2481 2545/2545
f 2540/2540 2545/2545 2543/2543
f 2545/2545 2481/2481 2480/2480
f 2545/2545 2480/2480 2486/2486
f 2545/2545 2546/2546 2547/2547
f 2545/2545 2547/2547 2543/2543
f 2545/2545 2486/2486 2488/2488
f 2545/2545 2488/2488 2546/2546
f 2546/2546 2548/2548 2549/2549
f 2546/2546 2549/2549 2547/2547
f 2546/2546 2488/2488 2490/2490
f 2546/2546 2490/2490 2548/2548
f 2548/2548 2550/2550 2551/2551
f 2548/2548 2551/2551 2549/2549
f 2548/2548 2490/2490 2492/2492
f 2548/2548 2492/2492 2550/2550
f 2550/2550 2497/2497 2552/2552
f 2550/2550 2552/2552 2551/2551
f 2550/2550 2492/2492 2494/2494
f 2550/2550 2494/2494 2497/2497
f 2552/2552 2553/2553 2554/2554
f 2552/2552 2554/2554 2551/2551
f 2552/2552 2501/2501 2555/2555
f 2552/2552 2555/2555 2553/2553
f 2552/2552 2497/2497 2496/2496
f 2552/2552 2496/2496 2501/2501
f 2556/2556 2557/2557 2558/2558
f 2556/2556 2558/2558 2559/2559
f 2556/2556 2560/2560 2561/2561
f 2556/2556 2561/2561 2557/2557
f 2555/2555 2501/2501 2500/2500
f 2555/2555 2500/2500 2562/2562
f 2561/2561 2563/2563 2564/2564
f 2561/2561 2564/2564 2557/2557
f 2565/2565 2566/2566 2567/2567
f 2565/2565 2567/2567 2568/2568
f 2565/2565 2569/2569 2570/2570
f 2565/2565 2570/2570 2566/2566
f 2566/2566 2571/2571 2572/2572
f 2566/2566 2572/2572 2567/2567
f 2566/2566 2570/2570 2573/2573
f 2566/2566 2573/2573 2571/2571
f 2571/2571 2574/2574 2575/2575
f 2571/2571 2575/2575 2572/2572
f 2571/2571 2573/2573 2576/2576
f 2571/2571 2576/2576 2574/2574
f 2574/2574 2577/2577 2578/2578
f 2574/2574 2578/2578 2575/2575
f 2574/2574 2576/2576 2579/2579
f 2574/2574 2579/2579 2577/2577
f 2577/2577 2580/2580 2581/2581
f 2577/2577 2581/2581 2578/2578
f 2577/2577 2579/2579 2582/2582
f 2577/2577 2582/2582 2580/2580
f 2580/2580 2583/2583 2584/2584
f 2580/2580 2584/2584 2581/2581
f 2580/2580 2582/2582 2585/2585
f 2580/2580 2585/2585 2583/2583
f 2583/2583 2586/2586 2587/2587
f 2583/2583 2587/2587 2584/2584
f 2583/2583 2585/2585 2588/2588
f 2583/2583 2588/2588 2586/2586
f 2586/2586 2589/2589 2590/2590
f 2586/2586 2590/2590 2587/2587
f 2586/2586 2588/2588 2591/2591
f 2586/2586 2591/2591 2589/2589
f 2589/2589 2592/2592 2593/2593
f 2589/2589 2593/2593 2590/2590
f 2589/2589 2591/2591 2594/2594
f 2589/2589 2594/2594 2592/2592
f 2595/2595 2596/2596 2597/2597
f 2595/2595 2597/2597 2598/2598
f 2595/2595 2599/2599 2600/2600
f 2595/2595 2600/2600 2596/2596
f 2596/2596 2601/2601 2602/2602
f 2596/2596 2602/2602 2597/2597
f 2596/2596 2600/2600 2603/2603
f 2596/2596 2603/2603 2601/2601
f 2601/2601 2604/2604 2605/2605
f 2601/2601 2605/2605 2602/2602
f 2601/2601 2603/2603 2606/2606
f 2601/2601 2606/2606 2604/2604
f 2604/2604 2607/2607 2608/2608
f 2604/2604 2608/2608 2605/2605
f 2604/2604 2606/2606 2609/2609
f 2604/2604 2609/2609 2607/2607
f 2607/2607 2610/2610 2611/2611
f 2607/2607 2611/2611 2608/2608
f 2607/2607 2609/2609 2612/2612
f 2607/2607 2612/2612 2610/2610
f 2610/2610 2613/2613 2614/2614
f 2610/2610 2614/2614 2611/2611
f 2610/2610 2612/2612 2615/2615
f 2610/2610 2615/2615 2613/2613
f 2613/2613 2616/2616 2617/2617
f 2613/2613 2617/2617 2614/2614
f 2613/2613 2615/2615 2618/2618
f 2613/2613 2618/2618 2616/2616
f 2619/2619 2620/2620 2621/2621
f 2619/2619 2621/2621 2622/2622
f 2619/2619 2623/2623 2624/2624
f 2619/2619 2624/2624 2620/2620
f 2620/2620 2625/2625 2626/2626
f 2620/2620 2626/2626 2621/2621
f 2620/2620 2624/2624 2627/2627
f 2620/2620 2627/2627 2625/2625
f 2625/2625 2628/2628 2629/2629
f 2625/2625 2629/2629 2626/2626
f 2625/2625 2627/2627 2630/2630
f 2625/2625 2630/2630 2628/2628
f 2631/2631 2544/2544 2543/2543
f 2631/2631 2543/2543 2547/2547
f 2630/2630 2632/2632 2633/2633
f 2630/2630 2633/2633 2628/2628
f 2631/2631 2547/2547 2549/2549
f 2631/2631 2549/2549 2634/2634
f 2632/2632 2635/2635 2636/2636
f 2632/2632 2636/2636 2633/2633
f 2634/2634 2549/2549 2551/2551
f 2634/2634 2551/2551 2554/2554
f 2636/2636 2637/2637 2638/2638
f 2636/2636 2638/2638 2633/2633
f 2636/2636 2558/2558 2639/2639
f 2636/2636 2639/2639 2637/2637
f 2636/2636 2635/2635 2559/2559
f 2636/2636 2559/2559 2558/2558
f 2639/2639 2640/2640 2641/2641
f 2639/2639 2641/2641 2637/2637
f 2639/2639 2564/2564 2642/2642
f 2639/2639 2642/2642 2640/2640
f 2639/2639 2558/2558 2557/2557
f 2639/2639 2557/2557 2564/2564
f 2642/2642 2643/2643 2644/2644
f 2642/2642 2644/2644 2640/2640
f 2642/2642 2645/2645 2646/2646
f 2642/2642 2646/2646 2643/2643
f 2642/2642 2564/2564 2563/2563
f 2642/2642 2563/2563 2645/2645
f 2647/2647 2648/2648 2649/2649
f 2647/2647 2649/2649 2650/2650
f 2647/2647 2568/2568 2567/2567
f 2647/2647 2567/2567 2648/2648
f 2648/2648 2651/2651 2652/2652
f 2648/2648 2652/2652 2649/2649
f 2648/2648 2567/2567 2572/2572
f 2648/2648 2572/2572 2651/2651
f 2651/2651 2653/2653 2654/2654
f 2651/2651 2654/2654 2652/2652
f 2651/2651 2572/2572 2575/2575
f 2651/2651 2575/2575 2653/2653
f 2653/2653 2655/2655 2656/2656
f 2653/2653 2656/2656 2654/2654
f 2653/2653 2575/2575 2578/2578
f 2653/2653 2578/2578 2655/2655
f 2655/2655 2657/2657 2658/2658
f 2655/2655 2658/2658 2656/2656
f 2655/2655 2578/2578 2581/2581
f 2655/2655 2581/2581 2657/2657
f 2657/2657 2659/2659 2660/2660
f 2657/2657 2660/2660 2658/2658
f 2657/2657 2581/2581 2584/2584
f 2657/2657 2584/2584 2659/2659
f 2659/2659 2661/2661 2662/2662
f 2659/2659 2662/2662 2660/2660
f 2659/2659 2584/2584 2587/2587
f 2659/2659 2587/2587 2661/2661
f 2661/2661 2663/2663 2664/2664
f 2661/2661 2664/2664 2662/2662
f 2661/2661 2587/2587 2590/2590
f 2661/2661 2590/2590 2663/2663
f 2663/2663 2665/2665 2666/2666
f 2663/2663 2666/2666 2664/2664
f 2663/2663 2590/2590 2593/2593
f 2663/2663 2593/2593 2665/2665
f 2667/2667 2668/2668 2669/2669
f 2667/2667 2669/2669 2670/2670
f 2667/2667 2598/2598 2597/2597
f 2667/2667 2597/2597 2668/2668
f 2668/2668 2671/2671 2672/2672
f 2668/2668 2672/2672 2669/2669
f 2668/2668 2597/2597 2602/2602
f 2668/2668 2602/2602 2671/2671
f 2671/2671 2673/2673 2674/2674
f 2671/2671 2674/2674 2672/2672
f 2671/2671 2602/2602 2605/2605
f 2671/2671 2605/2605 2673/2673
f 2673/2673 2675/2675 2676/2676
f 2673/2673 2676/2676 2674/2674
f 2673/2673 2605/2605 2608/2608
f 2673/2673 2608/2608 2675/2675
f 2675/2675 2677/2677 2678/2678
f 2675/2675 2678/2678 2676/2676
f 2675/2675 2608/2608 2611/2611
f 2675/2675 2611/2611 2677/2677
f 2677/2677 2679/2679 2680/2680
f 2677/2677 2680/2680 2678/2678
f 2677/2677 2611/2611 2614/2614
f 2677/2677 2614/2614 2679/2679
f 2679/2679 2681/2681 2682/2682
f 2679/2679 2682/2682 2680/2680
f 2679/2679 2614/2614 2617/2617
f 2679/2679 2617/2617 2681/2681
f 2683/2683 2684/2684 2685/2685
f 2683/2683 2685/2685 2686/2686
f 2683/2683 2622/2622 2621/2621
f 2683/2683 2621/2621 2684/2684
f 2684/2684 2687/2687 2688/2688
f 2684/2684 2688/2688 2685/2685
f 2684/2684 2621/2621 2626/2626
f 2684/2684 2626/2626 2687/2687
f 2687/2687 2689/2689 2690/2690
f 2687/2687 2690/2690 2688/2688
f 2687/2687 2626/2626 2629/2629
f 2687/2687 2629/2629 2689/2689
f 2689/2689 2691/2691 2692/2692
f 2689/2689 2692/2692 2690/2690
f 2689/2689 2629/2629 2638/2638
f 2689/2689 2638/2638 2691/2691
f 2691/2691 2641/2641 2693/2693
f 2691/2691 2693/2693 2692/2692
f 2691/2691 2638/2638 2637/2637
f 2691/2691 2637/2637 2641/2641
f 2693/2693 2694/2694 2695/2695
f 2693/2693 2695/2695 2692/2692
f 2693/2693 2644/2644 2696/2696
f 2693/2693 2696/2696 2694/2694
f 2693/2693 2641/2641 2640/2640
f 2693/2693 2640/2640 2644/2644
f 2696/2696 2697/2697 2698/2698
f 2696/2696 2698/2698 2694/2694
f 2696/2696 2699/2699 2700/2700
f 2696/2696 2700/2700 2697/2697
f 2696/2696 2644/2644 2643/2643
f 2696/2696 2643/2643 2699/2699
f 2699/2699 2701/2701 2702/2702
f 2699/2699 2702/2702 2700/2700
f 2699/2699 2643/2643 2646/2646
f 2699/2699 2646/2646 2701/2701
f 2703/2703 2704/2704 2705/2705
f 2703/2703 2705/2705 2706/2706
f 2703/2703 2650/2650 2649/2649
f 2703/2703 2649/2649 2704/2704
f 2704/2704 2707/2707 2708/2708
f 2704/2704 2708/2708 2705/2705
f 2704/2704 2649/2649 2652/2652
f 2704/2704 2652/2652 2707/2707
f 2707/2707 2709/2709 2710/2710
f 2707/2707 2710/2710 2708/2708
f 2707/2707 2652/2652 2654/2654
f 2707/2707 2654/2654 2709/2709
f 2709/2709 2711/2711 2712/2712
f 2709/2709 2712/2712 2710/2710
f 2709/2709 2654/2654 2656/2656
f 2709/2709 2656/2656 2711/2711
f 2711/2711 2713/2713 2714/2714
f 2711/2711 2714/2714 2712/2712
f 2711/2711 2656/2656 2658/2658
f 2711/2711 2658/2658 2713/2713
f 2713/2713 2715/2715 2716/2716
f 2713/2713 2716/2716 2714/2714
f 2713/2713 2658/2658 2660/2660
f 2713/2713 2660/2660 2715/2715
f 2715/2715 2717/2717 2718/2718
f 2715/2715 2718/2718 2716/2716
f 2715/2715 2660/2660 2662/2662
f 2715/2715 2662/2662 2717/2717
f 2717/2717 2719/2719 2720/2720
f 2717/2717 2720/2720 2718/2718
f 2717/2717 2662/2662 2664/2664
f 2717/2717 2664/2664 2719/2719
f 2719/2719 2721/2721 2722/2722
f 2719/2719 2722/2722 2720/2720
f 2719/2719 2664/2664 2666/2666
f 2719/2719 2666/2666 2721/2721
f 2723/2723 2724/2724 2725/2725
f 2723/2723 2725/2725 2726/2726
f 2723/2723 2670/2670 2669/2669
f 2723/2723 2669/2669 2724/2724
f 2724/2724 2727/2727 2728/2728
f 2724/2724 2728/2728 2725/2725
f 2724/2724 2669/2669 2672/2672
f 2724/2724 2672/2672 2727/2727
f 2727/2727 2729/2729 2730/2730
f 2727/2727 2730/2730 2728/2728
f 2727/2727 2672/2672 2674/2674
f 2727/2727 2674/2674 2729/2729
f 2729/2729 2731/2731 2732/2732
f 2729/2729 2732/2732 2730/2730
f 2729/2729 2674/2674 2676/2676
f 2729/2729 2676/2676 2731/2731
f 2731/2731 2733/2733 2734/2734
f 2731/2731 2734/2734 2732/2732
f 2731/2731 2676/2676 2678/2678
f 2731/2731 2678/2678 2733/2733
f 2733/2733 2735/2735 2736/2736
f 2733/2733 2736/2736 2734/2734
f 2733/2733 2678/2678 2680/2680
f 2733/2733 2680/2680 2735/2735
f 2735/2735 2737/2737 2738/2738
f 2735/2735 2738/2738 2736/2736
f 2735/2735 2680/2680 2682/2682
f 2735/2735 2682/2682 2737/2737
f 2739/2739 2740/2740 2741/2741
f 2739/2739 2741/2741 2742/2742
f 2739/2739 2686/2686 2685/2685
f 2739/2739 2685/2685 2740/2740
f 2740/2740 2743/2743 2744/2744
f 2740/2740 2744/2744 2741/2741
f 2740/2740 2685/2685 2688/2688
f 2740/2740 2688/2688 2743/2743
f 2743/2743 2745/2745 2746/2746
f 2743/2743 2746/2746 2744/2744
f 2743/2743 2688/2688 2690/2690
f 2743/2743 2690/2690 2745/2745
f 2745/2745 2695/2695 2747/2747
f 2745/2745 2747/2747 2746/2746
f 2745/2745 2690/2690 2692/2692
f 2745/2745 2692/2692 2695/2695
f 2747/2747 2748/2748 2749/2749
f 2747/2747 2749/2749 2746/2746
f 2747/2747 2698/2698 2750/2750
f 2747/2747 2750/2750 2748/2748
f 2747/2747 2695/2695 2694/2694
f 2747/2747 2694/2694 2698/2698
f 2750/2750 2751/2751 2752/2752
f 2750/2750 2752/2752 2748/2748
f 2750/2750 2753/2753 2754/2754
f 2750/2750 2754/2754 2751/2751
f 2750/2750 2698/2698 2697/2697
f 2750/2750 2697/2697 2753/2753
f 2753/2753 2755/2755 2756/2756
f 2753/2753 2756/2756 2754/2754
f 2753/2753 2697/2697 2700/2700
f 2753/2753 2700/2700 2755/2755
f 2755/2755 2757/2757 2758/2758
f 2755/2755 2758/2758 2756/2756
f 2755/2755 2700/2700 2702/2702
f 2755/2755 2702/2702 2757/2757
f 2759/2759 2760/2760 2761/2761
f 2759/2759 2761/2761 2762/2762
f 2759/2759 2706/2706 2705/2705
f 2759/2759 2705/2705 2760/2760
f 2760/2760 2763/2763 2764/2764
f 2760/2760 2764/2764 2761/2761
f 2760/2760 2705/2705 2708/2708
f 2760/2760 2708/2708 2763/2763
f 2763/2763 2765/2765 2766/2766
f 2763/2763 2766/2766 2764/2764
f 2763/2763 2708/2708 2710/2710
f 2763/2763 2710/2710 2765/2765
f 2765/2765 2767/2767 2768/2768
f 2765/2765 2768/2768 2766/2766
f 2765/2765 2710/2710 2712/2712
f 2765/2765 2712/2712 2767/2767
f 2767/2767 2769/2769 2770/2770
f 2767/2767 2770/2770 2768/2768
f 2767/2767 2712/2712 2714/2714
f 2767/2767 2714/2714 2769/2769
f 2769/2769 2771/2771 2772/2772
f 2769/2769 2772/2772 2770/2770
f 2769/2769 2714/2714 2716/2716
f 2769/2769 2716/2716 2771/2771
f 2771/2771 2773/2773 2774/2774
f 2771/2771 2774/2774 2772/2772
f 2771/2771 2716/2716 2718/2718
f 2771/2771 2718/2718 2773/2773
f 2773/2773 2775/2775 2776/2776
f 2773/2773 2776/2776 2774/2774
f 2773/2773 2718/2718 2720/2720
f 2773/2773 2720/2720 2775/2775
f 2775/2775 2777/2777 2778/2778
f 2775/2775 2778/2778 2776/2776
f 2775/2775 2720/2720 2722/2722
f 2775/2775 2722/2722 2777/2777
f 2779/2779 2780/2780 2781/2781
f 2779/2779 2781/2781 2782/2782
f 2779/2779 2726/2726 2725/2725
f 2779/2779 2725/2725 2780/2780
f 2780/2780 2783/2783 2784/2784
f 2780/2780 2784/2784 2781/2781
f 2780/2780 2725/2725 2728/2728
f 2780/2780 2728/2728 2783/2783
f 2783/2783 2785/2785 2786/2786
f 2783/2783 2786/2786 2784/2784
f 2783/2783 2728/2728 2730/2730
f 2783/2783 2730/2730 2785/2785
f 2785/2785 2787/2787 2788/2788
f 2785/2785 2788/2788 2786/2786
f 2785/2785 2730/2730 2732/2732
f 2785/2785 2732/2732 2787/2787
f 2787/2787 2789/2789 2790/2790
f 2787/2787 2790/2790 2788/2788
f 2787/2787 2732/2732 2734/2734
f 2787/2787 2734/2734 2789/2789
f 2789/2789 2791/2791 2792/2792
f 2789/2789 2792/2792 2790/2790
f 2789/2789 2734/2734 2736/2736
f 2789/2789 2736/2736 2791/2791
f 2791/2791 2793/2793 2794/2794
f 2791/2791 2794/2794 2792/2792
f 2791/2791 2736/2736 2738/2738
f 2791/2791 2738/2738 2793/2793
f 2795/2795 2796/2796 2797/2797
f 2795/2795 2797/2797 2798/2798
f 2795/2795 2742/2742 2741/2741
f 2795/2795 2741/2741 2796/2796
f 2796/2796 2799/2799 2800/2800
f 2796/2796 2800/2800 2797/2797
f 2796/2796 2741/2741 2744/2744
f 2796/2796 2744/2744 2799/2799
f 2799/2799 2749/2749 2801/2801
f 2799/2799 2801/2801 2800/2800
f 2799/2799 2744/2744 2746/2746
f 2799/2799 2746/2746 2749/2749
f 2801/2801 2802/2802 2803/2803
f 2801/2801 2803/2803 2800/2800
f 2801/2801 2752/2752 2804/2804
f 2801/2801 2804/2804 2802/2802
f 2801/2801 2749/2749 2748/2748
f 2801/2801 2748/2748 2752/2752
f 2804/2804 2805/2805 2806/2806
f 2804/2804 2806/2806 2802/2802
f 2804/2804 2807/2807 2808/2808
f 2804/2804 2808/2808 2805/2805
f 2804/2804 2752/2752 2751/2751
f 2804/2804 2751/2751 2807/2807
f 2807/2807 2809/2809 2810/2810
f 2807/2807 2810/2810 2808/2808
f 2807/2807 2751/2751 2754/2754
f 2807/2807 2754/2754 2809/2809
f 2809/2809 2811/2811 2812/2812
f 2809/2809 2812/2812 2810/2810
f 2809/2809 2754/2754 2756/2756
f 2809/2809 2756/2756 2811/2811
f 2811/2811 2813/2813 2814/2814
f 2811/2811 2814/2814 2812/2812
f 2811/2811 2756/2756 2758/2758
f 2811/2811 2758/2758 2813/2813
f 2815/2815 2816/2816 2817/2817
f 2815/2815 2817/2817 2818/2818
f 2815/2815 2762/2762 2761/2761
f 2815/2815 2761/2761 2816/2816
f 2816/2816 2819/2819 2820/2820
f 2816/2816 2820/2820 2817/2817
f 2816/2816 2761/2761 2764/2764
f 2816/2816 2764/2764 2819/2819
f 2819/2819 2821/2821 2822/2822
f 2819/2819 2822/2822 2820/2820
f 2819/2819 2764/2764 2766/2766
f 2819/2819 2766/2766 2821/2821
f 2821/2821 2823/2823 2824/2824
f 2821/2821 2824/2824 2822/2822
f 2821/2821 2766/2766 2768/2768
f 2821/2821 2768/2768 2823/2823
f 2823/2823 2825/2825 2826/2826
f 2823/2823 2826/2826 2824/2824
f 2823/2823 2768/2768 2770/2770
f 2823/2823 2770/2770 2825/2825
f 2825/2825 2827/2827 2828/2828
f 2825/2825 2828/2828 2826/2826
f 2825/2825 2770/2770 2772/2772
f 2825/2825 2772/2772 2827/2827
f 2827/2827 2829/2829 2830/2830
f 2827/2827 2830/2830 2828/2828
f 2827/2827 2772/2772 2774/2774
f 2827/2827 2774/2774 2829/2829
f 2829/2829 2831/2831 2832/2832
f 2829/2829 2832/2832 2830/2830
f 2829/2829 2774/2774 2776/2776
f 2829/2829 2776/2776 2831/2831
f 2831/2831 2833/2833 2834/2834
f 2831/2831 2834/2834 2832/2832
f 2831/2831 2776/2776 2778/2778
f 2831/2831 2778/2778 2833/2833
f 2835/2835 2836/2836 2837/2837
f 2835/2835 2837/2837 2838/2838
f 2835/2835 2782/2782 2781/2781
f 2835/2835 2781/2781 2836/2836
f 2836/2836 2839/2839 2840/2840
f 2836/2836 2840/2840 2837/2837
f 2836/2836 2781/2781 2784/2784
f 2836/2836 2784/2784 2839/2839
f 2839/2839 2841/2841 387/387
f 2839/2839 387/387 2840/2840
f 2839/2839 2784/2784 2786/2786
f 2839/2839 2786/2786 2841/2841
f 2841/2841 2842/2842 388/388
f 2841/2841 388/388 387/387
f 2841/2841 2786/2786 2788/2788
f 2841/2841 2788/2788 2842/2842
f 2842/2842 2843/2843 393/393
f 2842/2842 393/393 388/388
f 2842/2842 2788/2788 2790/2790
f 2842/2842 2790/2790 2843/2843
f 2843/2843 2844/2844 2845/2845
f 2843/2843 2845/2845 393/393
f 2843/2843 2790/2790 2792/2792
f 2843/2843 2792/2792 2844/2844
f 2844/2844 2846/2846 2847/2847
f 2844/2844 2847/2847 2845/2845
f 2844/2844 2792/2792 2794/2794
f 2844/2844 2794/2794 2846/2846
f 2848/2848 2849/2849 2850/2850
f 2848/2848 2850/2850 2851/2851
f 2848/2848 2798/2798 2797/2797
f 2848/2848 2797/2797 2849/2849
f 2849/2849 2803/2803 2852/2852
f 2849/2849 2852/2852 2850/2850
f 2849/2849 2797/2797 2800/2800
f 2849/2849 2800/2800 2803/2803
f 2852/2852 2853/2853 2854/2854
f 2852/2852 2854/2854 2850/2850
f 2852/2852 2806/2806 2855/2855
f 2852/2852 2855/2855 2853/2853
f 2852/2852 2803/2803 2802/2802
f 2852/2852 2802/2802 2806/2806
f 2855/2855 2856/2856 2857/2857
f 2855/2855 2857/2857 2853/2853
f 2855/2855 2858/2858 2859/2859
f 2855/2855 2859/2859 2856/2856
f 2855/2855 2806/2806 2805/2805
f 2855/2855 2805/2805 2858/2858
f 2858/2858 2860/2860 302/302
f 2858/2858 302/302 2859/2859
f 2858/2858 2805/2805 2808/2808
f 2858/2858 2808/2808 2860/2860
f 2860/2860 2861/2861 303/303
f 2860/2860 303/303 302/302
f 2860/2860 2808/2808 2810/2810
f 2860/2860 2810/2810 2861/2861
f 2861/2861 2862/2862 306/306
f 2861/2861 306/306 303/303
f 2861/2861 2810/2810 2812/2812
f 2861/2861 2812/2812 2862/2862
f 2862/2862 2863/2863 2864/2864
f 2862/2862 2864/2864 306/306
f 2862/2862 2812/2812 2814/2814
f 2862/2862 2814/2814 2863/2863
f 2865/2865 2866/2866 2867/2867
f 2865/2865 2867/2867 2868/2868
f 2865/2865 2818/2818 2817/2817
f 2865/2865 2817/2817 2866/2866
f 2866/2866 2869/2869 2870/2870
f 2866/2866 2870/2870 2867/2867
f 2866/2866 2817/2817 2820/2820
f 2866/2866 2820/2820 2869/2869
f 2869/2869 167/167 166/166
f 2869/2869 166/166 2870/2870
f 2869/2869 2820/2820 2822/2822
f 2869/2869 2822/2822 167/167
f 2870/2870 2871/2871 2872/2872
f 2870/2870 2872/2872 2867/2867
f 2870/2870 166/166 165/165
f 2870/2870 165/165 2871/2871
f 2871/2871 2873/2873 2874/2874
f 2871/2871 2874/2874 2872/2872
f 2871/2871 165/165 2875/2875
f 2871/2871 2875/2875 2873/2873
f 2875/2875 2876/2876 2877/2877
f 2875/2875 2877/2877 2873/2873
f 2875/2875 2878/2878 2879/2879
f 2875/2875 2879/2879 2876/2876
f 2875/2875 165/165 164/164
f 2875/2875 164/164 2878/2878
f 2878/2878 2880/2880 2881/2881
f 2878/2878 2881/2881 2879/2879
f 2878/2878 164/164 2882/2882
f 2878/2878 2882/2882 2880/2880
f 2882/2882 2883/2883 2884/2884
f 2882/2882 2884/2884 2880/2880
f 2882/2882 2885/2885 2886/2886
f 2882/2882 2886/2886 2883/2883
f 2882/2882 164/164 160/160
f 2882/2882 160/160 2885/2885
f 2885/2885 2887/2887 2888/2888
f 2885/2885 2888/2888 2886/2886
f 2885/2885 160/160 163/163
f 2885/2885 163/163 2887/2887
f 2887/2887 2889/2889 2890/2890
f 2887/2887 2890/2890 2888/2888
f 2887/2887 163/163 2891/2891
f 2887/2887 2891/2891 2889/2889
f 2891/2891 163/163 162/162
f 2891/2891 162/162 2892/2892
f 2891/2891 2893/2893 2894/2894
f 2891/2891 2894/2894 2889/2889
f 2891/2891 2892/2892 2895/2895
f 2891/2891 2895/2895 2893/2893
f 2895/2895 2892/2892 2828/2828
f 2895/2895 2828/2828 2830/2830
f 2895/2895 2896/2896 2897/2897
f 2895/2895 2897/2897 2893/2893
f 2895/2895 2830/2830 2832/2832
f 2895/2895 2832/2832 2896/2896
f 2896/2896 2898/2898 2899/2899
f 2896/2896 2899/2899 2897/2897
f 2896/2896 2832/2832 2834/2834
f 2896/2896 2834/2834 2898/2898
f 2900/2900 2901/2901 2902/2902
f 2900/2900 2902/2902 2903/2903
f 2900/2900 2838/2838 2837/2837
f 2900/2900 2837/2837 2901/2901
f 2901/2901 2904/2904 2905/2905
f 2901/2901 2905/2905 2902/2902
f 2901/2901 2837/2837 2840/2840
f 2901/2901 2840/2840 2904/2904
f 2904/2904 386/386 385/385
f 2904/2904 385/385 2905/2905
f 2904/2904 2840/2840 387/387
f 2904/2904 387/387 386/386
f 2905/2905 2906/2906 2907/2907
f 2905/2905 2907/2907 2902/2902
f 2905/2905 385/385 2908/2908
f 2905/2905 2908/2908 2906/2906
f 2908/2908 2909/2909 2910/2910
f 2908/2908 2910/2910 2906/2906
f 2908/2908 2911/2911 2912/2912
f 2908/2908 2912/2912 2909/2909
f 2908/2908 385/385 384/384
f 2908/2908 384/384 2911/2911
f 2911/2911 2913/2913 2914/2914
f 2911/2911 2914/2914 2912/2912
f 2911/2911 384/384 392/392
f 2911/2911 392/392 2913/2913
f 2913/2913 2915/2915 2916/2916
f 2913/2913 2916/2916 2914/2914
f 2913/2913 392/392 2917/2917
f 2913/2913 2917/2917 2915/2915
f 2917/2917 392/392 391/391
f 2917/2917 391/391 2918/2918
f 2917/2917 2919/2919 2920/2920
f 2917/2917 2920/2920 2915/2915
f 2917/2917 2918/2918 2921/2921
f 2917/2917 2921/2921 2919/2919
f 2921/2921 2918/2918 2922/2922
f 2921/2921 2922/2922 2923/2923
f 2921/2921 2924/2924 2925/2925
f 2921/2921 2925/2925 2919/2919
f 2921/2921 2923/2923 2926/2926
f 2921/2921 2926/2926 2924/2924
f 2926/2926 2923/2923 2927/2927
f 2926/2926 2927/2927 2928/2928
f 2926/2926 2929/2929 2930/2930
f 2926/2926 2930/2930 2924/2924
f 2926/2926 2928/2928 2931/2931
f 2926/2926 2931/2931 2929/2929
f 2931/2931 2928/2928 2932/2932
f 2931/2931 2932/2932 2933/2933
f 2931/2931 2934/2934 2877/2877
f 2931/2931 2877/2877 2929/2929
f 2931/2931 2933/2933 2935/2935
f 2931/2931 2935/2935 2934/2934
f 2936/2936 2937/2937 2938/2938
f 2936/2936 2938/2938 2939/2939
f 2935/2935 2940/2940 2874/2874
f 2935/2935 2874/2874 2934/2934
f 2936/2936 2939/2939 305/305
f 2936/2936 305/305 2941/2941
f 2940/2940 2942/2942 2872/2872
f 2940/2940 2872/2872 2874/2874
f 2941/2941 305/305 304/304
f 2941/2941 304/304 2943/2943
f 2942/2942 2868/2868 2867/2867
f 2942/2942 2867/2867 2872/2872
f 2943/2943 304/304 306/306
f 2943/2943 306/306 2864/2864
f 2938/2938 395/395 400/400
f 2938/2938 400/400 2944/2944
f 2938/2938 2937/2937 396/396
f 2938/2938 396/396 395/395
f 2938/2938 2944/2944 2945/2945
f 2938/2938 2945/2945 2939/2939
f 2945/2945 2944/2944 2856/2856
f 2945/2945 2856/2856 2859/2859
f 2945/2945 301/301 305/305
f 2945/2945 305/305 2939/2939
f 2945/2945 2859/2859 302/302
f 2945/2945 302/302 301/301
f 2944/2944 400/400 2857/2857
f 2944/2944 2857/2857 2856/2856
f 2934/2934 2874/2874 2873/2873
f 2934/2934 2873/2873 2877/2877
f 2929/2929 2877/2877 2876/2876
f 2929/2929 2876/2876 2930/2930
f 2930/2930 2946/2946 2925/2925
f 2930/2930 2925/2925 2924/2924
f 2930/2930 2876/2876 2879/2879
f 2930/2930 2879/2879 2946/2946
f 2946/2946 2947/2947 2948/2948
f 2946/2946 2948/2948 2925/2925
f 2946/2946 2879/2879 2881/2881
f 2946/2946 2881/2881 2947/2947
f 2947/2947 2949/2949 2950/2950
f 2947/2947 2950/2950 2948/2948
f 2947/2947 2881/2881 2951/2951
f 2947/2947 2951/2951 2949/2949
f 2951/2951 2952/2952 2953/2953
f 2951/2951 2953/2953 2949/2949
f 2951/2951 2884/2884 2954/2954
f 2951/2951 2954/2954 2952/2952
f 2951/2951 2881/2881 2880/2880
f 2951/2951 2880/2880 2884/2884
f 2954/2954 2955/2955 2956/2956
f 2954/2954 2956/2956 2952/2952
f 2954/2954 2957/2957 2958/2958
f 2954/2954 2958/2958 2955/2955
f 2954/2954 2884/2884 2883/2883
f 2954/2954 2883/2883 2957/2957
f 2957/2957 2959/2959 2960/2960
f 2957/2957 2960/2960 2958/2958
f 2957/2957 2883/2883 2886/2886
f 2957/2957 2886/2886 2959/2959
f 2959/2959 2961/2961 2962/2962
f 2959/2959 2962/2962 2960/2960
f 2959/2959 2886/2886 2888/2888
f 2959/2959 2888/2888 2961/2961
f 2961/2961 2963/2963 2964/2964
f 2961/2961 2964/2964 2962/2962
f 2961/2961 2888/2888 2890/2890
f 2961/2961 2890/2890 2963/2963
f 2963/2963 2965/2965 2966/2966
f 2963/2963 2966/2966 2964/2964
f 2963/2963 2890/2890 2967/2967
f 2963/2963 2967/2967 2965/2965
f 2967/2967 2890/2890 2889/2889
f 2967/2967 2889/2889 2894/2894
f 2967/2967 2968/2968 2969/2969
f 2967/2967 2969/2969 2965/2965
f 2967/2967 2894/2894 2970/2970
f 2967/2967 2970/2970 2968/2968
f 2970/2970 2894/2894 2893/2893
f 2970/2970 2893/2893 2897/2897
f 2970/2970 2971/2971 2972/2972
f 2970/2970 2972/2972 2968/2968
f 2970/2970 2897/2897 2899/2899
f 2970/2970 2899/2899 2971/2971
f 2973/2973 2907/2907 2974/2974
f 2973/2973 2974/2974 2975/2975
f 2973/2973 2903/2903 2902/2902
f 2973/2973 2902/2902 2907/2907
f 2974/2974 2976/2976 2977/2977
f 2974/2974 2977/2977 2975/2975
f 2974/2974 2910/2910 2978/2978
f 2974/2974 2978/2978 2976/2976
f 2974/2974 2907/2907 2906/2906
f 2974/2974 2906/2906 2910/2910
f 2978/2978 2979/2979 2980/2980
f 2978/2978 2980/2980 2976/2976
f 2978/2978 2981/2981 2982/2982
f 2978/2978 2982/2982 2979/2979
f 2978/2978 2910/2910 2909/2909
f 2978/2978 2909/2909 2981/2981
f 2981/2981 2983/2983 2984/2984
f 2981/2981 2984/2984 2982/2982
f 2981/2981 2909/2909 2912/2912
f 2981/2981 2912/2912 2983/2983
f 2983/2983 2985/2985 2986/2986
f 2983/2983 2986/2986 2984/2984
f 2983/2983 2912/2912 2914/2914
f 2983/2983 2914/2914 2985/2985
f 2985/2985 2987/2987 2988/2988
f 2985/2985 2988/2988 2986/2986
f 2985/2985 2914/2914 2916/2916
f 2985/2985 2916/2916 2987/2987
f 2987/2987 2989/2989 2990/2990
f 2987/2987 2990/2990 2988/2988
f 2987/2987 2916/2916 2991/2991
f 2987/2987 2991/2991 2989/2989
f 2991/2991 2916/2916 2915/2915
f 2991/2991 2915/2915 2920/2920
f 2991/2991 2950/2950 2992/2992
f 2991/2991 2992/2992 2989/2989
f 2991/2991 2920/2920 2948/2948
f 2991/2991 2948/2948 2950/2950
f 2992/2992 2993/2993 2990/2990
f 2992/2992 2990/2990 2989/2989
f 2992/2992 2953/2953 2994/2994
f 2992/2992 2994/2994 2993/2993
f 2992/2992 2950/2950 2949/2949
f 2992/2992 2949/2949 2953/2953
f 2995/2995 2996/2996 2997/2997
f 2995/2995 2997/2997 2998/2998
f 2995/2995 2999/2999 3000/3000
f 2995/2995 3000/3000 2996/2996
f 2994/2994 2953/2953 2952/2952
f 2994/2994 2952/2952 2956/2956
f 3000/3000 3001/3001 3002/3002
f 3000/3000 3002/3002 2996/2996
f 3000/3000 3003/3003 3004/3004
f 3000/3000 3004/3004 3001/3001
f 3000/3000 2999/2999 3005/3005
f 3000/3000 3005/3005 3003/3003
f 3003/3003 3006/3006 3007/3007
f 3003/3003 3007/3007 3004/3004
f 3003/3003 3005/3005 3008/3008
f 3003/3003 3008/3008 3006/3006
f 3006/3006 3009/3009 3010/3010
f 3006/3006 3010/3010 3007/3007
f 3006/3006 3008/3008 3011/3011
f 3006/3006 3011/3011 3009/3009
f 3009/3009 3012/3012 3013/3013
f 3009/3009 3013/3013 3010/3010
f 3009/3009 3011/3011 3014/3014
f 3009/3009 3014/3014 3012/3012
f 3012/3012 3015/3015 3016/3016
f 3012/3012 3016/3016 3013/3013
f 3012/3012 3014/3014 3017/3017
f 3012/3012 3017/3017 3015/3015
f 3015/3015 3018/3018 3019/3019
f 3015/3015 3019/3019 3016/3016
f 3015/3015 3017/3017 3020/3020
f 3015/3015 3020/3020 3018/3018
f 3018/3018 3021/3021 3022/3022
f 3018/3018 3022/3022 3019/3019
f 3018/3018 3020/3020 3023/3023
f 3018/3018 3023/3023 3021/3021
f 3024/3024 2966/2966 2965/2965
f 3024/3024 2965/2965 2969/2969
f 3023/3023 3025/3025 3026/3026
f 3023/3023 3026/3026 3021/3021
f 3024/3024 2969/2969 3027/3027
f 3024/3024 3027/3027 3028/3028
f 3029/3029 3030/3030 3031/3031
f 3029/3029 3031/3031 3032/3032
f 3033/3033 2977/2977 2976/2976
f 3033/3033 2976/2976 2980/2980
f 3031/3031 3034/3034 3035/3035
f 3031/3031 3035/3035 3032/3032
f 3031/3031 3036/3036 3037/3037
f 3031/3031 3037/3037 3034/3034
f 3031/3031 3030/3030 3038/3038
f 3031/3031 3038/3038 3036/3036
f 3036/3036 3039/3039 3040/3040
f 3036/3036 3040/3040 3037/3037
f 3036/3036 3038/3038 3041/3041
f 3036/3036 3041/3041 3039/3039
f 3039/3039 3042/3042 3043/3043
f 3039/3039 3043/3043 3040/3040
f 3039/3039 3041/3041 3044/3044
f 3039/3039 3044/3044 3042/3042
f 3042/3042 3045/3045 3046/3046
f 3042/3042 3046/3046 3043/3043
f 3042/3042 3044/3044 3047/3047
f 3042/3042 3047/3047 3045/3045
f 3045/3045 3048/3048 3049/3049
f 3045/3045 3049/3049 3046/3046
f 3045/3045 3047/3047 3050/3050
f 3045/3045 3050/3050 3048/3048
f 3048/3048 3051/3051 3052/3052
f 3048/3048 3052/3052 3049/3049
f 3048/3048 3050/3050 3053/3053
f 3048/3048 3053/3053 3051/3051
f 3051/3051 2997/2997 3054/3054
f 3051/3051 3054/3054 3052/3052
f 3051/3051 3053/3053 2998/2998
f 3051/3051 2998/2998 2997/2997
f 3054/3054 3055/3055 3056/3056
f 3054/3054 3056/3056 3052/3052
f 3054/3054 3002/3002 3057/3057
f 3054/3054 3057/3057 3055/3055
f 3054/3054 2997/2997 2996/2996
f 3054/3054 2996/2996 3002/3002
f 3057/3057 209/209 208/208
f 3057/3057 208/208 3055/3055
f 3057/3057 3058/3058 3059/3059
f 3057/3057 3059/3059 209/209
f 3057/3057 3002/3002 3001/3001
f 3057/3057 3001/3001 3058/3058
f 3058/3058 3060/3060 3061/3061
f 3058/3058 3061/3061 3059/3059
f 3058/3058 3001/3001 3004/3004
f 3058/3058 3004/3004 3060/3060
f 3060/3060 3062/3062 3063/3063
f 3060/3060 3063/3063 3061/3061
f 3060/3060 3004/3004 3007/3007
f 3060/3060 3007/3007 3062/3062
f 3062/3062 3064/3064 3065/3065
f 3062/3062 3065/3065 3063/3063
f 3062/3062 3007/3007 3010/3010
f 3062/3062 3010/3010 3064/3064
f 3064/3064 3066/3066 3067/3067
f 3064/3064 3067/3067 3065/3065
f 3064/3064 3010/3010 3013/3013
f 3064/3064 3013/3013 3066/3066
f 3066/3066 3068/3068 3069/3069
f 3066/3066 3069/3069 3067/3067
f 3066/3066 3013/3013 3016/3016
f 3066/3066 3016/3016 3068/3068
f 3068/3068 3070/3070 65/65
f 3068/3068 65/65 3069/3069
f 3068/3068 3016/3016 3019/3019
f 3068/3068 3019/3019 3070/3070
f 3070/3070 3071/3071 61/61
f 3070/3070 61/61 65/65
f 3070/3070 3019/3019 3022/3022
f 3070/3070 3022/3022 3071/3071
f 3071/3071 3072/3072 62/62
f 3071/3071 62/62 61/61
f 3071/3071 3022/3022 3073/3073
f 3071/3071 3073/3073 3072/3072
f 3074/3074 3075/3075 3076/3076
f 3074/3074 3076/3076 3077/3077
f 3074/3074 3035/3035 3034/3034
f 3074/3074 3034/3034 3075/3075
f 3075/3075 3078/3078 3079/3079
f 3075/3075 3079/3079 3076/3076
f 3075/3075 3034/3034 3037/3037
f 3075/3075 3037/3037 3078/3078
f 3078/3078 3080/3080 3081/3081
f 3078/3078 3081/3081 3079/3079
f 3078/3078 3037/3037 3040/3040
f 3078/3078 3040/3040 3080/3080
f 3080/3080 3082/3082 3083/3083
f 3080/3080 3083/3083 3081/3081
f 3080/3080 3040/3040 3043/3043
f 3080/3080 3043/3043 3082/3082
f 3082/3082 3084/3084 3085/3085
f 3082/3082 3085/3085 3083/3083
f 3082/3082 3043/3043 3046/3046
f 3082/3082 3046/3046 3084/3084
f 3084/3084 3086/3086 3087/3087
f 3084/3084 3087/3087 3085/3085
f 3084/3084 3046/3046 3049/3049
f 3084/3084 3049/3049 3086/3086
f 3086/3086 3056/3056 207/207
f 3086/3086 207/207 3087/3087
f 3086/3086 3049/3049 3052/3052
f 3086/3086 3052/3052 3056/3056
f 3087/3087 415/415 412/412
f 3087/3087 412/412 3085/3085
f 3087/3087 207/207 206/206
f 3087/3087 206/206 415/415
f 3085/3085 412/412 411/411
f 3085/3085 411/411 3083/3083
f 3083/3083 411/411 3088/3088
f 3083/3083 3088/3088 3081/3081
f 3088/3088 3089/3089 3079/3079
f 3088/3088 3079/3079 3081/3081
f 3088/3088 3090/3090 3091/3091
f 3088/3088 3091/3091 3089/3089
f 3088/3088 411/411 410/410
f 3088/3088 410/410 3090/3090
f 3090/3090 3092/3092 3093/3093
f 3090/3090 3093/3093 3091/3091
f 3090/3090 410/410 414/414
f 3090/3090 414/414 3092/3092
f 3092/3092 414/414 3094/3094
f 3092/3092 3094/3094 3095/3095
f 3092/3092 3095/3095 3096/3096
f 3092/3092 3096/3096 3093/3093
f 3096/3096 3095/3095 3097/3097
f 3096/3096 3097/3097 3098/3098
f 3096/3096 404/404 403/403
f 3096/3096 403/403 3093/3093
f 3096/3096 3098/3098 405/405
f 3096/3096 405/405 404/404
f 3097/3097 3099/3099 3059/3059
f 3097/3097 3059/3059 3061/3061
f 3097/3097 3095/3095 3094/3094
f 3097/3097 3094/3094 3099/3099
f 3097/3097 3061/3061 3063/3063
f 3097/3097 3063/3063 3098/3098
f 3099/3099 210/210 209/209
f 3099/3099 209/209 3059/3059
f 3099/3099 3094/3094 211/211
f 3099/3099 211/211 210/210
f 3098/3098 3063/3063 3065/3065
f 3098/3098 3065/3065 405/405
f 3094/3094 414/414 413/413
f 3094/3094 413/413 211/211
f 3093/3093 403/403 3100/3100
f 3093/3093 3100/3100 3091/3091
f 3100/3100 3101/3101 3102/3102
f 3100/3100 3102/3102 3103/3103
f 3100/3100 403/403 402/402
f 3100/3100 402/402 3101/3101
f 3100/3100 3103/3103 3089/3089
f 3100/3100 3089/3089 3091/3091
f 3103/3103 3102/3102 3077/3077
f 3103/3103 3077/3077 3076/3076
f 3103/3103 3076/3076 3079/3079
f 3103/3103 3079/3079 3089/3089
f 3069/3069 407/407 406/406
f 3069/3069 406/406 3067/3067
f 3069/3069 65/65 64/64
f 3069/3069 64/64 407/407
f 3067/3067 406/406 405/405
f 3067/3067 405/405 3065/3065
f 3055/3055 208/208 207/207
f 3055/3055 207/207 3056/3056
f 3073/3073 3022/3022 3021/3021
f 3073/3073 3021/3021 3026/3026
f 3027/3027 2969/2969 2968/2968
f 3027/3027 2968/2968 2972/2972
f 2948/2948 2920/2920 2919/2919
f 2948/2948 2919/2919 2925/2925
f 2927/2927 3104/3104 3105/3105
f 2927/2927 3105/3105 3106/3106
f 2927/2927 2923/2923 2922/2922
f 2927/2927 2922/2922 3104/3104
f 2927/2927 3106/3106 2932/2932
f 2927/2927 2932/2932 2928/2928
f 3104/3104 3107/3107 3108/3108
f 3104/3104 3108/3108 3105/3105
f 3104/3104 2922/2922 390/390
f 3104/3104 390/390 3107/3107
f 3107/3107 3109/3109 3110/3110
f 3107/3107 3110/3110 3108/3108
f 3107/3107 390/390 389/389
f 3107/3107 389/389 3109/3109
f 3109/3109 389/389 393/393
f 3109/3109 393/393 2845/2845
f 3109/3109 2845/2845 2847/2847
f 3109/3109 2847/2847 3110/3110
f 3111/3111 2854/2854 3112/3112
f 3111/3111 3112/3112 3113/3113
f 3111/3111 2851/2851 2850/2850
f 3111/3111 2850/2850 2854/2854
f 3112/3112 399/399 398/398
f 3112/3112 398/398 3113/3113
f 3112/3112 2857/2857 400/400
f 3112/3112 400/400 399/399
f 3112/3112 2854/2854 2853/2853
f 3112/3112 2853/2853 2857/2857
f 2922/2922 2918/2918 391/391
f 2922/2922 391/391 390/390
f 2892/2892 162/162 2826/2826
f 2892/2892 2826/2826 2828/2828
f 2826/2826 162/162 161/161
f 2826/2826 161/161 2824/2824
f 2824/2824 161/161 167/167
f 2824/2824 167/167 2822/2822
f 2638/2638 2629/2629 2628/2628
f 2638/2638 2628/2628 2633/2633
f 2367/2367 2424/2424 2364/2364
f 2367/2367 2364/2364 2363/2363
f 2123/2123 1994/1994 1993/1993
f 2123/2123 1993/1993 1999/1999
f 1936/1936 111/111 1463/1463
f 1936/1936 1463/1463 1462/1462
f 1864/1864 185/185 184/184
f 1864/1864 184/184 1862/1862
f 1862/1862 184/184 190/190
f 1862/1862 190/190 1860/1860
f 1860/1860 190/190 1854/1854
f 1860/1860 1854/1854 1853/1853
f 1854/1854 3114/3114 3115/3115
f 1854/1854 3115/3115 1855/1855
f 1854/1854 190/190 189/189
f 1854/1854 189/189 3114/3114
f 3116/3116 1550/1550 1549/1549
f 3116/3116 1549/1549 1553/1553
f 3116/3116 182/182 181/181
f 3116/3116 181/181 1550/1550
f 1851/1851 1553/1553 1552/1552
f 1851/1851 1552/1552 1557/1557
f 1550/1550 181/181 1547/1547
f 1550/1550 1547/1547 1546/1546
f 1533/1533 423/423 1530/1530
f 1533/1533 1530/1530 1529/1529
f 1530/1530 3117/3117 1527/1527
f 1530/1530 1527/1527 1526/1526
f 1530/1530 423/423 422/422
f 1530/1530 422/422 3117/3117
f 3117/3117 1512/1512 1514/1514
f 3117/3117 1514/1514 1527/1527
f 3117/3117 422/422 426/426
f 3117/3117 426/426 1512/1512
f 1527/1527 1514/1514 1516/1516
f 1527/1527 1516/1516 1524/1524
f 1413/1413 1403/1403 1402/1402
f 1413/1413 1402/1402 1407/1407
f 1410/1410 4/4 3/3
f 1410/1410 3/3 333/333
f 1397/1397 1858/1858 1394/1394
f 1397/1397 1394/1394 1393/1393
f 1388/1388 319/319 318/318
f 1388/1388 318/318 1386/1386
f 1386/1386 318/318 320/320
f 1386/1386 320/320 1381/1381
f 1382/1382 320/320 317/317
f 1382/1382 317/317 3118/3118
f 3118/3118 317/317 316/316
f 3118/3118 316/316 1819/1819
f 1140/1140 799/799 802/802
f 1140/1140 802/802 1133/1133
f 1134/1134 802/802 801/801
f 1134/1134 801/801 3119/3119
f 1080/1080 1078/1078 11/11
f 1080/1080 11/11 14/14
f 1044/1044 810/810 809/809
f 1044/1044 809/809 813/813
f 1036/1036 821/821 820/820
f 1036/1036 820/820 824/824
f 1037/1037 824/824 823/823
f 1037/1037 823/823 827/827
f 1026/1026 1031/1031 832/832
f 1026/1026 832/832 831/831
f 1022/1022 831/831 830/830
f 1022/1022 830/830 836/836
f 1018/1018 836/836 835/835
f 1018/1018 835/835 839/839
f 1014/1014 839/839 838/838
f 1014/1014 838/838 842/842
f 1012/1012 1010/1010 1009/1009
f 1012/1012 1009/1009 1074/1074
f 1003/1003 844/844 846/846
f 1003/1003 846/846 1004/1004
f 1004/1004 3120/3120 997/997
f 1004/1004 997/997 996/996
f 1004/1004 846/846 848/848
f 1004/1004 848/848 3120/3120
f 3120/3120 915/915 918/918
f 3120/3120 918/918 997/997
f 3120/3120 848/848 916/916
f 3120/3120 916/916 915/915
f 997/997 918/918 920/920
f 997/997 920/920 998/998
f 994/994 3121/3121 3122/3122
f 994/994 3122/3122 992/992
f 3122/3122 985/985 987/987
f 3122/3122 987/987 992/992
f 3122/3122 924/924 983/983
f 3122/3122 983/983 985/985
f 3122/3122 3121/3121 925/925
f 3122/3122 925/925 924/924
f 983/983 924/924 923/923
f 983/983 923/923 981/981
f 981/981 923/923 927/927
f 981/981 927/927 978/978
f 976/976 974/974 213/213
f 976/976 213/213 218/218
f 916/916 848/848 847/847
f 916/916 847/847 851/851
f 906/906 863/863 865/865
f 906/906 865/865 907/907
f 907/907 3123/3123 903/903
f 907/907 903/903 902/902
f 907/907 865/865 867/867
f 907/907 867/867 3123/3123
f 3123/3123 336/336 335/335
f 3123/3123 335/335 903/903
f 3123/3123 867/867 869/869
f 3123/3123 869/869 336/336
f 903/903 335/335 339/339
f 903/903 339/339 899/899
f 896/896 946/946 3124/3124
f 896/896 3124/3124 897/897
f 884/884 340/340 873/873
f 884/884 873/873 875/875
f 873/873 340/340 337/337
f 873/873 337/337 871/871
f 871/871 337/337 336/336
f 871/871 336/336 869/869
f 725/725 370/370 722/722
f 725/725 722/722 721/721
f 722/722 370/370 369/369
f 722/722 369/369 3125/3125
f 722/722 3125/3125 717/717
f 722/722 717/717 716/716
f 3125/3125 369/369 357/357
f 3125/3125 357/357 356/356
f 3125/3125 356/356 362/362
f 3125/3125 362/362 717/717
f 717/717 362/362 3126/3126
f 717/717 3126/3126 718/718
f 3126/3126 362/362 361/361
f 3126/3126 361/361 3127/3127
f 713/713 3128/3128 710/710
f 713/713 710/710 709/709
f 3129/3129 40/40 39/39
f 3129/3129 39/39 3130/3130
f 3131/3131 3132/3132 3133/3133
f 3131/3131 3133/3133 3134/3134
f 3133/3133 3132/3132 3135/3135
f 3133/3133 3135/3135 3136/3136
f 3133/3133 705/705 704/704
f 3133/3133 704/704 3134/3134
f 3133/3133 3136/3136 3137/3137
f 3133/3133 3137/3137 705/705
f 3137/3137 3136/3136 3138/3138
f 3137/3137 3138/3138 3139/3139
f 3137/3137 699/699 701/701
f 3137/3137 701/701 705/705
f 3137/3137 3139/3139 696/696
f 3137/3137 696/696 699/699
f 3138/3138 3140/3140 3141/3141
f 3138/3138 3141/3141 3142/3142
f 3138/3138 3136/3136 3135/3135
f 3138/3138 3135/3135 3140/3140
f 3138/3138 3142/3142 3143/3143
f 3138/3138 3143/3143 3139/3139
f 3143/3143 3142/3142 3144/3144
f 3143/3143 3144/3144 3145/3145
f 3143/3143 697/697 696/696
f 3143/3143 696/696 3139/3139
f 3143/3143 3145/3145 3146/3146
f 3143/3143 3146/3146 697/697
f 3146/3146 3145/3145 669/669
f 3146/3146 669/669 671/671
f 3146/3146 694/694 693/693
f 3146/3146 693/693 697/697
f 3146/3146 671/671 675/675
f 3146/3146 675/675 694/694
f 3144/3144 3147/3147 667/667
f 3144/3144 667/667 666/666
f 3144/3144 3142/3142 3141/3141
f 3144/3144 3141/3141 3147/3147
f 3144/3144 666/666 669/669
f 3144/3144 669/669 3145/3145
f 3148/3148 659/659 658/658
f 3148/3148 658/658 662/662
f 3148/3148 3149/3149 3150/3150
f 3148/3148 3150/3150 659/659
f 3150/3150 654/654 653/653
f 3150/3150 653/653 659/659
f 3150/3150 3151/3151 3152/3152
f 3150/3150 3152/3152 654/654
f 3150/3150 3149/3149 3153/3153
f 3150/3150 3153/3153 3151/3151
f 3151/3151 41/41 27/27
f 3151/3151 27/27 3152/3152
f 3151/3151 3153/3153 3154/3154
f 3151/3151 3154/3154 41/41
f 3152/3152 649/649 648/648
f 3152/3152 648/648 654/654
f 3152/3152 27/27 26/26
f 3152/3152 26/26 649/649
f 3154/3154 3130/3130 39/39
f 3154/3154 39/39 41/41
f 694/694 675/675 677/677
f 694/694 677/677 690/690
f 673/673 199/199 203/203
f 673/673 203/203 3155/3155
f 673/673 3155/3155 59/59
f 673/673 59/59 56/56
f 656/656 135/135 132/132
f 656/656 132/132 657/657
f 649/649 26/26 30/30
f 649/649 30/30 644/644
f 627/627 354/354 353/353
f 627/627 353/353 628/628
f 628/628 172/172 1636/1636
f 628/628 1636/1636 629/629
f 628/628 353/353 173/173
f 628/628 173/173 172/172
f 481/481 477/477 297/297
f 481/481 297/297 296/296
f 415/415 206/206 211/211
f 415/415 211/211 413/413
f 407/407 64/64 66/66
f 407/407 66/66 408/408
f 381/381 3156/3156 3157/3157
f 381/381 3157/3157 382/382
f 381/381 85/85 3158/3158
f 381/381 3158/3158 3156/3156
f 3158/3158 85/85 84/84
f 3158/3158 84/84 3159/3159
f 3158/3158 3160/3160 3161/3161
f 3158/3158 3161/3161 3156/3156
f 3158/3158 3159/3159 3162/3162
f 3158/3158 3162/3162 3160/3160
f 3162/3162 3159/3159 3163/3163
f 3162/3162 3163/3163 3164/3164
f 3162/3162 3165/3165 3166/3166
f 3162/3162 3166/3166 3160/3160
f 3162/3162 3164/3164 3167/3167
f 3162/3162 3167/3167 3165/3165
f 3167/3167 3164/3164 3168/3168
f 3167/3167 3168/3168 3169/3169
f 3167/3167 3170/3170 3171/3171
f 3167/3167 3171/3171 3165/3165
f 3167/3167 3169/3169 3172/3172
f 3167/3167 3172/3172 3170/3170
f 3173/3173 3174/3174 3175/3175
f 3173/3173 3175/3175 3176/3176
f 3172/3172 3177/3177 3178/3178
f 3172/3172 3178/3178 3170/3170
f 3173/3173 3176/3176 3179/3179
f 3173/3173 3179/3179 3180/3180
f 3179/3179 3176/3176 3181/3181
f 3179/3179 3181/3181 3182/3182
f 3179/3179 3183/3183 3184/3184
f 3179/3179 3184/3184 3180/3180
f 3179/3179 3182/3182 3185/3185
f 3179/3179 3185/3185 3183/3183
f 3185/3185 3182/3182 3186/3186
f 3185/3185 3186/3186 3187/3187
f 3185/3185 3188/3188 3189/3189
f 3185/3185 3189/3189 3183/3183
f 3185/3185 3187/3187 3190/3190
f 3185/3185 3190/3190 3188/3188
f 3190/3190 3187/3187 3191/3191
f 3190/3190 3191/3191 3192/3192
f 3190/3190 3193/3193 3194/3194
f 3190/3190 3194/3194 3188/3188
f 3190/3190 3192/3192 3195/3195
f 3190/3190 3195/3195 3193/3193
f 3195/3195 3192/3192 3196/3196
f 3195/3195 3196/3196 3197/3197
f 3195/3195 267/267 266/266
f 3195/3195 266/266 3193/3193
f 3195/3195 3197/3197 3198/3198
f 3195/3195 3198/3198 267/267
f 3198/3198 3197/3197 3199/3199
f 3198/3198 3199/3199 281/281
f 3198/3198 3200/3200 268/268
f 3198/3198 268/268 267/267
f 3198/3198 281/281 280/280
f 3198/3198 280/280 3200/3200
f 3200/3200 276/276 269/269
f 3200/3200 269/269 268/268
f 3200/3200 280/280 277/277
f 3200/3200 277/277 276/276
f 3199/3199 3201/3201 3202/3202
f 3199/3199 3202/3202 3203/3203
f 3199/3199 3197/3197 3196/3196
f 3199/3199 3196/3196 3201/3201
f 3199/3199 3203/3203 282/282
f 3199/3199 282/282 281/281
f 3201/3201 3204/3204 3205/3205
f 3201/3201 3205/3205 3202/3202
f 3201/3201 3196/3196 3206/3206
f 3201/3201 3206/3206 3204/3204
f 3206/3206 3207/3207 3208/3208
f 3206/3206 3208/3208 3204/3204
f 3206/3206 3191/3191 3209/3209
f 3206/3206 3209/3209 3207/3207
f 3206/3206 3196/3196 3192/3192
f 3206/3206 3192/3192 3191/3191
f 3209/3209 3210/3210 3211/3211
f 3209/3209 3211/3211 3207/3207
f 3209/3209 3186/3186 3212/3212
f 3209/3209 3212/3212 3210/3210
f 3209/3209 3191/3191 3187/3187
f 3209/3209 3187/3187 3186/3186
f 3212/3212 3213/3213 3214/3214
f 3212/3212 3214/3214 3210/3210
f 3212/3212 3181/3181 3215/3215
f 3212/3212 3215/3215 3213/3213
f 3212/3212 3186/3186 3182/3182
f 3212/3212 3182/3182 3181/3181
f 3215/3215 3216/3216 3217/3217
f 3215/3215 3217/3217 3213/3213
f 3215/3215 3175/3175 3218/3218
f 3215/3215 3218/3218 3216/3216
f 3215/3215 3181/3181 3176/3176
f 3215/3215 3176/3176 3175/3175
f 3218/3218 3219/3219 3220/3220
f 3218/3218 3220/3220 3216/3216
f 3218/3218 3221/3221 3222/3222
f 3218/3218 3222/3222 3219/3219
f 3218/3218 3175/3175 3174/3174
f 3218/3218 3174/3174 3221/3221
f 3222/3222 3223/3223 3224/3224
f 3222/3222 3224/3224 3219/3219
f 3225/3225 3163/3163 86/86
f 3225/3225 86/86 3226/3226
f 3225/3225 3168/3168 3164/3164
f 3225/3225 3164/3164 3163/3163
f 3223/3223 3227/3227 141/141
f 3223/3223 141/141 3224/3224
f 3226/3226 86/86 83/83
f 3226/3226 83/83 3228/3228
f 3227/3227 3229/3229 142/142
f 3227/3227 142/142 141/141
f 3228/3228 83/83 82/82
f 3228/3228 82/82 3230/3230
f 3224/3224 141/141 140/140
f 3224/3224 140/140 151/151
f 3224/3224 151/151 3220/3220
f 3224/3224 3220/3220 3219/3219
f 3220/3220 151/151 21/21
f 3220/3220 21/21 20/20
f 3220/3220 20/20 3217/3217
f 3220/3220 3217/3217 3216/3216
f 3217/3217 20/20 19/19
f 3217/3217 19/19 3231/3231
f 3217/3217 3231/3231 3214/3214
f 3217/3217 3214/3214 3213/3213
f 3231/3231 19/19 22/22
f 3231/3231 22/22 3232/3232
f 3231/3231 3232/3232 3233/3233
f 3231/3231 3233/3233 3214/3214
f 3233/3233 3232/3232 3234/3234
f 3233/3233 3234/3234 3235/3235
f 3233/3233 3211/3211 3210/3210
f 3233/3233 3210/3210 3214/3214
f 3233/3233 3235/3235 3236/3236
f 3233/3233 3236/3236 3211/3211
f 3236/3236 3235/3235 3237/3237
f 3236/3236 3237/3237 3238/3238
f 3236/3236 3208/3208 3207/3207
f 3236/3236 3207/3207 3211/3211
f 3236/3236 3238/3238 3239/3239
f 3236/3236 3239/3239 3208/3208
f 3239/3239 3238/3238 3240/3240
f 3239/3239 3240/3240 3241/3241
f 3239/3239 3205/3205 3204/3204
f 3239/3239 3204/3204 3208/3208
f 3239/3239 3241/3241 3242/3242
f 3239/3239 3242/3242 3205/3205
f 3242/3242 3241/3241 3243/3243
f 3242/3242 3243/3243 3244/3244
f 3242/3242 3245/3245 3202/3202
f 3242/3242 3202/3202 3205/3205
f 3242/3242 3244/3244 3246/3246
f 3242/3242 3246/3246 3245/3245
f 3246/3246 3244/3244 3247/3247
f 3246/3246 3247/3247 3248/3248
f 3246/3246 3249/3249 3250/3250
f 3246/3246 3250/3250 3245/3245
f 3246/3246 3248/3248 3251/3251
f 3246/3246 3251/3251 3249/3249
f 3251/3251 3248/3248 3252/3252
f 3251/3251 3252/3252 3253/3253
f 3251/3251 3254/3254 3255/3255
f 3251/3251 3255/3255 3249/3249
f 3251/3251 3253/3253 107/107
f 3251/3251 107/107 3254/3254
f 3254/3254 274/274 273/273
f 3254/3254 273/273 3255/3255
f 3254/3254 107/107 106/106
f 3254/3254 106/106 274/274
f 3255/3255 283/283 3250/3250
f 3255/3255 3250/3250 3249/3249
f 3255/3255 273/273 278/278
f 3255/3255 278/278 283/283
f 3252/3252 3256/3256 3257/3257
f 3252/3252 3257/3257 3258/3258
f 3252/3252 3248/3248 3247/3247
f 3252/3252 3247/3247 3256/3256
f 3252/3252 3258/3258 3259/3259
f 3252/3252 3259/3259 3253/3253
f 3260/3260 3261/3261 3189/3189
f 3260/3260 3189/3189 3262/3262
f 3259/3259 108/108 107/107
f 3259/3259 107/107 3253/3253
f 3260/3260 3262/3262 104/104
f 3260/3260 104/104 103/103
f 3262/3262 3189/3189 3188/3188
f 3262/3262 3188/3188 3194/3194
f 3262/3262 3194/3194 271/271
f 3262/3262 271/271 104/104
f 3256/3256 3178/3178 3177/3177
f 3256/3256 3177/3177 3257/3257
f 3256/3256 3247/3247 3263/3263
f 3256/3256 3263/3263 3178/3178
f 3263/3263 3171/3171 3170/3170
f 3263/3263 3170/3170 3178/3178
f 3263/3263 3243/3243 3264/3264
f 3263/3263 3264/3264 3171/3171
f 3263/3263 3247/3247 3244/3244
f 3263/3263 3244/3244 3243/3243
f 3264/3264 3166/3166 3165/3165
f 3264/3264 3165/3165 3171/3171
f 3264/3264 3240/3240 3265/3265
f 3264/3264 3265/3265 3166/3166
f 3264/3264 3243/3243 3241/3241
f 3264/3264 3241/3241 3240/3240
f 3265/3265 3161/3161 3160/3160
f 3265/3265 3160/3160 3166/3166
f 3265/3265 3237/3237 3266/3266
f 3265/3265 3266/3266 3161/3161
f 3265/3265 3240/3240 3238/3238
f 3265/3265 3238/3238 3237/3237
f 3266/3266 3157/3157 3156/3156
f 3266/3266 3156/3156 3161/3161
f 3266/3266 3234/3234 3267/3267
f 3266/3266 3267/3267 3157/3157
f 3266/3266 3237/3237 3235/3235
f 3266/3266 3235/3235 3234/3234
f 3267/3267 3268/3268 382/382
f 3267/3267 382/382 3157/3157
f 3267/3267 22/22 18/18
f 3267/3267 18/18 3268/3268
f 3267/3267 3234/3234 3232/3232
f 3267/3267 3232/3232 22/22
f 3268/3268 3269/3269 351/351
f 3268/3268 351/351 382/382
f 3268/3268 18/18 17/17
f 3268/3268 17/17 3269/3269
f 3269/3269 174/174 352/352
f 3269/3269 352/352 351/351
f 3269/3269 17/17 123/123
f 3269/3269 123/123 174/174
f 3261/3261 3184/3184 3183/3183
f 3261/3261 3183/3183 3189/3189
f 3250/3250 3203/3203 3202/3202
f 3250/3250 3202/3202 3245/3245
f 3250/3250 283/283 282/282
f 3250/3250 282/282 3203/3203
f 3193/3193 266/266 271/271
f 3193/3193 271/271 3194/3194
f 3163/3163 3159/3159 84/84
f 3163/3163 84/84 86/86
f 380/380 379/379 134/134
f 380/380 134/134 133/133
f 378/378 3270/3270 134/134
f 378/378 134/134 379/379
f 366/366 365/365 3271/3271
f 366/366 3271/3271 3272/3272
f 368/368 3273/3273 358/358
f 368/368 358/358 357/357
f 3274/3274 3275/3275 3276/3276
f 3274/3274 3276/3276 3277/3277
f 3278/3278 3279/3279 360/360
f 3278/3278 360/360 359/359
f 3277/3277 3276/3276 3280/3280
f 3277/3277 3280/3280 3281/3281
f 3279/3279 3282/3282 3283/3283
f 3279/3279 3283/3283 360/360
f 3283/3283 3282/3282 3284/3284
f 3283/3283 3284/3284 3285/3285
f 3283/3283 3286/3286 38/38
f 3283/3283 38/38 360/360
f 3283/3283 3285/3285 3287/3287
f 3283/3283 3287/3287 3286/3286
f 3287/3287 3285/3285 3288/3288
f 3287/3287 3288/3288 3289/3289
f 3287/3287 3290/3290 3291/3291
f 3287/3287 3291/3291 3286/3286
f 3287/3287 3289/3289 3292/3292
f 3287/3287 3292/3292 3290/3290
f 3292/3292 3289/3289 3293/3293
f 3292/3292 3293/3293 3294/3294
f 3292/3292 3295/3295 3296/3296
f 3292/3292 3296/3296 3290/3290
f 3292/3292 3294/3294 3297/3297
f 3292/3292 3297/3297 3295/3295
f 3297/3297 3294/3294 3298/3298
f 3297/3297 3298/3298 3299/3299
f 3300/3300 3301/3301 3302/3302
f 3300/3300 3302/3302 3303/3303
f 3300/3300 3304/3304 3305/3305
f 3300/3300 3305/3305 3301/3301
f 3305/3305 3304/3304 3306/3306
f 3305/3305 3306/3306 3307/3307
f 3305/3305 3308/3308 3309/3309
f 3305/3305 3309/3309 3301/3301
f 3305/3305 3307/3307 3310/3310
f 3305/3305 3310/3310 3308/3308
f 3310/3310 3307/3307 3311/3311
f 3310/3310 3311/3311 3312/3312
f 3310/3310 3313/3313 3314/3314
f 3310/3310 3314/3314 3308/3308
f 3310/3310 3312/3312 3315/3315
f 3310/3310 3315/3315 3313/3313
f 3315/3315 3312/3312 3316/3316
f 3315/3315 3316/3316 3317/3317
f 3315/3315 3318/3318 3319/3319
f 3315/3315 3319/3319 3313/3313
f 3315/3315 3317/3317 3320/3320
f 3315/3315 3320/3320 3318/3318
f 3320/3320 3317/3317 193/193
f 3320/3320 193/193 3321/3321
f 3320/3320 3322/3322 3323/3323
f 3320/3320 3323/3323 3318/3318
f 3320/3320 3321/3321 3324/3324
f 3320/3320 3324/3324 3322/3322
f 3325/3325 3326/3326 3327/3327
f 3325/3325 3327/3327 3328/3328
f 3325/3325 92/92 91/91
f 3325/3325 91/91 3326/3326
f 3329/3329 3330/3330 3331/3331
f 3329/3329 3331/3331 3332/3332
f 3329/3329 94/94 93/93
f 3329/3329 93/93 3330/3330
f 3330/3330 3333/3333 3334/3334
f 3330/3330 3334/3334 3331/3331
f 3330/3330 93/93 97/97
f 3330/3330 97/97 3333/3333
f 3333/3333 3335/3335 3336/3336
f 3333/3333 3336/3336 3334/3334
f 3333/3333 97/97 96/96
f 3333/3333 96/96 3335/3335
f 3335/3335 3337/3337 3338/3338
f 3335/3335 3338/3338 3336/3336
f 3335/3335 96/96 100/100
f 3335/3335 100/100 3337/3337
f 3339/3339 3340/3340 3311/3311
f 3339/3339 3311/3311 3341/3341
f 3339/3339 3342/3342 197/197
f 3339/3339 197/197 3340/3340
f 3340/3340 3316/3316 3312/3312
f 3340/3340 3312/3312 3311/3311
f 3340/3340 197/197 194/194
f 3340/3340 194/194 3316/3316
f 3338/3338 3343/3343 3344/3344
f 3338/3338 3344/3344 3336/3336
f 3341/3341 3311/3311 3307/3307
f 3341/3341 3307/3307 3306/3306
f 3344/3344 3345/3345 3334/3334
f 3344/3344 3334/3334 3336/3336
f 3344/3344 3298/3298 3346/3346
f 3344/3344 3346/3346 3345/3345
f 3344/3344 3343/3343 3299/3299
f 3344/3344 3299/3299 3298/3298
f 3346/3346 3347/3347 3348/3348
f 3346/3346 3348/3348 3345/3345
f 3346/3346 3293/3293 3349/3349
f 3346/3346 3349/3349 3347/3347
f 3346/3346 3298/3298 3294/3294
f 3346/3346 3294/3294 3293/3293
f 3349/3349 3350/3350 3351/3351
f 3349/3349 3351/3351 3347/3347
f 3349/3349 3288/3288 3352/3352
f 3349/3349 3352/3352 3350/3350
f 3349/3349 3293/3293 3289/3289
f 3349/3349 3289/3289 3288/3288
f 3353/3353 3354/3354 3355/3355
f 3353/3353 3355/3355 3356/3356
f 3353/3353 3357/3357 3358/3358
f 3353/3353 3358/3358 3354/3354
f 3352/3352 3288/3288 3285/3285
f 3352/3352 3285/3285 3284/3284
f 3359/3359 3360/3360 3361/3361
f 3359/3359 3361/3361 3362/3362
f 3359/3359 3363/3363 3364/3364
f 3359/3359 3364/3364 3360/3360
f 3358/3358 3357/3357 3281/3281
f 3358/3358 3281/3281 3280/3280
f 3364/3364 3365/3365 3366/3366
f 3364/3364 3366/3366 3360/3360
f 3364/3364 76/76 80/80
f 3364/3364 80/80 3365/3365
f 3364/3364 3363/3363 77/77
f 3364/3364 77/77 76/76
f 3365/3365 3367/3367 3368/3368
f 3365/3365 3368/3368 3366/3366
f 3365/3365 80/80 349/349
f 3365/3365 349/349 3367/3367
f 3367/3367 3369/3369 3370/3370
f 3367/3367 3370/3370 3368/3368
f 3367/3367 349/349 34/34
f 3367/3367 34/34 3369/3369
f 3369/3369 3371/3371 3372/3372
f 3369/3369 3372/3372 3370/3370
f 3369/3369 34/34 33/33
f 3369/3369 33/33 3371/3371
f 3373/3373 3291/3291 3290/3290
f 3373/3373 3290/3290 3296/3296
f 3373/3373 36/36 35/35
f 3373/3373 35/35 3291/3291
f 3370/3370 3372/3372 3303/3303
f 3370/3370 3303/3303 3302/3302
f 3370/3370 3302/3302 3374/3374
f 3370/3370 3374/3374 3368/3368
f 3374/3374 3302/3302 3301/3301
f 3374/3374 3301/3301 3309/3309
f 3374/3374 3375/3375 3366/3366
f 3374/3374 3366/3366 3368/3368
f 3374/3374 3309/3309 3376/3376
f 3374/3374 3376/3376 3375/3375
f 3376/3376 3309/3309 3308/3308
f 3376/3376 3308/3308 3314/3314
f 3376/3376 3377/3377 3361/3361
f 3376/3376 3361/3361 3375/3375
f 3376/3376 3314/3314 3378/3378
f 3376/3376 3378/3378 3377/3377
f 3378/3378 3314/3314 3313/3313
f 3378/3378 3313/3313 3319/3319
f 3378/3378 3379/3379 3380/3380
f 3378/3378 3380/3380 3377/3377
f 3378/3378 3319/3319 3381/3381
f 3378/3378 3381/3381 3379/3379
f 3381/3381 3319/3319 3318/3318
f 3381/3381 3318/3318 3323/3323
f 3382/3382 3383/3383 3384/3384
f 3382/3382 3384/3384 3385/3385
f 3382/3382 3328/3328 3327/3327
f 3382/3382 3327/3327 3383/3383
f 3386/3386 3348/3348 3347/3347
f 3386/3386 3347/3347 3351/3351
f 3386/3386 3332/3332 3331/3331
f 3386/3386 3331/3331 3348/3348
f 3385/3385 3384/3384 3356/3356
f 3385/3385 3356/3356 3355/3355
f 3377/3377 3380/3380 3362/3362
f 3377/3377 3362/3362 3361/3361
f 3375/3375 3361/3361 3360/3360
f 3375/3375 3360/3360 3366/3366
f 3348/3348 3331/3331 3334/3334
f 3348/3348 3334/3334 3345/3345
f 3321/3321 193/193 192/192
f 3321/3321 192/192 243/243
f 3321/3321 243/243 242/242
f 3321/3321 242/242 3324/3324
f 3316/3316 194/194 193/193
f 3316/3316 193/193 3317/3317
f 3291/3291 35/35 38/38
f 3291/3291 38/38 3286/3286
f 353/353 352/352 174/174
f 353/353 174/174 173/173
f 276/276 275/275 109/109
f 276/276 109/109 269/269
f 274/274 106/106 109/109
f 274/274 109/109 275/275
f 271/271 270/270 105/105
f 271/271 105/105 104/104
f 269/269 109/109 105/105
f 269/269 105/105 270/270
f 663/663 131/131 130/130
f 663/663 130/130 3387/3387
f 3387/3387 130/130 134/134
f 3387/3387 134/134 3270/3270
f 197/197 3342/3342 3388/3388
f 197/197 3388/3388 195/195
f 195/195 3388/3388 244/244
f 195/195 244/244 196/196
f 154/154 3/3 2/2
f 154/154 2/2 155/155
f 101/101 98/98 90/90
f 101/101 90/90 89/89
f 97/97 93/93 90/90
f 97/97 90/90 98/98
f 3389/3389 3390/3390 3391/3391
f 3389/3389 3391/3391 3392/3392
f 3393/3393 3394/3394 3395/3395
f 3393/3393 3395/3395 3396/3396
f 3393/3393 3397/3397 3398/3398
f 3393/3393 3398/3398 3394/3394
f 3389/3389 3392/3392 3399/3399
f 3389/3389 3399/3399 3400/3400
f 3389/3389 3400/3400 3401/3401
f 3389/3389 3401/3401 3402/3402
f 3403/3403 3404/3404 3405/3405
f 3403/3403 3405/3405 3406/3406
f 3403/3403 3407/3407 3408/3408
f 3403/3403 3408/3408 3409/3409
f 3403/3403 3409/3409 3410/3410
f 3403/3403 3410/3410 3404/3404
f 3403/3403 3406/3406 3411/3411
f 3403/3403 3411/3411 3412/3412
f 3413/3413 3414/3414 3415/3415
f 3413/3413 3415/3415 3416/3416
f 3413/3413 3416/3416 3417/3417
f 3413/3413 3417/3417 3418/3418
f 3413/3413 3418/3418 3419/3419
f 3413/3413 3419/3419 3420/3420
f 3413/3413 3420/3420 3421/3421
f 3413/3413 3421/3421 3422/3422
f 3413/3413 3423/3423 3424/3424
f 3413/3413 3424/3424 3414/3414
f 3414/3414 3424/3424 3425/3425
f 3414/3414 3425/3425 3426/3426
f 3414/3414 3426/3426 3427/3427
f 3414/3414 3427/3427 3428/3428
f 3414/3414 3428/3428 3429/3429
f 3414/3414 3429/3429 3415/3415
f 3430/3430 3431/3431 3432/3432
f 3430/3430 3432/3432 3433/3433
f 3430/3430 3433/3433 3434/3434
f 3430/3430 3434/3434 3435/3435
f 3430/3430 3435/3435 3436/3436
f 3430/3430 3436/3436 3437/3437
f 3430/3430 3437/3437 3438/3438
f 3430/3430 3438/3438 3439/3439
f 3430/3430 3439/3439 3440/3440
f 3430/3430 3440/3440 3431/3431
f 3441/3441 3442/3442 3443/3443
f 3441/3441 3443/3443 3444/3444
f 3441/3441 3444/3444 3445/3445
f 3441/3441 3445/3445 3446/3446
f 3441/3441 3446/3446 3447/3447
f 3441/3441 3447/3447 3442/3442
f 3448/3448 3449/3449 3450/3450
f 3448/3448 3450/3450 3451/3451
f 3448/3448 3451/3451 3452/3452
f 3448/3448 3452/3452 3453/3453
f 3448/3448 3453/3453 3454/3454
f 3448/3448 3454/3454 3449/3449
f 3438/3438 68/68 67/67
f 3438/3438 67/67 3439/3439
f 3455/3455 3456/3456 3457/3457
f 3455/3455 3457/3457 3458/3458
f 3455/3455 3458/3458 74/74
f 3455/3455 74/74 73/73
f 3459/3459 3460/3460 3461/3461
f 3459/3459 3461/3461 3462/3462
f 3459/3459 3462/3462 3463/3463
f 3459/3459 3463/3463 3464/3464
f 3459/3459 3465/3465 3466/3466
f 3459/3459 3466/3466 3467/3467
f 3459/3459 3464/3464 3468/3468
f 3459/3459 3468/3468 3469/3469
f 3459/3459 3469/3469 3470/3470
f 3459/3459 3470/3470 3465/3465
f 3471/3471 3472/3472 3473/3473
f 3471/3471 3473/3473 3474/3474
f 3471/3471 3474/3474 3475/3475
f 3471/3471 3475/3475 3476/3476
f 3471/3471 3477/3477 3478/3478
f 3471/3471 3478/3478 3472/3472
f 3479/3479 3480/3480 3481/3481
f 3479/3479 3481/3481 3482/3482
f 3479/3479 3482/3482 3483/3483
f 3479/3479 3483/3483 3484/3484
f 3479/3479 3484/3484 3485/3485
f 3479/3479 3485/3485 3480/3480
f 3486/3486 3487/3487 3488/3488
f 3486/3486 3488/3488 3489/3489
f 3486/3486 3490/3490 3491/3491
f 3486/3486 3491/3491 3492/3492
f 3486/3486 3492/3492 3493/3493
f 3486/3486 3493/3493 3487/3487
f 3494/3494 3495/3495 3496/3496
f 3494/3494 3496/3496 3497/3497
f 3498/3498 3499/3499 3500/3500
f 3498/3498 3500/3500 3501/3501
f 3502/3502 3503/3503 3504/3504
f 3502/3502 3504/3504 3505/3505
f 3406/3406 3405/3405 3506/3506
f 3406/3406 3506/3506 3507/3507
f 3406/3406 3507/3507 3508/3508
f 3406/3406 3508/3508 3509/3509
f 3406/3406 3510/3510 3511/3511
f 3406/3406 3511/3511 3411/3411
f 3403/3403 3412/3412 3512/3512
f 3403/3403 3512/3512 3407/3407
f 3513/3513 3514/3514 3515/3515
f 3513/3513 3515/3515 3516/3516
f 3513/3513 3516/3516 3517/3517
f 3513/3513 3517/3517 3518/3518
f 3513/3513 3518/3518 3519/3519
f 3513/3513 3519/3519 3514/3514
f 3520/3520 3521/3521 3522/3522
f 3520/3520 3522/3522 3523/3523
f 3520/3520 3524/3524 3525/3525
f 3520/3520 3525/3525 3526/3526
f 3527/3527 3528/3528 3529/3529
f 3527/3527 3529/3529 3530/3530
f 3527/3527 3531/3531 3532/3532
f 3527/3527 3532/3532 3528/3528
f 3520/3520 3526/3526 3512/3512
f 3520/3520 3512/3512 3521/3521
f 3512/3512 3533/3533 3534/3534
f 3512/3512 3534/3534 3521/3521
f 3512/3512 3526/3526 3535/3535
f 3512/3512 3535/3535 3407/3407
f 3512/3512 3412/3412 3536/3536
f 3512/3512 3536/3536 3533/3533
f 3537/3537 3538/3538 3539/3539
f 3537/3537 3539/3539 3540/3540
f 3537/3537 3541/3541 3542/3542
f 3537/3537 3542/3542 3538/3538
f 3537/3537 3540/3540 3543/3543
f 3537/3537 3543/3543 3541/3541
f 3539/3539 3538/3538 3399/3399
f 3539/3539 3399/3399 3392/3392
f 3544/3544 3545/3545 3546/3546
f 3544/3544 3546/3546 3547/3547
f 3544/3544 3548/3548 3549/3549
f 3544/3544 3549/3549 3550/3550
f 3544/3544 3547/3547 3551/3551
f 3544/3544 3551/3551 3548/3548
f 3552/3552 3553/3553 3554/3554
f 3552/3552 3554/3554 3555/3555
f 3552/3552 3556/3556 3557/3557
f 3552/3552 3557/3557 3553/3553
f 3552/3552 3506/3506 3558/3558
f 3552/3552 3558/3558 3556/3556
f 3552/3552 3555/3555 3559/3559
f 3552/3552 3559/3559 3560/3560
f 3552/3552 3560/3560 3507/3507
f 3552/3552 3507/3507 3506/3506
f 3561/3561 3562/3562 3563/3563
f 3561/3561 3563/3563 3564/3564
f 3561/3561 3565/3565 3566/3566
f 3561/3561 3566/3566 3562/3562
f 3567/3567 3568/3568 3569/3569
f 3567/3567 3569/3569 3570/3570
f 3567/3567 3571/3571 3572/3572
f 3567/3567 3572/3572 3568/3568
f 3567/3567 3570/3570 3573/3573
f 3567/3567 3573/3573 3574/3574
f 3575/3575 3576/3576 3577/3577
f 3575/3575 3577/3577 3578/3578
f 3575/3575 3578/3578 3579/3579
f 3575/3575 3579/3579 3580/3580
f 3575/3575 3580/3580 3581/3581
f 3575/3575 3581/3581 3576/3576
f 3582/3582 3583/3583 3584/3584
f 3582/3582 3584/3584 3585/3585
f 3582/3582 3585/3585 3586/3586
f 3582/3582 3586/3586 3587/3587
f 3582/3582 3587/3587 3588/3588
f 3582/3582 3588/3588 3583/3583
f 3589/3589 3590/3590 3591/3591
f 3589/3589 3591/3591 3592/3592
f 3589/3589 3593/3593 3594/3594
f 3589/3589 3594/3594 3590/3590
f 3589/3589 3592/3592 3595/3595
f 3589/3589 3595/3595 3593/3593
f 3596/3596 3597/3597 3598/3598
f 3596/3596 3598/3598 3599/3599
f 3596/3596 217/217 216/216
f 3596/3596 216/216 3597/3597
f 3596/3596 3599/3599 218/218
f 3596/3596 218/218 217/217
f 3600/3600 3601/3601 3602/3602
f 3600/3600 3602/3602 3603/3603
f 3604/3604 3605/3605 3606/3606
f 3604/3604 3606/3606 3607/3607
f 3600/3600 3603/3603 3608/3608
f 3600/3600 3608/3608 3609/3609
f 3600/3600 3609/3609 3610/3610
f 3600/3600 3610/3610 3611/3611
f 3604/3604 3612/3612 3613/3613
f 3604/3604 3613/3613 3605/3605
f 3614/3614 3615/3615 3616/3616
f 3614/3614 3616/3616 3617/3617
f 3614/3614 3617/3617 3618/3618
f 3614/3614 3618/3618 3619/3619
f 3614/3614 3619/3619 3620/3620
f 3614/3614 3620/3620 3615/3615
f 3621/3621 3622/3622 3623/3623
f 3621/3621 3623/3623 3624/3624
f 3621/3621 3624/3624 3625/3625
f 3621/3621 3625/3625 3579/3579
f 3621/3621 3579/3579 3578/3578
f 3621/3621 3578/3578 3622/3622
f 3626/3626 3627/3627 247/247
f 3626/3626 247/247 246/246
f 3626/3626 246/246 250/250
f 3626/3626 250/250 3628/3628
f 3626/3626 3628/3628 3629/3629
f 3626/3626 3629/3629 3627/3627
f 3630/3630 3631/3631 3632/3632
f 3630/3630 3632/3632 3633/3633
f 3630/3630 3634/3634 3635/3635
f 3630/3630 3635/3635 3631/3631
f 3630/3630 3636/3636 3637/3637
f 3630/3630 3637/3637 3634/3634
f 3630/3630 3633/3633 3638/3638
f 3630/3630 3638/3638 3639/3639
f 3630/3630 3639/3639 3640/3640
f 3630/3630 3640/3640 3636/3636
f 3456/3456 3438/3438 3437/3437
f 3456/3456 3437/3437 3641/3641
f 3456/3456 3641/3641 3642/3642
f 3456/3456 3642/3642 3457/3457
f 3643/3643 3644/3644 3645/3645
f 3643/3643 3645/3645 3646/3646
f 3643/3643 3647/3647 3648/3648
f 3643/3643 3648/3648 3644/3644
f 3643/3643 3646/3646 3649/3649
f 3643/3643 3649/3649 3647/3647
f 3650/3650 3651/3651 3652/3652
f 3650/3650 3652/3652 3653/3653
f 3650/3650 3654/3654 3655/3655
f 3650/3650 3655/3655 3651/3651
f 3650/3650 3653/3653 3656/3656
f 3650/3650 3656/3656 3654/3654
f 3657/3657 3658/3658 3659/3659
f 3657/3657 3659/3659 3660/3660
f 3657/3657 3656/3656 3661/3661
f 3657/3657 3661/3661 3658/3658
f 3657/3657 3660/3660 3654/3654
f 3657/3657 3654/3654 3656/3656
f 3662/3662 3663/3663 3664/3664
f 3662/3662 3664/3664 3665/3665
f 3662/3662 3666/3666 3667/3667
f 3662/3662 3667/3667 3663/3663
f 3662/3662 3665/3665 3668/3668
f 3662/3662 3668/3668 3669/3669
f 3670/3670 3671/3671 3672/3672
f 3670/3670 3672/3672 3673/3673
f 3670/3670 3674/3674 3675/3675
f 3670/3670 3675/3675 3671/3671
f 3670/3670 3676/3676 3677/3677
f 3670/3670 3677/3677 3674/3674
f 3678/3678 3679/3679 3680/3680
f 3678/3678 3680/3680 3681/3681
f 3678/3678 3681/3681 3682/3682
f 3678/3678 3682/3682 3683/3683
f 3678/3678 3683/3683 3684/3684
f 3678/3678 3684/3684 3679/3679
f 3685/3685 3686/3686 3687/3687
f 3685/3685 3687/3687 3688/3688
f 3685/3685 3689/3689 3690/3690
f 3685/3685 3690/3690 3686/3686
f 3685/3685 3688/3688 3691/3691
f 3685/3685 3691/3691 3689/3689
f 3692/3692 3693/3693 3694/3694
f 3692/3692 3694/3694 3695/3695
f 3692/3692 3695/3695 3696/3696
f 3692/3692 3696/3696 3697/3697
f 3692/3692 3697/3697 3698/3698
f 3692/3692 3698/3698 3693/3693
f 3699/3699 3700/3700 3701/3701
f 3699/3699 3701/3701 3702/3702
f 3699/3699 3703/3703 3704/3704
f 3699/3699 3704/3704 3700/3700
f 3705/3705 3706/3706 3707/3707
f 3705/3705 3707/3707 3708/3708
f 3543/3543 3709/3709 3710/3710
f 3543/3543 3710/3710 3541/3541
f 3543/3543 3711/3711 3436/3436
f 3543/3543 3436/3436 3435/3435
f 3543/3543 3435/3435 3434/3434
f 3543/3543 3434/3434 3709/3709
f 3543/3543 3540/3540 3391/3391
f 3543/3543 3391/3391 3711/3711
f 3712/3712 3713/3713 3714/3714
f 3712/3712 3714/3714 3715/3715
f 3712/3712 3715/3715 3716/3716
f 3712/3712 3716/3716 3717/3717
f 3712/3712 3717/3717 3718/3718
f 3712/3712 3718/3718 3713/3713
f 3719/3719 3720/3720 3620/3620
f 3719/3719 3620/3620 3619/3619
f 3719/3719 3721/3721 3722/3722
f 3719/3719 3722/3722 3720/3720
f 3719/3719 3619/3619 3618/3618
f 3719/3719 3618/3618 3721/3721
f 3723/3723 3665/3665 3664/3664
f 3723/3723 3664/3664 3724/3724
f 3723/3723 3724/3724 3725/3725
f 3723/3723 3725/3725 3726/3726
f 3723/3723 3726/3726 3668/3668
f 3723/3723 3668/3668 3665/3665
f 3420/3420 3727/3727 3728/3728
f 3420/3420 3728/3728 3421/3421
f 3420/3420 3729/3729 3730/3730
f 3420/3420 3730/3730 3727/3727
f 3420/3420 3731/3731 3732/3732
f 3420/3420 3732/3732 3729/3729
f 3733/3733 3734/3734 3735/3735
f 3733/3733 3735/3735 3736/3736
f 3426/3426 3425/3425 3737/3737
f 3426/3426 3737/3737 3738/3738
f 3733/3733 3736/3736 3739/3739
f 3733/3733 3739/3739 3740/3740
f 3741/3741 3742/3742 3743/3743
f 3741/3741 3743/3743 3744/3744
f 3745/3745 3746/3746 3735/3735
f 3745/3745 3735/3735 3747/3747
f 3745/3745 3748/3748 3749/3749
f 3745/3745 3749/3749 3746/3746
f 3745/3745 3529/3529 3750/3750
f 3745/3745 3750/3750 3748/3748
f 3745/3745 3751/3751 3530/3530
f 3745/3745 3530/3530 3529/3529
f 3752/3752 3753/3753 3754/3754
f 3752/3752 3754/3754 3755/3755
f 3752/3752 3756/3756 3757/3757
f 3752/3752 3757/3757 3753/3753
f 3752/3752 3755/3755 3758/3758
f 3752/3752 3758/3758 3756/3756
f 3727/3727 3730/3730 3759/3759
f 3727/3727 3759/3759 3760/3760
f 3727/3727 3464/3464 3463/3463
f 3727/3727 3463/3463 3728/3728
f 3727/3727 3760/3760 3468/3468
f 3727/3727 3468/3468 3464/3464
f 3761/3761 3762/3762 3763/3763
f 3761/3761 3763/3763 3764/3764
f 3761/3761 3765/3765 3766/3766
f 3761/3761 3766/3766 3762/3762
f 3761/3761 3767/3767 3768/3768
f 3761/3761 3768/3768 3769/3769
f 3761/3761 3764/3764 3770/3770
f 3761/3761 3770/3770 3767/3767
f 3761/3761 3769/3769 3771/3771
f 3761/3761 3771/3771 3765/3765
f 3772/3772 3773/3773 3774/3774
f 3772/3772 3774/3774 3775/3775
f 3772/3772 3776/3776 3777/3777
f 3772/3772 3777/3777 3773/3773
f 3772/3772 3775/3775 3778/3778
f 3772/3772 3778/3778 3776/3776
f 3779/3779 3780/3780 3781/3781
f 3779/3779 3781/3781 3782/3782
f 3779/3779 3783/3783 3784/3784
f 3779/3779 3784/3784 3780/3780
f 3779/3779 3785/3785 3786/3786
f 3779/3779 3786/3786 3783/3783
f 3787/3787 3788/3788 3789/3789
f 3787/3787 3789/3789 3790/3790
f 3787/3787 3790/3790 3791/3791
f 3787/3787 3791/3791 3792/3792
f 3787/3787 3792/3792 3793/3793
f 3787/3787 3793/3793 3788/3788
f 3794/3794 3795/3795 3796/3796
f 3794/3794 3796/3796 3797/3797
f 3794/3794 3797/3797 3798/3798
f 3794/3794 3798/3798 3799/3799
f 3794/3794 3800/3800 3801/3801
f 3794/3794 3801/3801 3802/3802
f 3794/3794 3799/3799 3803/3803
f 3794/3794 3803/3803 3800/3800
f 3794/3794 3802/3802 3804/3804
f 3794/3794 3804/3804 3795/3795
f 3805/3805 430/430 429/429
f 3805/3805 429/429 3806/3806
f 3805/3805 3807/3807 431/431
f 3805/3805 431/431 430/430
f 3805/3805 3808/3808 3809/3809
f 3805/3805 3809/3809 3807/3807
f 3805/3805 3810/3810 3811/3811
f 3805/3805 3811/3811 3808/3808
f 3805/3805 3806/3806 3812/3812
f 3805/3805 3812/3812 3810/3810
f 3812/3812 3813/3813 3814/3814
f 3812/3812 3814/3814 3810/3810
f 3815/3815 3816/3816 3817/3817
f 3815/3815 3817/3817 3818/3818
f 3815/3815 3818/3818 3819/3819
f 3815/3815 3819/3819 3820/3820
f 3819/3819 3821/3821 3822/3822
f 3819/3819 3822/3822 3820/3820
f 3819/3819 3818/3818 3823/3823
f 3819/3819 3823/3823 3824/3824
f 3819/3819 3824/3824 3825/3825
f 3819/3819 3825/3825 3821/3821
f 3825/3825 3826/3826 3827/3827
f 3825/3825 3827/3827 3821/3821
f 3825/3825 3824/3824 3828/3828
f 3825/3825 3828/3828 3829/3829
f 3825/3825 3829/3829 3830/3830
f 3825/3825 3830/3830 3826/3826
f 3830/3830 3831/3831 3832/3832
f 3830/3830 3832/3832 3826/3826
f 3830/3830 3829/3829 3833/3833
f 3830/3830 3833/3833 3834/3834
f 3830/3830 3834/3834 3835/3835
f 3830/3830 3835/3835 3831/3831
f 3835/3835 3836/3836 3837/3837
f 3835/3835 3837/3837 3831/3831
f 3835/3835 3834/3834 3838/3838
f 3835/3835 3838/3838 3839/3839
f 3835/3835 3839/3839 3840/3840
f 3835/3835 3840/3840 3836/3836
f 3840/3840 3841/3841 3842/3842
f 3840/3840 3842/3842 3836/3836
f 3840/3840 3839/3839 3843/3843
f 3840/3840 3843/3843 3844/3844
f 3840/3840 3844/3844 3845/3845
f 3840/3840 3845/3845 3841/3841
f 3845/3845 3676/3676 3846/3846
f 3845/3845 3846/3846 3841/3841
f 3845/3845 3844/3844 3847/3847
f 3845/3845 3847/3847 3848/3848
f 3845/3845 3848/3848 3677/3677
f 3845/3845 3677/3677 3676/3676
f 3848/3848 3847/3847 3849/3849
f 3848/3848 3849/3849 3850/3850
f 3848/3848 3850/3850 3851/3851
f 3848/3848 3851/3851 3677/3677
f 3851/3851 3852/3852 3674/3674
f 3851/3851 3674/3674 3677/3677
f 3851/3851 3850/3850 3853/3853
f 3851/3851 3853/3853 3854/3854
f 3851/3851 3854/3854 3855/3855
f 3851/3851 3855/3855 3852/3852
f 3855/3855 3856/3856 3857/3857
f 3855/3855 3857/3857 3852/3852
f 3858/3858 3859/3859 3860/3860
f 3858/3858 3860/3860 3861/3861
f 3858/3858 3861/3861 3862/3862
f 3858/3858 3862/3862 3863/3863
f 3862/3862 3864/3864 3865/3865
f 3862/3862 3865/3865 3863/3863
f 3862/3862 3861/3861 3866/3866
f 3862/3862 3866/3866 3867/3867
f 3862/3862 3867/3867 3868/3868
f 3862/3862 3868/3868 3864/3864
f 3869/3869 3870/3870 3871/3871
f 3869/3869 3871/3871 3872/3872
f 3868/3868 3867/3867 3873/3873
f 3868/3868 3873/3873 3874/3874
f 3869/3869 3875/3875 3876/3876
f 3869/3869 3876/3876 3870/3870
f 3876/3876 3877/3877 3878/3878
f 3876/3876 3878/3878 3870/3870
f 3876/3876 3875/3875 3879/3879
f 3876/3876 3879/3879 3880/3880
f 3876/3876 3880/3880 3881/3881
f 3876/3876 3881/3881 3877/3877
f 3881/3881 3882/3882 3883/3883
f 3881/3881 3883/3883 3877/3877
f 3881/3881 3880/3880 3884/3884
f 3881/3881 3884/3884 3885/3885
f 3881/3881 3885/3885 3886/3886
f 3881/3881 3886/3886 3882/3882
f 3886/3886 3887/3887 3888/3888
f 3886/3886 3888/3888 3882/3882
f 3889/3889 3890/3890 3891/3891
f 3889/3889 3891/3891 3892/3892
f 3889/3889 3892/3892 3893/3893
f 3889/3889 3893/3893 3894/3894
f 3893/3893 3895/3895 3896/3896
f 3893/3893 3896/3896 3894/3894
f 3893/3893 3892/3892 3897/3897
f 3893/3893 3897/3897 3898/3898
f 3893/3893 3898/3898 3899/3899
f 3893/3893 3899/3899 3895/3895
f 3899/3899 3900/3900 3901/3901
f 3899/3899 3901/3901 3895/3895
f 3899/3899 3898/3898 3902/3902
f 3899/3899 3902/3902 3903/3903
f 3899/3899 3903/3903 3904/3904
f 3899/3899 3904/3904 3900/3900
f 3905/3905 3906/3906 3907/3907
f 3905/3905 3907/3907 3908/3908
f 3904/3904 3903/3903 3909/3909
f 3904/3904 3909/3909 3910/3910
f 3905/3905 3911/3911 3912/3912
f 3905/3905 3912/3912 3906/3906
f 3912/3912 3913/3913 3914/3914
f 3912/3912 3914/3914 3906/3906
f 3912/3912 3911/3911 3915/3915
f 3912/3912 3915/3915 3916/3916
f 3912/3912 3916/3916 3917/3917
f 3912/3912 3917/3917 3913/3913
f 3917/3917 3918/3918 3919/3919
f 3917/3917 3919/3919 3913/3913
f 3917/3917 3916/3916 3920/3920
f 3917/3917 3920/3920 3921/3921
f 3917/3917 3921/3921 3922/3922
f 3917/3917 3922/3922 3918/3918
f 3922/3922 3923/3923 3924/3924
f 3922/3922 3924/3924 3918/3918
f 3925/3925 3926/3926 3927/3927
f 3925/3925 3927/3927 3928/3928
f 3925/3925 3928/3928 3929/3929
f 3925/3925 3929/3929 3930/3930
f 3929/3929 3931/3931 3932/3932
f 3929/3929 3932/3932 3930/3930
f 3929/3929 3928/3928 3933/3933
f 3929/3929 3933/3933 3934/3934
f 3929/3929 3934/3934 3935/3935
f 3929/3929 3935/3935 3931/3931
f 3935/3935 3936/3936 3937/3937
f 3935/3935 3937/3937 3931/3931
f 3935/3935 3934/3934 3938/3938
f 3935/3935 3938/3938 3939/3939
f 3935/3935 3939/3939 3940/3940
f 3935/3935 3940/3940 3936/3936
f 3940/3940 3941/3941 3942/3942
f 3940/3940 3942/3942 3936/3936
f 3940/3940 3939/3939 3943/3943
f 3940/3940 3943/3943 3944/3944
f 3940/3940 3944/3944 3945/3945
f 3940/3940 3945/3945 3941/3941
f 3945/3945 3946/3946 3947/3947
f 3945/3945 3947/3947 3941/3941
f 3945/3945 3944/3944 3948/3948
f 3945/3945 3948/3948 3949/3949
f 3945/3945 3949/3949 3950/3950
f 3945/3945 3950/3950 3946/3946
f 3950/3950 3951/3951 3952/3952
f 3950/3950 3952/3952 3946/3946
f 3950/3950 3949/3949 3953/3953
f 3950/3950 3953/3953 3954/3954
f 3950/3950 3954/3954 3955/3955
f 3950/3950 3955/3955 3951/3951
f 3956/3956 3957/3957 3958/3958
f 3956/3956 3958/3958 3959/3959
f 3955/3955 3954/3954 3960/3960
f 3955/3955 3960/3960 3961/3961
f 3956/3956 3962/3962 3963/3963
f 3956/3956 3963/3963 3957/3957
f 3963/3963 3964/3964 3965/3965
f 3963/3963 3965/3965 3957/3957
f 3966/3966 3967/3967 3968/3968
f 3966/3966 3968/3968 3969/3969
f 3966/3966 3969/3969 3970/3970
f 3966/3966 3970/3970 3971/3971
f 3970/3970 3972/3972 3973/3973
f 3970/3970 3973/3973 3971/3971
f 3970/3970 3969/3969 3974/3974
f 3970/3970 3974/3974 3975/3975
f 3970/3970 3975/3975 3976/3976
f 3970/3970 3976/3976 3972/3972
f 3976/3976 3977/3977 3978/3978
f 3976/3976 3978/3978 3972/3972
f 3976/3976 3975/3975 3979/3979
f 3976/3976 3979/3979 3980/3980
f 3976/3976 3980/3980 3981/3981
f 3976/3976 3981/3981 3977/3977
f 3981/3981 3982/3982 3983/3983
f 3981/3981 3983/3983 3977/3977
f 3981/3981 3980/3980 3984/3984
f 3981/3981 3984/3984 3985/3985
f 3981/3981 3985/3985 3986/3986
f 3981/3981 3986/3986 3982/3982
f 3986/3986 3987/3987 3988/3988
f 3986/3986 3988/3988 3982/3982
f 3986/3986 3985/3985 3989/3989
f 3986/3986 3989/3989 3990/3990
f 3986/3986 3990/3990 3991/3991
f 3986/3986 3991/3991 3987/3987
f 3991/3991 3992/3992 3993/3993
f 3991/3991 3993/3993 3987/3987
f 3991/3991 3990/3990 3994/3994
f 3991/3991 3994/3994 3995/3995
f 3991/3991 3995/3995 3996/3996
f 3991/3991 3996/3996 3992/3992
f 3997/3997 3998/3998 3999/3999
f 3997/3997 3999/3999 4000/4000
f 4001/4001 4002/4002 4003/4003
f 4001/4001 4003/4003 4004/4004
f 4005/4005 4006/4006 4007/4007
f 4005/4005 4007/4007 4008/4008
f 4007/4007 4009/4009 4010/4010
f 4007/4007 4010/4010 4008/4008
f 4007/4007 4006/4006 3419/3419
f 4007/4007 3419/3419 3418/3418
f 4007/4007 3418/3418 3417/3417
f 4007/4007 3417/3417 4009/4009
f 4011/4011 4012/4012 4013/4013
f 4011/4011 4013/4013 4014/4014
f 4011/4011 4014/4014 3999/3999
f 4011/4011 3999/3999 3998/3998
f 4010/4010 4009/4009 4015/4015
f 4010/4010 4015/4015 4016/4016
f 4015/4015 4017/4017 4018/4018
f 4015/4015 4018/4018 4016/4016
f 4015/4015 4009/4009 3417/3417
f 4015/4015 3417/3417 4019/4019
f 4015/4015 4019/4019 4020/4020
f 4015/4015 4020/4020 4017/4017
f 4020/4020 4021/4021 4022/4022
f 4020/4020 4022/4022 4017/4017
f 4020/4020 4019/4019 4023/4023
f 4020/4020 4023/4023 4024/4024
f 4020/4020 4024/4024 4025/4025
f 4020/4020 4025/4025 4021/4021
f 4025/4025 4026/4026 4027/4027
f 4025/4025 4027/4027 4021/4021
f 4025/4025 4024/4024 4028/4028
f 4025/4025 4028/4028 4029/4029
f 4025/4025 4029/4029 4030/4030
f 4025/4025 4030/4030 4026/4026
f 4030/4030 4031/4031 4032/4032
f 4030/4030 4032/4032 4026/4026
f 4030/4030 4029/4029 4033/4033
f 4030/4030 4033/4033 4034/4034
f 4030/4030 4034/4034 4035/4035
f 4030/4030 4035/4035 4031/4031
f 4035/4035 3515/3515 3514/3514
f 4035/4035 3514/3514 4031/4031
f 4035/4035 4034/4034 4036/4036
f 4035/4035 4036/4036 4037/4037
f 4035/4035 4037/4037 4038/4038
f 4035/4035 4038/4038 3515/3515
f 4039/4039 4040/4040 4041/4041
f 4039/4039 4041/4041 4042/4042
f 4039/4039 4042/4042 3583/3583
f 4039/4039 3583/3583 3588/3588
f 4042/4042 4041/4041 4043/4043
f 4042/4042 4043/4043 4044/4044
f 4042/4042 4044/4044 3584/3584
f 4042/4042 3584/3584 3583/3583
f 4044/4044 4043/4043 4045/4045
f 4044/4044 4045/4045 4046/4046
f 4044/4044 4046/4046 4047/4047
f 4044/4044 4047/4047 3584/3584
f 4047/4047 4048/4048 3585/3585
f 4047/4047 3585/3585 3584/3584
f 4047/4047 4046/4046 4049/4049
f 4047/4047 4049/4049 3443/3443
f 4047/4047 3443/3443 3442/3442
f 4047/4047 3442/3442 4048/4048
f 4049/4049 4046/4046 4045/4045
f 4049/4049 4045/4045 4050/4050
f 4049/4049 4050/4050 4051/4051
f 4049/4049 4051/4051 4052/4052
f 4049/4049 4052/4052 3444/3444
f 4049/4049 3444/3444 3443/3443
f 4052/4052 4051/4051 4053/4053
f 4052/4052 4053/4053 4054/4054
f 4052/4052 4054/4054 3445/3445
f 4052/4052 3445/3445 3444/3444
f 4055/4055 4056/4056 4057/4057
f 4055/4055 4057/4057 4058/4058
f 4055/4055 4058/4058 4059/4059
f 4055/4055 4059/4059 4060/4060
f 4059/4059 3755/3755 3754/3754
f 4059/4059 3754/3754 4060/4060
f 4059/4059 4058/4058 4061/4061
f 4059/4059 4061/4061 4062/4062
f 4059/4059 4062/4062 3758/3758
f 4059/4059 3758/3758 3755/3755
f 4062/4062 4061/4061 4032/4032
f 4062/4062 4032/4032 3519/3519
f 4062/4062 3519/3519 3518/3518
f 4062/4062 3518/3518 3758/3758
f 4061/4061 4058/4058 4057/4057
f 4061/4061 4057/4057 4027/4027
f 4061/4061 4027/4027 4026/4026
f 4061/4061 4026/4026 4032/4032
f 4057/4057 4056/4056 4063/4063
f 4057/4057 4063/4063 4022/4022
f 4057/4057 4022/4022 4021/4021
f 4057/4057 4021/4021 4027/4027
f 4064/4064 4053/4053 4051/4051
f 4064/4064 4051/4051 4065/4065
f 4064/4064 4065/4065 4066/4066
f 4064/4064 4066/4066 4067/4067
f 4063/4063 4018/4018 4017/4017
f 4063/4063 4017/4017 4022/4022
f 4066/4066 4065/4065 4068/4068
f 4066/4066 4068/4068 4069/4069
f 4066/4066 4069/4069 4070/4070
f 4066/4066 4070/4070 4013/4013
f 4066/4066 4013/4013 4012/4012
f 4066/4066 4012/4012 4067/4067
f 4070/4070 4069/4069 4071/4071
f 4070/4070 4071/4071 4072/4072
f 4070/4070 4072/4072 4073/4073
f 4070/4070 4073/4073 4074/4074
f 4070/4070 4074/4074 4014/4014
f 4070/4070 4014/4014 4013/4013
f 4074/4074 4073/4073 4075/4075
f 4074/4074 4075/4075 4076/4076
f 4074/4074 4076/4076 3999/3999
f 4074/4074 3999/3999 4014/4014
f 4076/4076 4075/4075 4077/4077
f 4076/4076 4077/4077 4078/4078
f 4076/4076 4078/4078 4000/4000
f 4076/4076 4000/4000 3999/3999
f 4077/4077 4075/4075 4079/4079
f 4077/4077 4079/4079 4080/4080
f 4081/4081 4082/4082 4083/4083
f 4081/4081 4083/4083 3988/3988
f 4081/4081 3988/3988 3987/3987
f 4081/4081 3987/3987 3993/3993
f 4083/4083 4082/4082 4084/4084
f 4083/4083 4084/4084 4085/4085
f 4083/4083 4085/4085 4086/4086
f 4083/4083 4086/4086 3983/3983
f 4083/4083 3983/3983 3982/3982
f 4083/4083 3982/3982 3988/3988
f 4086/4086 4085/4085 4087/4087
f 4086/4086 4087/4087 4088/4088
f 4086/4086 4088/4088 4089/4089
f 4086/4086 4089/4089 3978/3978
f 4086/4086 3978/3978 3977/3977
f 4086/4086 3977/3977 3983/3983
f 4090/4090 4091/4091 4092/4092
f 4090/4090 4092/4092 4093/4093
f 4090/4090 4093/4093 4094/4094
f 4090/4090 4094/4094 4095/4095
f 4089/4089 3973/3973 3972/3972
f 4089/4089 3972/3972 3978/3978
f 4094/4094 4093/4093 4096/4096
f 4094/4094 4096/4096 4097/4097
f 4094/4094 4097/4097 4098/4098
f 4094/4094 4098/4098 3965/3965
f 4094/4094 3965/3965 3964/3964
f 4094/4094 3964/3964 4095/4095
f 4098/4098 4097/4097 4099/4099
f 4098/4098 4099/4099 4100/4100
f 4098/4098 4100/4100 4101/4101
f 4098/4098 4101/4101 3958/3958
f 4098/4098 3958/3958 3957/3957
f 4098/4098 3957/3957 3965/3965
f 4101/4101 4100/4100 4102/4102
f 4101/4101 4102/4102 4103/4103
f 4101/4101 4103/4103 4104/4104
f 4101/4101 4104/4104 4105/4105
f 4101/4101 4105/4105 3959/3959
f 4101/4101 3959/3959 3958/3958
f 4104/4104 4103/4103 4106/4106
f 4104/4104 4106/4106 4107/4107
f 4108/4108 4109/4109 4110/4110
f 4108/4108 4110/4110 3947/3947
f 4108/4108 3947/3947 3946/3946
f 4108/4108 3946/3946 3952/3952
f 4110/4110 4109/4109 4111/4111
f 4110/4110 4111/4111 4112/4112
f 4110/4110 4112/4112 4113/4113
f 4110/4110 4113/4113 3942/3942
f 4110/4110 3942/3942 3941/3941
f 4110/4110 3941/3941 3947/3947
f 4113/4113 4112/4112 4114/4114
f 4113/4113 4114/4114 4115/4115
f 4113/4113 4115/4115 4116/4116
f 4113/4113 4116/4116 3937/3937
f 4113/4113 3937/3937 3936/3936
f 4113/4113 3936/3936 3942/3942
f 4117/4117 4118/4118 4119/4119
f 4117/4117 4119/4119 4120/4120
f 4117/4117 4120/4120 4121/4121
f 4117/4117 4121/4121 4122/4122
f 4116/4116 3932/3932 3931/3931
f 4116/4116 3931/3931 3937/3937
f 4121/4121 4120/4120 4123/4123
f 4121/4121 4123/4123 4124/4124
f 4121/4121 4124/4124 4125/4125
f 4121/4121 4125/4125 3924/3924
f 4121/4121 3924/3924 3923/3923
f 4121/4121 3923/3923 4122/4122
f 4125/4125 4124/4124 4126/4126
f 4125/4125 4126/4126 4127/4127
f 4125/4125 4127/4127 4128/4128
f 4125/4125 4128/4128 3919/3919
f 4125/4125 3919/3919 3918/3918
f 4125/4125 3918/3918 3924/3924
f 4128/4128 4127/4127 4129/4129
f 4128/4128 4129/4129 4130/4130
f 4128/4128 4130/4130 4131/4131
f 4128/4128 4131/4131 3914/3914
f 4128/4128 3914/3914 3913/3913
f 4128/4128 3913/3913 3919/3919
f 4131/4131 4130/4130 4132/4132
f 4131/4131 4132/4132 4133/4133
f 4131/4131 4133/4133 4134/4134
f 4131/4131 4134/4134 3907/3907
f 4131/4131 3907/3907 3906/3906
f 4131/4131 3906/3906 3914/3914
f 4134/4134 4133/4133 4135/4135
f 4134/4134 4135/4135 4136/4136
f 4134/4134 4136/4136 4137/4137
f 4134/4134 4137/4137 4138/4138
f 4134/4134 4138/4138 3908/3908
f 4134/4134 3908/3908 3907/3907
f 4137/4137 4136/4136 4139/4139
f 4137/4137 4139/4139 4140/4140
f 4141/4141 4142/4142 4143/4143
f 4141/4141 4143/4143 4144/4144
f 4145/4145 3896/3896 3895/3895
f 4145/4145 3895/3895 3901/3901
f 4143/4143 4142/4142 4146/4146
f 4143/4143 4146/4146 4147/4147
f 4143/4143 4147/4147 4148/4148
f 4143/4143 4148/4148 3888/3888
f 4143/4143 3888/3888 3887/3887
f 4143/4143 3887/3887 4144/4144
f 4148/4148 4147/4147 4149/4149
f 4148/4148 4149/4149 4150/4150
f 4148/4148 4150/4150 4151/4151
f 4148/4148 4151/4151 3883/3883
f 4148/4148 3883/3883 3882/3882
f 4148/4148 3882/3882 3888/3888
f 4151/4151 4150/4150 4152/4152
f 4151/4151 4152/4152 4153/4153
f 4151/4151 4153/4153 4154/4154
f 4151/4151 4154/4154 3878/3878
f 4151/4151 3878/3878 3877/3877
f 4151/4151 3877/3877 3883/3883
f 4154/4154 4153/4153 4155/4155
f 4154/4154 4155/4155 4156/4156
f 4154/4154 4156/4156 4157/4157
f 4154/4154 4157/4157 3871/3871
f 4154/4154 3871/3871 3870/3870
f 4154/4154 3870/3870 3878/3878
f 4158/4158 4159/4159 4160/4160
f 4158/4158 4160/4160 4161/4161
f 4158/4158 4161/4161 4162/4162
f 4158/4158 4162/4162 4163/4163
f 4157/4157 4164/4164 3872/3872
f 4157/4157 3872/3872 3871/3871
f 4162/4162 4161/4161 4165/4165
f 4162/4162 4165/4165 4166/4166
f 4167/4167 4168/4168 3675/3675
f 4167/4167 3675/3675 3857/3857
f 4167/4167 3857/3857 3856/3856
f 4167/4167 3856/3856 4169/4169
f 4166/4166 4165/4165 4170/4170
f 4166/4166 4170/4170 4171/4171
f 4168/4168 4172/4172 3671/3671
f 4168/4168 3671/3671 3675/3675
f 4171/4171 4170/4170 4173/4173
f 4171/4171 4173/4173 4174/4174
f 4172/4172 4175/4175 3672/3672
f 4172/4172 3672/3672 3671/3671
f 4174/4174 4173/4173 4176/4176
f 4174/4174 4176/4176 4177/4177
f 4175/4175 4178/4178 4179/4179
f 4175/4175 4179/4179 3672/3672
f 4179/4179 4178/4178 4180/4180
f 4179/4179 4180/4180 4181/4181
f 4179/4179 4181/4181 4182/4182
f 4179/4179 4182/4182 4183/4183
f 4179/4179 4183/4183 3673/3673
f 4179/4179 3673/3673 3672/3672
f 4183/4183 4182/4182 4184/4184
f 4183/4183 4184/4184 4185/4185
f 4183/4183 4185/4185 4186/4186
f 4183/4183 4186/4186 3673/3673
f 4186/4186 4185/4185 4187/4187
f 4186/4186 4187/4187 4188/4188
f 4186/4186 4188/4188 4189/4189
f 4186/4186 4189/4189 4190/4190
f 4186/4186 4190/4190 3670/3670
f 4186/4186 3670/3670 3673/3673
f 4190/4190 4189/4189 4191/4191
f 4190/4190 4191/4191 3846/3846
f 4190/4190 3846/3846 3676/3676
f 4190/4190 3676/3676 3670/3670
f 4191/4191 4189/4189 4192/4192
f 4191/4191 4192/4192 4193/4193
f 4191/4191 4193/4193 4194/4194
f 4191/4191 4194/4194 3842/3842
f 4191/4191 3842/3842 3841/3841
f 4191/4191 3841/3841 3846/3846
f 4194/4194 4193/4193 4195/4195
f 4194/4194 4195/4195 4196/4196
f 4194/4194 4196/4196 4197/4197
f 4194/4194 4197/4197 3837/3837
f 4194/4194 3837/3837 3836/3836
f 4194/4194 3836/3836 3842/3842
f 4197/4197 4196/4196 4198/4198
f 4197/4197 4198/4198 4199/4199
f 4197/4197 4199/4199 4200/4200
f 4197/4197 4200/4200 3832/3832
f 4197/4197 3832/3832 3831/3831
f 4197/4197 3831/3831 3837/3837
f 4200/4200 4199/4199 4201/4201
f 4200/4200 4201/4201 4202/4202
f 4200/4200 4202/4202 4203/4203
f 4200/4200 4203/4203 3827/3827
f 4200/4200 3827/3827 3826/3826
f 4200/4200 3826/3826 3832/3832
f 4204/4204 4205/4205 4206/4206
f 4204/4204 4206/4206 4207/4207
f 4204/4204 4207/4207 4208/4208
f 4204/4204 4208/4208 4209/4209
f 4203/4203 3822/3822 3821/3821
f 4203/4203 3821/3821 3827/3827
f 4208/4208 4207/4207 4210/4210
f 4208/4208 4210/4210 4211/4211
f 4208/4208 4211/4211 4212/4212
f 4208/4208 4212/4212 3814/3814
f 4208/4208 3814/3814 3813/3813
f 4208/4208 3813/3813 4209/4209
f 4212/4212 4211/4211 4213/4213
f 4212/4212 4213/4213 4214/4214
f 4212/4212 4214/4214 4215/4215
f 4212/4212 4215/4215 3811/3811
f 4212/4212 3811/3811 3810/3810
f 4212/4212 3810/3810 3814/3814
f 4215/4215 4214/4214 4216/4216
f 4215/4215 4216/4216 4217/4217
f 4215/4215 4217/4217 4218/4218
f 4215/4215 4218/4218 4219/4219
f 4215/4215 4219/4219 3808/3808
f 4215/4215 3808/3808 3811/3811
f 4219/4219 4218/4218 4220/4220
f 4219/4219 4220/4220 4221/4221
f 4219/4219 4221/4221 3809/3809
f 4219/4219 3809/3809 3808/3808
f 4221/4221 4220/4220 4222/4222
f 4221/4221 4222/4222 4223/4223
f 4221/4221 4223/4223 4224/4224
f 4221/4221 4224/4224 3809/3809
f 4224/4224 4223/4223 4225/4225
f 4224/4224 4225/4225 4226/4226
f 4224/4224 4226/4226 4227/4227
f 4224/4224 4227/4227 4228/4228
f 4224/4224 4228/4228 3807/3807
f 4224/4224 3807/3807 3809/3809
f 4228/4228 4227/4227 855/855
f 4228/4228 855/855 854/854
f 4228/4228 854/854 431/431
f 4228/4228 431/431 3807/3807
f 855/855 4227/4227 4229/4229
f 855/855 4229/4229 856/856
f 856/856 4229/4229 4230/4230
f 856/856 4230/4230 858/858
f 858/858 4230/4230 4231/4231
f 858/858 4231/4231 860/860
f 860/860 4231/4231 4232/4232
f 860/860 4232/4232 862/862
f 862/862 4232/4232 4233/4233
f 862/862 4233/4233 864/864
f 864/864 4233/4233 4234/4234
f 864/864 4234/4234 866/866
f 866/866 4234/4234 4235/4235
f 866/866 4235/4235 868/868
f 868/868 4235/4235 4236/4236
f 868/868 4236/4236 870/870
f 870/870 4236/4236 4237/4237
f 870/870 4237/4237 872/872
f 872/872 4237/4237 4238/4238
f 872/872 4238/4238 874/874
f 874/874 4238/4238 4239/4239
f 874/874 4239/4239 876/876
f 876/876 4239/4239 4240/4240
f 876/876 4240/4240 878/878
f 878/878 4240/4240 3628/3628
f 878/878 3628/3628 250/250
f 4240/4240 4241/4241 3629/3629
f 4240/4240 3629/3629 3628/3628
f 4240/4240 4239/4239 4242/4242
f 4240/4240 4242/4242 4241/4241
f 4242/4242 4243/4243 4244/4244
f 4242/4242 4244/4244 4241/4241
f 4242/4242 4239/4239 4238/4238
f 4242/4242 4238/4238 4245/4245
f 4242/4242 4245/4245 4246/4246
f 4242/4242 4246/4246 4243/4243
f 4247/4247 4248/4248 4249/4249
f 4247/4247 4249/4249 4250/4250
f 4246/4246 4245/4245 3718/3718
f 4246/4246 3718/3718 3717/3717
f 4246/4246 3717/3717 3716/3716
f 4246/4246 3716/3716 4251/4251
f 4249/4249 4252/4252 4253/4253
f 4249/4249 4253/4253 4254/4254
f 4249/4249 4254/4254 4255/4255
f 4249/4249 4255/4255 4250/4250
f 4249/4249 4248/4248 4256/4256
f 4249/4249 4256/4256 4252/4252
f 4256/4256 4257/4257 4258/4258
f 4256/4256 4258/4258 4252/4252
f 4259/4259 4251/4251 3716/3716
f 4259/4259 3716/3716 4260/4260
f 4259/4259 4260/4260 4261/4261
f 4259/4259 4261/4261 4262/4262
f 4261/4261 3632/3632 3631/3631
f 4261/4261 3631/3631 4262/4262
f 4261/4261 4260/4260 4263/4263
f 4261/4261 4263/4263 4264/4264
f 4261/4261 4264/4264 4265/4265
f 4261/4261 4265/4265 3632/3632
f 4265/4265 4266/4266 3633/3633
f 4265/4265 3633/3633 3632/3632
f 4265/4265 4264/4264 4267/4267
f 4265/4265 4267/4267 4268/4268
f 4265/4265 4268/4268 4269/4269
f 4265/4265 4269/4269 4266/4266
f 4269/4269 4270/4270 4271/4271
f 4269/4269 4271/4271 4266/4266
f 4269/4269 4268/4268 4232/4232
f 4269/4269 4232/4232 4231/4231
f 4269/4269 4231/4231 4230/4230
f 4269/4269 4230/4230 4270/4270
f 4271/4271 4272/4272 4273/4273
f 4271/4271 4273/4273 3638/3638
f 4271/4271 3638/3638 3633/3633
f 4271/4271 3633/3633 4266/4266
f 4271/4271 4270/4270 4274/4274
f 4271/4271 4274/4274 4272/4272
f 4274/4274 4226/4226 4225/4225
f 4274/4274 4225/4225 4272/4272
f 4274/4274 4270/4270 4230/4230
f 4274/4274 4230/4230 4229/4229
f 4274/4274 4229/4229 4227/4227
f 4274/4274 4227/4227 4226/4226
f 4273/4273 4275/4275 4276/4276
f 4273/4273 4276/4276 4277/4277
f 4273/4273 4277/4277 3639/3639
f 4273/4273 3639/3639 3638/3638
f 4273/4273 4272/4272 4225/4225
f 4273/4273 4225/4225 4275/4275
f 4277/4277 4276/4276 4278/4278
f 4277/4277 4278/4278 4279/4279
f 4277/4277 4279/4279 3640/3640
f 4277/4277 3640/3640 3639/3639
f 4279/4279 4278/4278 4280/4280
f 4279/4279 4280/4280 4281/4281
f 4279/4279 4281/4281 4282/4282
f 4279/4279 4282/4282 3640/3640
f 4283/4283 4284/4284 4285/4285
f 4283/4283 4285/4285 4286/4286
f 4283/4283 4286/4286 4287/4287
f 4283/4283 4287/4287 4288/4288
f 4282/4282 4289/4289 3636/3636
f 4282/4282 3636/3636 3640/3640
f 4288/4288 4287/4287 4290/4290
f 4288/4288 4290/4290 4291/4291
f 4289/4289 4292/4292 3637/3637
f 4289/4289 3637/3637 3636/3636
f 4291/4291 4290/4290 4293/4293
f 4291/4291 4293/4293 4294/4294
f 4292/4292 4295/4295 4296/4296
f 4292/4292 4296/4296 3637/3637
f 4296/4296 4295/4295 4297/4297
f 4296/4296 4297/4297 4298/4298
f 4296/4296 4298/4298 4299/4299
f 4296/4296 4299/4299 4300/4300
f 4296/4296 4300/4300 3634/3634
f 4296/4296 3634/3634 3637/3637
f 4300/4300 4299/4299 4301/4301
f 4300/4300 4301/4301 4302/4302
f 4300/4300 4302/4302 3635/3635
f 4300/4300 3635/3635 3634/3634
f 4303/4303 4304/4304 4305/4305
f 4303/4303 4305/4305 4306/4306
f 4303/4303 4306/4306 4258/4258
f 4303/4303 4258/4258 4307/4307
f 4306/4306 4305/4305 4308/4308
f 4306/4306 4308/4308 4253/4253
f 4306/4306 4253/4253 4252/4252
f 4306/4306 4252/4252 4258/4258
f 4308/4308 4305/4305 4309/4309
f 4308/4308 4309/4309 4310/4310
f 4308/4308 4310/4310 4311/4311
f 4308/4308 4311/4311 4312/4312
f 4308/4308 4312/4312 4254/4254
f 4308/4308 4254/4254 4253/4253
f 4312/4312 4311/4311 4313/4313
f 4312/4312 4313/4313 4314/4314
f 4312/4312 4314/4314 4255/4255
f 4312/4312 4255/4255 4254/4254
f 4315/4315 4316/4316 3627/3627
f 4315/4315 3627/3627 3629/3629
f 4315/4315 3629/3629 4241/4241
f 4315/4315 4241/4241 4244/4244
f 4313/4313 4311/4311 957/957
f 4313/4313 957/957 956/956
f 4316/4316 958/958 247/247
f 4316/4316 247/247 3627/3627
f 957/957 4311/4311 4310/4310
f 957/957 4310/4310 959/959
f 959/959 4310/4310 4309/4309
f 959/959 4309/4309 960/960
f 960/960 4309/4309 4317/4317
f 960/960 4317/4317 961/961
f 963/963 4318/4318 4319/4319
f 963/963 4319/4319 964/964
f 964/964 4319/4319 4320/4320
f 964/964 4320/4320 967/967
f 967/967 4320/4320 4321/4321
f 967/967 4321/4321 969/969
f 971/971 4322/4322 3597/3597
f 971/971 3597/3597 216/216
f 4321/4321 4320/4320 4298/4298
f 4321/4321 4298/4298 4297/4297
f 4322/4322 4323/4323 3598/3598
f 4322/4322 3598/3598 3597/3597
f 4320/4320 4319/4319 4299/4299
f 4320/4320 4299/4299 4298/4298
f 4319/4319 4318/4318 4301/4301
f 4319/4319 4301/4301 4299/4299
f 4317/4317 4309/4309 4305/4305
f 4317/4317 4305/4305 4304/4304
f 4323/4323 4294/4294 4293/4293
f 4323/4323 4293/4293 3598/3598
f 4293/4293 4324/4324 3599/3599
f 4293/4293 3599/3599 3598/3598
f 4293/4293 4290/4290 4325/4325
f 4293/4293 4325/4325 4324/4324
f 4325/4325 977/977 976/976
f 4325/4325 976/976 4324/4324
f 4325/4325 4290/4290 4287/4287
f 4325/4325 4287/4287 4326/4326
f 4325/4325 4326/4326 979/979
f 4325/4325 979/979 977/977
f 979/979 4326/4326 4327/4327
f 979/979 4327/4327 980/980
f 980/980 4327/4327 4328/4328
f 980/980 4328/4328 982/982
f 982/982 4328/4328 4329/4329
f 982/982 4329/4329 984/984
f 984/984 4329/4329 4330/4330
f 984/984 4330/4330 986/986
f 986/986 4330/4330 4331/4331
f 986/986 4331/4331 988/988
f 988/988 4331/4331 3440/3440
f 988/988 3440/3440 990/990
f 990/990 3440/3440 3439/3439
f 990/990 3439/3439 67/67
f 4331/4331 4330/4330 4332/4332
f 4331/4331 4332/4332 4333/4333
f 4331/4331 4333/4333 3431/3431
f 4331/4331 3431/3431 3440/3440
f 4333/4333 4332/4332 4334/4334
f 4333/4333 4334/4334 4335/4335
f 4333/4333 4335/4335 3432/3432
f 4333/4333 3432/3432 3431/3431
f 4336/4336 4337/4337 4338/4338
f 4336/4336 4338/4338 4339/4339
f 4336/4336 4339/4339 4340/4340
f 4336/4336 4340/4340 4341/4341
f 4340/4340 4342/4342 4343/4343
f 4340/4340 4343/4343 4341/4341
f 4340/4340 4339/4339 4344/4344
f 4340/4340 4344/4344 4345/4345
f 4340/4340 4345/4345 4346/4346
f 4340/4340 4346/4346 4342/4342
f 4346/4346 4347/4347 4348/4348
f 4346/4346 4348/4348 4342/4342
f 4346/4346 4345/4345 4218/4218
f 4346/4346 4218/4218 4217/4217
f 4346/4346 4217/4217 4216/4216
f 4346/4346 4216/4216 4347/4347
f 4348/4348 4349/4349 4350/4350
f 4348/4348 4350/4350 4351/4351
f 4348/4348 4351/4351 4343/4343
f 4348/4348 4343/4343 4342/4342
f 4348/4348 4347/4347 4352/4352
f 4348/4348 4352/4352 4349/4349
f 4352/4352 4353/4353 4354/4354
f 4352/4352 4354/4354 4349/4349
f 4352/4352 4347/4347 4216/4216
f 4352/4352 4216/4216 4355/4355
f 4352/4352 4355/4355 4356/4356
f 4352/4352 4356/4356 4353/4353
f 4356/4356 4357/4357 4358/4358
f 4356/4356 4358/4358 4353/4353
f 4356/4356 4355/4355 4213/4213
f 4356/4356 4213/4213 4359/4359
f 4356/4356 4359/4359 4360/4360
f 4356/4356 4360/4360 4357/4357
f 4360/4360 4361/4361 4362/4362
f 4360/4360 4362/4362 4357/4357
f 4360/4360 4359/4359 4210/4210
f 4360/4360 4210/4210 4363/4363
f 4360/4360 4363/4363 4364/4364
f 4360/4360 4364/4364 4361/4361
f 4364/4364 4365/4365 4366/4366
f 4364/4364 4366/4366 4361/4361
f 4364/4364 4363/4363 4206/4206
f 4364/4364 4206/4206 4367/4367
f 4364/4364 4367/4367 4368/4368
f 4364/4364 4368/4368 4365/4365
f 4368/4368 4369/4369 4370/4370
f 4368/4368 4370/4370 4365/4365
f 4368/4368 4367/4367 4371/4371
f 4368/4368 4371/4371 4372/4372
f 4368/4368 4372/4372 4373/4373
f 4368/4368 4373/4373 4369/4369
f 4373/4373 4374/4374 4375/4375
f 4373/4373 4375/4375 4369/4369
f 4376/4376 4377/4377 4198/4198
f 4376/4376 4198/4198 4378/4378
f 4376/4376 4378/4378 4379/4379
f 4376/4376 4379/4379 4380/4380
f 4379/4379 3689/3689 3691/3691
f 4379/4379 3691/3691 4380/4380
f 4379/4379 4378/4378 4195/4195
f 4379/4379 4195/4195 4381/4381
f 4379/4379 4381/4381 3690/3690
f 4379/4379 3690/3690 3689/3689
f 4381/4381 4195/4195 4193/4193
f 4381/4381 4193/4193 4192/4192
f 4381/4381 4192/4192 4382/4382
f 4381/4381 4382/4382 3690/3690
f 4382/4382 4188/4188 4187/4187
f 4382/4382 4187/4187 4383/4383
f 4382/4382 4383/4383 3686/3686
f 4382/4382 3686/3686 3690/3690
f 4382/4382 4192/4192 4189/4189
f 4382/4382 4189/4189 4188/4188
f 4383/4383 4187/4187 4384/4384
f 4383/4383 4384/4384 4385/4385
f 4383/4383 4385/4385 3687/3687
f 4383/4383 3687/3687 3686/3686
f 4386/4386 4387/4387 4388/4388
f 4386/4386 4388/4388 4389/4389
f 4386/4386 4389/4389 4390/4390
f 4386/4386 4390/4390 4391/4391
f 4390/4390 4389/4389 4392/4392
f 4390/4390 4392/4392 4393/4393
f 4390/4390 4393/4393 4394/4394
f 4390/4390 4394/4394 4395/4395
f 4390/4390 4395/4395 4396/4396
f 4390/4390 4396/4396 4391/4391
f 4395/4395 4394/4394 4397/4397
f 4395/4395 4397/4397 4398/4398
f 4395/4395 4398/4398 4399/4399
f 4395/4395 4399/4399 4396/4396
f 4398/4398 4397/4397 4400/4400
f 4398/4398 4400/4400 4375/4375
f 4398/4398 4375/4375 4374/4374
f 4398/4398 4374/4374 4399/4399
f 4400/4400 4397/4397 4401/4401
f 4400/4400 4401/4401 4402/4402
f 4400/4400 4402/4402 4403/4403
f 4400/4400 4403/4403 4370/4370
f 4400/4400 4370/4370 4369/4369
f 4400/4400 4369/4369 4375/4375
f 4403/4403 4402/4402 4404/4404
f 4403/4403 4404/4404 4405/4405
f 4403/4403 4405/4405 4406/4406
f 4403/4403 4406/4406 4366/4366
f 4403/4403 4366/4366 4365/4365
f 4403/4403 4365/4365 4370/4370
f 4406/4406 4405/4405 4407/4407
f 4406/4406 4407/4407 4408/4408
f 4406/4406 4408/4408 4409/4409
f 4406/4406 4409/4409 4362/4362
f 4406/4406 4362/4362 4361/4361
f 4406/4406 4361/4361 4366/4366
f 4409/4409 4408/4408 4410/4410
f 4409/4409 4410/4410 4411/4411
f 4409/4409 4411/4411 4412/4412
f 4409/4409 4412/4412 4358/4358
f 4409/4409 4358/4358 4357/4357
f 4409/4409 4357/4357 4362/4362
f 4412/4412 4411/4411 4413/4413
f 4412/4412 4413/4413 4414/4414
f 4412/4412 4414/4414 4415/4415
f 4412/4412 4415/4415 4354/4354
f 4412/4412 4354/4354 4353/4353
f 4412/4412 4353/4353 4358/4358
f 4416/4416 4417/4417 4418/4418
f 4416/4416 4418/4418 3542/3542
f 4416/4416 3542/3542 3541/3541
f 4416/4416 3541/3541 3710/3710
f 4418/4418 4419/4419 3400/3400
f 4418/4418 3400/3400 3399/3399
f 4418/4418 3399/3399 3538/3538
f 4418/4418 3538/3538 3542/3542
f 4418/4418 4417/4417 4420/4420
f 4418/4418 4420/4420 4419/4419
f 4420/4420 4421/4421 4422/4422
f 4420/4420 4422/4422 4419/4419
f 4423/4423 4413/4413 4411/4411
f 4423/4423 4411/4411 4410/4410
f 4423/4423 4410/4410 4424/4424
f 4423/4423 4424/4424 4425/4425
f 4424/4424 4426/4426 4427/4427
f 4424/4424 4427/4427 4425/4425
f 4424/4424 4410/4410 4408/4408
f 4424/4424 4408/4408 4407/4407
f 4424/4424 4407/4407 4428/4428
f 4424/4424 4428/4428 4426/4426
f 4428/4428 4429/4429 4430/4430
f 4428/4428 4430/4430 4426/4426
f 4428/4428 4407/4407 4405/4405
f 4428/4428 4405/4405 4404/4404
f 4428/4428 4404/4404 4431/4431
f 4428/4428 4431/4431 4429/4429
f 4431/4431 4432/4432 4433/4433
f 4431/4431 4433/4433 4429/4429
f 4431/4431 4404/4404 4402/4402
f 4431/4431 4402/4402 4401/4401
f 4431/4431 4401/4401 4434/4434
f 4431/4431 4434/4434 4432/4432
f 4434/4434 4435/4435 4436/4436
f 4434/4434 4436/4436 4432/4432
f 4434/4434 4401/4401 4397/4397
f 4434/4434 4397/4397 4394/4394
f 4434/4434 4394/4394 4393/4393
f 4434/4434 4393/4393 4435/4435
f 4436/4436 4437/4437 4438/4438
f 4436/4436 4438/4438 4439/4439
f 4436/4436 4439/4439 4433/4433
f 4436/4436 4433/4433 4432/4432
f 4436/4436 4435/4435 4440/4440
f 4436/4436 4440/4440 4437/4437
f 4440/4440 4441/4441 4442/4442
f 4440/4440 4442/4442 4437/4437
f 4440/4440 4435/4435 4393/4393
f 4440/4440 4393/4393 4392/4392
f 4440/4440 4392/4392 4443/4443
f 4440/4440 4443/4443 4441/4441
f 4443/4443 4444/4444 4445/4445
f 4443/4443 4445/4445 4441/4441
f 4443/4443 4392/4392 4389/4389
f 4443/4443 4389/4389 4388/4388
f 4443/4443 4388/4388 4446/4446
f 4443/4443 4446/4446 4444/4444
f 4446/4446 4447/4447 4448/4448
f 4446/4446 4448/4448 4444/4444
f 4446/4446 4388/4388 4387/4387
f 4446/4446 4387/4387 4449/4449
f 4446/4446 4449/4449 4450/4450
f 4446/4446 4450/4450 4447/4447
f 4448/4448 4451/4451 4452/4452
f 4448/4448 4452/4452 4453/4453
f 4448/4448 4453/4453 4445/4445
f 4448/4448 4445/4445 4444/4444
f 4448/4448 4447/4447 4454/4454
f 4448/4448 4454/4454 4451/4451
f 4454/4454 4455/4455 4456/4456
f 4454/4454 4456/4456 4451/4451
f 4454/4454 4447/4447 4450/4450
f 4454/4454 4450/4450 4457/4457
f 4454/4454 4457/4457 4458/4458
f 4454/4454 4458/4458 4455/4455
f 4459/4459 4460/4460 4461/4461
f 4459/4459 4461/4461 4462/4462
f 4456/4456 4463/4463 4452/4452
f 4456/4456 4452/4452 4451/4451
f 4459/4459 4464/4464 4465/4465
f 4459/4459 4465/4465 4460/4460
f 4465/4465 4466/4466 4467/4467
f 4465/4465 4467/4467 4460/4460
f 4465/4465 4464/4464 4468/4468
f 4465/4465 4468/4468 4469/4469
f 4465/4465 4469/4469 4470/4470
f 4465/4465 4470/4470 4466/4466
f 4470/4470 4471/4471 4472/4472
f 4470/4470 4472/4472 4466/4466
f 4473/4473 4474/4474 4176/4176
f 4473/4473 4176/4176 4475/4475
f 4473/4473 4475/4475 4476/4476
f 4473/4473 4476/4476 4477/4477
f 4476/4476 4478/4478 4479/4479
f 4476/4476 4479/4479 4477/4477
f 4476/4476 4475/4475 4480/4480
f 4476/4476 4480/4480 4481/4481
f 4476/4476 4481/4481 4482/4482
f 4476/4476 4482/4482 4478/4478
f 4482/4482 4483/4483 4484/4484
f 4482/4482 4484/4484 4478/4478
f 4482/4482 4481/4481 4485/4485
f 4482/4482 4485/4485 4486/4486
f 4482/4482 4486/4486 4487/4487
f 4482/4482 4487/4487 4483/4483
f 4487/4487 4488/4488 4489/4489
f 4487/4487 4489/4489 4483/4483
f 4487/4487 4486/4486 4490/4490
f 4487/4487 4490/4490 4491/4491
f 4487/4487 4491/4491 4492/4492
f 4487/4487 4492/4492 4488/4488
f 4493/4493 4494/4494 4495/4495
f 4493/4493 4495/4495 4496/4496
f 4492/4492 4491/4491 4497/4497
f 4492/4492 4497/4497 4498/4498
f 4493/4493 4499/4499 4500/4500
f 4493/4493 4500/4500 4494/4494
f 4500/4500 4501/4501 4502/4502
f 4500/4500 4502/4502 4494/4494
f 4500/4500 4499/4499 4503/4503
f 4500/4500 4503/4503 4504/4504
f 4500/4500 4504/4504 4505/4505
f 4500/4500 4505/4505 4501/4501
f 4505/4505 4506/4506 4507/4507
f 4505/4505 4507/4507 4501/4501
f 4508/4508 4509/4509 4510/4510
f 4508/4508 4510/4510 4511/4511
f 4508/4508 4511/4511 4512/4512
f 4508/4508 4512/4512 4513/4513
f 4512/4512 4514/4514 4515/4515
f 4512/4512 4515/4515 4513/4513
f 4512/4512 4511/4511 4516/4516
f 4512/4512 4516/4516 4517/4517
f 4512/4512 4517/4517 4518/4518
f 4512/4512 4518/4518 4514/4514
f 4518/4518 4519/4519 4520/4520
f 4518/4518 4520/4520 4514/4514
f 4518/4518 4517/4517 4521/4521
f 4518/4518 4521/4521 4522/4522
f 4518/4518 4522/4522 4523/4523
f 4518/4518 4523/4523 4519/4519
f 4523/4523 4524/4524 4525/4525
f 4523/4523 4525/4525 4519/4519
f 4523/4523 4522/4522 4526/4526
f 4523/4523 4526/4526 4527/4527
f 4523/4523 4527/4527 4528/4528
f 4523/4523 4528/4528 4524/4524
f 4528/4528 4529/4529 4530/4530
f 4528/4528 4530/4530 4524/4524
f 4528/4528 4527/4527 4531/4531
f 4528/4528 4531/4531 4532/4532
f 4528/4528 4532/4532 4533/4533
f 4528/4528 4533/4533 4529/4529
f 4533/4533 4534/4534 4535/4535
f 4533/4533 4535/4535 4529/4529
f 4533/4533 4532/4532 4536/4536
f 4533/4533 4536/4536 4537/4537
f 4533/4533 4537/4537 4538/4538
f 4533/4533 4538/4538 4534/4534
f 4538/4538 4539/4539 4540/4540
f 4538/4538 4540/4540 4534/4534
f 4538/4538 4537/4537 4541/4541
f 4538/4538 4541/4541 4542/4542
f 4538/4538 4542/4542 4543/4543
f 4538/4538 4543/4543 4539/4539
f 4544/4544 4545/4545 4546/4546
f 4544/4544 4546/4546 4547/4547
f 4543/4543 4542/4542 4548/4548
f 4543/4543 4548/4548 4549/4549
f 4544/4544 4550/4550 4551/4551
f 4544/4544 4551/4551 4545/4545
f 4551/4551 4552/4552 4553/4553
f 4551/4551 4553/4553 4545/4545
f 4551/4551 4550/4550 4554/4554
f 4551/4551 4554/4554 4555/4555
f 4551/4551 4555/4555 4556/4556
f 4551/4551 4556/4556 4552/4552
f 4556/4556 4557/4557 4558/4558
f 4556/4556 4558/4558 4552/4552
f 4556/4556 4555/4555 4559/4559
f 4556/4556 4559/4559 4560/4560
f 4556/4556 4560/4560 4561/4561
f 4556/4556 4561/4561 4557/4557
f 4561/4561 4562/4562 4563/4563
f 4561/4561 4563/4563 4557/4557
f 4561/4561 4560/4560 4564/4564
f 4561/4561 4564/4564 4565/4565
f 4561/4561 4565/4565 4566/4566
f 4561/4561 4566/4566 4562/4562
f 4566/4566 4567/4567 4568/4568
f 4566/4566 4568/4568 4562/4562
f 4569/4569 4570/4570 4571/4571
f 4569/4569 4571/4571 4572/4572
f 4569/4569 4572/4572 3528/3528
f 4569/4569 3528/3528 3532/3532
f 4572/4572 4571/4571 4573/4573
f 4572/4572 4573/4573 3750/3750
f 4572/4572 3750/3750 3529/3529
f 4572/4572 3529/3529 3528/3528
f 4573/4573 4571/4571 4574/4574
f 4573/4573 4574/4574 4575/4575
f 4573/4573 4575/4575 4102/4102
f 4573/4573 4102/4102 4576/4576
f 4573/4573 4576/4576 3748/3748
f 4573/4573 3748/3748 3750/3750
f 4576/4576 4102/4102 4100/4100
f 4576/4576 4100/4100 4099/4099
f 4576/4576 4099/4099 3749/3749
f 4576/4576 3749/3749 3748/3748
f 4575/4575 4574/4574 4577/4577
f 4575/4575 4577/4577 4106/4106
f 4575/4575 4106/4106 4103/4103
f 4575/4575 4103/4103 4102/4102
f 4577/4577 4574/4574 4578/4578
f 4577/4577 4578/4578 4579/4579
f 4577/4577 4579/4579 4580/4580
f 4577/4577 4580/4580 4581/4581
f 4577/4577 4581/4581 4107/4107
f 4577/4577 4107/4107 4106/4106
f 4582/4582 4583/4583 4559/4559
f 4582/4582 4559/4559 4584/4584
f 4585/4585 4586/4586 4587/4587
f 4585/4585 4587/4587 4588/4588
f 4589/4589 4114/4114 4112/4112
f 4589/4589 4112/4112 4111/4111
f 4587/4587 4586/4586 4590/4590
f 4587/4587 4590/4590 4591/4591
f 4587/4587 4591/4591 4592/4592
f 4587/4587 4592/4592 4119/4119
f 4587/4587 4119/4119 4118/4118
f 4587/4587 4118/4118 4588/4588
f 4592/4592 4591/4591 4548/4548
f 4592/4592 4548/4548 4593/4593
f 4592/4592 4593/4593 4594/4594
f 4592/4592 4594/4594 4123/4123
f 4592/4592 4123/4123 4120/4120
f 4592/4592 4120/4120 4119/4119
f 4594/4594 4593/4593 4541/4541
f 4594/4594 4541/4541 4595/4595
f 4594/4594 4595/4595 4596/4596
f 4594/4594 4596/4596 4126/4126
f 4594/4594 4126/4126 4124/4124
f 4594/4594 4124/4124 4123/4123
f 4596/4596 4595/4595 4536/4536
f 4596/4596 4536/4536 4597/4597
f 4596/4596 4597/4597 4598/4598
f 4596/4596 4598/4598 4129/4129
f 4596/4596 4129/4129 4127/4127
f 4596/4596 4127/4127 4126/4126
f 4598/4598 4597/4597 4531/4531
f 4598/4598 4531/4531 4599/4599
f 4598/4598 4599/4599 4600/4600
f 4598/4598 4600/4600 4132/4132
f 4598/4598 4132/4132 4130/4130
f 4598/4598 4130/4130 4129/4129
f 4600/4600 4599/4599 4526/4526
f 4600/4600 4526/4526 4601/4601
f 4600/4600 4601/4601 4602/4602
f 4600/4600 4602/4602 4135/4135
f 4600/4600 4135/4135 4133/4133
f 4600/4600 4133/4133 4132/4132
f 4602/4602 4601/4601 4521/4521
f 4602/4602 4521/4521 4603/4603
f 4602/4602 4603/4603 4604/4604
f 4602/4602 4604/4604 4139/4139
f 4602/4602 4139/4139 4136/4136
f 4602/4602 4136/4136 4135/4135
f 4604/4604 4603/4603 4516/4516
f 4604/4604 4516/4516 4605/4605
f 4604/4604 4605/4605 4606/4606
f 4604/4604 4606/4606 4607/4607
f 4604/4604 4607/4607 4140/4140
f 4604/4604 4140/4140 4139/4139
f 4606/4606 4605/4605 4510/4510
f 4606/4606 4510/4510 4608/4608
f 4609/4609 4610/4610 4611/4611
f 4609/4609 4611/4611 4149/4149
f 4609/4609 4149/4149 4147/4147
f 4609/4609 4147/4147 4146/4146
f 4611/4611 4610/4610 4612/4612
f 4611/4611 4612/4612 4613/4613
f 4611/4611 4613/4613 4614/4614
f 4611/4611 4614/4614 4152/4152
f 4611/4611 4152/4152 4150/4150
f 4611/4611 4150/4150 4149/4149
f 4615/4615 4616/4616 4497/4497
f 4615/4615 4497/4497 4617/4617
f 4615/4615 4617/4617 4618/4618
f 4615/4615 4618/4618 4619/4619
f 4614/4614 4155/4155 4153/4153
f 4614/4614 4153/4153 4152/4152
f 4618/4618 4617/4617 4490/4490
f 4618/4618 4490/4490 4620/4620
f 4618/4618 4620/4620 4621/4621
f 4618/4618 4621/4621 4160/4160
f 4618/4618 4160/4160 4159/4159
f 4618/4618 4159/4159 4619/4619
f 4621/4621 4620/4620 4485/4485
f 4621/4621 4485/4485 4622/4622
f 4621/4621 4622/4622 4170/4170
f 4621/4621 4170/4170 4165/4165
f 4621/4621 4165/4165 4161/4161
f 4621/4621 4161/4161 4160/4160
f 4622/4622 4485/4485 4481/4481
f 4622/4622 4481/4481 4480/4480
f 4622/4622 4480/4480 4173/4173
f 4622/4622 4173/4173 4170/4170
f 4620/4620 4490/4490 4486/4486
f 4620/4620 4486/4486 4485/4485
f 4617/4617 4497/4497 4491/4491
f 4617/4617 4491/4491 4490/4490
f 4616/4616 4623/4623 4498/4498
f 4616/4616 4498/4498 4497/4497
f 4608/4608 4510/4510 4509/4509
f 4608/4608 4509/4509 4624/4624
f 4605/4605 4516/4516 4511/4511
f 4605/4605 4511/4511 4510/4510
f 4603/4603 4521/4521 4517/4517
f 4603/4603 4517/4517 4516/4516
f 4601/4601 4526/4526 4522/4522
f 4601/4601 4522/4522 4521/4521
f 4599/4599 4531/4531 4527/4527
f 4599/4599 4527/4527 4526/4526
f 4597/4597 4536/4536 4532/4532
f 4597/4597 4532/4532 4531/4531
f 4595/4595 4541/4541 4537/4537
f 4595/4595 4537/4537 4536/4536
f 4593/4593 4548/4548 4542/4542
f 4593/4593 4542/4542 4541/4541
f 4591/4591 4590/4590 4549/4549
f 4591/4591 4549/4549 4548/4548
f 4584/4584 4559/4559 4555/4555
f 4584/4584 4555/4555 4554/4554
f 4583/4583 4564/4564 4560/4560
f 4583/4583 4560/4560 4559/4559
f 4574/4574 4571/4571 4570/4570
f 4574/4574 4570/4570 4578/4578
f 4568/4568 4625/4625 4626/4626
f 4568/4568 4626/4626 4627/4627
f 4568/4568 4627/4627 4563/4563
f 4568/4568 4563/4563 4562/4562
f 4568/4568 4567/4567 4628/4628
f 4568/4568 4628/4628 4625/4625
f 4627/4627 4626/4626 4629/4629
f 4627/4627 4629/4629 4630/4630
f 4627/4627 4630/4630 4631/4631
f 4627/4627 4631/4631 4563/4563
f 4631/4631 4630/4630 4632/4632
f 4631/4631 4632/4632 4633/4633
f 4631/4631 4633/4633 4634/4634
f 4631/4631 4634/4634 4558/4558
f 4631/4631 4558/4558 4557/4557
f 4631/4631 4557/4557 4563/4563
f 4634/4634 4633/4633 4635/4635
f 4634/4634 4635/4635 4636/4636
f 4634/4634 4636/4636 4637/4637
f 4634/4634 4637/4637 4553/4553
f 4634/4634 4553/4553 4552/4552
f 4634/4634 4552/4552 4558/4558
f 4637/4637 4636/4636 4638/4638
f 4637/4637 4638/4638 4639/4639
f 4637/4637 4639/4639 4640/4640
f 4637/4637 4640/4640 4546/4546
f 4637/4637 4546/4546 4545/4545
f 4637/4637 4545/4545 4553/4553
f 4640/4640 4639/4639 4641/4641
f 4640/4640 4641/4641 4642/4642
f 4640/4640 4642/4642 4643/4643
f 4640/4640 4643/4643 4644/4644
f 4640/4640 4644/4644 4547/4547
f 4640/4640 4547/4547 4546/4546
f 4643/4643 4642/4642 4645/4645
f 4643/4643 4645/4645 4646/4646
f 4647/4647 4648/4648 4649/4649
f 4647/4647 4649/4649 4535/4535
f 4647/4647 4535/4535 4534/4534
f 4647/4647 4534/4534 4540/4540
f 4649/4649 4648/4648 4650/4650
f 4649/4649 4650/4650 4651/4651
f 4649/4649 4651/4651 4652/4652
f 4649/4649 4652/4652 4530/4530
f 4649/4649 4530/4530 4529/4529
f 4649/4649 4529/4529 4535/4535
f 4652/4652 4651/4651 4653/4653
f 4652/4652 4653/4653 4654/4654
f 4652/4652 4654/4654 4655/4655
f 4652/4652 4655/4655 4525/4525
f 4652/4652 4525/4525 4524/4524
f 4652/4652 4524/4524 4530/4530
f 4655/4655 4654/4654 4656/4656
f 4655/4655 4656/4656 4657/4657
f 4655/4655 4657/4657 4658/4658
f 4655/4655 4658/4658 4520/4520
f 4655/4655 4520/4520 4519/4519
f 4655/4655 4519/4519 4525/4525
f 4659/4659 4660/4660 4661/4661
f 4659/4659 4661/4661 4662/4662
f 4659/4659 4662/4662 4663/4663
f 4659/4659 4663/4663 4664/4664
f 4658/4658 4515/4515 4514/4514
f 4658/4658 4514/4514 4520/4520
f 4663/4663 4662/4662 4665/4665
f 4663/4663 4665/4665 4666/4666
f 4663/4663 4666/4666 4667/4667
f 4663/4663 4667/4667 4507/4507
f 4663/4663 4507/4507 4506/4506
f 4663/4663 4506/4506 4664/4664
f 4667/4667 4666/4666 4668/4668
f 4667/4667 4668/4668 4669/4669
f 4667/4667 4669/4669 4670/4670
f 4667/4667 4670/4670 4502/4502
f 4667/4667 4502/4502 4501/4501
f 4667/4667 4501/4501 4507/4507
f 4670/4670 4669/4669 4671/4671
f 4670/4670 4671/4671 4672/4672
f 4670/4670 4672/4672 4673/4673
f 4670/4670 4673/4673 4495/4495
f 4670/4670 4495/4495 4494/4494
f 4670/4670 4494/4494 4502/4502
f 4673/4673 4672/4672 4674/4674
f 4673/4673 4674/4674 4675/4675
f 4673/4673 4675/4675 4676/4676
f 4673/4673 4676/4676 4677/4677
f 4673/4673 4677/4677 4496/4496
f 4673/4673 4496/4496 4495/4495
f 4676/4676 4675/4675 4678/4678
f 4676/4676 4678/4678 4679/4679
f 4680/4680 4681/4681 4682/4682
f 4680/4680 4682/4682 4484/4484
f 4680/4680 4484/4484 4483/4483
f 4680/4680 4483/4483 4489/4489
f 4683/4683 4684/4684 4685/4685
f 4683/4683 4685/4685 4686/4686
f 4683/4683 4686/4686 4687/4687
f 4683/4683 4687/4687 4688/4688
f 4682/4682 4479/4479 4478/4478
f 4682/4682 4478/4478 4484/4484
f 4687/4687 4686/4686 4689/4689
f 4687/4687 4689/4689 4690/4690
f 4687/4687 4690/4690 4691/4691
f 4687/4687 4691/4691 4472/4472
f 4687/4687 4472/4472 4471/4471
f 4687/4687 4471/4471 4688/4688
f 4691/4691 4690/4690 4692/4692
f 4691/4691 4692/4692 4693/4693
f 4691/4691 4693/4693 4694/4694
f 4691/4691 4694/4694 4467/4467
f 4691/4691 4467/4467 4466/4466
f 4691/4691 4466/4466 4472/4472
f 4694/4694 4693/4693 4695/4695
f 4694/4694 4695/4695 4696/4696
f 4694/4694 4696/4696 4697/4697
f 4694/4694 4697/4697 4461/4461
f 4694/4694 4461/4461 4460/4460
f 4694/4694 4460/4460 4467/4467
f 4697/4697 4696/4696 4698/4698
f 4697/4697 4698/4698 4699/4699
f 4697/4697 4699/4699 4700/4700
f 4697/4697 4700/4700 4701/4701
f 4697/4697 4701/4701 4462/4462
f 4697/4697 4462/4462 4461/4461
f 4702/4702 4703/4703 4704/4704
f 4702/4702 4704/4704 4705/4705
f 4702/4702 4705/4705 4452/4452
f 4702/4702 4452/4452 4463/4463
f 4705/4705 4704/4704 4706/4706
f 4705/4705 4706/4706 4707/4707
f 4705/4705 4707/4707 4453/4453
f 4705/4705 4453/4453 4452/4452
f 4707/4707 4706/4706 4708/4708
f 4707/4707 4708/4708 4709/4709
f 4707/4707 4709/4709 4445/4445
f 4707/4707 4445/4445 4453/4453
f 4709/4709 4708/4708 4710/4710
f 4709/4709 4710/4710 4442/4442
f 4709/4709 4442/4442 4441/4441
f 4709/4709 4441/4441 4445/4445
f 4710/4710 4708/4708 4711/4711
f 4710/4710 4711/4711 4712/4712
f 4710/4710 4712/4712 4713/4713
f 4710/4710 4713/4713 4438/4438
f 4710/4710 4438/4438 4437/4437
f 4710/4710 4437/4437 4442/4442
f 4713/4713 4712/4712 4714/4714
f 4713/4713 4714/4714 4715/4715
f 4713/4713 4715/4715 4716/4716
f 4713/4713 4716/4716 4717/4717
f 4713/4713 4717/4717 4439/4439
f 4713/4713 4439/4439 4438/4438
f 4717/4717 4716/4716 4718/4718
f 4717/4717 4718/4718 4719/4719
f 4717/4717 4719/4719 4433/4433
f 4717/4717 4433/4433 4439/4439
f 4719/4719 4718/4718 4720/4720
f 4719/4719 4720/4720 4430/4430
f 4719/4719 4430/4430 4429/4429
f 4719/4719 4429/4429 4433/4433
f 4721/4721 4722/4722 3698/3698
f 4721/4721 3698/3698 4723/4723
f 4721/4721 4723/4723 4724/4724
f 4721/4721 4724/4724 4725/4725
f 4720/4720 4427/4427 4426/4426
f 4720/4720 4426/4426 4430/4430
f 4724/4724 4723/4723 4726/4726
f 4724/4724 4726/4726 4727/4727
f 4724/4724 4727/4727 3401/3401
f 4724/4724 3401/3401 4422/4422
f 4724/4724 4422/4422 4421/4421
f 4724/4724 4421/4421 4725/4725
f 4727/4727 4726/4726 4728/4728
f 4727/4727 4728/4728 4729/4729
f 4727/4727 4729/4729 3402/3402
f 4727/4727 3402/3402 3401/3401
f 4730/4730 4731/4731 4732/4732
f 4730/4730 4732/4732 4733/4733
f 4730/4730 4733/4733 3398/3398
f 4730/4730 3398/3398 3397/3397
f 4733/4733 4732/4732 4734/4734
f 4733/4733 4734/4734 4735/4735
f 4733/4733 4735/4735 4736/4736
f 4733/4733 4736/4736 3398/3398
f 4736/4736 4735/4735 4737/4737
f 4736/4736 4737/4737 4738/4738
f 4736/4736 4738/4738 4739/4739
f 4736/4736 4739/4739 4740/4740
f 4736/4736 4740/4740 3394/3394
f 4736/4736 3394/3394 3398/3398
f 4740/4740 4739/4739 4741/4741
f 4740/4740 4741/4741 4742/4742
f 4740/4740 4742/4742 3395/3395
f 4740/4740 3395/3395 3394/3394
f 4742/4742 4741/4741 4743/4743
f 4742/4742 4743/4743 4744/4744
f 4742/4742 4744/4744 4745/4745
f 4742/4742 4745/4745 3395/3395
f 4745/4745 4746/4746 3396/3396
f 4745/4745 3396/3396 3395/3395
f 4745/4745 4744/4744 4747/4747
f 4745/4745 4747/4747 4748/4748
f 4745/4745 4748/4748 4749/4749
f 4745/4745 4749/4749 4746/4746
f 4750/4750 3436/3436 3711/3711
f 4750/4750 3711/3711 4751/4751
f 4749/4749 4748/4748 3642/3642
f 4749/4749 3642/3642 3641/3641
f 4750/4750 3641/3641 3437/3437
f 4750/4750 3437/3437 3436/3436
f 4748/4748 4747/4747 4752/4752
f 4748/4748 4752/4752 3642/3642
f 4752/4752 4747/4747 4753/4753
f 4752/4752 4753/4753 4754/4754
f 4752/4752 4754/4754 4755/4755
f 4752/4752 4755/4755 4756/4756
f 4752/4752 4756/4756 3457/3457
f 4752/4752 3457/3457 3642/3642
f 4756/4756 4755/4755 4757/4757
f 4756/4756 4757/4757 4758/4758
f 4756/4756 4758/4758 3458/3458
f 4756/4756 3458/3458 3457/3457
f 4758/4758 4757/4757 1419/1419
f 4758/4758 1419/1419 1418/1418
f 4758/4758 1418/1418 74/74
f 4758/4758 74/74 3458/3458
f 1419/1419 4757/4757 4759/4759
f 1419/1419 4759/4759 1420/1420
f 1420/1420 4759/4759 4760/4760
f 1420/1420 4760/4760 1422/1422
f 1422/1422 4760/4760 4761/4761
f 1422/1422 4761/4761 1424/1424
f 1424/1424 4761/4761 4762/4762
f 1424/1424 4762/4762 1426/1426
f 1426/1426 4762/4762 4763/4763
f 1426/1426 4763/4763 1428/1428
f 1428/1428 4763/4763 4764/4764
f 1428/1428 4764/4764 1430/1430
f 1432/1432 4765/4765 4766/4766
f 1432/1432 4766/4766 1433/1433
f 1433/1433 4766/4766 4767/4767
f 1433/1433 4767/4767 1436/1436
f 1436/1436 4767/4767 4768/4768
f 1436/1436 4768/4768 1438/1438
f 1438/1438 4768/4768 4769/4769
f 1438/1438 4769/4769 1440/1440
f 1440/1440 4769/4769 4770/4770
f 1440/1440 4770/4770 1442/1442
f 1442/1442 4770/4770 4771/4771
f 1442/1442 4771/4771 1444/1444
f 1444/1444 4771/4771 4772/4772
f 1444/1444 4772/4772 1446/1446
f 1446/1446 4772/4772 4773/4773
f 1446/1446 4773/4773 1448/1448
f 1448/1448 4773/4773 4774/4774
f 1448/1448 4774/4774 1450/1450
f 1450/1450 4774/4774 4775/4775
f 1450/1450 4775/4775 1452/1452
f 1452/1452 4775/4775 4776/4776
f 1452/1452 4776/4776 1454/1454
f 1454/1454 4776/4776 4777/4777
f 1454/1454 4777/4777 1456/1456
f 1456/1456 4777/4777 3505/3505
f 1456/1456 3505/3505 1458/1458
f 1458/1458 3505/3505 3504/3504
f 1458/1458 3504/3504 1459/1459
f 1460/1460 4778/4778 4779/4779
f 1460/1460 4779/4779 1461/1461
f 1461/1461 4779/4779 4780/4780
f 1461/1461 4780/4780 1464/1464
f 1464/1464 4780/4780 4781/4781
f 1464/1464 4781/4781 1466/1466
f 1466/1466 4781/4781 4782/4782
f 1466/1466 4782/4782 1468/1468
f 1468/1468 4782/4782 4783/4783
f 1468/1468 4783/4783 1470/1470
f 1470/1470 4783/4783 4784/4784
f 1470/1470 4784/4784 1472/1472
f 1474/1474 4785/4785 4786/4786
f 1474/1474 4786/4786 1475/1475
f 1478/1478 4787/4787 4788/4788
f 1478/1478 4788/4788 1479/1479
f 1479/1479 4788/4788 4789/4789
f 1479/1479 4789/4789 1482/1482
f 1482/1482 4789/4789 4790/4790
f 1482/1482 4790/4790 1484/1484
f 1484/1484 4790/4790 4791/4791
f 1484/1484 4791/4791 1486/1486
f 1486/1486 4791/4791 3707/3707
f 1486/1486 3707/3707 1488/1488
f 1488/1488 3707/3707 3706/3706
f 1488/1488 3706/3706 1489/1489
f 1490/1490 3702/3702 3701/3701
f 1490/1490 3701/3701 1491/1491
f 1491/1491 3701/3701 4792/4792
f 1491/1491 4792/4792 1492/1492
f 1492/1492 4792/4792 4793/4793
f 1492/1492 4793/4793 1494/1494
f 1494/1494 4793/4793 4794/4794
f 1494/1494 4794/4794 1496/1496
f 1496/1496 4794/4794 4795/4795
f 1496/1496 4795/4795 1498/1498
f 1498/1498 4795/4795 4796/4796
f 1498/1498 4796/4796 1500/1500
f 1500/1500 4796/4796 4797/4797
f 1500/1500 4797/4797 1502/1502
f 1502/1502 4797/4797 4798/4798
f 1502/1502 4798/4798 1504/1504
f 1504/1504 4798/4798 4799/4799
f 1504/1504 4799/4799 1506/1506
f 1506/1506 4799/4799 3796/3796
f 1506/1506 3796/3796 1508/1508
f 1508/1508 3796/3796 3795/3795
f 1508/1508 3795/3795 1509/1509
f 1509/1509 3795/3795 3804/3804
f 1509/1509 3804/3804 1510/1510
f 1510/1510 3804/3804 4800/4800
f 1510/1510 4800/4800 1511/1511
f 1511/1511 4800/4800 4801/4801
f 1511/1511 4801/4801 1513/1513
f 1513/1513 4801/4801 4802/4802
f 1513/1513 4802/4802 1515/1515
f 1515/1515 4802/4802 4803/4803
f 1515/1515 4803/4803 1517/1517
f 1517/1517 4803/4803 4804/4804
f 1517/1517 4804/4804 1519/1519
f 1519/1519 4804/4804 3817/3817
f 1519/1519 3817/3817 1521/1521
f 1521/1521 3817/3817 3816/3816
f 1521/1521 3816/3816 1522/1522
f 4804/4804 3823/3823 3818/3818
f 4804/4804 3818/3818 3817/3817
f 4804/4804 4803/4803 4805/4805
f 4804/4804 4805/4805 3823/3823
f 4805/4805 3828/3828 3824/3824
f 4805/4805 3824/3824 3823/3823
f 4805/4805 4803/4803 4802/4802
f 4805/4805 4802/4802 4806/4806
f 4805/4805 4806/4806 4807/4807
f 4805/4805 4807/4807 3828/3828
f 4807/4807 3833/3833 3829/3829
f 4807/4807 3829/3829 3828/3828
f 4807/4807 4806/4806 4808/4808
f 4807/4807 4808/4808 4809/4809
f 4807/4807 4809/4809 4810/4810
f 4807/4807 4810/4810 3833/3833
f 4810/4810 3838/3838 3834/3834
f 4810/4810 3834/3834 3833/3833
f 4810/4810 4809/4809 4811/4811
f 4810/4810 4811/4811 4812/4812
f 4810/4810 4812/4812 4813/4813
f 4810/4810 4813/4813 3838/3838
f 4813/4813 3843/3843 3839/3839
f 4813/4813 3839/3839 3838/3838
f 4813/4813 4812/4812 4814/4814
f 4813/4813 4814/4814 4815/4815
f 4813/4813 4815/4815 4816/4816
f 4813/4813 4816/4816 3843/3843
f 4816/4816 3847/3847 3844/3844
f 4816/4816 3844/3844 3843/3843
f 4816/4816 4815/4815 4817/4817
f 4816/4816 4817/4817 4818/4818
f 4816/4816 4818/4818 3849/3849
f 4816/4816 3849/3849 3847/3847
f 4818/4818 4817/4817 4819/4819
f 4818/4818 4819/4819 4820/4820
f 4818/4818 4820/4820 4821/4821
f 4818/4818 4821/4821 3849/3849
f 4821/4821 3853/3853 3850/3850
f 4821/4821 3850/3850 3849/3849
f 4822/4822 4823/4823 4824/4824
f 4822/4822 4824/4824 4825/4825
f 4822/4822 4825/4825 4826/4826
f 4822/4822 4826/4826 4827/4827
f 4826/4826 3860/3860 3859/3859
f 4826/4826 3859/3859 4827/4827
f 4826/4826 4825/4825 4828/4828
f 4826/4826 4828/4828 4829/4829
f 4826/4826 4829/4829 4830/4830
f 4826/4826 4830/4830 3860/3860
f 4830/4830 3866/3866 3861/3861
f 4830/4830 3861/3861 3860/3860
f 4830/4830 4829/4829 4831/4831
f 4830/4830 4831/4831 4832/4832
f 4830/4830 4832/4832 4833/4833
f 4830/4830 4833/4833 3866/3866
f 4833/4833 3873/3873 3867/3867
f 4833/4833 3867/3867 3866/3866
f 4833/4833 4832/4832 4834/4834
f 4833/4833 4834/4834 4835/4835
f 4833/4833 4835/4835 4836/4836
f 4833/4833 4836/4836 3873/3873
f 4836/4836 4837/4837 3874/3874
f 4836/4836 3874/3874 3873/3873
f 4836/4836 4835/4835 4838/4838
f 4836/4836 4838/4838 4839/4839
f 4836/4836 4839/4839 4840/4840
f 4836/4836 4840/4840 4837/4837
f 4841/4841 3884/3884 3880/3880
f 4841/4841 3880/3880 3879/3879
f 4840/4840 4839/4839 4842/4842
f 4840/4840 4842/4842 4843/4843
f 4844/4844 4845/4845 4846/4846
f 4844/4844 4846/4846 4847/4847
f 4846/4846 3891/3891 3890/3890
f 4846/4846 3890/3890 4847/4847
f 4846/4846 4845/4845 4848/4848
f 4846/4846 4848/4848 4849/4849
f 4846/4846 4849/4849 4850/4850
f 4846/4846 4850/4850 3891/3891
f 4850/4850 3897/3897 3892/3892
f 4850/4850 3892/3892 3891/3891
f 4850/4850 4849/4849 4851/4851
f 4850/4850 4851/4851 4852/4852
f 4850/4850 4852/4852 4853/4853
f 4850/4850 4853/4853 3897/3897
f 4853/4853 3902/3902 3898/3898
f 4853/4853 3898/3898 3897/3897
f 4853/4853 4852/4852 4854/4854
f 4853/4853 4854/4854 4855/4855
f 4853/4853 4855/4855 4856/4856
f 4853/4853 4856/4856 3902/3902
f 4856/4856 3909/3909 3903/3903
f 4856/4856 3903/3903 3902/3902
f 4856/4856 4855/4855 4857/4857
f 4856/4856 4857/4857 4858/4858
f 4856/4856 4858/4858 4859/4859
f 4856/4856 4859/4859 3909/3909
f 4859/4859 4860/4860 3910/3910
f 4859/4859 3910/3910 3909/3909
f 4859/4859 4858/4858 4861/4861
f 4859/4859 4861/4861 4862/4862
f 4859/4859 4862/4862 4863/4863
f 4859/4859 4863/4863 4860/4860
f 4864/4864 3920/3920 3916/3916
f 4864/4864 3916/3916 3915/3915
f 4865/4865 4866/4866 4867/4867
f 4865/4865 4867/4867 4868/4868
f 4869/4869 4870/4870 4871/4871
f 4869/4869 4871/4871 4872/4872
f 4871/4871 3927/3927 3926/3926
f 4871/4871 3926/3926 4872/4872
f 4871/4871 4870/4870 4873/4873
f 4871/4871 4873/4873 4874/4874
f 4871/4871 4874/4874 4875/4875
f 4871/4871 4875/4875 3927/3927
f 4875/4875 3933/3933 3928/3928
f 4875/4875 3928/3928 3927/3927
f 4875/4875 4874/4874 4876/4876
f 4875/4875 4876/4876 4877/4877
f 4875/4875 4877/4877 4878/4878
f 4875/4875 4878/4878 3933/3933
f 4878/4878 3938/3938 3934/3934
f 4878/4878 3934/3934 3933/3933
f 4878/4878 4877/4877 4879/4879
f 4878/4878 4879/4879 4880/4880
f 4878/4878 4880/4880 4881/4881
f 4878/4878 4881/4881 3938/3938
f 4881/4881 3943/3943 3939/3939
f 4881/4881 3939/3939 3938/3938
f 4881/4881 4880/4880 4882/4882
f 4881/4881 4882/4882 4883/4883
f 4881/4881 4883/4883 4884/4884
f 4881/4881 4884/4884 3943/3943
f 4884/4884 3948/3948 3944/3944
f 4884/4884 3944/3944 3943/3943
f 4884/4884 4883/4883 4885/4885
f 4884/4884 4885/4885 4886/4886
f 4884/4884 4886/4886 4887/4887
f 4884/4884 4887/4887 3948/3948
f 4887/4887 3953/3953 3949/3949
f 4887/4887 3949/3949 3948/3948
f 4887/4887 4886/4886 4888/4888
f 4887/4887 4888/4888 4889/4889
f 4887/4887 4889/4889 4890/4890
f 4887/4887 4890/4890 3953/3953
f 4890/4890 3960/3960 3954/3954
f 4890/4890 3954/3954 3953/3953
f 4891/4891 4892/4892 4893/4893
f 4891/4891 4893/4893 4894/4894
f 4891/4891 4894/4894 4895/4895
f 4891/4891 4895/4895 4896/4896
f 4895/4895 4897/4897 4898/4898
f 4895/4895 4898/4898 4896/4896
f 4895/4895 4894/4894 4899/4899
f 4895/4895 4899/4899 4900/4900
f 4895/4895 4900/4900 4901/4901
f 4895/4895 4901/4901 4897/4897
f 4902/4902 3974/3974 3969/3969
f 4902/4902 3969/3969 3968/3968
f 4901/4901 4900/4900 4903/4903
f 4901/4901 4903/4903 4904/4904
f 4902/4902 4905/4905 4906/4906
f 4902/4902 4906/4906 3974/3974
f 4906/4906 3979/3979 3975/3975
f 4906/4906 3975/3975 3974/3974
f 4906/4906 4905/4905 4907/4907
f 4906/4906 4907/4907 4908/4908
f 4906/4906 4908/4908 4909/4909
f 4906/4906 4909/4909 3979/3979
f 4909/4909 3984/3984 3980/3980
f 4909/4909 3980/3980 3979/3979
f 4909/4909 4908/4908 4910/4910
f 4909/4909 4910/4910 4911/4911
f 4909/4909 4911/4911 4912/4912
f 4909/4909 4912/4912 3984/3984
f 4912/4912 3989/3989 3985/3985
f 4912/4912 3985/3985 3984/3984
f 4912/4912 4911/4911 4913/4913
f 4912/4912 4913/4913 4914/4914
f 4912/4912 4914/4914 4915/4915
f 4912/4912 4915/4915 3989/3989
f 4915/4915 3994/3994 3990/3990
f 4915/4915 3990/3990 3989/3989
f 4916/4916 4917/4917 3554/3554
f 4916/4916 3554/3554 3553/3553
f 4916/4916 3553/3553 3557/3557
f 4916/4916 3557/3557 4918/4918
f 4917/4917 4919/4919 4920/4920
f 4917/4917 4920/4920 3554/3554
f 4920/4920 4919/4919 4921/4921
f 4920/4920 4921/4921 4922/4922
f 4920/4920 4922/4922 4923/4923
f 4920/4920 4923/4923 4924/4924
f 4920/4920 4924/4924 3555/3555
f 4920/4920 3555/3555 3554/3554
f 4924/4924 4923/4923 4645/4645
f 4924/4924 4645/4645 4925/4925
f 4924/4924 4925/4925 3559/3559
f 4924/4924 3559/3559 3555/3555
f 4925/4925 4645/4645 4642/4642
f 4925/4925 4642/4642 4641/4641
f 4925/4925 4641/4641 4926/4926
f 4925/4925 4926/4926 3559/3559
f 4926/4926 4927/4927 3560/3560
f 4926/4926 3560/3560 3559/3559
f 4926/4926 4641/4641 4639/4639
f 4926/4926 4639/4639 4638/4638
f 4926/4926 4638/4638 4928/4928
f 4926/4926 4928/4928 4927/4927
f 4928/4928 4929/4929 3508/3508
f 4928/4928 3508/3508 4927/4927
f 4928/4928 4638/4638 4636/4636
f 4928/4928 4636/4636 4635/4635
f 4928/4928 4635/4635 4930/4930
f 4928/4928 4930/4930 4929/4929
f 4930/4930 4931/4931 4932/4932
f 4930/4930 4932/4932 4929/4929
f 4930/4930 4635/4635 4633/4633
f 4930/4930 4633/4633 4632/4632
f 4930/4930 4632/4632 4933/4933
f 4930/4930 4933/4933 4931/4931
f 4934/4934 4935/4935 4936/4936
f 4934/4934 4936/4936 4937/4937
f 4933/4933 4632/4632 4630/4630
f 4933/4933 4630/4630 4629/4629
f 4934/4934 4938/4938 4939/4939
f 4934/4934 4939/4939 4935/4935
f 4939/4939 4940/4940 4941/4941
f 4939/4939 4941/4941 4935/4935
f 4939/4939 4938/4938 4942/4942
f 4939/4939 4942/4942 4943/4943
f 4939/4939 4943/4943 4944/4944
f 4939/4939 4944/4944 4940/4940
f 4944/4944 4945/4945 4946/4946
f 4944/4944 4946/4946 4940/4940
f 4944/4944 4943/4943 4947/4947
f 4944/4944 4947/4947 4948/4948
f 4944/4944 4948/4948 4949/4949
f 4944/4944 4949/4949 4945/4945
f 4949/4949 4950/4950 4951/4951
f 4949/4949 4951/4951 4945/4945
f 4949/4949 4948/4948 4952/4952
f 4949/4949 4952/4952 4953/4953
f 4949/4949 4953/4953 4954/4954
f 4949/4949 4954/4954 4950/4950
f 4954/4954 4955/4955 4956/4956
f 4954/4954 4956/4956 4950/4950
f 4957/4957 4958/4958 4959/4959
f 4957/4957 4959/4959 4960/4960
f 4957/4957 4960/4960 4961/4961
f 4957/4957 4961/4961 4962/4962
f 4961/4961 4963/4963 4964/4964
f 4961/4961 4964/4964 4962/4962
f 4961/4961 4960/4960 4965/4965
f 4961/4961 4965/4965 4966/4966
f 4961/4961 4966/4966 4967/4967
f 4961/4961 4967/4967 4963/4963
f 4967/4967 4968/4968 4969/4969
f 4967/4967 4969/4969 4963/4963
f 4967/4967 4966/4966 4970/4970
f 4967/4967 4970/4970 4971/4971
f 4967/4967 4971/4971 4972/4972
f 4967/4967 4972/4972 4968/4968
f 4972/4972 3616/3616 4973/4973
f 4972/4972 4973/4973 4968/4968
f 4972/4972 4971/4971 4974/4974
f 4972/4972 4974/4974 4975/4975
f 4972/4972 4975/4975 3617/3617
f 4972/4972 3617/3617 3616/3616
f 4975/4975 4974/4974 4976/4976
f 4975/4975 4976/4976 4977/4977
f 4975/4975 4977/4977 3618/3618
f 4975/4975 3618/3618 3617/3617
f 4977/4977 4976/4976 4978/4978
f 4977/4977 4978/4978 4979/4979
f 4977/4977 4979/4979 3721/3721
f 4977/4977 3721/3721 3618/3618
f 4979/4979 4978/4978 4980/4980
f 4979/4979 4980/4980 4981/4981
f 4979/4979 4981/4981 3722/3722
f 4979/4979 3722/3722 3721/3721
f 4981/4981 4980/4980 4982/4982
f 4981/4981 4982/4982 4983/4983
f 4981/4981 4983/4983 4984/4984
f 4981/4981 4984/4984 3722/3722
f 4984/4984 4985/4985 3720/3720
f 4984/4984 3720/3720 3722/3722
f 4984/4984 4983/4983 4986/4986
f 4984/4984 4986/4986 3725/3725
f 4984/4984 3725/3725 3724/3724
f 4984/4984 3724/3724 4985/4985
f 4986/4986 4983/4983 4982/4982
f 4986/4986 4982/4982 4987/4987
f 4986/4986 4987/4987 4988/4988
f 4986/4986 4988/4988 4989/4989
f 4986/4986 4989/4989 3726/3726
f 4986/4986 3726/3726 3725/3725
f 4989/4989 4988/4988 4990/4990
f 4989/4989 4990/4990 4991/4991
f 4989/4989 4991/4991 3668/3668
f 4989/4989 3668/3668 3726/3726
f 4991/4991 4990/4990 4992/4992
f 4991/4991 4992/4992 4993/4993
f 4991/4991 4993/4993 3669/3669
f 4991/4991 3669/3669 3668/3668
f 4994/4994 4964/4964 4963/4963
f 4994/4994 4963/4963 4969/4969
f 4994/4994 4969/4969 3667/3667
f 4994/4994 3667/3667 3666/3666
f 4990/4990 4988/4988 4995/4995
f 4990/4990 4995/4995 4956/4956
f 4990/4990 4956/4956 4955/4955
f 4990/4990 4955/4955 4992/4992
f 4995/4995 4988/4988 4987/4987
f 4995/4995 4987/4987 4996/4996
f 4995/4995 4996/4996 4997/4997
f 4995/4995 4997/4997 4951/4951
f 4995/4995 4951/4951 4950/4950
f 4995/4995 4950/4950 4956/4956
f 4997/4997 4996/4996 4998/4998
f 4997/4997 4998/4998 4999/4999
f 4997/4997 4999/4999 5000/5000
f 4997/4997 5000/5000 4946/4946
f 4997/4997 4946/4946 4945/4945
f 4997/4997 4945/4945 4951/4951
f 5000/5000 4999/4999 5001/5001
f 5000/5000 5001/5001 5002/5002
f 5000/5000 5002/5002 5003/5003
f 5000/5000 5003/5003 4941/4941
f 5000/5000 4941/4941 4940/4940
f 5000/5000 4940/4940 4946/4946
f 5003/5003 5002/5002 5004/5004
f 5003/5003 5004/5004 5005/5005
f 5003/5003 5005/5005 5006/5006
f 5003/5003 5006/5006 4936/4936
f 5003/5003 4936/4936 4935/4935
f 5003/5003 4935/4935 4941/4941
f 5006/5006 5005/5005 5007/5007
f 5006/5006 5007/5007 3511/3511
f 5006/5006 3511/3511 3510/3510
f 5006/5006 3510/3510 5008/5008
f 5006/5006 5008/5008 4937/4937
f 5006/5006 4937/4937 4936/4936
f 5007/5007 5009/5009 5010/5010
f 5007/5007 5010/5010 5011/5011
f 5007/5007 5011/5011 3411/3411
f 5007/5007 3411/3411 3511/3511
f 5007/5007 5005/5005 5004/5004
f 5007/5007 5004/5004 5009/5009
f 5011/5011 5010/5010 5012/5012
f 5011/5011 5012/5012 3536/3536
f 5011/5011 3536/3536 3412/3412
f 5011/5011 3412/3412 3411/3411
f 5012/5012 5013/5013 4965/4965
f 5012/5012 4965/4965 5014/5014
f 5012/5012 5014/5014 3533/3533
f 5012/5012 3533/3533 3536/3536
f 5012/5012 5010/5010 5015/5015
f 5012/5012 5015/5015 5013/5013
f 5015/5015 5016/5016 4970/4970
f 5015/5015 4970/4970 5013/5013
f 5015/5015 5010/5010 5009/5009
f 5015/5015 5009/5009 5017/5017
f 5015/5015 5017/5017 5018/5018
f 5015/5015 5018/5018 5016/5016
f 5018/5018 4976/4976 4974/4974
f 5018/5018 4974/4974 5016/5016
f 5018/5018 5017/5017 5019/5019
f 5018/5018 5019/5019 5020/5020
f 5018/5018 5020/5020 4978/4978
f 5018/5018 4978/4978 4976/4976
f 5020/5020 5019/5019 5001/5001
f 5020/5020 5001/5001 5021/5021
f 5020/5020 5021/5021 4980/4980
f 5020/5020 4980/4980 4978/4978
f 5021/5021 5001/5001 4999/4999
f 5021/5021 4999/4999 4998/4998
f 5021/5021 4998/4998 4982/4982
f 5021/5021 4982/4982 4980/4980
f 5019/5019 5017/5017 5009/5009
f 5019/5019 5009/5009 5004/5004
f 5019/5019 5004/5004 5002/5002
f 5019/5019 5002/5002 5001/5001
f 5016/5016 4974/4974 4971/4971
f 5016/5016 4971/4971 4970/4970
f 5014/5014 4965/4965 4960/4960
f 5014/5014 4960/4960 4959/4959
f 5014/5014 4959/4959 3534/3534
f 5014/5014 3534/3534 3533/3533
f 5013/5013 4970/4970 4966/4966
f 5013/5013 4966/4966 4965/4965
f 4998/4998 4996/4996 4987/4987
f 4998/4998 4987/4987 4982/4982
f 4985/4985 5022/5022 3620/3620
f 4985/4985 3620/3620 3720/3720
f 4985/4985 3724/3724 3664/3664
f 4985/4985 3664/3664 5022/5022
f 5022/5022 5023/5023 3615/3615
f 5022/5022 3615/3615 3620/3620
f 5022/5022 3664/3664 3663/3663
f 5022/5022 3663/3663 5023/5023
f 5023/5023 3663/3663 3667/3667
f 5023/5023 3667/3667 4973/4973
f 5023/5023 4973/4973 3616/3616
f 5023/5023 3616/3616 3615/3615
f 4973/4973 3667/3667 4969/4969
f 4973/4973 4969/4969 4968/4968
f 4959/4959 4958/4958 5024/5024
f 4959/4959 5024/5024 3534/3534
f 4952/4952 4948/4948 4947/4947
f 4952/4952 4947/4947 5025/5025
f 5024/5024 3522/3522 3521/3521
f 5024/5024 3521/3521 3534/3534
f 4947/4947 4943/4943 4942/4942
f 4947/4947 4942/4942 5026/5026
f 4947/4947 5026/5026 5027/5027
f 4947/4947 5027/5027 5025/5025
f 4932/4932 3509/3509 3508/3508
f 4932/4932 3508/3508 4929/4929
f 4927/4927 3508/3508 3507/3507
f 4927/4927 3507/3507 3560/3560
f 4923/4923 4922/4922 5028/5028
f 4923/4923 5028/5028 5029/5029
f 4923/4923 5029/5029 4646/4646
f 4923/4923 4646/4646 4645/4645
f 5028/5028 4922/4922 4921/4921
f 5028/5028 4921/4921 5030/5030
f 5031/5031 5032/5032 5033/5033
f 5031/5031 5033/5033 4653/4653
f 5031/5031 4653/4653 4651/4651
f 5031/5031 4651/4651 4650/4650
f 5034/5034 5035/5035 5036/5036
f 5034/5034 5036/5036 5037/5037
f 5034/5034 5037/5037 5038/5038
f 5034/5034 5038/5038 5039/5039
f 5033/5033 4656/4656 4654/4654
f 5033/5033 4654/4654 4653/4653
f 5038/5038 5037/5037 5040/5040
f 5038/5038 5040/5040 5041/5041
f 5038/5038 5041/5041 5042/5042
f 5038/5038 5042/5042 4661/4661
f 5038/5038 4661/4661 4660/4660
f 5038/5038 4660/4660 5039/5039
f 5042/5042 5041/5041 5043/5043
f 5042/5042 5043/5043 5044/5044
f 5042/5042 5044/5044 5045/5045
f 5042/5042 5045/5045 4665/4665
f 5042/5042 4665/4665 4662/4662
f 5042/5042 4662/4662 4661/4661
f 5045/5045 5044/5044 5046/5046
f 5045/5045 5046/5046 5047/5047
f 5045/5045 5047/5047 5048/5048
f 5045/5045 5048/5048 4668/4668
f 5045/5045 4668/4668 4666/4666
f 5045/5045 4666/4666 4665/4665
f 5048/5048 5047/5047 5049/5049
f 5048/5048 5049/5049 5050/5050
f 5048/5048 5050/5050 5051/5051
f 5048/5048 5051/5051 4671/4671
f 5048/5048 4671/4671 4669/4669
f 5048/5048 4669/4669 4668/4668
f 5051/5051 5050/5050 5052/5052
f 5051/5051 5052/5052 5053/5053
f 5051/5051 5053/5053 5054/5054
f 5051/5051 5054/5054 4674/4674
f 5051/5051 4674/4674 4672/4672
f 5051/5051 4672/4672 4671/4671
f 5055/5055 5056/5056 5057/5057
f 5055/5055 5057/5057 5058/5058
f 5055/5055 5058/5058 5059/5059
f 5055/5055 5059/5059 5060/5060
f 5054/5054 4678/4678 4675/4675
f 5054/5054 4675/4675 4674/4674
f 5059/5059 5058/5058 5061/5061
f 5059/5059 5061/5061 5062/5062
f 5059/5059 5062/5062 5063/5063
f 5059/5059 5063/5063 5064/5064
f 5059/5059 5064/5064 5065/5065
f 5059/5059 5065/5065 5060/5060
f 5066/5066 5062/5062 5067/5067
f 5066/5066 5067/5067 5068/5068
f 5069/5069 5070/5070 5071/5071
f 5069/5069 5071/5071 4689/4689
f 5069/5069 4689/4689 4686/4686
f 5069/5069 4686/4686 4685/4685
f 5071/5071 5070/5070 5072/5072
f 5071/5071 5072/5072 5073/5073
f 5071/5071 5073/5073 5074/5074
f 5071/5071 5074/5074 4692/4692
f 5071/5071 4692/4692 4690/4690
f 5071/5071 4690/4690 4689/4689
f 5074/5074 5073/5073 5075/5075
f 5074/5074 5075/5075 5076/5076
f 5074/5074 5076/5076 5077/5077
f 5074/5074 5077/5077 4695/4695
f 5074/5074 4695/4695 4693/4693
f 5074/5074 4693/4693 4692/4692
f 5077/5077 5076/5076 5078/5078
f 5077/5077 5078/5078 5079/5079
f 5077/5077 5079/5079 5080/5080
f 5077/5077 5080/5080 4698/4698
f 5077/5077 4698/4698 4696/4696
f 5077/5077 4696/4696 4695/4695
f 5080/5080 5079/5079 5081/5081
f 5080/5080 5081/5081 5082/5082
f 5080/5080 5082/5082 5083/5083
f 5080/5080 5083/5083 5084/5084
f 5080/5080 5084/5084 4699/4699
f 5080/5080 4699/4699 4698/4698
f 5084/5084 5083/5083 5085/5085
f 5084/5084 5085/5085 5086/5086
f 5084/5084 5086/5086 4700/4700
f 5084/5084 4700/4700 4699/4699
f 5087/5087 5088/5088 5089/5089
f 5087/5087 5089/5089 5090/5090
f 5087/5087 5090/5090 4704/4704
f 5087/5087 4704/4704 4703/4703
f 5090/5090 5089/5089 5091/5091
f 5090/5090 5091/5091 5092/5092
f 5090/5090 5092/5092 4706/4706
f 5090/5090 4706/4706 4704/4704
f 5092/5092 5091/5091 5093/5093
f 5092/5092 5093/5093 4711/4711
f 5092/5092 4711/4711 4708/4708
f 5092/5092 4708/4708 4706/4706
f 5094/5094 5095/5095 5096/5096
f 5094/5094 5096/5096 5097/5097
f 5094/5094 5097/5097 5098/5098
f 5094/5094 5098/5098 5099/5099
f 5093/5093 4714/4714 4712/4712
f 5093/5093 4712/4712 4711/4711
f 5098/5098 5097/5097 3608/3608
f 5098/5098 3608/3608 5100/5100
f 5098/5098 5100/5100 3695/3695
f 5098/5098 3695/3695 3694/3694
f 5098/5098 3694/3694 5101/5101
f 5098/5098 5101/5101 5099/5099
f 5100/5100 3608/3608 3603/3603
f 5100/5100 3603/3603 5102/5102
f 5100/5100 5102/5102 3696/3696
f 5100/5100 3696/3696 3695/3695
f 5102/5102 3603/3603 3602/3602
f 5102/5102 3602/3602 5103/5103
f 5102/5102 5103/5103 4728/4728
f 5102/5102 4728/4728 3696/3696
f 5097/5097 5096/5096 3609/3609
f 5097/5097 3609/3609 3608/3608
f 5096/5096 5104/5104 3610/3610
f 5096/5096 3610/3610 3609/3609
f 5096/5096 5095/5095 5105/5105
f 5096/5096 5105/5105 5104/5104
f 5104/5104 5106/5106 5107/5107
f 5104/5104 5107/5107 3610/3610
f 5104/5104 5105/5105 5108/5108
f 5104/5104 5108/5108 5106/5106
f 5109/5109 5110/5110 4851/4851
f 5109/5109 4851/4851 5111/5111
f 5107/5107 5112/5112 3611/3611
f 5107/5107 3611/3611 3610/3610
f 5109/5109 5113/5113 5114/5114
f 5109/5109 5114/5114 5110/5110
f 5114/5114 5115/5115 4854/4854
f 5114/5114 4854/4854 5110/5110
f 5114/5114 5113/5113 5116/5116
f 5114/5114 5116/5116 5117/5117
f 5114/5114 5117/5117 5118/5118
f 5114/5114 5118/5118 5115/5115
f 5115/5115 4857/4857 4855/4855
f 5115/5115 4855/4855 4854/4854
f 5115/5115 5118/5118 5119/5119
f 5115/5115 5119/5119 4857/4857
f 5111/5111 4851/4851 4849/4849
f 5111/5111 4849/4849 4848/4848
f 5120/5120 5121/5121 3613/3613
f 5120/5120 3613/3613 3612/3612
f 5110/5110 4854/4854 4852/4852
f 5110/5110 4852/4852 4851/4851
f 5119/5119 4861/4861 4858/4858
f 5119/5119 4858/4858 4857/4857
f 5081/5081 5079/5079 5078/5078
f 5081/5081 5078/5078 5122/5122
f 5078/5078 4867/4867 4866/4866
f 5078/5078 4866/4866 5122/5122
f 5078/5078 5076/5076 5075/5075
f 5078/5078 5075/5075 4867/4867
f 5075/5075 5123/5123 4868/4868
f 5075/5075 4868/4868 4867/4867
f 5075/5075 5073/5073 5072/5072
f 5075/5075 5072/5072 5123/5123
f 5124/5124 4876/4876 4874/4874
f 5124/5124 4874/4874 4873/4873
f 5124/5124 5068/5068 5067/5067
f 5124/5124 5067/5067 4876/4876
f 5067/5067 4879/4879 4877/4877
f 5067/5067 4877/4877 4876/4876
f 5067/5067 5062/5062 5061/5061
f 5067/5067 5061/5061 4879/4879
f 5061/5061 4882/4882 4880/4880
f 5061/5061 4880/4880 4879/4879
f 5061/5061 5058/5058 5057/5057
f 5061/5061 5057/5057 4882/4882
f 5057/5057 4885/4885 4883/4883
f 5057/5057 4883/4883 4882/4882
f 5057/5057 5056/5056 5125/5125
f 5057/5057 5125/5125 4885/4885
f 5125/5125 4888/4888 4886/4886
f 5125/5125 4886/4886 4885/4885
f 5052/5052 5050/5050 5049/5049
f 5052/5052 5049/5049 5126/5126
f 5049/5049 4893/4893 4892/4892
f 5049/5049 4892/4892 5126/5126
f 5049/5049 5047/5047 5046/5046
f 5049/5049 5046/5046 4893/4893
f 5046/5046 4899/4899 4894/4894
f 5046/5046 4894/4894 4893/4893
f 5046/5046 5044/5044 5043/5043
f 5046/5046 5043/5043 4899/4899
f 5043/5043 4903/4903 4900/4900
f 5043/5043 4900/4900 4899/4899
f 5043/5043 5041/5041 5040/5040
f 5043/5043 5040/5040 4903/4903
f 5040/5040 5127/5127 4904/4904
f 5040/5040 4904/4904 4903/4903
f 5040/5040 5037/5037 5036/5036
f 5040/5040 5036/5036 5127/5127
f 5128/5128 4910/4910 4908/4908
f 5128/5128 4908/4908 4907/4907
f 5128/5128 5129/5129 5130/5130
f 5128/5128 5130/5130 4910/4910
f 5130/5130 4913/4913 4911/4911
f 5130/5130 4911/4911 4910/4910
f 5121/5121 4843/4843 4842/4842
f 5121/5121 4842/4842 3613/3613
f 4842/4842 4839/4839 4838/4838
f 4842/4842 4838/4838 5131/5131
f 4842/4842 5131/5131 3605/3605
f 4842/4842 3605/3605 3613/3613
f 5131/5131 4838/4838 5132/5132
f 5131/5131 5132/5132 5133/5133
f 5131/5131 5133/5133 3606/3606
f 5131/5131 3606/3606 3605/3605
f 5134/5134 5135/5135 5136/5136
f 5134/5134 5136/5136 5137/5137
f 5134/5134 5137/5137 5138/5138
f 5134/5134 5138/5138 5139/5139
f 5138/5138 4737/4737 5140/5140
f 5138/5138 5140/5140 5139/5139
f 5138/5138 5137/5137 5141/5141
f 5138/5138 5141/5141 5142/5142
f 5138/5138 5142/5142 4738/4738
f 5138/5138 4738/4738 4737/4737
f 5142/5142 5141/5141 5143/5143
f 5142/5142 5143/5143 5144/5144
f 5142/5142 5144/5144 4739/4739
f 5142/5142 4739/4739 4738/4738
f 5144/5144 5143/5143 5145/5145
f 5144/5144 5145/5145 5146/5146
f 5144/5144 5146/5146 4741/4741
f 5144/5144 4741/4741 4739/4739
f 5146/5146 5145/5145 5147/5147
f 5146/5146 5147/5147 5148/5148
f 5146/5146 5148/5148 4743/4743
f 5146/5146 4743/4743 4741/4741
f 5148/5148 5147/5147 5149/5149
f 5148/5148 5149/5149 5150/5150
f 5148/5148 5150/5150 4753/4753
f 5148/5148 4753/4753 4743/4743
f 5150/5150 5149/5149 5151/5151
f 5150/5150 5151/5151 5152/5152
f 5150/5150 5152/5152 4754/4754
f 5150/5150 4754/4754 4753/4753
f 5152/5152 5151/5151 5153/5153
f 5152/5152 5153/5153 5154/5154
f 5152/5152 5154/5154 4755/4755
f 5152/5152 4755/4755 4754/4754
f 5154/5154 5153/5153 4760/4760
f 5154/5154 4760/4760 4759/4759
f 5154/5154 4759/4759 4757/4757
f 5154/5154 4757/4757 4755/4755
f 5153/5153 5151/5151 5155/5155
f 5153/5153 5155/5155 5156/5156
f 5153/5153 5156/5156 4761/4761
f 5153/5153 4761/4761 4760/4760
f 5156/5156 5155/5155 5157/5157
f 5156/5156 5157/5157 5158/5158
f 5156/5156 5158/5158 4762/4762
f 5156/5156 4762/4762 4761/4761
f 5158/5158 5157/5157 5159/5159
f 5158/5158 5159/5159 5160/5160
f 5158/5158 5160/5160 4763/4763
f 5158/5158 4763/4763 4762/4762
f 5160/5160 5159/5159 5161/5161
f 5160/5160 5161/5161 5162/5162
f 5160/5160 5162/5162 4764/4764
f 5160/5160 4764/4764 4763/4763
f 5163/5163 5164/5164 5165/5165
f 5163/5163 5165/5165 5166/5166
f 5163/5163 5166/5166 4766/4766
f 5163/5163 4766/4766 4765/4765
f 5166/5166 5165/5165 5167/5167
f 5166/5166 5167/5167 5168/5168
f 5166/5166 5168/5168 4767/4767
f 5166/5166 4767/4767 4766/4766
f 5168/5168 5167/5167 5169/5169
f 5168/5168 5169/5169 5170/5170
f 5168/5168 5170/5170 4768/4768
f 5168/5168 4768/4768 4767/4767
f 5170/5170 5169/5169 5171/5171
f 5170/5170 5171/5171 5172/5172
f 5170/5170 5172/5172 4769/4769
f 5170/5170 4769/4769 4768/4768
f 5172/5172 5171/5171 5173/5173
f 5172/5172 5173/5173 5174/5174
f 5172/5172 5174/5174 4770/4770
f 5172/5172 4770/4770 4769/4769
f 5174/5174 5173/5173 5175/5175
f 5174/5174 5175/5175 5176/5176
f 5174/5174 5176/5176 4771/4771
f 5174/5174 4771/4771 4770/4770
f 5176/5176 5175/5175 5177/5177
f 5176/5176 5177/5177 5178/5178
f 5176/5176 5178/5178 4772/4772
f 5176/5176 4772/4772 4771/4771
f 5178/5178 5177/5177 5179/5179
f 5178/5178 5179/5179 5180/5180
f 5178/5178 5180/5180 4773/4773
f 5178/5178 4773/4773 4772/4772
f 5180/5180 5179/5179 5181/5181
f 5180/5180 5181/5181 5182/5182
f 5180/5180 5182/5182 4774/4774
f 5180/5180 4774/4774 4773/4773
f 5182/5182 5181/5181 5183/5183
f 5182/5182 5183/5183 5184/5184
f 5182/5182 5184/5184 4775/4775
f 5182/5182 4775/4775 4774/4774
f 5184/5184 5183/5183 5185/5185
f 5184/5184 5185/5185 5186/5186
f 5184/5184 5186/5186 4776/4776
f 5184/5184 4776/4776 4775/4775
f 5186/5186 5185/5185 5187/5187
f 5186/5186 5187/5187 5188/5188
f 5186/5186 5188/5188 4777/4777
f 5186/5186 4777/4777 4776/4776
f 5188/5188 5187/5187 5189/5189
f 5188/5188 5189/5189 3502/3502
f 5188/5188 3502/3502 3505/3505
f 5188/5188 3505/3505 4777/4777
f 5187/5187 5185/5185 5190/5190
f 5187/5187 5190/5190 5191/5191
f 5187/5187 5191/5191 5192/5192
f 5187/5187 5192/5192 5189/5189
f 5192/5192 5191/5191 5193/5193
f 5192/5192 5193/5193 5194/5194
f 5192/5192 5194/5194 5195/5195
f 5192/5192 5195/5195 5196/5196
f 5192/5192 5196/5196 3500/3500
f 5192/5192 3500/3500 3499/3499
f 5197/5197 5198/5198 5199/5199
f 5197/5197 5199/5199 5200/5200
f 5197/5197 5200/5200 5201/5201
f 5197/5197 5201/5201 5202/5202
f 5201/5201 5200/5200 5203/5203
f 5201/5201 5203/5203 5204/5204
f 5201/5201 5204/5204 5205/5205
f 5201/5201 5205/5205 5206/5206
f 5201/5201 5206/5206 5207/5207
f 5201/5201 5207/5207 5202/5202
f 5208/5208 5209/5209 5210/5210
f 5208/5208 5210/5210 5211/5211
f 5208/5208 5211/5211 5212/5212
f 5208/5208 5212/5212 5213/5213
f 5211/5211 5210/5210 5214/5214
f 5211/5211 5214/5214 5215/5215
f 5211/5211 5215/5215 5216/5216
f 5211/5211 5216/5216 5212/5212
f 5217/5217 5218/5218 3497/3497
f 5217/5217 3497/3497 3496/3496
f 5216/5216 5215/5215 5219/5219
f 5216/5216 5219/5219 5220/5220
f 5217/5217 5221/5221 5222/5222
f 5217/5217 5222/5222 5218/5218
f 5222/5222 4780/4780 4779/4779
f 5222/5222 4779/4779 5218/5218
f 5222/5222 5221/5221 5223/5223
f 5222/5222 5223/5223 5224/5224
f 5222/5222 5224/5224 4781/4781
f 5222/5222 4781/4781 4780/4780
f 5224/5224 5223/5223 5225/5225
f 5224/5224 5225/5225 5226/5226
f 5224/5224 5226/5226 4782/4782
f 5224/5224 4782/4782 4781/4781
f 5226/5226 5225/5225 5227/5227
f 5226/5226 5227/5227 5228/5228
f 5226/5226 5228/5228 4783/4783
f 5226/5226 4783/4783 4782/4782
f 5228/5228 5227/5227 5229/5229
f 5228/5228 5229/5229 5230/5230
f 5228/5228 5230/5230 4784/4784
f 5228/5228 4784/4784 4783/4783
f 5231/5231 5232/5232 5233/5233
f 5231/5231 5233/5233 5234/5234
f 5231/5231 5234/5234 4786/4786
f 5231/5231 4786/4786 4785/4785
f 5235/5235 5236/5236 5237/5237
f 5235/5235 5237/5237 5238/5238
f 5235/5235 5238/5238 4788/4788
f 5235/5235 4788/4788 4787/4787
f 5238/5238 5237/5237 5239/5239
f 5238/5238 5239/5239 5240/5240
f 5238/5238 5240/5240 4789/4789
f 5238/5238 4789/4789 4788/4788
f 5240/5240 5239/5239 5241/5241
f 5240/5240 5241/5241 5242/5242
f 5240/5240 5242/5242 4790/4790
f 5240/5240 4790/4790 4789/4789
f 5242/5242 5241/5241 5243/5243
f 5242/5242 5243/5243 5244/5244
f 5242/5242 5244/5244 4791/4791
f 5242/5242 4791/4791 4790/4790
f 5244/5244 5243/5243 5245/5245
f 5244/5244 5245/5245 3708/3708
f 5244/5244 3708/3708 3707/3707
f 5244/5244 3707/3707 4791/4791
f 5246/5246 5247/5247 5248/5248
f 5246/5246 5248/5248 5249/5249
f 5246/5246 5249/5249 5250/5250
f 5246/5246 5250/5250 5251/5251
f 5245/5245 5252/5252 3705/3705
f 5245/5245 3705/3705 3708/3708
f 5251/5251 5250/5250 5253/5253
f 5251/5251 5253/5253 5254/5254
f 5252/5252 5255/5255 5256/5256
f 5252/5252 5256/5256 3705/3705
f 5257/5257 5258/5258 5259/5259
f 5257/5257 5259/5259 5260/5260
f 5261/5261 5262/5262 5263/5263
f 5261/5261 5263/5263 5264/5264
f 5265/5265 5266/5266 5267/5267
f 5265/5265 5267/5267 5268/5268
f 5263/5263 5262/5262 5269/5269
f 5263/5263 5269/5269 5270/5270
f 5265/5265 5271/5271 5272/5272
f 5265/5265 5272/5272 5266/5266
f 5272/5272 5273/5273 5274/5274
f 5272/5272 5274/5274 5266/5266
f 5272/5272 5271/5271 5275/5275
f 5272/5272 5275/5275 5276/5276
f 5272/5272 5276/5276 5277/5277
f 5272/5272 5277/5277 5273/5273
f 5277/5277 5278/5278 5279/5279
f 5277/5277 5279/5279 5273/5273
f 5277/5277 5276/5276 5280/5280
f 5277/5277 5280/5280 5281/5281
f 5277/5277 5281/5281 5282/5282
f 5277/5277 5282/5282 5278/5278
f 5282/5282 5283/5283 5284/5284
f 5282/5282 5284/5284 5278/5278
f 5282/5282 5281/5281 5285/5285
f 5282/5282 5285/5285 5286/5286
f 5282/5282 5286/5286 5287/5287
f 5282/5282 5287/5287 5283/5283
f 5287/5287 5288/5288 5289/5289
f 5287/5287 5289/5289 5283/5283
f 5287/5287 5286/5286 5290/5290
f 5287/5287 5290/5290 5291/5291
f 5287/5287 5291/5291 5292/5292
f 5287/5287 5292/5292 5288/5288
f 5292/5292 5293/5293 5294/5294
f 5292/5292 5294/5294 5288/5288
f 5292/5292 5291/5291 5295/5295
f 5292/5292 5295/5295 5296/5296
f 5292/5292 5296/5296 5297/5297
f 5292/5292 5297/5297 5293/5293
f 5297/5297 5298/5298 5299/5299
f 5297/5297 5299/5299 5293/5293
f 5297/5297 5296/5296 5179/5179
f 5297/5297 5179/5179 5177/5177
f 5297/5297 5177/5177 5175/5175
f 5297/5297 5175/5175 5298/5298
f 5299/5299 5300/5300 5301/5301
f 5299/5299 5301/5301 5302/5302
f 5299/5299 5302/5302 5294/5294
f 5299/5299 5294/5294 5293/5293
f 5299/5299 5298/5298 5303/5303
f 5299/5299 5303/5303 5300/5300
f 5303/5303 5304/5304 5305/5305
f 5303/5303 5305/5305 5300/5300
f 5303/5303 5298/5298 5175/5175
f 5303/5303 5175/5175 5173/5173
f 5303/5303 5173/5173 5171/5171
f 5303/5303 5171/5171 5304/5304
f 5305/5305 5306/5306 5307/5307
f 5305/5305 5307/5307 5308/5308
f 5305/5305 5308/5308 5301/5301
f 5305/5305 5301/5301 5300/5300
f 5305/5305 5304/5304 5309/5309
f 5305/5305 5309/5309 5306/5306
f 5309/5309 5310/5310 5311/5311
f 5309/5309 5311/5311 5306/5306
f 5309/5309 5304/5304 5171/5171
f 5309/5309 5171/5171 5169/5169
f 5309/5309 5169/5169 5167/5167
f 5309/5309 5167/5167 5310/5310
f 5311/5311 5312/5312 5313/5313
f 5311/5311 5313/5313 5314/5314
f 5311/5311 5314/5314 5307/5307
f 5311/5311 5307/5307 5306/5306
f 5311/5311 5310/5310 5315/5315
f 5311/5311 5315/5315 5312/5312
f 5315/5315 5316/5316 5317/5317
f 5315/5315 5317/5317 5312/5312
f 5315/5315 5310/5310 5167/5167
f 5315/5315 5167/5167 5165/5165
f 5315/5315 5165/5165 5164/5164
f 5315/5315 5164/5164 5316/5316
f 5318/5318 5319/5319 3572/3572
f 5318/5318 3572/3572 5320/5320
f 5317/5317 5321/5321 5313/5313
f 5317/5317 5313/5313 5312/5312
f 5318/5318 5322/5322 5323/5323
f 5318/5318 5323/5323 5319/5319
f 5323/5323 5324/5324 5325/5325
f 5323/5323 5325/5325 5319/5319
f 5323/5323 5322/5322 5161/5161
f 5323/5323 5161/5161 5159/5159
f 5323/5323 5159/5159 5157/5157
f 5323/5323 5157/5157 5324/5324
f 5325/5325 5326/5326 3569/3569
f 5325/5325 3569/3569 3568/3568
f 5325/5325 3568/3568 3572/3572
f 5325/5325 3572/3572 5319/5319
f 5325/5325 5324/5324 5327/5327
f 5325/5325 5327/5327 5326/5326
f 5327/5327 5149/5149 5147/5147
f 5327/5327 5147/5147 5326/5326
f 5327/5327 5324/5324 5157/5157
f 5327/5327 5157/5157 5155/5155
f 5327/5327 5155/5155 5151/5151
f 5327/5327 5151/5151 5149/5149
f 5326/5326 5147/5147 5145/5145
f 5326/5326 5145/5145 3569/3569
f 5320/5320 3572/3572 3571/3571
f 5320/5320 3571/3571 5328/5328
f 5321/5321 5329/5329 5330/5330
f 5321/5321 5330/5330 5313/5313
f 5330/5330 5329/5329 5331/5331
f 5330/5330 5331/5331 5332/5332
f 5330/5330 5332/5332 5333/5333
f 5330/5330 5333/5333 5334/5334
f 5330/5330 5334/5334 5314/5314
f 5330/5330 5314/5314 5313/5313
f 5334/5334 5333/5333 5335/5335
f 5334/5334 5335/5335 5336/5336
f 5334/5334 5336/5336 5307/5307
f 5334/5334 5307/5307 5314/5314
f 5336/5336 5335/5335 5337/5337
f 5336/5336 5337/5337 5338/5338
f 5336/5336 5338/5338 5308/5308
f 5336/5336 5308/5308 5307/5307
f 5338/5338 5337/5337 5339/5339
f 5338/5338 5339/5339 5340/5340
f 5338/5338 5340/5340 5301/5301
f 5338/5338 5301/5301 5308/5308
f 5340/5340 5339/5339 5341/5341
f 5340/5340 5341/5341 5342/5342
f 5340/5340 5342/5342 5302/5302
f 5340/5340 5302/5302 5301/5301
f 5342/5342 5341/5341 5343/5343
f 5342/5342 5343/5343 5344/5344
f 5342/5342 5344/5344 5294/5294
f 5342/5342 5294/5294 5302/5302
f 5344/5344 5343/5343 5345/5345
f 5344/5344 5345/5345 5289/5289
f 5344/5344 5289/5289 5288/5288
f 5344/5344 5288/5288 5294/5294
f 5345/5345 5343/5343 5346/5346
f 5345/5345 5346/5346 5347/5347
f 5345/5345 5347/5347 5348/5348
f 5345/5345 5348/5348 5284/5284
f 5345/5345 5284/5284 5283/5283
f 5345/5345 5283/5283 5289/5289
f 5348/5348 5347/5347 5349/5349
f 5348/5348 5349/5349 5350/5350
f 5348/5348 5350/5350 5351/5351
f 5348/5348 5351/5351 5279/5279
f 5348/5348 5279/5279 5278/5278
f 5348/5348 5278/5278 5284/5284
f 5351/5351 5350/5350 5352/5352
f 5351/5351 5352/5352 5353/5353
f 5351/5351 5353/5353 5354/5354
f 5351/5351 5354/5354 5274/5274
f 5351/5351 5274/5274 5273/5273
f 5351/5351 5273/5273 5279/5279
f 5355/5355 5356/5356 5357/5357
f 5355/5355 5357/5357 5358/5358
f 5355/5355 5358/5358 3700/3700
f 5355/5355 3700/3700 3704/3704
f 5354/5354 5267/5267 5266/5266
f 5354/5354 5266/5266 5274/5274
f 5358/5358 5357/5357 4793/4793
f 5358/5358 4793/4793 4792/4792
f 5358/5358 4792/4792 3701/3701
f 5358/5358 3701/3701 3700/3700
f 5357/5357 5359/5359 4794/4794
f 5357/5357 4794/4794 4793/4793
f 5357/5357 5356/5356 5360/5360
f 5357/5357 5360/5360 5359/5359
f 5359/5359 5361/5361 4795/4795
f 5359/5359 4795/4795 4794/4794
f 5359/5359 5360/5360 5362/5362
f 5359/5359 5362/5362 5361/5361
f 5362/5362 5363/5363 5364/5364
f 5362/5362 5364/5364 5361/5361
f 5365/5365 5352/5352 5350/5350
f 5365/5365 5350/5350 5349/5349
f 5365/5365 5349/5349 5366/5366
f 5365/5365 5366/5366 5367/5367
f 5366/5366 5368/5368 5369/5369
f 5366/5366 5369/5369 5367/5367
f 5366/5366 5349/5349 5347/5347
f 5366/5366 5347/5347 5346/5346
f 5366/5366 5346/5346 5370/5370
f 5366/5366 5370/5370 5368/5368
f 5370/5370 5371/5371 5372/5372
f 5370/5370 5372/5372 5368/5368
f 5370/5370 5346/5346 5343/5343
f 5370/5370 5343/5343 5341/5341
f 5370/5370 5341/5341 5339/5339
f 5370/5370 5339/5339 5371/5371
f 5372/5372 5373/5373 5374/5374
f 5372/5372 5374/5374 5375/5375
f 5372/5372 5375/5375 5369/5369
f 5372/5372 5369/5369 5368/5368
f 5372/5372 5371/5371 5376/5376
f 5372/5372 5376/5376 5373/5373
f 5376/5376 5377/5377 5378/5378
f 5376/5376 5378/5378 5373/5373
f 5376/5376 5371/5371 5339/5339
f 5376/5376 5339/5339 5337/5337
f 5376/5376 5337/5337 5335/5335
f 5376/5376 5335/5335 5377/5377
f 5378/5378 5379/5379 5380/5380
f 5378/5378 5380/5380 5381/5381
f 5378/5378 5381/5381 5374/5374
f 5378/5378 5374/5374 5373/5373
f 5378/5378 5377/5377 5382/5382
f 5378/5378 5382/5382 5379/5379
f 5382/5382 5383/5383 5384/5384
f 5382/5382 5384/5384 5379/5379
f 5382/5382 5377/5377 5335/5335
f 5382/5382 5335/5335 5333/5333
f 5382/5382 5333/5333 5332/5332
f 5382/5382 5332/5332 5383/5383
f 5384/5384 5385/5385 5386/5386
f 5384/5384 5386/5386 5387/5387
f 5384/5384 5387/5387 5380/5380
f 5384/5384 5380/5380 5379/5379
f 5384/5384 5383/5383 5388/5388
f 5384/5384 5388/5388 5385/5385
f 5388/5388 5389/5389 5390/5390
f 5388/5388 5390/5390 5385/5385
f 5388/5388 5383/5383 5332/5332
f 5388/5388 5332/5332 5331/5331
f 5388/5388 5331/5331 3563/3563
f 5388/5388 3563/3563 5389/5389
f 5390/5390 4824/4824 4823/4823
f 5390/5390 4823/4823 5391/5391
f 5390/5390 5391/5391 5386/5386
f 5390/5390 5386/5386 5385/5385
f 5390/5390 5389/5389 5392/5392
f 5390/5390 5392/5392 4824/4824
f 5392/5392 4828/4828 4825/4825
f 5392/5392 4825/4825 4824/4824
f 5392/5392 5389/5389 3563/3563
f 5392/5392 3563/3563 3562/3562
f 5392/5392 3562/3562 3566/3566
f 5392/5392 3566/3566 4828/4828
f 5393/5393 4819/4819 4817/4817
f 5393/5393 4817/4817 5394/5394
f 5393/5393 5394/5394 3800/3800
f 5393/5393 3800/3800 3803/3803
f 5394/5394 4817/4817 4815/4815
f 5394/5394 4815/4815 4814/4814
f 5394/5394 4814/4814 3801/3801
f 5394/5394 3801/3801 3800/3800
f 5395/5395 5396/5396 5397/5397
f 5395/5395 5397/5397 5398/5398
f 5395/5395 5398/5398 5399/5399
f 5395/5395 5399/5399 5400/5400
f 5399/5399 5398/5398 4798/4798
f 5399/5399 4798/4798 4797/4797
f 5399/5399 4797/4797 4796/4796
f 5399/5399 4796/4796 5364/5364
f 5399/5399 5364/5364 5363/5363
f 5399/5399 5363/5363 5400/5400
f 5398/5398 5397/5397 4799/4799
f 5398/5398 4799/4799 4798/4798
f 5397/5397 3797/3797 3796/3796
f 5397/5397 3796/3796 4799/4799
f 5397/5397 5396/5396 3798/3798
f 5397/5397 3798/3798 3797/3797
f 5364/5364 4796/4796 4795/4795
f 5364/5364 4795/4795 5361/5361
f 5331/5331 5329/5329 3564/3564
f 5331/5331 3564/3564 3563/3563
f 5296/5296 5295/5295 5181/5181
f 5296/5296 5181/5181 5179/5179
f 5295/5295 5291/5291 5290/5290
f 5295/5295 5290/5290 5401/5401
f 5295/5295 5401/5401 5183/5183
f 5295/5295 5183/5183 5181/5181
f 5401/5401 5290/5290 5402/5402
f 5401/5401 5402/5402 5190/5190
f 5401/5401 5190/5190 5185/5185
f 5401/5401 5185/5185 5183/5183
f 5402/5402 5290/5290 5286/5286
f 5402/5402 5286/5286 5285/5285
f 5402/5402 5285/5285 5403/5403
f 5402/5402 5403/5403 5193/5193
f 5402/5402 5193/5193 5191/5191
f 5402/5402 5191/5191 5190/5190
f 5403/5403 5285/5285 5281/5281
f 5403/5403 5281/5281 5280/5280
f 5403/5403 5280/5280 5404/5404
f 5403/5403 5404/5404 5405/5405
f 5403/5403 5405/5405 5194/5194
f 5403/5403 5194/5194 5193/5193
f 5406/5406 5407/5407 5408/5408
f 5406/5406 5408/5408 5409/5409
f 5406/5406 5409/5409 5410/5410
f 5406/5406 5410/5410 5411/5411
f 5412/5412 5413/5413 5414/5414
f 5412/5412 5414/5414 5415/5415
f 5412/5412 5415/5415 5199/5199
f 5412/5412 5199/5199 5198/5198
f 5415/5415 5414/5414 5416/5416
f 5415/5415 5416/5416 5417/5417
f 5415/5415 5417/5417 5418/5418
f 5415/5415 5418/5418 5199/5199
f 5418/5418 5417/5417 5419/5419
f 5418/5418 5419/5419 5420/5420
f 5418/5418 5420/5420 5421/5421
f 5418/5418 5421/5421 5203/5203
f 5418/5418 5203/5203 5200/5200
f 5418/5418 5200/5200 5199/5199
f 5421/5421 5420/5420 5422/5422
f 5421/5421 5422/5422 5423/5423
f 5421/5421 5423/5423 5424/5424
f 5421/5421 5424/5424 5425/5425
f 5421/5421 5425/5425 5204/5204
f 5421/5421 5204/5204 5203/5203
f 5425/5425 5424/5424 5426/5426
f 5425/5425 5426/5426 5427/5427
f 5425/5425 5427/5427 5205/5205
f 5425/5425 5205/5205 5204/5204
f 5428/5428 5429/5429 5430/5430
f 5428/5428 5430/5430 5431/5431
f 5428/5428 5431/5431 5210/5210
f 5428/5428 5210/5210 5209/5209
f 5431/5431 5430/5430 5432/5432
f 5431/5431 5432/5432 5433/5433
f 5431/5431 5433/5433 5214/5214
f 5431/5431 5214/5214 5210/5210
f 5433/5433 5432/5432 5434/5434
f 5433/5433 5434/5434 5435/5435
f 5433/5433 5435/5435 5436/5436
f 5433/5433 5436/5436 5214/5214
f 5436/5436 5219/5219 5215/5215
f 5436/5436 5215/5215 5214/5214
f 5436/5436 5435/5435 5437/5437
f 5436/5436 5437/5437 5438/5438
f 5436/5436 5438/5438 5439/5439
f 5436/5436 5439/5439 5219/5219
f 5439/5439 5440/5440 5220/5220
f 5439/5439 5220/5220 5219/5219
f 5439/5439 5438/5438 5441/5441
f 5439/5439 5441/5441 5442/5442
f 5439/5439 5442/5442 5443/5443
f 5439/5439 5443/5443 5440/5440
f 5442/5442 5441/5441 5444/5444
f 5442/5442 5444/5444 5445/5445
f 5442/5442 5445/5445 5446/5446
f 5442/5442 5446/5446 5443/5443
f 5445/5445 5444/5444 5447/5447
f 5445/5445 5447/5447 5448/5448
f 5445/5445 5448/5448 5449/5449
f 5445/5445 5449/5449 5446/5446
f 5450/5450 5451/5451 5452/5452
f 5450/5450 5452/5452 5453/5453
f 5450/5450 5453/5453 5454/5454
f 5450/5450 5454/5454 5455/5455
f 5453/5453 5452/5452 5456/5456
f 5453/5453 5456/5456 5457/5457
f 5453/5453 5457/5457 5458/5458
f 5453/5453 5458/5458 5454/5454
f 5457/5457 5456/5456 5459/5459
f 5457/5457 5459/5459 5460/5460
f 5457/5457 5460/5460 5461/5461
f 5457/5457 5461/5461 5458/5458
f 5460/5460 5459/5459 5462/5462
f 5460/5460 5462/5462 5463/5463
f 5460/5460 5463/5463 5464/5464
f 5460/5460 5464/5464 5461/5461
f 5463/5463 5462/5462 5465/5465
f 5463/5463 5465/5465 5248/5248
f 5463/5463 5248/5248 5247/5247
f 5463/5463 5247/5247 5464/5464
f 5465/5465 5462/5462 5466/5466
f 5465/5465 5466/5466 5467/5467
f 5465/5465 5467/5467 5468/5468
f 5465/5465 5468/5468 5469/5469
f 5465/5465 5469/5469 5249/5249
f 5465/5465 5249/5249 5248/5248
f 5469/5469 5468/5468 5470/5470
f 5469/5469 5470/5470 5471/5471
f 5469/5469 5471/5471 5250/5250
f 5469/5469 5250/5250 5249/5249
f 5471/5471 5470/5470 5472/5472
f 5471/5471 5472/5472 5473/5473
f 5471/5471 5473/5473 5253/5253
f 5471/5471 5253/5253 5250/5250
f 5474/5474 5475/5475 5476/5476
f 5474/5474 5476/5476 5477/5477
f 5474/5474 5477/5477 5259/5259
f 5474/5474 5259/5259 5258/5258
f 5477/5477 5476/5476 5478/5478
f 5477/5477 5478/5478 5479/5479
f 5477/5477 5479/5479 5480/5480
f 5477/5477 5480/5480 5259/5259
f 5480/5480 5481/5481 5260/5260
f 5480/5480 5260/5260 5259/5259
f 5480/5480 5479/5479 5482/5482
f 5480/5480 5482/5482 5483/5483
f 5480/5480 5483/5483 5484/5484
f 5480/5480 5484/5484 5481/5481
f 5485/5485 5486/5486 5487/5487
f 5485/5485 5487/5487 5488/5488
f 5484/5484 5483/5483 5414/5414
f 5484/5484 5414/5414 5413/5413
f 5485/5485 5408/5408 5407/5407
f 5485/5485 5407/5407 5486/5486
f 5483/5483 5482/5482 5416/5416
f 5483/5483 5416/5416 5414/5414
f 5482/5482 5479/5479 5478/5478
f 5482/5482 5478/5478 5489/5489
f 5482/5482 5489/5489 5490/5490
f 5482/5482 5490/5490 5416/5416
f 5490/5490 5489/5489 5491/5491
f 5490/5490 5491/5491 5492/5492
f 5490/5490 5492/5492 5493/5493
f 5490/5490 5493/5493 5419/5419
f 5490/5490 5419/5419 5417/5417
f 5490/5490 5417/5417 5416/5416
f 5493/5493 5492/5492 5494/5494
f 5493/5493 5494/5494 5495/5495
f 5493/5493 5495/5495 5496/5496
f 5493/5493 5496/5496 5422/5422
f 5493/5493 5422/5422 5420/5420
f 5493/5493 5420/5420 5419/5419
f 5496/5496 5495/5495 5497/5497
f 5496/5496 5497/5497 5498/5498
f 5496/5496 5498/5498 5499/5499
f 5496/5496 5499/5499 5500/5500
f 5496/5496 5500/5500 5423/5423
f 5496/5496 5423/5423 5422/5422
f 5500/5500 5499/5499 5501/5501
f 5500/5500 5501/5501 5502/5502
f 5500/5500 5502/5502 5424/5424
f 5500/5500 5424/5424 5423/5423
f 5502/5502 5501/5501 5503/5503
f 5502/5502 5503/5503 5504/5504
f 5502/5502 5504/5504 5426/5426
f 5502/5502 5426/5426 5424/5424
f 5505/5505 5506/5506 5507/5507
f 5505/5505 5507/5507 5508/5508
f 5505/5505 5508/5508 5430/5430
f 5505/5505 5430/5430 5429/5429
f 5508/5508 5507/5507 5509/5509
f 5508/5508 5509/5509 5510/5510
f 5508/5508 5510/5510 5432/5432
f 5508/5508 5432/5432 5430/5430
f 5510/5510 5509/5509 5511/5511
f 5510/5510 5511/5511 5512/5512
f 5510/5510 5512/5512 5434/5434
f 5510/5510 5434/5434 5432/5432
f 5512/5512 5511/5511 5513/5513
f 5512/5512 5513/5513 5514/5514
f 5512/5512 5514/5514 5515/5515
f 5512/5512 5515/5515 5434/5434
f 5515/5515 5437/5437 5435/5435
f 5515/5515 5435/5435 5434/5434
f 5515/5515 5514/5514 5516/5516
f 5515/5515 5516/5516 5517/5517
f 5515/5515 5517/5517 5518/5518
f 5515/5515 5518/5518 5437/5437
f 5518/5518 5441/5441 5438/5438
f 5518/5518 5438/5438 5437/5437
f 5518/5518 5517/5517 5519/5519
f 5518/5518 5519/5519 5520/5520
f 5518/5518 5520/5520 5444/5444
f 5518/5518 5444/5444 5441/5441
f 5520/5520 5519/5519 5521/5521
f 5520/5520 5521/5521 5522/5522
f 5520/5520 5522/5522 5447/5447
f 5520/5520 5447/5447 5444/5444
f 5523/5523 5524/5524 5525/5525
f 5523/5523 5525/5525 5526/5526
f 5523/5523 5526/5526 5452/5452
f 5523/5523 5452/5452 5451/5451
f 5526/5526 5525/5525 5527/5527
f 5526/5526 5527/5527 5528/5528
f 5526/5526 5528/5528 5456/5456
f 5526/5526 5456/5456 5452/5452
f 5528/5528 5527/5527 5529/5529
f 5528/5528 5529/5529 5530/5530
f 5528/5528 5530/5530 5459/5459
f 5528/5528 5459/5459 5456/5456
f 5530/5530 5529/5529 5531/5531
f 5530/5530 5531/5531 5466/5466
f 5530/5530 5466/5466 5462/5462
f 5530/5530 5462/5462 5459/5459
f 5531/5531 5529/5529 5532/5532
f 5531/5531 5532/5532 5533/5533
f 5531/5531 5533/5533 5534/5534
f 5531/5531 5534/5534 5535/5535
f 5531/5531 5535/5535 5467/5467
f 5531/5531 5467/5467 5466/5466
f 5535/5535 5534/5534 5536/5536
f 5535/5535 5536/5536 5537/5537
f 5535/5535 5537/5537 5468/5468
f 5535/5535 5468/5468 5467/5467
f 5537/5537 5536/5536 5538/5538
f 5537/5537 5538/5538 5539/5539
f 5537/5537 5539/5539 5470/5470
f 5537/5537 5470/5470 5468/5468
f 5539/5539 5538/5538 5540/5540
f 5539/5539 5540/5540 5541/5541
f 5539/5539 5541/5541 5472/5472
f 5539/5539 5472/5472 5470/5470
f 5542/5542 5543/5543 5544/5544
f 5542/5542 5544/5544 5545/5545
f 5542/5542 5545/5545 5476/5476
f 5542/5542 5476/5476 5475/5475
f 5545/5545 5544/5544 5546/5546
f 5545/5545 5546/5546 5547/5547
f 5545/5545 5547/5547 5478/5478
f 5545/5545 5478/5478 5476/5476
f 5547/5547 5546/5546 5548/5548
f 5547/5547 5548/5548 5491/5491
f 5547/5547 5491/5491 5489/5489
f 5547/5547 5489/5489 5478/5478
f 5548/5548 5546/5546 5549/5549
f 5548/5548 5549/5549 5550/5550
f 5548/5548 5550/5550 5551/5551
f 5548/5548 5551/5551 5494/5494
f 5548/5548 5494/5494 5492/5492
f 5548/5548 5492/5492 5491/5491
f 5551/5551 5550/5550 5552/5552
f 5551/5551 5552/5552 5553/5553
f 5551/5551 5553/5553 5554/5554
f 5551/5551 5554/5554 5497/5497
f 5551/5551 5497/5497 5495/5495
f 5551/5551 5495/5495 5494/5494
f 5554/5554 5553/5553 5555/5555
f 5554/5554 5555/5555 5556/5556
f 5554/5554 5556/5556 5557/5557
f 5554/5554 5557/5557 5558/5558
f 5554/5554 5558/5558 5498/5498
f 5554/5554 5498/5498 5497/5497
f 5558/5558 5557/5557 5559/5559
f 5558/5558 5559/5559 5560/5560
f 5558/5558 5560/5560 5499/5499
f 5558/5558 5499/5499 5498/5498
f 5560/5560 5559/5559 5561/5561
f 5560/5560 5561/5561 5562/5562
f 5560/5560 5562/5562 5501/5501
f 5560/5560 5501/5501 5499/5499
f 5562/5562 5561/5561 5563/5563
f 5562/5562 5563/5563 5564/5564
f 5562/5562 5564/5564 5503/5503
f 5562/5562 5503/5503 5501/5501
f 5565/5565 5566/5566 5567/5567
f 5565/5565 5567/5567 5568/5568
f 5565/5565 5568/5568 5507/5507
f 5565/5565 5507/5507 5506/5506
f 5568/5568 5567/5567 5569/5569
f 5568/5568 5569/5569 5570/5570
f 5568/5568 5570/5570 5509/5509
f 5568/5568 5509/5509 5507/5507
f 5570/5570 5569/5569 5571/5571
f 5570/5570 5571/5571 5572/5572
f 5570/5570 5572/5572 5511/5511
f 5570/5570 5511/5511 5509/5509
f 5572/5572 5571/5571 5573/5573
f 5572/5572 5573/5573 5574/5574
f 5572/5572 5574/5574 5513/5513
f 5572/5572 5513/5513 5511/5511
f 5574/5574 5573/5573 5575/5575
f 5574/5574 5575/5575 5576/5576
f 5574/5574 5576/5576 5577/5577
f 5574/5574 5577/5577 5513/5513
f 5577/5577 5516/5516 5514/5514
f 5577/5577 5514/5514 5513/5513
f 5577/5577 5576/5576 5578/5578
f 5577/5577 5578/5578 5579/5579
f 5577/5577 5579/5579 5580/5580
f 5577/5577 5580/5580 5516/5516
f 5580/5580 5519/5519 5517/5517
f 5580/5580 5517/5517 5516/5516
f 5580/5580 5579/5579 5581/5581
f 5580/5580 5581/5581 5582/5582
f 5580/5580 5582/5582 5521/5521
f 5580/5580 5521/5521 5519/5519
f 5583/5583 5584/5584 5585/5585
f 5583/5583 5585/5585 5586/5586
f 5583/5583 5586/5586 5525/5525
f 5583/5583 5525/5525 5524/5524
f 5586/5586 5585/5585 5587/5587
f 5586/5586 5587/5587 5588/5588
f 5586/5586 5588/5588 5527/5527
f 5586/5586 5527/5527 5525/5525
f 5588/5588 5587/5587 5589/5589
f 5588/5588 5589/5589 5532/5532
f 5588/5588 5532/5532 5529/5529
f 5588/5588 5529/5529 5527/5527
f 5589/5589 5587/5587 5590/5590
f 5589/5589 5590/5590 5591/5591
f 5589/5589 5591/5591 5592/5592
f 5589/5589 5592/5592 5593/5593
f 5589/5589 5593/5593 5533/5533
f 5589/5589 5533/5533 5532/5532
f 5593/5593 5592/5592 5594/5594
f 5593/5593 5594/5594 5595/5595
f 5593/5593 5595/5595 5534/5534
f 5593/5593 5534/5534 5533/5533
f 5595/5595 5594/5594 5596/5596
f 5595/5595 5596/5596 5597/5597
f 5595/5595 5597/5597 5536/5536
f 5595/5595 5536/5536 5534/5534
f 5597/5597 5596/5596 5598/5598
f 5597/5597 5598/5598 5599/5599
f 5597/5597 5599/5599 5538/5538
f 5597/5597 5538/5538 5536/5536
f 5599/5599 5598/5598 5600/5600
f 5599/5599 5600/5600 5601/5601
f 5599/5599 5601/5601 5540/5540
f 5599/5599 5540/5540 5538/5538
f 5602/5602 5603/5603 5604/5604
f 5602/5602 5604/5604 5605/5605
f 5602/5602 5605/5605 5544/5544
f 5602/5602 5544/5544 5543/5543
f 5605/5605 5604/5604 5606/5606
f 5605/5605 5606/5606 5549/5549
f 5605/5605 5549/5549 5546/5546
f 5605/5605 5546/5546 5544/5544
f 5606/5606 5604/5604 5607/5607
f 5606/5606 5607/5607 5608/5608
f 5606/5606 5608/5608 5609/5609
f 5606/5606 5609/5609 5552/5552
f 5606/5606 5552/5552 5550/5550
f 5606/5606 5550/5550 5549/5549
f 5609/5609 5608/5608 5610/5610
f 5609/5609 5610/5610 5611/5611
f 5609/5609 5611/5611 5612/5612
f 5609/5609 5612/5612 5555/5555
f 5609/5609 5555/5555 5553/5553
f 5609/5609 5553/5553 5552/5552
f 5612/5612 5611/5611 5613/5613
f 5612/5612 5613/5613 5614/5614
f 5612/5612 5614/5614 5615/5615
f 5612/5612 5615/5615 5616/5616
f 5612/5612 5616/5616 5556/5556
f 5612/5612 5556/5556 5555/5555
f 5616/5616 5615/5615 5617/5617
f 5616/5616 5617/5617 5618/5618
f 5616/5616 5618/5618 5557/5557
f 5616/5616 5557/5557 5556/5556
f 5618/5618 5617/5617 5619/5619
f 5618/5618 5619/5619 5620/5620
f 5618/5618 5620/5620 5559/5559
f 5618/5618 5559/5559 5557/5557
f 5620/5620 5619/5619 5621/5621
f 5620/5620 5621/5621 5622/5622
f 5620/5620 5622/5622 5561/5561
f 5620/5620 5561/5561 5559/5559
f 5622/5622 5621/5621 5623/5623
f 5622/5622 5623/5623 5624/5624
f 5622/5622 5624/5624 5563/5563
f 5622/5622 5563/5563 5561/5561
f 5625/5625 5626/5626 5627/5627
f 5625/5625 5627/5627 5628/5628
f 5625/5625 5628/5628 5567/5567
f 5625/5625 5567/5567 5566/5566
f 5628/5628 5627/5627 5629/5629
f 5628/5628 5629/5629 5630/5630
f 5628/5628 5630/5630 5569/5569
f 5628/5628 5569/5569 5567/5567
f 5630/5630 5629/5629 5631/5631
f 5630/5630 5631/5631 5632/5632
f 5630/5630 5632/5632 5571/5571
f 5630/5630 5571/5571 5569/5569
f 5632/5632 5631/5631 5633/5633
f 5632/5632 5633/5633 5634/5634
f 5632/5632 5634/5634 5573/5573
f 5632/5632 5573/5573 5571/5571
f 5634/5634 5633/5633 5635/5635
f 5634/5634 5635/5635 5636/5636
f 5634/5634 5636/5636 5575/5575
f 5634/5634 5575/5575 5573/5573
f 5636/5636 5635/5635 5637/5637
f 5636/5636 5637/5637 5638/5638
f 5636/5636 5638/5638 5639/5639
f 5636/5636 5639/5639 5575/5575
f 5639/5639 5578/5578 5576/5576
f 5639/5639 5576/5576 5575/5575
f 5639/5639 5638/5638 5640/5640
f 5639/5639 5640/5640 5641/5641
f 5639/5639 5641/5641 5642/5642
f 5639/5639 5642/5642 5578/5578
f 5642/5642 5581/5581 5579/5579
f 5642/5642 5579/5579 5578/5578
f 5643/5643 5644/5644 5645/5645
f 5643/5643 5645/5645 5646/5646
f 5643/5643 5646/5646 5585/5585
f 5643/5643 5585/5585 5584/5584
f 5646/5646 5645/5645 5647/5647
f 5646/5646 5647/5647 5590/5590
f 5646/5646 5590/5590 5587/5587
f 5646/5646 5587/5587 5585/5585
f 5647/5647 5645/5645 5648/5648
f 5647/5647 5648/5648 5649/5649
f 5647/5647 5649/5649 5650/5650
f 5647/5647 5650/5650 5651/5651
f 5647/5647 5651/5651 5591/5591
f 5647/5647 5591/5591 5590/5590
f 5651/5651 5650/5650 5652/5652
f 5651/5651 5652/5652 5653/5653
f 5651/5651 5653/5653 5592/5592
f 5651/5651 5592/5592 5591/5591
f 5653/5653 5652/5652 5654/5654
f 5653/5653 5654/5654 5655/5655
f 5653/5653 5655/5655 5594/5594
f 5653/5653 5594/5594 5592/5592
f 5655/5655 5654/5654 5656/5656
f 5655/5655 5656/5656 5657/5657
f 5655/5655 5657/5657 5596/5596
f 5655/5655 5596/5596 5594/5594
f 5657/5657 5656/5656 5658/5658
f 5657/5657 5658/5658 5659/5659
f 5657/5657 5659/5659 5598/5598
f 5657/5657 5598/5598 5596/5596
f 5659/5659 5658/5658 5660/5660
f 5659/5659 5660/5660 5661/5661
f 5659/5659 5661/5661 5600/5600
f 5659/5659 5600/5600 5598/5598
f 5662/5662 5663/5663 5664/5664
f 5662/5662 5664/5664 5607/5607
f 5662/5662 5607/5607 5604/5604
f 5662/5662 5604/5604 5603/5603
f 5664/5664 5663/5663 5665/5665
f 5664/5664 5665/5665 5666/5666
f 5664/5664 5666/5666 5667/5667
f 5664/5664 5667/5667 5610/5610
f 5664/5664 5610/5610 5608/5608
f 5664/5664 5608/5608 5607/5607
f 5667/5667 5666/5666 5668/5668
f 5667/5667 5668/5668 5669/5669
f 5667/5667 5669/5669 5670/5670
f 5667/5667 5670/5670 5613/5613
f 5667/5667 5613/5613 5611/5611
f 5667/5667 5611/5611 5610/5610
f 5670/5670 5669/5669 5671/5671
f 5670/5670 5671/5671 5672/5672
f 5670/5670 5672/5672 5673/5673
f 5670/5670 5673/5673 5674/5674
f 5670/5670 5674/5674 5614/5614
f 5670/5670 5614/5614 5613/5613
f 5674/5674 5673/5673 5675/5675
f 5674/5674 5675/5675 5676/5676
f 5674/5674 5676/5676 5615/5615
f 5674/5674 5615/5615 5614/5614
f 5676/5676 5675/5675 5677/5677
f 5676/5676 5677/5677 5678/5678
f 5676/5676 5678/5678 5617/5617
f 5676/5676 5617/5617 5615/5615
f 5678/5678 5677/5677 5679/5679
f 5678/5678 5679/5679 5680/5680
f 5678/5678 5680/5680 5619/5619
f 5678/5678 5619/5619 5617/5617
f 5680/5680 5679/5679 5681/5681
f 5680/5680 5681/5681 5682/5682
f 5680/5680 5682/5682 5621/5621
f 5680/5680 5621/5621 5619/5619
f 5682/5682 5681/5681 5683/5683
f 5682/5682 5683/5683 5684/5684
f 5682/5682 5684/5684 5623/5623
f 5682/5682 5623/5623 5621/5621
f 5685/5685 5686/5686 5687/5687
f 5685/5685 5687/5687 5688/5688
f 5685/5685 5688/5688 5627/5627
f 5685/5685 5627/5627 5626/5626
f 5688/5688 5687/5687 5689/5689
f 5688/5688 5689/5689 5690/5690
f 5688/5688 5690/5690 5629/5629
f 5688/5688 5629/5629 5627/5627
f 5690/5690 5689/5689 5691/5691
f 5690/5690 5691/5691 5692/5692
f 5690/5690 5692/5692 5631/5631
f 5690/5690 5631/5631 5629/5629
f 5692/5692 5691/5691 5693/5693
f 5692/5692 5693/5693 5694/5694
f 5692/5692 5694/5694 5633/5633
f 5692/5692 5633/5633 5631/5631
f 5694/5694 5693/5693 5695/5695
f 5694/5694 5695/5695 5696/5696
f 5694/5694 5696/5696 5635/5635
f 5694/5694 5635/5635 5633/5633
f 5696/5696 5695/5695 5697/5697
f 5696/5696 5697/5697 5698/5698
f 5696/5696 5698/5698 5637/5637
f 5696/5696 5637/5637 5635/5635
f 5698/5698 5697/5697 5699/5699
f 5698/5698 5699/5699 5700/5700
f 5698/5698 5700/5700 5701/5701
f 5698/5698 5701/5701 5637/5637
f 5701/5701 5640/5640 5638/5638
f 5701/5701 5638/5638 5637/5637
f 5702/5702 5703/5703 5704/5704
f 5702/5702 5704/5704 5705/5705
f 5702/5702 5705/5705 5648/5648
f 5702/5702 5648/5648 5706/5706
f 5705/5705 5704/5704 5707/5707
f 5705/5705 5707/5707 5708/5708
f 5705/5705 5708/5708 5649/5649
f 5705/5705 5649/5649 5648/5648
f 5708/5708 5707/5707 5709/5709
f 5708/5708 5709/5709 5710/5710
f 5708/5708 5710/5710 5650/5650
f 5708/5708 5650/5650 5649/5649
f 5710/5710 5709/5709 5711/5711
f 5710/5710 5711/5711 5712/5712
f 5710/5710 5712/5712 5652/5652
f 5710/5710 5652/5652 5650/5650
f 5712/5712 5711/5711 5713/5713
f 5712/5712 5713/5713 5714/5714
f 5712/5712 5714/5714 5654/5654
f 5712/5712 5654/5654 5652/5652
f 5714/5714 5713/5713 5715/5715
f 5714/5714 5715/5715 5716/5716
f 5714/5714 5716/5716 5656/5656
f 5714/5714 5656/5656 5654/5654
f 5716/5716 5715/5715 5717/5717
f 5716/5716 5717/5717 5718/5718
f 5716/5716 5718/5718 5658/5658
f 5716/5716 5658/5658 5656/5656
f 5718/5718 5717/5717 5719/5719
f 5718/5718 5719/5719 5720/5720
f 5718/5718 5720/5720 5660/5660
f 5718/5718 5660/5660 5658/5658
f 5719/5719 5717/5717 5721/5721
f 5719/5719 5721/5721 5722/5722
f 5723/5723 5724/5724 5725/5725
f 5723/5723 5725/5725 5668/5668
f 5723/5723 5668/5668 5666/5666
f 5723/5723 5666/5666 5665/5665
f 5725/5725 5724/5724 5726/5726
f 5725/5725 5726/5726 5727/5727
f 5725/5725 5727/5727 5728/5728
f 5725/5725 5728/5728 5671/5671
f 5725/5725 5671/5671 5669/5669
f 5725/5725 5669/5669 5668/5668
f 5728/5728 5727/5727 5729/5729
f 5728/5728 5729/5729 5730/5730
f 5728/5728 5730/5730 5731/5731
f 5728/5728 5731/5731 5732/5732
f 5728/5728 5732/5732 5672/5672
f 5728/5728 5672/5672 5671/5671
f 5732/5732 5731/5731 5733/5733
f 5732/5732 5733/5733 5734/5734
f 5732/5732 5734/5734 5673/5673
f 5732/5732 5673/5673 5672/5672
f 5734/5734 5733/5733 5735/5735
f 5734/5734 5735/5735 5736/5736
f 5734/5734 5736/5736 5675/5675
f 5734/5734 5675/5675 5673/5673
f 5736/5736 5735/5735 5737/5737
f 5736/5736 5737/5737 5738/5738
f 5736/5736 5738/5738 5677/5677
f 5736/5736 5677/5677 5675/5675
f 5738/5738 5737/5737 5739/5739
f 5738/5738 5739/5739 5740/5740
f 5738/5738 5740/5740 5679/5679
f 5738/5738 5679/5679 5677/5677
f 5740/5740 5739/5739 5741/5741
f 5740/5740 5741/5741 5742/5742
f 5740/5740 5742/5742 5681/5681
f 5740/5740 5681/5681 5679/5679
f 5742/5742 5741/5741 5743/5743
f 5742/5742 5743/5743 5744/5744
f 5742/5742 5744/5744 5683/5683
f 5742/5742 5683/5683 5681/5681
f 5745/5745 5746/5746 5747/5747
f 5745/5745 5747/5747 5748/5748
f 5745/5745 5748/5748 5687/5687
f 5745/5745 5687/5687 5686/5686
f 5748/5748 5747/5747 5749/5749
f 5748/5748 5749/5749 5750/5750
f 5748/5748 5750/5750 5689/5689
f 5748/5748 5689/5689 5687/5687
f 5750/5750 5749/5749 5751/5751
f 5750/5750 5751/5751 5752/5752
f 5750/5750 5752/5752 5691/5691
f 5750/5750 5691/5691 5689/5689
f 5752/5752 5751/5751 5753/5753
f 5752/5752 5753/5753 5754/5754
f 5752/5752 5754/5754 5693/5693
f 5752/5752 5693/5693 5691/5691
f 5754/5754 5753/5753 5755/5755
f 5754/5754 5755/5755 5756/5756
f 5754/5754 5756/5756 5695/5695
f 5754/5754 5695/5695 5693/5693
f 5756/5756 5755/5755 5757/5757
f 5756/5756 5757/5757 5758/5758
f 5756/5756 5758/5758 5697/5697
f 5756/5756 5697/5697 5695/5695
f 5758/5758 5757/5757 5759/5759
f 5758/5758 5759/5759 5760/5760
f 5758/5758 5760/5760 5699/5699
f 5758/5758 5699/5699 5697/5697
f 5761/5761 5762/5762 5763/5763
f 5761/5761 5763/5763 5764/5764
f 5761/5761 5764/5764 5765/5765
f 5761/5761 5765/5765 5766/5766
f 5765/5765 5704/5704 5703/5703
f 5765/5765 5703/5703 5766/5766
f 5765/5765 5764/5764 5767/5767
f 5765/5765 5767/5767 5768/5768
f 5765/5765 5768/5768 5707/5707
f 5765/5765 5707/5707 5704/5704
f 5768/5768 5767/5767 5769/5769
f 5768/5768 5769/5769 5770/5770
f 5768/5768 5770/5770 5709/5709
f 5768/5768 5709/5709 5707/5707
f 5770/5770 5769/5769 5771/5771
f 5770/5770 5771/5771 5772/5772
f 5770/5770 5772/5772 5711/5711
f 5770/5770 5711/5711 5709/5709
f 5772/5772 5771/5771 5773/5773
f 5772/5772 5773/5773 5774/5774
f 5772/5772 5774/5774 5713/5713
f 5772/5772 5713/5713 5711/5711
f 5774/5774 5773/5773 5775/5775
f 5774/5774 5775/5775 5776/5776
f 5774/5774 5776/5776 5715/5715
f 5774/5774 5715/5715 5713/5713
f 5776/5776 5775/5775 5777/5777
f 5776/5776 5777/5777 5721/5721
f 5776/5776 5721/5721 5717/5717
f 5776/5776 5717/5717 5715/5715
f 5777/5777 5775/5775 5778/5778
f 5777/5777 5778/5778 5779/5779
f 5777/5777 5779/5779 5780/5780
f 5777/5777 5780/5780 5781/5781
f 5777/5777 5781/5781 5722/5722
f 5777/5777 5722/5722 5721/5721
f 5780/5780 5779/5779 5782/5782
f 5780/5780 5782/5782 5783/5783
f 5784/5784 5785/5785 5786/5786
f 5784/5784 5786/5786 5729/5729
f 5784/5784 5729/5729 5727/5727
f 5784/5784 5727/5727 5726/5726
f 5786/5786 5785/5785 5787/5787
f 5786/5786 5787/5787 5788/5788
f 5786/5786 5788/5788 5789/5789
f 5786/5786 5789/5789 5790/5790
f 5786/5786 5790/5790 5730/5730
f 5786/5786 5730/5730 5729/5729
f 5790/5790 5789/5789 5791/5791
f 5790/5790 5791/5791 5792/5792
f 5790/5790 5792/5792 5731/5731
f 5790/5790 5731/5731 5730/5730
f 5792/5792 5791/5791 5793/5793
f 5792/5792 5793/5793 5794/5794
f 5792/5792 5794/5794 5733/5733
f 5792/5792 5733/5733 5731/5731
f 5794/5794 5793/5793 5795/5795
f 5794/5794 5795/5795 5796/5796
f 5794/5794 5796/5796 5735/5735
f 5794/5794 5735/5735 5733/5733
f 5796/5796 5795/5795 5797/5797
f 5796/5796 5797/5797 5798/5798
f 5796/5796 5798/5798 5737/5737
f 5796/5796 5737/5737 5735/5735
f 5798/5798 5797/5797 5799/5799
f 5798/5798 5799/5799 5800/5800
f 5798/5798 5800/5800 5739/5739
f 5798/5798 5739/5739 5737/5737
f 5800/5800 5799/5799 5801/5801
f 5800/5800 5801/5801 5802/5802
f 5800/5800 5802/5802 5741/5741
f 5800/5800 5741/5741 5739/5739
f 5802/5802 5801/5801 5803/5803
f 5802/5802 5803/5803 5804/5804
f 5802/5802 5804/5804 5743/5743
f 5802/5802 5743/5743 5741/5741
f 5805/5805 5806/5806 5807/5807
f 5805/5805 5807/5807 5808/5808
f 5805/5805 5808/5808 5747/5747
f 5805/5805 5747/5747 5746/5746
f 5808/5808 5807/5807 5809/5809
f 5808/5808 5809/5809 5810/5810
f 5808/5808 5810/5810 5749/5749
f 5808/5808 5749/5749 5747/5747
f 5810/5810 5809/5809 5811/5811
f 5810/5810 5811/5811 5812/5812
f 5810/5810 5812/5812 5751/5751
f 5810/5810 5751/5751 5749/5749
f 5812/5812 5811/5811 5813/5813
f 5812/5812 5813/5813 5814/5814
f 5812/5812 5814/5814 5753/5753
f 5812/5812 5753/5753 5751/5751
f 5814/5814 5813/5813 5815/5815
f 5814/5814 5815/5815 5816/5816
f 5814/5814 5816/5816 5755/5755
f 5814/5814 5755/5755 5753/5753
f 5816/5816 5815/5815 5817/5817
f 5816/5816 5817/5817 5818/5818
f 5816/5816 5818/5818 5757/5757
f 5816/5816 5757/5757 5755/5755
f 5818/5818 5817/5817 5819/5819
f 5818/5818 5819/5819 5820/5820
f 5818/5818 5820/5820 5759/5759
f 5818/5818 5759/5759 5757/5757
f 5821/5821 5822/5822 5823/5823
f 5821/5821 5823/5823 5824/5824
f 5821/5821 5824/5824 5763/5763
f 5821/5821 5763/5763 5762/5762
f 5824/5824 5823/5823 5825/5825
f 5824/5824 5825/5825 5826/5826
f 5824/5824 5826/5826 5827/5827
f 5824/5824 5827/5827 5763/5763
f 5827/5827 5767/5767 5764/5764
f 5827/5827 5764/5764 5763/5763
f 5827/5827 5826/5826 5828/5828
f 5827/5827 5828/5828 5829/5829
f 5827/5827 5829/5829 5769/5769
f 5827/5827 5769/5769 5767/5767
f 5829/5829 5828/5828 5830/5830
f 5829/5829 5830/5830 5831/5831
f 5829/5829 5831/5831 5771/5771
f 5829/5829 5771/5771 5769/5769
f 5831/5831 5830/5830 5832/5832
f 5831/5831 5832/5832 5833/5833
f 5831/5831 5833/5833 5773/5773
f 5831/5831 5773/5773 5771/5771
f 5833/5833 5832/5832 5834/5834
f 5833/5833 5834/5834 5778/5778
f 5833/5833 5778/5778 5775/5775
f 5833/5833 5775/5775 5773/5773
f 5834/5834 5832/5832 5835/5835
f 5834/5834 5835/5835 5836/5836
f 5834/5834 5836/5836 5837/5837
f 5834/5834 5837/5837 5782/5782
f 5834/5834 5782/5782 5779/5779
f 5834/5834 5779/5779 5778/5778
f 5838/5838 5839/5839 5840/5840
f 5838/5838 5840/5840 5841/5841
f 5838/5838 5841/5841 5842/5842
f 5838/5838 5842/5842 5843/5843
f 5837/5837 5844/5844 5783/5783
f 5837/5837 5783/5783 5782/5782
f 5842/5842 5841/5841 5845/5845
f 5842/5842 5845/5845 5846/5846
f 5847/5847 5848/5848 5849/5849
f 5847/5847 5849/5849 5850/5850
f 5847/5847 5850/5850 5851/5851
f 5847/5847 5851/5851 5852/5852
f 5850/5850 5849/5849 5853/5853
f 5850/5850 5853/5853 5854/5854
f 5850/5850 5854/5854 5855/5855
f 5850/5850 5855/5855 5851/5851
f 5854/5854 5853/5853 5856/5856
f 5854/5854 5856/5856 5857/5857
f 5854/5854 5857/5857 5858/5858
f 5854/5854 5858/5858 5855/5855
f 5857/5857 5856/5856 5859/5859
f 5857/5857 5859/5859 5860/5860
f 5857/5857 5860/5860 5861/5861
f 5857/5857 5861/5861 5858/5858
f 5860/5860 5859/5859 5862/5862
f 5860/5860 5862/5862 5863/5863
f 5860/5860 5863/5863 5864/5864
f 5860/5860 5864/5864 5861/5861
f 5863/5863 5862/5862 5865/5865
f 5863/5863 5865/5865 5866/5866
f 5863/5863 5866/5866 5867/5867
f 5863/5863 5867/5867 5864/5864
f 5866/5866 5865/5865 5868/5868
f 5866/5866 5868/5868 5869/5869
f 5866/5866 5869/5869 5870/5870
f 5866/5866 5870/5870 5867/5867
f 5869/5869 5868/5868 5871/5871
f 5869/5869 5871/5871 5872/5872
f 5869/5869 5872/5872 5873/5873
f 5869/5869 5873/5873 5870/5870
f 5872/5872 5871/5871 5874/5874
f 5872/5872 5874/5874 5875/5875
f 5872/5872 5875/5875 5876/5876
f 5872/5872 5876/5876 5873/5873
f 5877/5877 5878/5878 5879/5879
f 5877/5877 5879/5879 5880/5880
f 5877/5877 5880/5880 5881/5881
f 5877/5877 5881/5881 5882/5882
f 5880/5880 5879/5879 5883/5883
f 5880/5880 5883/5883 5884/5884
f 5880/5880 5884/5884 5885/5885
f 5880/5880 5885/5885 5881/5881
f 5884/5884 5883/5883 5886/5886
f 5884/5884 5886/5886 5887/5887
f 5884/5884 5887/5887 5888/5888
f 5884/5884 5888/5888 5885/5885
f 5887/5887 5886/5886 5889/5889
f 5887/5887 5889/5889 5890/5890
f 5887/5887 5890/5890 5891/5891
f 5887/5887 5891/5891 5888/5888
f 5890/5890 5889/5889 5892/5892
f 5890/5890 5892/5892 5893/5893
f 5890/5890 5893/5893 5894/5894
f 5890/5890 5894/5894 5891/5891
f 5893/5893 5892/5892 5895/5895
f 5893/5893 5895/5895 5896/5896
f 5893/5893 5896/5896 5897/5897
f 5893/5893 5897/5897 5894/5894
f 5896/5896 5895/5895 5898/5898
f 5896/5896 5898/5898 5899/5899
f 5896/5896 5899/5899 5900/5900
f 5896/5896 5900/5900 5897/5897
f 5901/5901 5902/5902 5903/5903
f 5901/5901 5903/5903 5904/5904
f 5901/5901 5904/5904 5905/5905
f 5901/5901 5905/5905 5906/5906
f 5904/5904 5903/5903 5907/5907
f 5904/5904 5907/5907 5908/5908
f 5904/5904 5908/5908 5909/5909
f 5904/5904 5909/5909 5905/5905
f 5908/5908 5907/5907 5910/5910
f 5908/5908 5910/5910 5911/5911
f 5908/5908 5911/5911 5912/5912
f 5908/5908 5912/5912 5909/5909
f 5913/5913 5828/5828 5826/5826
f 5913/5913 5826/5826 5825/5825
f 5912/5912 5911/5911 5914/5914
f 5912/5912 5914/5914 5915/5915
f 5913/5913 5916/5916 5830/5830
f 5913/5913 5830/5830 5828/5828
f 5915/5915 5914/5914 5917/5917
f 5915/5915 5917/5917 5918/5918
f 5916/5916 5835/5835 5832/5832
f 5916/5916 5832/5832 5830/5830
f 5917/5917 5914/5914 5919/5919
f 5917/5917 5919/5919 5920/5920
f 5917/5917 5920/5920 5921/5921
f 5917/5917 5921/5921 5840/5840
f 5917/5917 5840/5840 5839/5839
f 5917/5917 5839/5839 5918/5918
f 5921/5921 5920/5920 5922/5922
f 5921/5921 5922/5922 5923/5923
f 5921/5921 5923/5923 5924/5924
f 5921/5921 5924/5924 5845/5845
f 5921/5921 5845/5845 5841/5841
f 5921/5921 5841/5841 5840/5840
f 5924/5924 5923/5923 5925/5925
f 5924/5924 5925/5925 5926/5926
f 5924/5924 5926/5926 5927/5927
f 5924/5924 5927/5927 5928/5928
f 5924/5924 5928/5928 5846/5846
f 5924/5924 5846/5846 5845/5845
f 5929/5929 5930/5930 5931/5931
f 5929/5929 5931/5931 5932/5932
f 5929/5929 5932/5932 5849/5849
f 5929/5929 5849/5849 5848/5848
f 5932/5932 5931/5931 5933/5933
f 5932/5932 5933/5933 5934/5934
f 5932/5932 5934/5934 5853/5853
f 5932/5932 5853/5853 5849/5849
f 5934/5934 5933/5933 5935/5935
f 5934/5934 5935/5935 5936/5936
f 5934/5934 5936/5936 5856/5856
f 5934/5934 5856/5856 5853/5853
f 5936/5936 5935/5935 5937/5937
f 5936/5936 5937/5937 5938/5938
f 5936/5936 5938/5938 5859/5859
f 5936/5936 5859/5859 5856/5856
f 5938/5938 5937/5937 5939/5939
f 5938/5938 5939/5939 5940/5940
f 5938/5938 5940/5940 5862/5862
f 5938/5938 5862/5862 5859/5859
f 5940/5940 5939/5939 5941/5941
f 5940/5940 5941/5941 5942/5942
f 5940/5940 5942/5942 5865/5865
f 5940/5940 5865/5865 5862/5862
f 5942/5942 5941/5941 5943/5943
f 5942/5942 5943/5943 5944/5944
f 5942/5942 5944/5944 5868/5868
f 5942/5942 5868/5868 5865/5865
f 5944/5944 5943/5943 5945/5945
f 5944/5944 5945/5945 5946/5946
f 5944/5944 5946/5946 5871/5871
f 5944/5944 5871/5871 5868/5868
f 5946/5946 5945/5945 5947/5947
f 5946/5946 5947/5947 5948/5948
f 5946/5946 5948/5948 5874/5874
f 5946/5946 5874/5874 5871/5871
f 5949/5949 5950/5950 5951/5951
f 5949/5949 5951/5951 5952/5952
f 5949/5949 5952/5952 5879/5879
f 5949/5949 5879/5879 5878/5878
f 5952/5952 5951/5951 5953/5953
f 5952/5952 5953/5953 5954/5954
f 5952/5952 5954/5954 5883/5883
f 5952/5952 5883/5883 5879/5879
f 5954/5954 5953/5953 5955/5955
f 5954/5954 5955/5955 5956/5956
f 5954/5954 5956/5956 5886/5886
f 5954/5954 5886/5886 5883/5883
f 5956/5956 5955/5955 5957/5957
f 5956/5956 5957/5957 5958/5958
f 5956/5956 5958/5958 5889/5889
f 5956/5956 5889/5889 5886/5886
f 5958/5958 5957/5957 5959/5959
f 5958/5958 5959/5959 5960/5960
f 5958/5958 5960/5960 5892/5892
f 5958/5958 5892/5892 5889/5889
f 5960/5960 5959/5959 5961/5961
f 5960/5960 5961/5961 5962/5962
f 5960/5960 5962/5962 5895/5895
f 5960/5960 5895/5895 5892/5892
f 5962/5962 5961/5961 5963/5963
f 5962/5962 5963/5963 5964/5964
f 5962/5962 5964/5964 5898/5898
f 5962/5962 5898/5898 5895/5895
f 5965/5965 5966/5966 5967/5967
f 5965/5965 5967/5967 5968/5968
f 5965/5965 5968/5968 5903/5903
f 5965/5965 5903/5903 5902/5902
f 5968/5968 5967/5967 5969/5969
f 5968/5968 5969/5969 5970/5970
f 5968/5968 5970/5970 5907/5907
f 5968/5968 5907/5907 5903/5903
f 5970/5970 5969/5969 5971/5971
f 5970/5970 5971/5971 5972/5972
f 5970/5970 5972/5972 5910/5910
f 5970/5970 5910/5910 5907/5907
f 5972/5972 5971/5971 5973/5973
f 5972/5972 5973/5973 5974/5974
f 5972/5972 5974/5974 5919/5919
f 5972/5972 5919/5919 5910/5910
f 5974/5974 5973/5973 5975/5975
f 5974/5974 5975/5975 5922/5922
f 5974/5974 5922/5922 5920/5920
f 5974/5974 5920/5920 5919/5919
f 5975/5975 5973/5973 5976/5976
f 5975/5975 5976/5976 5977/5977
f 5975/5975 5977/5977 5978/5978
f 5975/5975 5978/5978 5925/5925
f 5975/5975 5925/5925 5923/5923
f 5975/5975 5923/5923 5922/5922
f 5978/5978 5977/5977 5979/5979
f 5978/5978 5979/5979 5980/5980
f 5978/5978 5980/5980 5981/5981
f 5978/5978 5981/5981 5982/5982
f 5978/5978 5982/5982 5926/5926
f 5978/5978 5926/5926 5925/5925
f 5982/5982 5981/5981 5983/5983
f 5982/5982 5983/5983 5984/5984
f 5982/5982 5984/5984 5927/5927
f 5982/5982 5927/5927 5926/5926
f 5985/5985 5986/5986 5987/5987
f 5985/5985 5987/5987 5988/5988
f 5985/5985 5988/5988 5931/5931
f 5985/5985 5931/5931 5930/5930
f 5988/5988 5987/5987 5989/5989
f 5988/5988 5989/5989 5990/5990
f 5988/5988 5990/5990 5933/5933
f 5988/5988 5933/5933 5931/5931
f 5990/5990 5989/5989 5991/5991
f 5990/5990 5991/5991 5992/5992
f 5990/5990 5992/5992 5935/5935
f 5990/5990 5935/5935 5933/5933
f 5992/5992 5991/5991 5993/5993
f 5992/5992 5993/5993 5994/5994
f 5992/5992 5994/5994 5937/5937
f 5992/5992 5937/5937 5935/5935
f 5994/5994 5993/5993 5995/5995
f 5994/5994 5995/5995 5996/5996
f 5994/5994 5996/5996 5939/5939
f 5994/5994 5939/5939 5937/5937
f 5996/5996 5995/5995 5997/5997
f 5996/5996 5997/5997 5998/5998
f 5996/5996 5998/5998 5941/5941
f 5996/5996 5941/5941 5939/5939
f 5998/5998 5997/5997 5999/5999
f 5998/5998 5999/5999 6000/6000
f 5998/5998 6000/6000 5943/5943
f 5998/5998 5943/5943 5941/5941
f 6000/6000 5999/5999 6001/6001
f 6000/6000 6001/6001 6002/6002
f 6000/6000 6002/6002 5945/5945
f 6000/6000 5945/5945 5943/5943
f 6002/6002 6001/6001 6003/6003
f 6002/6002 6003/6003 6004/6004
f 6002/6002 6004/6004 5947/5947
f 6002/6002 5947/5947 5945/5945
f 6005/6005 6006/6006 6007/6007
f 6005/6005 6007/6007 6008/6008
f 6005/6005 6008/6008 5951/5951
f 6005/6005 5951/5951 5950/5950
f 6008/6008 6007/6007 6009/6009
f 6008/6008 6009/6009 6010/6010
f 6008/6008 6010/6010 5953/5953
f 6008/6008 5953/5953 5951/5951
f 6010/6010 6009/6009 6011/6011
f 6010/6010 6011/6011 6012/6012
f 6010/6010 6012/6012 5955/5955
f 6010/6010 5955/5955 5953/5953
f 6012/6012 6011/6011 6013/6013
f 6012/6012 6013/6013 6014/6014
f 6012/6012 6014/6014 5957/5957
f 6012/6012 5957/5957 5955/5955
f 6014/6014 6013/6013 6015/6015
f 6014/6014 6015/6015 6016/6016
f 6014/6014 6016/6016 5959/5959
f 6014/6014 5959/5959 5957/5957
f 6016/6016 6015/6015 6017/6017
f 6016/6016 6017/6017 6018/6018
f 6016/6016 6018/6018 5961/5961
f 6016/6016 5961/5961 5959/5959
f 6018/6018 6017/6017 6019/6019
f 6018/6018 6019/6019 6020/6020
f 6018/6018 6020/6020 5963/5963
f 6018/6018 5963/5963 5961/5961
f 6021/6021 6022/6022 6023/6023
f 6021/6021 6023/6023 6024/6024
f 6021/6021 6024/6024 5967/5967
f 6021/6021 5967/5967 5966/5966
f 6024/6024 6023/6023 6025/6025
f 6024/6024 6025/6025 6026/6026
f 6024/6024 6026/6026 5969/5969
f 6024/6024 5969/5969 5967/5967
f 6026/6026 6025/6025 6027/6027
f 6026/6026 6027/6027 6028/6028
f 6026/6026 6028/6028 5971/5971
f 6026/6026 5971/5971 5969/5969
f 6028/6028 6027/6027 6029/6029
f 6028/6028 6029/6029 5976/5976
f 6028/6028 5976/5976 5973/5973
f 6028/6028 5973/5973 5971/5971
f 6029/6029 6027/6027 6030/6030
f 6029/6029 6030/6030 6031/6031
f 6029/6029 6031/6031 6032/6032
f 6029/6029 6032/6032 5979/5979
f 6029/6029 5979/5979 5977/5977
f 6029/6029 5977/5977 5976/5976
f 6032/6032 6031/6031 6033/6033
f 6032/6032 6033/6033 6034/6034
f 6032/6032 6034/6034 6035/6035
f 6032/6032 6035/6035 6036/6036
f 6032/6032 6036/6036 5980/5980
f 6032/6032 5980/5980 5979/5979
f 6036/6036 6035/6035 6037/6037
f 6036/6036 6037/6037 6038/6038
f 6036/6036 6038/6038 5981/5981
f 6036/6036 5981/5981 5980/5980
f 6038/6038 6037/6037 6039/6039
f 6038/6038 6039/6039 6040/6040
f 6038/6038 6040/6040 5983/5983
f 6038/6038 5983/5983 5981/5981
f 6041/6041 6042/6042 6043/6043
f 6041/6041 6043/6043 6044/6044
f 6041/6041 6044/6044 5987/5987
f 6041/6041 5987/5987 5986/5986
f 6044/6044 6043/6043 6045/6045
f 6044/6044 6045/6045 6046/6046
f 6044/6044 6046/6046 5989/5989
f 6044/6044 5989/5989 5987/5987
f 6046/6046 6045/6045 6047/6047
f 6046/6046 6047/6047 6048/6048
f 6046/6046 6048/6048 5991/5991
f 6046/6046 5991/5991 5989/5989
f 6048/6048 6047/6047 6049/6049
f 6048/6048 6049/6049 6050/6050
f 6048/6048 6050/6050 5993/5993
f 6048/6048 5993/5993 5991/5991
f 6050/6050 6049/6049 6051/6051
f 6050/6050 6051/6051 6052/6052
f 6050/6050 6052/6052 5995/5995
f 6050/6050 5995/5995 5993/5993
f 6052/6052 6051/6051 6053/6053
f 6052/6052 6053/6053 6054/6054
f 6052/6052 6054/6054 5997/5997
f 6052/6052 5997/5997 5995/5995
f 6054/6054 6053/6053 6055/6055
f 6054/6054 6055/6055 6056/6056
f 6054/6054 6056/6056 5999/5999
f 6054/6054 5999/5999 5997/5997
f 6056/6056 6055/6055 6057/6057
f 6056/6056 6057/6057 6058/6058
f 6056/6056 6058/6058 6001/6001
f 6056/6056 6001/6001 5999/5999
f 6058/6058 6057/6057 6059/6059
f 6058/6058 6059/6059 6060/6060
f 6058/6058 6060/6060 6003/6003
f 6058/6058 6003/6003 6001/6001
f 6061/6061 6062/6062 6063/6063
f 6061/6061 6063/6063 6064/6064
f 6061/6061 6064/6064 6007/6007
f 6061/6061 6007/6007 6006/6006
f 6064/6064 6063/6063 6065/6065
f 6064/6064 6065/6065 6066/6066
f 6064/6064 6066/6066 6009/6009
f 6064/6064 6009/6009 6007/6007
f 6066/6066 6065/6065 6067/6067
f 6066/6066 6067/6067 6068/6068
f 6066/6066 6068/6068 6011/6011
f 6066/6066 6011/6011 6009/6009
f 6068/6068 6067/6067 6069/6069
f 6068/6068 6069/6069 6070/6070
f 6068/6068 6070/6070 6013/6013
f 6068/6068 6013/6013 6011/6011
f 6070/6070 6069/6069 6071/6071
f 6070/6070 6071/6071 6072/6072
f 6070/6070 6072/6072 6015/6015
f 6070/6070 6015/6015 6013/6013
f 6072/6072 6071/6071 6073/6073
f 6072/6072 6073/6073 6074/6074
f 6072/6072 6074/6074 6017/6017
f 6072/6072 6017/6017 6015/6015
f 6074/6074 6073/6073 6075/6075
f 6074/6074 6075/6075 6076/6076
f 6074/6074 6076/6076 6019/6019
f 6074/6074 6019/6019 6017/6017
f 6077/6077 6078/6078 6079/6079
f 6077/6077 6079/6079 6080/6080
f 6077/6077 6080/6080 6023/6023
f 6077/6077 6023/6023 6022/6022
f 6080/6080 6079/6079 6081/6081
f 6080/6080 6081/6081 6082/6082
f 6080/6080 6082/6082 6025/6025
f 6080/6080 6025/6025 6023/6023
f 6082/6082 6081/6081 6083/6083
f 6082/6082 6083/6083 6030/6030
f 6082/6082 6030/6030 6027/6027
f 6082/6082 6027/6027 6025/6025
f 6083/6083 6081/6081 6084/6084
f 6083/6083 6084/6084 6085/6085
f 6083/6083 6085/6085 6086/6086
f 6083/6083 6086/6086 6033/6033
f 6083/6083 6033/6033 6031/6031
f 6083/6083 6031/6031 6030/6030
f 6086/6086 6085/6085 6087/6087
f 6086/6086 6087/6087 6088/6088
f 6086/6086 6088/6088 6089/6089
f 6086/6086 6089/6089 6090/6090
f 6086/6086 6090/6090 6034/6034
f 6086/6086 6034/6034 6033/6033
f 6090/6090 6089/6089 6091/6091
f 6090/6090 6091/6091 6092/6092
f 6090/6090 6092/6092 6035/6035
f 6090/6090 6035/6035 6034/6034
f 6092/6092 6091/6091 6093/6093
f 6092/6092 6093/6093 6094/6094
f 6092/6092 6094/6094 6037/6037
f 6092/6092 6037/6037 6035/6035
f 6094/6094 6093/6093 6095/6095
f 6094/6094 6095/6095 6096/6096
f 6094/6094 6096/6096 6039/6039
f 6094/6094 6039/6039 6037/6037
f 6097/6097 6098/6098 6099/6099
f 6097/6097 6099/6099 6100/6100
f 6097/6097 6100/6100 6043/6043
f 6097/6097 6043/6043 6042/6042
f 6100/6100 6099/6099 6101/6101
f 6100/6100 6101/6101 6102/6102
f 6100/6100 6102/6102 6045/6045
f 6100/6100 6045/6045 6043/6043
f 6102/6102 6101/6101 6103/6103
f 6102/6102 6103/6103 6104/6104
f 6102/6102 6104/6104 6047/6047
f 6102/6102 6047/6047 6045/6045
f 6104/6104 6103/6103 6105/6105
f 6104/6104 6105/6105 6106/6106
f 6104/6104 6106/6106 6049/6049
f 6104/6104 6049/6049 6047/6047
f 6106/6106 6105/6105 6107/6107
f 6106/6106 6107/6107 6108/6108
f 6106/6106 6108/6108 6051/6051
f 6106/6106 6051/6051 6049/6049
f 6108/6108 6107/6107 6109/6109
f 6108/6108 6109/6109 6110/6110
f 6108/6108 6110/6110 6053/6053
f 6108/6108 6053/6053 6051/6051
f 6110/6110 6109/6109 6111/6111
f 6110/6110 6111/6111 6112/6112
f 6110/6110 6112/6112 6055/6055
f 6110/6110 6055/6055 6053/6053
f 6112/6112 6111/6111 6113/6113
f 6112/6112 6113/6113 6114/6114
f 6112/6112 6114/6114 6057/6057
f 6112/6112 6057/6057 6055/6055
f 6114/6114 6113/6113 6115/6115
f 6114/6114 6115/6115 6116/6116
f 6114/6114 6116/6116 6059/6059
f 6114/6114 6059/6059 6057/6057
f 6117/6117 6118/6118 6119/6119
f 6117/6117 6119/6119 6120/6120
f 6117/6117 6120/6120 6063/6063
f 6117/6117 6063/6063 6062/6062
f 6120/6120 6119/6119 6121/6121
f 6120/6120 6121/6121 6122/6122
f 6120/6120 6122/6122 6065/6065
f 6120/6120 6065/6065 6063/6063
f 6122/6122 6121/6121 3766/3766
f 6122/6122 3766/3766 6123/6123
f 6122/6122 6123/6123 6067/6067
f 6122/6122 6067/6067 6065/6065
f 6123/6123 3766/3766 3765/3765
f 6123/6123 3765/3765 6124/6124
f 6123/6123 6124/6124 6069/6069
f 6123/6123 6069/6069 6067/6067
f 6124/6124 3765/3765 3771/3771
f 6124/6124 3771/3771 6125/6125
f 6124/6124 6125/6125 6071/6071
f 6124/6124 6071/6071 6069/6069
f 6125/6125 3771/3771 6126/6126
f 6125/6125 6126/6126 6127/6127
f 6125/6125 6127/6127 6073/6073
f 6125/6125 6073/6073 6071/6071
f 6127/6127 6126/6126 6128/6128
f 6127/6127 6128/6128 6129/6129
f 6127/6127 6129/6129 6075/6075
f 6127/6127 6075/6075 6073/6073
f 6130/6130 6131/6131 6132/6132
f 6130/6130 6132/6132 6133/6133
f 6130/6130 6133/6133 6079/6079
f 6130/6130 6079/6079 6078/6078
f 6133/6133 6132/6132 6134/6134
f 6133/6133 6134/6134 6084/6084
f 6133/6133 6084/6084 6081/6081
f 6133/6133 6081/6081 6079/6079
f 6134/6134 6132/6132 6135/6135
f 6134/6134 6135/6135 6136/6136
f 6134/6134 6136/6136 6137/6137
f 6134/6134 6137/6137 6087/6087
f 6134/6134 6087/6087 6085/6085
f 6134/6134 6085/6085 6084/6084
f 6137/6137 6136/6136 6138/6138
f 6137/6137 6138/6138 6139/6139
f 6137/6137 6139/6139 6140/6140
f 6137/6137 6140/6140 6141/6141
f 6137/6137 6141/6141 6088/6088
f 6137/6137 6088/6088 6087/6087
f 6141/6141 6140/6140 3680/3680
f 6141/6141 3680/3680 6142/6142
f 6141/6141 6142/6142 6089/6089
f 6141/6141 6089/6089 6088/6088
f 6142/6142 3680/3680 3679/3679
f 6142/6142 3679/3679 6143/6143
f 6142/6142 6143/6143 6091/6091
f 6142/6142 6091/6091 6089/6089
f 6143/6143 3679/3679 3684/3684
f 6143/6143 3684/3684 6144/6144
f 6143/6143 6144/6144 6093/6093
f 6143/6143 6093/6093 6091/6091
f 6144/6144 3684/3684 6145/6145
f 6144/6144 6145/6145 6146/6146
f 6144/6144 6146/6146 6095/6095
f 6144/6144 6095/6095 6093/6093
f 6147/6147 6148/6148 6149/6149
f 6147/6147 6149/6149 6150/6150
f 6147/6147 6150/6150 6099/6099
f 6147/6147 6099/6099 6098/6098
f 6150/6150 6149/6149 6151/6151
f 6150/6150 6151/6151 6152/6152
f 6150/6150 6152/6152 6101/6101
f 6150/6150 6101/6101 6099/6099
f 6152/6152 6151/6151 3548/3548
f 6152/6152 3548/3548 3551/3551
f 6152/6152 3551/3551 6103/6103
f 6152/6152 6103/6103 6101/6101
f 6151/6151 6149/6149 6153/6153
f 6151/6151 6153/6153 6154/6154
f 6151/6151 6154/6154 3549/3549
f 6151/6151 3549/3549 3548/3548
f 6154/6154 6153/6153 6155/6155
f 6154/6154 6155/6155 6156/6156
f 6154/6154 6156/6156 6157/6157
f 6154/6154 6157/6157 3549/3549
f 6157/6157 6156/6156 6158/6158
f 6157/6157 6158/6158 6159/6159
f 6157/6157 6159/6159 6160/6160
f 6157/6157 6160/6160 6161/6161
f 6157/6157 6161/6161 3550/3550
f 6157/6157 3550/3550 3549/3549
f 6161/6161 6160/6160 6162/6162
f 6161/6161 6162/6162 6163/6163
f 6161/6161 6163/6163 6164/6164
f 6161/6161 6164/6164 3550/3550
f 6164/6164 6163/6163 6165/6165
f 6164/6164 6165/6165 6166/6166
f 6164/6164 6166/6166 6167/6167
f 6164/6164 6167/6167 6168/6168
f 6164/6164 6168/6168 3544/3544
f 6164/6164 3544/3544 3550/3550
f 6168/6168 6167/6167 6169/6169
f 6168/6168 6169/6169 6170/6170
f 6168/6168 6170/6170 3545/3545
f 6168/6168 3545/3545 3544/3544
f 6170/6170 6169/6169 6171/6171
f 6170/6170 6171/6171 6172/6172
f 6170/6170 6172/6172 6173/6173
f 6170/6170 6173/6173 3545/3545
f 6173/6173 6174/6174 3546/3546
f 6173/6173 3546/3546 3545/3545
f 6173/6173 6172/6172 6175/6175
f 6173/6173 6175/6175 6176/6176
f 6173/6173 6176/6176 6177/6177
f 6173/6173 6177/6177 6174/6174
f 6177/6177 6111/6111 6109/6109
f 6177/6177 6109/6109 6174/6174
f 6177/6177 6176/6176 6178/6178
f 6177/6177 6178/6178 6179/6179
f 6177/6177 6179/6179 6113/6113
f 6177/6177 6113/6113 6111/6111
f 6179/6179 6178/6178 6180/6180
f 6179/6179 6180/6180 6181/6181
f 6179/6179 6181/6181 6115/6115
f 6179/6179 6115/6115 6113/6113
f 6182/6182 6183/6183 6184/6184
f 6182/6182 6184/6184 6185/6185
f 6182/6182 6185/6185 6119/6119
f 6182/6182 6119/6119 6118/6118
f 6185/6185 6184/6184 6186/6186
f 6185/6185 6186/6186 6187/6187
f 6185/6185 6187/6187 6121/6121
f 6185/6185 6121/6121 6119/6119
f 6187/6187 6186/6186 3763/3763
f 6187/6187 3763/3763 3762/3762
f 6187/6187 3762/3762 3766/3766
f 6187/6187 3766/3766 6121/6121
f 6186/6186 6184/6184 6188/6188
f 6186/6186 6188/6188 6189/6189
f 6186/6186 6189/6189 6190/6190
f 6186/6186 6190/6190 3763/3763
f 6190/6190 6189/6189 6191/6191
f 6190/6190 6191/6191 6192/6192
f 6190/6190 6192/6192 6193/6193
f 6190/6190 6193/6193 6194/6194
f 6190/6190 6194/6194 3764/3764
f 6190/6190 3764/3764 3763/3763
f 6194/6194 6193/6193 6195/6195
f 6194/6194 6195/6195 6196/6196
f 6194/6194 6196/6196 3770/3770
f 6194/6194 3770/3770 3764/3764
f 6196/6196 6195/6195 6197/6197
f 6196/6196 6197/6197 6198/6198
f 6196/6196 6198/6198 6199/6199
f 6196/6196 6199/6199 3770/3770
f 6199/6199 6200/6200 3767/3767
f 6199/6199 3767/3767 3770/3770
f 6199/6199 6198/6198 6201/6201
f 6199/6199 6201/6201 6202/6202
f 6199/6199 6202/6202 6203/6203
f 6199/6199 6203/6203 6200/6200
f 6203/6203 6204/6204 6205/6205
f 6203/6203 6205/6205 6200/6200
f 6203/6203 6202/6202 6206/6206
f 6203/6203 6206/6206 6207/6207
f 6203/6203 6207/6207 6208/6208
f 6203/6203 6208/6208 6204/6204
f 6208/6208 6209/6209 6210/6210
f 6208/6208 6210/6210 6204/6204
f 6208/6208 6207/6207 6211/6211
f 6208/6208 6211/6211 6212/6212
f 6208/6208 6212/6212 6213/6213
f 6208/6208 6213/6213 6209/6209
f 6213/6213 6214/6214 6215/6215
f 6213/6213 6215/6215 6209/6209
f 6213/6213 6212/6212 6158/6158
f 6213/6213 6158/6158 6216/6216
f 6213/6213 6216/6216 6217/6217
f 6213/6213 6217/6217 6214/6214
f 6218/6218 6219/6219 6220/6220
f 6218/6218 6220/6220 6221/6221
f 6217/6217 6216/6216 6155/6155
f 6217/6217 6155/6155 6222/6222
f 6218/6218 6223/6223 3682/3682
f 6218/6218 3682/3682 6219/6219
f 6222/6222 6155/6155 6153/6153
f 6222/6222 6153/6153 6224/6224
f 6223/6223 6225/6225 3683/3683
f 6223/6223 3683/3683 3682/3682
f 6224/6224 6153/6153 6149/6149
f 6224/6224 6149/6149 6148/6148
f 6225/6225 6145/6145 3684/3684
f 6225/6225 3684/3684 3683/3683
f 6220/6220 6226/6226 3778/3778
f 6220/6220 3778/3778 3775/3775
f 6220/6220 3775/3775 3774/3774
f 6220/6220 3774/3774 6221/6221
f 6220/6220 6219/6219 6227/6227
f 6220/6220 6227/6227 6226/6226
f 6227/6227 6140/6140 6139/6139
f 6227/6227 6139/6139 6226/6226
f 6227/6227 6219/6219 3682/3682
f 6227/6227 3682/3682 3681/3681
f 6227/6227 3681/3681 3680/3680
f 6227/6227 3680/3680 6140/6140
f 6226/6226 6139/6139 6138/6138
f 6226/6226 6138/6138 3778/3778
f 6216/6216 6158/6158 6156/6156
f 6216/6216 6156/6156 6155/6155
f 6212/6212 6211/6211 6159/6159
f 6212/6212 6159/6159 6158/6158
f 6211/6211 6207/6207 6206/6206
f 6211/6211 6206/6206 6228/6228
f 6211/6211 6228/6228 6160/6160
f 6211/6211 6160/6160 6159/6159
f 6228/6228 6206/6206 6229/6229
f 6228/6228 6229/6229 6230/6230
f 6228/6228 6230/6230 6162/6162
f 6228/6228 6162/6162 6160/6160
f 6230/6230 6229/6229 6231/6231
f 6230/6230 6231/6231 6232/6232
f 6230/6230 6232/6232 6233/6233
f 6230/6230 6233/6233 6162/6162
f 6233/6233 6232/6232 6234/6234
f 6233/6233 6234/6234 6235/6235
f 6233/6233 6235/6235 6236/6236
f 6233/6233 6236/6236 6165/6165
f 6233/6233 6165/6165 6163/6163
f 6233/6233 6163/6163 6162/6162
f 6236/6236 6235/6235 6237/6237
f 6236/6236 6237/6237 6238/6238
f 6236/6236 6238/6238 6239/6239
f 6236/6236 6239/6239 6240/6240
f 6236/6236 6240/6240 6166/6166
f 6236/6236 6166/6166 6165/6165
f 6240/6240 6239/6239 6241/6241
f 6240/6240 6241/6241 6242/6242
f 6240/6240 6242/6242 6167/6167
f 6240/6240 6167/6167 6166/6166
f 6242/6242 6241/6241 6243/6243
f 6242/6242 6243/6243 6244/6244
f 6242/6242 6244/6244 6169/6169
f 6242/6242 6169/6169 6167/6167
f 6244/6244 6243/6243 6245/6245
f 6244/6244 6245/6245 6246/6246
f 6244/6244 6246/6246 6171/6171
f 6244/6244 6171/6171 6169/6169
f 6246/6246 6245/6245 6247/6247
f 6246/6246 6247/6247 6248/6248
f 6246/6246 6248/6248 6249/6249
f 6246/6246 6249/6249 6171/6171
f 6249/6249 6175/6175 6172/6172
f 6249/6249 6172/6172 6171/6171
f 6249/6249 6248/6248 6250/6250
f 6249/6249 6250/6250 6251/6251
f 6249/6249 6251/6251 6252/6252
f 6249/6249 6252/6252 6175/6175
f 6252/6252 6178/6178 6176/6176
f 6252/6252 6176/6176 6175/6175
f 6252/6252 6251/6251 6253/6253
f 6252/6252 6253/6253 6254/6254
f 6252/6252 6254/6254 6180/6180
f 6252/6252 6180/6180 6178/6178
f 6255/6255 6256/6256 6257/6257
f 6255/6255 6257/6257 6188/6188
f 6255/6255 6188/6188 6184/6184
f 6255/6255 6184/6184 6183/6183
f 6257/6257 6256/6256 6258/6258
f 6257/6257 6258/6258 6259/6259
f 6257/6257 6259/6259 6260/6260
f 6257/6257 6260/6260 6191/6191
f 6257/6257 6191/6191 6189/6189
f 6257/6257 6189/6189 6188/6188
f 6260/6260 6259/6259 6261/6261
f 6260/6260 6261/6261 6262/6262
f 6260/6260 6262/6262 6263/6263
f 6260/6260 6263/6263 6264/6264
f 6260/6260 6264/6264 6192/6192
f 6260/6260 6192/6192 6191/6191
f 6264/6264 6263/6263 6265/6265
f 6264/6264 6265/6265 6266/6266
f 6264/6264 6266/6266 6193/6193
f 6264/6264 6193/6193 6192/6192
f 6266/6266 6265/6265 6267/6267
f 6266/6266 6267/6267 6268/6268
f 6266/6266 6268/6268 6195/6195
f 6266/6266 6195/6195 6193/6193
f 6268/6268 6267/6267 6269/6269
f 6268/6268 6269/6269 6270/6270
f 6268/6268 6270/6270 6197/6197
f 6268/6268 6197/6197 6195/6195
f 6270/6270 6269/6269 6271/6271
f 6270/6270 6271/6271 6272/6272
f 6270/6270 6272/6272 6273/6273
f 6270/6270 6273/6273 6197/6197
f 6273/6273 6201/6201 6198/6198
f 6273/6273 6198/6198 6197/6197
f 6273/6273 6272/6272 6274/6274
f 6273/6273 6274/6274 6231/6231
f 6273/6273 6231/6231 6229/6229
f 6273/6273 6229/6229 6201/6201
f 6274/6274 6272/6272 6271/6271
f 6274/6274 6271/6271 6275/6275
f 6274/6274 6275/6275 6276/6276
f 6274/6274 6276/6276 6234/6234
f 6274/6274 6234/6234 6232/6232
f 6274/6274 6232/6232 6231/6231
f 6277/6277 6278/6278 6279/6279
f 6277/6277 6279/6279 6280/6280
f 6277/6277 6280/6280 6281/6281
f 6277/6277 6281/6281 6282/6282
f 6276/6276 6237/6237 6235/6235
f 6276/6276 6235/6235 6234/6234
f 6281/6281 6280/6280 6283/6283
f 6281/6281 6283/6283 6284/6284
f 6281/6281 6284/6284 6285/6285
f 6281/6281 6285/6285 6286/6286
f 6281/6281 6286/6286 6287/6287
f 6281/6281 6287/6287 6282/6282
f 6286/6286 6285/6285 6288/6288
f 6286/6286 6288/6288 6289/6289
f 6286/6286 6289/6289 6290/6290
f 6286/6286 6290/6290 6287/6287
f 6289/6289 6288/6288 6291/6291
f 6289/6289 6291/6291 6292/6292
f 6289/6289 6292/6292 6293/6293
f 6289/6289 6293/6293 6290/6290
f 6292/6292 6291/6291 6294/6294
f 6292/6292 6294/6294 6295/6295
f 6292/6292 6295/6295 6296/6296
f 6292/6292 6296/6296 6293/6293
f 6295/6295 6294/6294 6297/6297
f 6295/6295 6297/6297 6298/6298
f 6295/6295 6298/6298 6299/6299
f 6295/6295 6299/6299 6296/6296
f 6298/6298 6297/6297 6300/6300
f 6298/6298 6300/6300 6301/6301
f 6298/6298 6301/6301 6302/6302
f 6298/6298 6302/6302 6299/6299
f 6301/6301 6300/6300 6303/6303
f 6301/6301 6303/6303 6304/6304
f 6301/6301 6304/6304 6305/6305
f 6301/6301 6305/6305 6302/6302
f 6306/6306 6250/6250 6248/6248
f 6306/6306 6248/6248 6247/6247
f 6305/6305 6304/6304 6307/6307
f 6305/6305 6307/6307 6308/6308
f 6306/6306 6309/6309 6310/6310
f 6306/6306 6310/6310 6250/6250
f 6311/6311 6312/6312 6313/6313
f 6311/6311 6313/6313 6314/6314
f 6315/6315 6261/6261 6259/6259
f 6315/6315 6259/6259 6258/6258
f 6313/6313 6312/6312 6316/6316
f 6313/6313 6316/6316 6317/6317
f 6313/6313 6317/6317 6318/6318
f 6313/6313 6318/6318 6319/6319
f 6313/6313 6319/6319 6320/6320
f 6313/6313 6320/6320 6314/6314
f 6319/6319 6318/6318 6321/6321
f 6319/6319 6321/6321 6322/6322
f 6319/6319 6322/6322 6323/6323
f 6319/6319 6323/6323 6320/6320
f 6322/6322 6321/6321 6324/6324
f 6322/6322 6324/6324 6325/6325
f 6322/6322 6325/6325 6326/6326
f 6322/6322 6326/6326 6323/6323
f 6325/6325 6324/6324 6327/6327
f 6325/6325 6327/6327 6328/6328
f 6325/6325 6328/6328 6329/6329
f 6325/6325 6329/6329 6326/6326
f 6328/6328 6327/6327 6330/6330
f 6328/6328 6330/6330 6331/6331
f 6328/6328 6331/6331 6332/6332
f 6328/6328 6332/6332 6329/6329
f 6331/6331 6330/6330 6333/6333
f 6331/6331 6333/6333 6334/6334
f 6331/6331 6334/6334 6335/6335
f 6331/6331 6335/6335 6332/6332
f 6334/6334 6333/6333 6336/6336
f 6334/6334 6336/6336 6279/6279
f 6334/6334 6279/6279 6278/6278
f 6334/6334 6278/6278 6335/6335
f 6336/6336 6333/6333 6337/6337
f 6336/6336 6337/6337 6338/6338
f 6336/6336 6338/6338 6339/6339
f 6336/6336 6339/6339 6283/6283
f 6336/6336 6283/6283 6280/6280
f 6336/6336 6280/6280 6279/6279
f 6339/6339 6338/6338 3590/3590
f 6339/6339 3590/3590 3594/3594
f 6339/6339 3594/3594 6340/6340
f 6339/6339 6340/6340 6341/6341
f 6339/6339 6341/6341 6284/6284
f 6339/6339 6284/6284 6283/6283
f 6341/6341 6340/6340 6342/6342
f 6341/6341 6342/6342 6343/6343
f 6341/6341 6343/6343 6285/6285
f 6341/6341 6285/6285 6284/6284
f 6343/6343 6342/6342 6344/6344
f 6343/6343 6344/6344 6345/6345
f 6343/6343 6345/6345 6288/6288
f 6343/6343 6288/6288 6285/6285
f 6345/6345 6344/6344 6346/6346
f 6345/6345 6346/6346 6347/6347
f 6345/6345 6347/6347 6291/6291
f 6345/6345 6291/6291 6288/6288
f 6347/6347 6346/6346 6348/6348
f 6347/6347 6348/6348 6349/6349
f 6347/6347 6349/6349 6294/6294
f 6347/6347 6294/6294 6291/6291
f 6349/6349 6348/6348 6350/6350
f 6349/6349 6350/6350 6351/6351
f 6349/6349 6351/6351 6297/6297
f 6349/6349 6297/6297 6294/6294
f 6351/6351 6350/6350 3452/3452
f 6351/6351 3452/3452 6352/6352
f 6351/6351 6352/6352 6300/6300
f 6351/6351 6300/6300 6297/6297
f 6352/6352 3452/3452 3451/3451
f 6352/6352 3451/3451 6353/6353
f 6352/6352 6353/6353 6303/6303
f 6352/6352 6303/6303 6300/6300
f 6353/6353 3451/3451 3450/3450
f 6353/6353 3450/3450 6354/6354
f 6353/6353 6354/6354 6355/6355
f 6353/6353 6355/6355 6303/6303
f 6356/6356 6357/6357 6358/6358
f 6356/6356 6358/6358 6359/6359
f 6356/6356 6359/6359 6317/6317
f 6356/6356 6317/6317 6316/6316
f 6359/6359 6358/6358 6360/6360
f 6359/6359 6360/6360 6361/6361
f 6359/6359 6361/6361 6318/6318
f 6359/6359 6318/6318 6317/6317
f 6361/6361 6360/6360 6362/6362
f 6361/6361 6362/6362 6363/6363
f 6361/6361 6363/6363 6321/6321
f 6361/6361 6321/6321 6318/6318
f 6363/6363 6362/6362 6364/6364
f 6363/6363 6364/6364 6365/6365
f 6363/6363 6365/6365 6324/6324
f 6363/6363 6324/6324 6321/6321
f 6365/6365 6364/6364 6366/6366
f 6365/6365 6366/6366 6367/6367
f 6365/6365 6367/6367 6327/6327
f 6365/6365 6327/6327 6324/6324
f 6367/6367 6366/6366 6368/6368
f 6367/6367 6368/6368 6369/6369
f 6367/6367 6369/6369 6330/6330
f 6367/6367 6330/6330 6327/6327
f 6369/6369 6368/6368 3591/3591
f 6369/6369 3591/3591 6337/6337
f 6369/6369 6337/6337 6333/6333
f 6369/6369 6333/6333 6330/6330
f 6368/6368 6366/6366 3788/3788
f 6368/6368 3788/3788 3793/3793
f 6368/6368 3793/3793 3592/3592
f 6368/6368 3592/3592 3591/3591
f 6366/6366 6364/6364 3789/3789
f 6366/6366 3789/3789 3788/3788
f 6364/6364 6362/6362 6370/6370
f 6364/6364 6370/6370 3789/3789
f 6370/6370 6362/6362 6360/6360
f 6370/6370 6360/6360 6371/6371
f 6370/6370 6371/6371 6372/6372
f 6370/6370 6372/6372 6373/6373
f 6370/6370 6373/6373 3790/3790
f 6370/6370 3790/3790 3789/3789
f 6373/6373 6372/6372 6374/6374
f 6373/6373 6374/6374 6375/6375
f 6373/6373 6375/6375 3791/3791
f 6373/6373 3791/3791 3790/3790
f 6375/6375 6376/6376 6377/6377
f 6375/6375 6377/6377 3791/3791
f 6375/6375 6374/6374 6378/6378
f 6375/6375 6378/6378 6376/6376
f 6378/6378 6379/6379 6380/6380
f 6378/6378 6380/6380 6376/6376
f 6378/6378 6374/6374 3781/3781
f 6378/6378 3781/3781 3780/3780
f 6378/6378 3780/3780 3784/3784
f 6378/6378 3784/3784 6379/6379
f 6380/6380 6342/6342 6340/6340
f 6380/6380 6340/6340 6381/6381
f 6380/6380 6381/6381 6377/6377
f 6380/6380 6377/6377 6376/6376
f 6380/6380 6379/6379 6344/6344
f 6380/6380 6344/6344 6342/6342
f 6381/6381 6340/6340 3594/3594
f 6381/6381 3594/3594 3593/3593
f 6381/6381 3593/3593 3595/3595
f 6381/6381 3595/3595 6377/6377
f 6379/6379 3784/3784 6346/6346
f 6379/6379 6346/6346 6344/6344
f 6377/6377 3595/3595 3792/3792
f 6377/6377 3792/3792 3791/3791
f 6374/6374 6372/6372 6382/6382
f 6374/6374 6382/6382 3781/3781
f 6382/6382 6383/6383 6384/6384
f 6382/6382 6384/6384 6385/6385
f 6382/6382 6385/6385 3782/3782
f 6382/6382 3782/3782 3781/3781
f 6382/6382 6372/6372 6371/6371
f 6382/6382 6371/6371 6383/6383
f 6383/6383 6358/6358 6357/6357
f 6383/6383 6357/6357 6384/6384
f 6383/6383 6371/6371 6360/6360
f 6383/6383 6360/6360 6358/6358
f 6350/6350 6348/6348 3783/3783
f 6350/6350 3783/3783 3786/3786
f 6350/6350 3786/3786 3453/3453
f 6350/6350 3453/3453 3452/3452
f 6348/6348 6346/6346 3784/3784
f 6348/6348 3784/3784 3783/3783
f 6338/6338 6337/6337 3591/3591
f 6338/6338 3591/3591 3590/3590
f 6355/6355 6307/6307 6304/6304
f 6355/6355 6304/6304 6303/6303
f 6310/6310 6253/6253 6251/6251
f 6310/6310 6251/6251 6250/6250
f 6229/6229 6206/6206 6202/6202
f 6229/6229 6202/6202 6201/6201
f 6210/6210 6386/6386 6387/6387
f 6210/6210 6387/6387 6388/6388
f 6210/6210 6388/6388 6205/6205
f 6210/6210 6205/6205 6204/6204
f 6210/6210 6209/6209 6215/6215
f 6210/6210 6215/6215 6386/6386
f 6388/6388 6387/6387 6389/6389
f 6388/6388 6389/6389 6390/6390
f 6388/6388 6390/6390 3768/3768
f 6388/6388 3768/3768 6205/6205
f 6390/6390 6389/6389 6391/6391
f 6390/6390 6391/6391 6392/6392
f 6390/6390 6392/6392 3769/3769
f 6390/6390 3769/3769 3768/3768
f 6392/6392 6126/6126 3771/3771
f 6392/6392 3771/3771 3769/3769
f 6392/6392 6391/6391 6128/6128
f 6392/6392 6128/6128 6126/6126
f 6393/6393 6394/6394 6395/6395
f 6393/6393 6395/6395 6135/6135
f 6393/6393 6135/6135 6132/6132
f 6393/6393 6132/6132 6131/6131
f 6395/6395 6394/6394 3777/3777
f 6395/6395 3777/3777 3776/3776
f 6395/6395 3776/3776 3778/3778
f 6395/6395 3778/3778 6138/6138
f 6395/6395 6138/6138 6136/6136
f 6395/6395 6136/6136 6135/6135
f 6205/6205 3768/3768 3767/3767
f 6205/6205 3767/3767 6200/6200
f 6174/6174 6109/6109 6107/6107
f 6174/6174 6107/6107 3546/3546
f 6107/6107 6105/6105 3547/3547
f 6107/6107 3547/3547 3546/3546
f 6105/6105 6103/6103 3551/3551
f 6105/6105 3551/3551 3547/3547
f 5919/5919 5914/5914 5911/5911
f 5919/5919 5911/5911 5910/5910
f 5648/5648 5645/5645 5644/5644
f 5648/5648 5644/5644 5706/5706
f 5404/5404 5280/5280 5276/5276
f 5404/5404 5276/5276 5275/5275
f 5218/5218 4779/4779 4778/4778
f 5218/5218 4778/4778 3497/3497
f 5145/5145 5143/5143 3570/3570
f 5145/5145 3570/3570 3569/3569
f 5143/5143 5141/5141 3573/3573
f 5143/5143 3573/3573 3570/3570
f 5141/5141 5137/5137 5136/5136
f 5141/5141 5136/5136 3573/3573
f 5136/5136 5135/5135 6396/6396
f 5136/5136 6396/6396 6397/6397
f 5136/5136 6397/6397 3574/3574
f 5136/5136 3574/3574 3573/3573
f 6398/6398 4834/4834 4832/4832
f 6398/6398 4832/4832 4831/4831
f 6398/6398 4831/4831 3566/3566
f 6398/6398 3566/3566 3565/3565
f 5132/5132 4838/4838 4835/4835
f 5132/5132 4835/4835 4834/4834
f 4831/4831 4829/4829 4828/4828
f 4831/4831 4828/4828 3566/3566
f 4814/4814 4812/4812 4811/4811
f 4814/4814 4811/4811 3801/3801
f 4811/4811 4809/4809 4808/4808
f 4811/4811 4808/4808 6399/6399
f 4811/4811 6399/6399 3802/3802
f 4811/4811 3802/3802 3801/3801
f 6399/6399 4808/4808 4801/4801
f 6399/6399 4801/4801 4800/4800
f 6399/6399 4800/4800 3804/3804
f 6399/6399 3804/3804 3802/3802
f 4808/4808 4806/4806 4802/4802
f 4808/4808 4802/4802 4801/4801
f 4753/4753 4747/4747 4744/4744
f 4753/4753 4744/4744 4743/4743
f 4751/4751 3711/3711 3391/3391
f 4751/4751 3391/3391 3390/3390
f 4737/4737 4735/4735 4734/4734
f 4737/4737 4734/4734 5140/5140
f 4728/4728 4726/4726 3697/3697
f 4728/4728 3697/3697 3696/3696
f 4726/4726 4723/4723 3698/3698
f 4726/4726 3698/3698 3697/3697
f 4722/4722 6400/6400 3693/3693
f 4722/4722 3693/3693 3698/3698
f 6400/6400 5101/5101 3694/3694
f 6400/6400 3694/3694 3693/3693
f 4480/4480 4475/4475 4176/4176
f 4480/4480 4176/4176 4173/4173
f 4474/4474 6401/6401 4177/4177
f 4474/4474 4177/4177 4176/4176
f 4422/4422 3401/3401 3400/3400
f 4422/4422 3400/3400 4419/4419
f 4384/4384 4187/4187 4185/4185
f 4384/4384 4185/4185 4184/4184
f 4378/4378 4198/4198 4196/4196
f 4378/4378 4196/4196 4195/4195
f 4377/4377 4201/4201 4199/4199
f 4377/4377 4199/4199 4198/4198
f 4367/4367 4206/4206 4205/4205
f 4367/4367 4205/4205 4371/4371
f 4363/4363 4210/4210 4207/4207
f 4363/4363 4207/4207 4206/4206
f 4359/4359 4213/4213 4211/4211
f 4359/4359 4211/4211 4210/4210
f 4355/4355 4216/4216 4214/4214
f 4355/4355 4214/4214 4213/4213
f 4354/4354 4415/4415 4350/4350
f 4354/4354 4350/4350 4349/4349
f 4345/4345 4344/4344 4220/4220
f 4345/4345 4220/4220 4218/4218
f 4344/4344 4339/4339 4338/4338
f 4344/4344 4338/4338 6402/6402
f 4344/4344 6402/6402 4222/4222
f 4344/4344 4222/4222 4220/4220
f 6402/6402 4338/4338 4278/4278
f 6402/6402 4278/4278 4276/4276
f 6402/6402 4276/4276 4275/4275
f 6402/6402 4275/4275 4222/4222
f 4338/4338 4337/4337 4280/4280
f 4338/4338 4280/4280 4278/4278
f 4334/4334 4332/4332 6403/6403
f 4334/4334 6403/6403 6404/6404
f 6403/6403 4332/4332 4330/4330
f 6403/6403 4330/4330 4329/4329
f 6403/6403 4329/4329 4328/4328
f 6403/6403 4328/4328 4285/4285
f 6403/6403 4285/4285 4284/4284
f 6403/6403 4284/4284 6404/6404
f 4328/4328 4327/4327 4286/4286
f 4328/4328 4286/4286 4285/4285
f 4327/4327 4326/4326 4287/4287
f 4327/4327 4287/4287 4286/4286
f 976/976 218/218 3599/3599
f 976/976 3599/3599 4324/4324
f 4275/4275 4225/4225 4223/4223
f 4275/4275 4223/4223 4222/4222
f 4268/4268 4267/4267 4233/4233
f 4268/4268 4233/4233 4232/4232
f 4267/4267 4264/4264 4263/4263
f 4267/4267 4263/4263 6405/6405
f 4267/4267 6405/6405 4234/4234
f 4267/4267 4234/4234 4233/4233
f 6405/6405 4263/4263 3715/3715
f 6405/6405 3715/3715 3714/3714
f 6405/6405 3714/3714 4235/4235
f 6405/6405 4235/4235 4234/4234
f 4263/4263 4260/4260 3716/3716
f 4263/4263 3716/3716 3715/3715
f 4258/4258 4257/4257 6406/6406
f 4258/4258 6406/6406 4307/4307
f 4245/4245 4238/4238 4237/4237
f 4245/4245 4237/4237 3718/3718
f 4237/4237 4236/4236 3713/3713
f 4237/4237 3713/3713 3718/3718
f 4236/4236 4235/4235 3714/3714
f 4236/4236 3714/3714 3713/3713
f 4099/4099 4097/4097 4096/4096
f 4099/4099 4096/4096 3749/3749
f 4096/4096 6407/6407 3746/3746
f 4096/4096 3746/3746 3749/3749
f 4096/4096 4093/4093 4092/4092
f 4096/4096 4092/4092 6407/6407
f 6407/6407 3736/3736 3735/3735
f 6407/6407 3735/3735 3746/3746
f 6407/6407 4092/4092 3739/3739
f 6407/6407 3739/3739 3736/3736
f 4092/4092 4091/4091 6408/6408
f 4092/4092 6408/6408 3739/3739
f 6408/6408 6409/6409 3740/3740
f 6408/6408 3740/3740 3739/3739
f 4087/4087 4085/4085 4084/4084
f 4087/4087 4084/4084 6410/6410
f 6411/6411 6412/6412 3428/3428
f 6411/6411 3428/3428 3427/3427
f 6413/6413 6414/6414 6415/6415
f 6413/6413 6415/6415 6416/6416
f 6415/6415 6417/6417 6418/6418
f 6415/6415 6418/6418 6416/6416
f 6415/6415 6414/6414 4080/4080
f 6415/6415 4080/4080 4079/4079
f 6415/6415 4079/4079 6419/6419
f 6415/6415 6419/6419 6417/6417
f 6419/6419 6420/6420 6421/6421
f 6419/6419 6421/6421 6417/6417
f 6419/6419 4079/4079 4075/4075
f 6419/6419 4075/4075 4073/4073
f 6419/6419 4073/4073 4072/4072
f 6419/6419 4072/4072 6420/6420
f 6421/6421 6422/6422 6423/6423
f 6421/6421 6423/6423 6424/6424
f 6421/6421 6424/6424 6418/6418
f 6421/6421 6418/6418 6417/6417
f 6421/6421 6420/6420 6425/6425
f 6421/6421 6425/6425 6422/6422
f 6425/6425 6426/6426 6427/6427
f 6425/6425 6427/6427 6422/6422
f 6425/6425 6420/6420 4072/4072
f 6425/6425 4072/4072 4071/4071
f 6425/6425 4071/4071 6428/6428
f 6425/6425 6428/6428 6426/6426
f 6428/6428 4045/4045 4043/4043
f 6428/6428 4043/4043 6426/6426
f 6428/6428 4071/4071 4069/4069
f 6428/6428 4069/4069 4068/4068
f 6428/6428 4068/4068 4050/4050
f 6428/6428 4050/4050 4045/4045
f 6427/6427 4041/4041 4040/4040
f 6427/6427 4040/4040 6429/6429
f 6427/6427 6429/6429 6423/6423
f 6427/6427 6423/6423 6422/6422
f 6427/6427 6426/6426 4043/4043
f 6427/6427 4043/4043 4041/4041
f 6430/6430 4036/4036 4034/4034
f 6430/6430 4034/4034 4033/4033
f 6430/6430 4033/4033 6431/6431
f 6430/6430 6431/6431 6432/6432
f 6431/6431 4033/4033 4029/4029
f 6431/6431 4029/4029 4028/4028
f 6431/6431 4028/4028 6433/6433
f 6431/6431 6433/6433 6434/6434
f 6431/6431 6434/6434 6435/6435
f 6431/6431 6435/6435 6432/6432
f 6434/6434 6433/6433 3415/3415
f 6434/6434 3415/3415 3429/3429
f 6434/6434 3429/3429 6436/6436
f 6434/6434 6436/6436 6435/6435
f 6433/6433 4028/4028 4024/4024
f 6433/6433 4024/4024 4023/4023
f 6433/6433 4023/4023 3416/3416
f 6433/6433 3416/3416 3415/3415
f 6436/6436 3429/3429 3428/3428
f 6436/6436 3428/3428 6412/6412
f 4068/4068 4065/4065 4051/4051
f 4068/4068 4051/4051 4050/4050
f 4048/4048 6437/6437 3586/3586
f 4048/4048 3586/3586 3585/3585
f 4048/4048 3442/3442 3447/3447
f 4048/4048 3447/3447 6437/6437
f 4032/4032 4031/4031 3514/3514
f 4032/4032 3514/3514 3519/3519
f 4023/4023 4019/4019 3417/3417
f 4023/4023 3417/3417 3416/3416
f 4004/4004 4003/4003 3732/3732
f 4004/4004 3732/3732 3731/3731
f 4003/4003 4002/4002 4918/4918
f 4003/4003 4918/4918 3557/3557
f 4003/4003 3557/3557 3556/3556
f 4003/4003 3556/3556 3732/3732
f 3857/3857 3675/3675 3674/3674
f 3857/3857 3674/3674 3852/3852
f 3793/3793 3792/3792 3595/3595
f 3793/3793 3595/3595 3592/3592
f 3786/3786 3785/3785 3454/3454
f 3786/3786 3454/3454 3453/3453
f 3760/3760 3759/3759 6438/6438
f 3760/3760 6438/6438 6439/6439
f 3760/3760 6439/6439 6440/6440
f 3760/3760 6440/6440 3468/3468
f 6440/6440 6441/6441 3469/3469
f 6440/6440 3469/3469 3468/3468
f 6440/6440 6439/6439 6442/6442
f 6440/6440 6442/6442 6443/6443
f 6440/6440 6443/6443 6444/6444
f 6440/6440 6444/6444 6441/6441
f 6444/6444 6445/6445 6446/6446
f 6444/6444 6446/6446 6441/6441
f 6444/6444 6443/6443 6447/6447
f 6444/6444 6447/6447 6448/6448
f 6444/6444 6448/6448 6449/6449
f 6444/6444 6449/6449 6445/6445
f 6449/6449 6450/6450 6451/6451
f 6449/6449 6451/6451 6445/6445
f 6449/6449 6448/6448 6452/6452
f 6449/6449 6452/6452 6453/6453
f 6449/6449 6453/6453 6454/6454
f 6449/6449 6454/6454 6450/6450
f 6455/6455 6456/6456 6457/6457
f 6455/6455 6457/6457 6458/6458
f 6454/6454 6453/6453 6459/6459
f 6454/6454 6459/6459 6460/6460
f 6455/6455 6461/6461 6462/6462
f 6455/6455 6462/6462 6456/6456
f 6462/6462 6463/6463 6464/6464
f 6462/6462 6464/6464 6456/6456
f 6462/6462 6461/6461 6465/6465
f 6462/6462 6465/6465 6466/6466
f 6462/6462 6466/6466 6467/6467
f 6462/6462 6467/6467 6463/6463
f 6467/6467 6468/6468 6469/6469
f 6467/6467 6469/6469 6463/6463
f 6467/6467 6466/6466 6470/6470
f 6467/6467 6470/6470 6471/6471
f 6467/6467 6471/6471 6472/6472
f 6467/6467 6472/6472 6468/6468
f 6472/6472 6473/6473 6474/6474
f 6472/6472 6474/6474 6468/6468
f 6472/6472 6471/6471 6475/6475
f 6472/6472 6475/6475 6476/6476
f 6472/6472 6476/6476 6477/6477
f 6472/6472 6477/6477 6473/6473
f 6477/6477 6478/6478 6479/6479
f 6477/6477 6479/6479 6473/6473
f 6477/6477 6476/6476 3646/3646
f 6477/6477 3646/3646 3645/3645
f 6477/6477 3645/3645 6480/6480
f 6477/6477 6480/6480 6478/6478
f 6480/6480 3659/3659 6481/6481
f 6480/6480 6481/6481 6478/6478
f 6480/6480 3645/3645 3644/3644
f 6480/6480 3644/3644 6482/6482
f 6480/6480 6482/6482 3660/3660
f 6480/6480 3660/3660 3659/3659
f 6482/6482 3644/3644 3648/3648
f 6482/6482 3648/3648 3655/3655
f 6482/6482 3655/3655 3654/3654
f 6482/6482 3654/3654 3660/3660
f 6481/6481 6483/6483 6484/6484
f 6481/6481 6484/6484 6485/6485
f 6481/6481 6485/6485 6479/6479
f 6481/6481 6479/6479 6478/6478
f 6481/6481 3659/3659 3658/3658
f 6481/6481 3658/3658 6483/6483
f 6485/6485 6484/6484 6486/6486
f 6485/6485 6486/6486 6487/6487
f 6485/6485 6487/6487 6488/6488
f 6485/6485 6488/6488 6479/6479
f 6488/6488 6487/6487 6489/6489
f 6488/6488 6489/6489 6490/6490
f 6488/6488 6490/6490 6491/6491
f 6488/6488 6491/6491 6474/6474
f 6488/6488 6474/6474 6473/6473
f 6488/6488 6473/6473 6479/6479
f 6491/6491 6490/6490 6492/6492
f 6491/6491 6492/6492 6493/6493
f 6491/6491 6493/6493 6494/6494
f 6491/6491 6494/6494 6469/6469
f 6491/6491 6469/6469 6468/6468
f 6491/6491 6468/6468 6474/6474
f 6494/6494 6493/6493 6495/6495
f 6494/6494 6495/6495 6496/6496
f 6494/6494 6496/6496 6497/6497
f 6494/6494 6497/6497 6464/6464
f 6494/6494 6464/6464 6463/6463
f 6494/6494 6463/6463 6469/6469
f 6497/6497 6496/6496 6498/6498
f 6497/6497 6498/6498 6499/6499
f 6497/6497 6499/6499 6500/6500
f 6497/6497 6500/6500 6457/6457
f 6497/6497 6457/6457 6456/6456
f 6497/6497 6456/6456 6464/6464
f 6500/6500 6499/6499 6501/6501
f 6500/6500 6501/6501 6502/6502
f 6500/6500 6502/6502 6503/6503
f 6500/6500 6503/6503 6504/6504
f 6500/6500 6504/6504 6458/6458
f 6500/6500 6458/6458 6457/6457
f 6503/6503 6502/6502 6505/6505
f 6503/6503 6505/6505 6506/6506
f 6507/6507 6508/6508 3470/3470
f 6507/6507 3470/3470 6446/6446
f 6507/6507 6446/6446 6445/6445
f 6507/6507 6445/6445 6451/6451
f 6506/6506 6505/6505 3525/3525
f 6506/6506 3525/3525 6509/6509
f 6508/6508 6510/6510 3465/3465
f 6508/6508 3465/3465 3470/3470
f 6509/6509 3525/3525 3524/3524
f 6509/6509 3524/3524 6511/6511
f 6510/6510 6512/6512 3466/3466
f 6510/6510 3466/3466 3465/3465
f 6505/6505 3535/3535 3526/3526
f 6505/6505 3526/3526 3525/3525
f 6505/6505 6502/6502 6501/6501
f 6505/6505 6501/6501 3535/3535
f 6501/6501 3408/3408 3407/3407
f 6501/6501 3407/3407 3535/3535
f 6501/6501 6499/6499 6498/6498
f 6501/6501 6498/6498 3408/3408
f 6498/6498 6513/6513 3409/3409
f 6498/6498 3409/3409 3408/3408
f 6498/6498 6496/6496 6495/6495
f 6498/6498 6495/6495 6513/6513
f 6513/6513 6514/6514 3410/3410
f 6513/6513 3410/3410 3409/3409
f 6513/6513 6495/6495 6515/6515
f 6513/6513 6515/6515 6514/6514
f 6515/6515 6516/6516 6517/6517
f 6515/6515 6517/6517 6514/6514
f 6515/6515 6495/6495 6493/6493
f 6515/6515 6493/6493 6492/6492
f 6515/6515 6492/6492 6518/6518
f 6515/6515 6518/6518 6516/6516
f 6518/6518 6519/6519 6520/6520
f 6518/6518 6520/6520 6516/6516
f 6518/6518 6492/6492 6490/6490
f 6518/6518 6490/6490 6489/6489
f 6518/6518 6489/6489 6521/6521
f 6518/6518 6521/6521 6519/6519
f 6521/6521 6522/6522 6523/6523
f 6521/6521 6523/6523 6519/6519
f 6521/6521 6489/6489 6487/6487
f 6521/6521 6487/6487 6486/6486
f 6521/6521 6486/6486 6524/6524
f 6521/6521 6524/6524 6522/6522
f 6524/6524 6525/6525 6526/6526
f 6524/6524 6526/6526 6522/6522
f 6524/6524 6486/6486 6484/6484
f 6524/6524 6484/6484 6527/6527
f 6524/6524 6527/6527 6528/6528
f 6524/6524 6528/6528 6525/6525
f 6528/6528 6529/6529 6530/6530
f 6528/6528 6530/6530 6525/6525
f 6528/6528 6527/6527 6531/6531
f 6528/6528 6531/6531 6532/6532
f 6528/6528 6532/6532 6533/6533
f 6528/6528 6533/6533 6529/6529
f 6533/6533 6534/6534 6535/6535
f 6533/6533 6535/6535 6529/6529
f 6533/6533 6532/6532 6536/6536
f 6533/6533 6536/6536 6537/6537
f 6533/6533 6537/6537 3491/3491
f 6533/6533 3491/3491 6534/6534
f 6537/6537 6536/6536 3653/3653
f 6537/6537 3653/3653 3652/3652
f 6537/6537 3652/3652 3492/3492
f 6537/6537 3492/3492 3491/3491
f 6536/6536 6532/6532 6531/6531
f 6536/6536 6531/6531 3661/3661
f 6536/6536 3661/3661 3656/3656
f 6536/6536 3656/3656 3653/3653
f 6535/6535 6538/6538 6539/6539
f 6535/6535 6539/6539 6540/6540
f 6535/6535 6540/6540 6530/6530
f 6535/6535 6530/6530 6529/6529
f 6535/6535 6534/6534 6541/6541
f 6535/6535 6541/6541 6538/6538
f 6542/6542 6543/6543 6470/6470
f 6542/6542 6470/6470 6544/6544
f 6541/6541 6534/6534 3491/3491
f 6541/6541 3491/3491 3490/3490
f 6542/6542 3489/3489 3488/3488
f 6542/6542 3488/3488 6543/6543
f 6543/6543 6475/6475 6471/6471
f 6543/6543 6471/6471 6470/6470
f 6543/6543 3488/3488 3649/3649
f 6543/6543 3649/3649 6475/6475
f 6540/6540 6539/6539 6460/6460
f 6540/6540 6460/6460 6459/6459
f 6540/6540 6459/6459 6545/6545
f 6540/6540 6545/6545 6530/6530
f 6545/6545 6459/6459 6453/6453
f 6545/6545 6453/6453 6452/6452
f 6545/6545 6452/6452 6546/6546
f 6545/6545 6546/6546 6526/6526
f 6545/6545 6526/6526 6525/6525
f 6545/6545 6525/6525 6530/6530
f 6546/6546 6452/6452 6448/6448
f 6546/6546 6448/6448 6447/6447
f 6546/6546 6447/6447 6547/6547
f 6546/6546 6547/6547 6523/6523
f 6546/6546 6523/6523 6522/6522
f 6546/6546 6522/6522 6526/6526
f 6547/6547 6447/6447 6443/6443
f 6547/6547 6443/6443 6442/6442
f 6547/6547 6442/6442 6548/6548
f 6547/6547 6548/6548 6520/6520
f 6547/6547 6520/6520 6519/6519
f 6547/6547 6519/6519 6523/6523
f 6548/6548 6442/6442 6439/6439
f 6548/6548 6439/6439 6438/6438
f 6548/6548 6438/6438 6549/6549
f 6548/6548 6549/6549 6517/6517
f 6548/6548 6517/6517 6516/6516
f 6548/6548 6516/6516 6520/6520
f 6549/6549 6438/6438 3759/3759
f 6549/6549 3759/3759 6550/6550
f 6549/6549 6550/6550 3404/3404
f 6549/6549 3404/3404 3410/3410
f 6549/6549 3410/3410 6514/6514
f 6549/6549 6514/6514 6517/6517
f 6550/6550 3759/3759 3730/3730
f 6550/6550 3730/3730 6551/6551
f 6550/6550 6551/6551 3405/3405
f 6550/6550 3405/3405 3404/3404
f 6551/6551 3730/3730 3729/3729
f 6551/6551 3729/3729 3558/3558
f 6551/6551 3558/3558 3506/3506
f 6551/6551 3506/3506 3405/3405
f 6544/6544 6470/6470 6466/6466
f 6544/6544 6466/6466 6465/6465
f 6531/6531 6527/6527 6484/6484
f 6531/6531 6484/6484 6483/6483
f 6531/6531 6483/6483 3658/3658
f 6531/6531 3658/3658 3661/3661
f 6476/6476 6475/6475 3649/3649
f 6476/6476 3649/3649 3646/3646
f 6446/6446 3470/3470 3469/3469
f 6446/6446 3469/3469 6441/6441
f 3758/3758 3518/3518 3517/3517
f 3758/3758 3517/3517 3756/3756
f 3757/3757 3756/3756 3517/3517
f 3757/3757 3517/3517 6552/6552
f 3742/3742 6553/6553 6554/6554
f 3742/3742 6554/6554 3743/3743
f 3747/3747 3735/3735 3734/3734
f 3747/3747 3734/3734 6555/6555
f 6556/6556 6557/6557 6558/6558
f 6556/6556 6558/6558 6559/6559
f 6560/6560 3738/3738 3737/3737
f 6560/6560 3737/3737 6561/6561
f 6557/6557 6562/6562 6563/6563
f 6557/6557 6563/6563 6558/6558
f 6561/6561 3737/3737 6564/6564
f 6561/6561 6564/6564 6565/6565
f 6564/6564 6566/6566 6567/6567
f 6564/6564 6567/6567 6565/6565
f 6564/6564 3737/3737 3425/3425
f 6564/6564 3425/3425 6568/6568
f 6564/6564 6568/6568 6569/6569
f 6564/6564 6569/6569 6566/6566
f 6569/6569 6570/6570 6571/6571
f 6569/6569 6571/6571 6566/6566
f 6569/6569 6568/6568 6572/6572
f 6569/6569 6572/6572 6573/6573
f 6569/6569 6573/6573 6574/6574
f 6569/6569 6574/6574 6570/6570
f 6574/6574 6575/6575 6576/6576
f 6574/6574 6576/6576 6570/6570
f 6574/6574 6573/6573 6577/6577
f 6574/6574 6577/6577 6578/6578
f 6574/6574 6578/6578 6579/6579
f 6574/6574 6579/6579 6575/6575
f 6579/6579 6580/6580 6581/6581
f 6579/6579 6581/6581 6575/6575
f 6582/6582 6583/6583 6584/6584
f 6582/6582 6584/6584 6585/6585
f 6582/6582 6585/6585 6586/6586
f 6582/6582 6586/6586 6587/6587
f 6586/6586 6588/6588 6589/6589
f 6586/6586 6589/6589 6587/6587
f 6586/6586 6585/6585 6590/6590
f 6586/6586 6590/6590 6591/6591
f 6586/6586 6591/6591 6592/6592
f 6586/6586 6592/6592 6588/6588
f 6592/6592 6593/6593 6594/6594
f 6592/6592 6594/6594 6588/6588
f 6592/6592 6591/6591 6595/6595
f 6592/6592 6595/6595 6596/6596
f 6592/6592 6596/6596 6597/6597
f 6592/6592 6597/6597 6593/6593
f 6597/6597 6598/6598 6599/6599
f 6597/6597 6599/6599 6593/6593
f 6597/6597 6596/6596 6600/6600
f 6597/6597 6600/6600 6601/6601
f 6597/6597 6601/6601 6602/6602
f 6597/6597 6602/6602 6598/6598
f 6602/6602 6603/6603 3577/3577
f 6602/6602 3577/3577 6598/6598
f 6602/6602 6601/6601 6604/6604
f 6602/6602 6604/6604 6605/6605
f 6602/6602 6605/6605 6606/6606
f 6602/6602 6606/6606 6603/6603
f 6607/6607 6608/6608 6609/6609
f 6607/6607 6609/6609 6610/6610
f 6607/6607 6610/6610 3476/3476
f 6607/6607 3476/3476 3475/3475
f 6611/6611 6612/6612 6613/6613
f 6611/6611 6613/6613 6614/6614
f 6611/6611 6614/6614 3478/3478
f 6611/6611 3478/3478 3477/3477
f 6614/6614 6613/6613 6615/6615
f 6614/6614 6615/6615 6616/6616
f 6614/6614 6616/6616 3481/3481
f 6614/6614 3481/3481 3478/3478
f 6616/6616 6615/6615 6617/6617
f 6616/6616 6617/6617 6618/6618
f 6616/6616 6618/6618 3482/3482
f 6616/6616 3482/3482 3481/3481
f 6618/6618 6617/6617 6619/6619
f 6618/6618 6619/6619 6620/6620
f 6618/6618 6620/6620 3483/3483
f 6618/6618 3483/3483 3482/3482
f 6621/6621 6622/6622 6594/6594
f 6621/6621 6594/6594 6623/6623
f 6621/6621 6623/6623 3581/3581
f 6621/6621 3581/3581 6624/6624
f 6623/6623 6594/6594 6593/6593
f 6623/6623 6593/6593 6599/6599
f 6623/6623 6599/6599 3576/3576
f 6623/6623 3576/3576 3581/3581
f 6619/6619 6617/6617 6625/6625
f 6619/6619 6625/6625 6626/6626
f 6622/6622 6589/6589 6588/6588
f 6622/6622 6588/6588 6594/6594
f 6625/6625 6617/6617 6615/6615
f 6625/6625 6615/6615 6627/6627
f 6625/6625 6627/6627 6628/6628
f 6625/6625 6628/6628 6581/6581
f 6625/6625 6581/6581 6580/6580
f 6625/6625 6580/6580 6626/6626
f 6628/6628 6627/6627 6629/6629
f 6628/6628 6629/6629 6630/6630
f 6628/6628 6630/6630 6631/6631
f 6628/6628 6631/6631 6576/6576
f 6628/6628 6576/6576 6575/6575
f 6628/6628 6575/6575 6581/6581
f 6631/6631 6630/6630 6632/6632
f 6631/6631 6632/6632 6633/6633
f 6631/6631 6633/6633 6634/6634
f 6631/6631 6634/6634 6571/6571
f 6631/6631 6571/6571 6570/6570
f 6631/6631 6570/6570 6576/6576
f 6635/6635 6636/6636 6637/6637
f 6635/6635 6637/6637 6638/6638
f 6635/6635 6638/6638 6639/6639
f 6635/6635 6639/6639 6640/6640
f 6634/6634 6567/6567 6566/6566
f 6634/6634 6566/6566 6571/6571
f 6641/6641 6642/6642 6643/6643
f 6641/6641 6643/6643 6644/6644
f 6641/6641 6644/6644 6645/6645
f 6641/6641 6645/6645 6646/6646
f 6639/6639 6563/6563 6562/6562
f 6639/6639 6562/6562 6640/6640
f 6645/6645 6644/6644 6647/6647
f 6645/6645 6647/6647 6648/6648
f 6645/6645 6648/6648 3463/3463
f 6645/6645 3463/3463 3462/3462
f 6645/6645 3462/3462 3461/3461
f 6645/6645 3461/3461 6646/6646
f 6648/6648 6647/6647 6649/6649
f 6648/6648 6649/6649 6650/6650
f 6648/6648 6650/6650 3728/3728
f 6648/6648 3728/3728 3463/3463
f 6650/6650 6649/6649 6651/6651
f 6650/6650 6651/6651 6652/6652
f 6650/6650 6652/6652 3421/3421
f 6650/6650 3421/3421 3728/3728
f 6652/6652 6651/6651 6653/6653
f 6652/6652 6653/6653 6654/6654
f 6652/6652 6654/6654 3422/3422
f 6652/6652 3422/3422 3421/3421
f 6655/6655 6577/6577 6573/6573
f 6655/6655 6573/6573 6572/6572
f 6655/6655 6572/6572 3424/3424
f 6655/6655 3424/3424 3423/3423
f 6651/6651 6584/6584 6583/6583
f 6651/6651 6583/6583 6653/6653
f 6651/6651 6649/6649 6656/6656
f 6651/6651 6656/6656 6584/6584
f 6656/6656 6590/6590 6585/6585
f 6656/6656 6585/6585 6584/6584
f 6656/6656 6649/6649 6647/6647
f 6656/6656 6647/6647 6657/6657
f 6656/6656 6657/6657 6658/6658
f 6656/6656 6658/6658 6590/6590
f 6658/6658 6595/6595 6591/6591
f 6658/6658 6591/6591 6590/6590
f 6658/6658 6657/6657 6643/6643
f 6658/6658 6643/6643 6659/6659
f 6658/6658 6659/6659 6660/6660
f 6658/6658 6660/6660 6595/6595
f 6660/6660 6600/6600 6596/6596
f 6660/6660 6596/6596 6595/6595
f 6660/6660 6659/6659 6661/6661
f 6660/6660 6661/6661 6662/6662
f 6660/6660 6662/6662 6663/6663
f 6660/6660 6663/6663 6600/6600
f 6663/6663 6604/6604 6601/6601
f 6663/6663 6601/6601 6600/6600
f 6664/6664 6665/6665 6666/6666
f 6664/6664 6666/6666 6667/6667
f 6664/6664 6667/6667 6609/6609
f 6664/6664 6609/6609 6608/6608
f 6668/6668 6632/6632 6630/6630
f 6668/6668 6630/6630 6629/6629
f 6668/6668 6629/6629 6613/6613
f 6668/6668 6613/6613 6612/6612
f 6665/6665 6637/6637 6636/6636
f 6665/6665 6636/6636 6666/6666
f 6659/6659 6643/6643 6642/6642
f 6659/6659 6642/6642 6661/6661
f 6657/6657 6647/6647 6644/6644
f 6657/6657 6644/6644 6643/6643
f 6629/6629 6627/6627 6615/6615
f 6629/6629 6615/6615 6613/6613
f 6603/6603 3622/3622 3578/3578
f 6603/6603 3578/3578 3577/3577
f 6603/6603 6606/6606 3623/3623
f 6603/6603 3623/3623 3622/3622
f 6599/6599 6598/6598 3577/3577
f 6599/6599 3577/3577 3576/3576
f 6572/6572 6568/6568 3425/3425
f 6572/6572 3425/3425 3424/3424
f 3732/3732 3556/3556 3558/3558
f 3732/3732 3558/3558 3729/3729
f 3655/3655 3648/3648 3493/3493
f 3655/3655 3493/3493 3651/3651
f 3652/3652 3651/3651 3493/3493
f 3652/3652 3493/3493 3492/3492
f 3649/3649 3488/3488 3487/3487
f 3649/3649 3487/3487 3647/3647
f 3648/3648 3647/3647 3487/3487
f 3648/3648 3487/3487 3493/3493
f 4038/4038 6669/6669 3516/3516
f 4038/4038 3516/3516 3515/3515
f 6669/6669 6552/6552 3517/3517
f 6669/6669 3517/3517 3516/3516
f 3581/3581 3580/3580 6670/6670
f 3581/3581 6670/6670 6624/6624
f 3580/3580 3579/3579 3625/3625
f 3580/3580 3625/3625 6670/6670
f 3540/3540 3539/3539 3392/3392
f 3540/3540 3392/3392 3391/3391
f 3485/3485 3473/3473 3472/3472
f 3485/3485 3472/3472 3480/3480
f 3481/3481 3480/3480 3472/3472
f 3481/3481 3472/3472 3478/3478
