# converted from psx_man.glb so the villager walk rig can cut it into limbs
v -0.242259 0.134960 0.009376
v -0.242472 0.134855 0.009062
v -0.241939 0.134768 0.008800
v -0.242472 0.136909 0.008316
v -0.241939 0.137171 0.008804
v -0.241939 0.138744 0.008150
v -0.243036 0.134593 0.008277
v -0.242284 0.136312 0.008826
v -0.241939 0.143413 0.007467
v -0.243841 0.141520 0.007085
v -0.241939 0.141319 0.007911
v -0.243720 0.143412 0.006722
v -0.245774 0.141721 0.006259
v -0.246016 0.140029 0.006542
v -0.243962 0.139627 0.007449
v -0.241939 0.138744 0.008150
v -0.244539 0.138606 0.006474
v -0.245694 0.136566 0.007068
v -0.245790 0.138297 0.005957
v -0.243391 0.137895 0.006863
v -0.243036 0.134593 0.008277
v -0.243546 0.136794 0.007900
v -0.244365 0.135579 0.007672
v -0.242472 0.136909 0.008316
v -0.244083 0.133948 0.007485
v -0.243277 0.132639 0.007694
v -0.244536 0.133626 0.007089
v -0.243519 0.130686 0.007111
v -0.243519 0.130686 0.007111
v -0.245154 0.132860 0.005834
v -0.244485 0.131007 0.005218
v -0.245573 0.133947 0.005196
v -0.244536 0.133626 0.007089
v -0.245694 0.136566 0.007068
v -0.245452 0.131328 0.003325
v -0.246217 0.135208 0.003793
v -0.246479 0.134529 0.002155
v -0.246600 0.137148 0.004027
v -0.247170 0.137731 0.000985
v -0.245790 0.138297 0.005957
v -0.246016 0.140029 0.006542
v -0.246680 0.139112 0.004066
v -0.246761 0.141075 0.004105
v -0.247506 0.139926 0.001327
v -0.247506 0.142121 0.001668
v -0.247315 0.140257 -0.000546
v -0.247325 0.142422 -0.000225
v -0.247123 0.140588 -0.002419
v -0.247103 0.138454 -0.002720
v -0.247305 0.138092 -0.000867
v -0.245613 0.133701 -0.002154
v -0.246580 0.135847 -0.000816
v -0.246358 0.136078 -0.002437
v -0.245855 0.133601 -0.000764
v -0.246801 0.135616 0.000805
v -0.246096 0.133501 0.000625
v -0.246352 0.134187 0.001645
v -0.245774 0.132090 0.001975
v -0.241939 0.138855 -0.006063
v -0.244506 0.140839 -0.005224
v -0.241939 0.141090 -0.005662
v -0.244506 0.140839 -0.005224
v -0.244485 0.138653 -0.005576
v -0.244526 0.143024 -0.004873
v -0.244526 0.143024 -0.004873
v -0.241939 0.143326 -0.005260
v -0.241939 0.136559 -0.005398
v -0.244485 0.138653 -0.005576
v -0.241939 0.134264 -0.004732
v -0.244093 0.136318 -0.005101
v -0.243700 0.133982 -0.004627
v -0.244093 0.136318 -0.005101
v -0.243774 0.131201 -0.004465
v -0.245690 0.130888 -0.002027
v -0.243700 0.133982 -0.004627
v -0.241944 0.131516 -0.004660
v -0.243774 0.131201 -0.004465
v -0.241944 0.128559 -0.004982
v -0.243936 0.128197 -0.004692
v -0.243936 0.128197 -0.004692
v -0.246177 0.127257 -0.002433
v -0.245754 0.131842 -0.001106
v -0.246137 0.130379 -0.000904
v -0.245492 0.128829 0.000225
v -0.244088 0.126389 0.002495
v -0.245190 0.126493 0.000025
v -0.244985 0.130070 0.001616
v -0.241944 0.128907 0.002513
v -0.243599 0.131046 0.002560
v -0.243802 0.128907 0.002532
v -0.241944 0.126408 0.002457
v -0.244088 0.126389 0.002495
v -0.244495 0.130521 0.001934
v -0.244985 0.130070 0.001616
v -0.244848 0.132274 0.001592
v -0.246096 0.133501 0.000625
v -0.245452 0.131328 0.003325
v -0.245049 0.131958 0.002170
v -0.244526 0.131187 0.002942
v -0.244848 0.132274 0.001592
v -0.245774 0.132090 0.001975
v -0.246096 0.133501 0.000625
v -0.243599 0.131046 0.002560
v -0.244190 0.131020 0.004332
v -0.244485 0.131007 0.005218
v -0.243559 0.130866 0.004835
v -0.243519 0.130686 0.007111
v -0.241939 0.130856 0.004835
v -0.241939 0.130686 0.007111
v -0.241939 0.131026 0.002560
v -0.241939 0.132639 0.007694
v -0.241939 0.134593 0.008277
v -0.241939 0.130686 0.007111
v -0.245331 0.145543 -0.001113
v -0.247168 0.143953 0.000479
v -0.245351 0.145484 0.001183
v -0.247048 0.144133 -0.001616
v -0.247168 0.143953 0.000479
v -0.247150 0.144291 0.002573
v -0.247150 0.144291 0.002573
v -0.245371 0.146269 0.003478
v -0.247144 0.142723 -0.002118
v -0.244794 0.144603 -0.003077
v -0.244794 0.144603 -0.003077
v -0.247048 0.144133 -0.001616
v -0.243620 0.145174 -0.003433
v -0.241939 0.146509 -0.001436
v -0.243049 0.145865 -0.002849
v -0.243620 0.146026 -0.001274
v -0.241939 0.145657 -0.003594
v -0.243620 0.145174 -0.003433
v -0.241939 0.146432 0.001283
v -0.243620 0.146472 0.001233
v -0.243620 0.146294 0.003740
v -0.241939 0.146351 0.004002
v -0.245452 0.145126 0.005974
v -0.245452 0.145126 0.005974
v -0.243670 0.145357 0.006477
v -0.241939 0.145589 0.006980
v -0.243670 0.145357 0.006477
v -0.245452 0.145126 0.005974
v -0.246519 0.143931 0.003822
v -0.245533 0.143412 0.005977
v -0.245371 0.146269 0.003478
v -0.246137 0.144817 0.003707
v -0.246352 0.141854 0.004729
v -0.245774 0.141721 0.006259
v -0.241939 0.134593 0.008277
v -0.243036 0.134593 0.008277
v -0.241939 0.135643 0.009580
v -0.242472 0.134855 0.009062
v -0.241939 0.137171 0.008804
v -0.241407 0.136909 0.008316
v -0.241939 0.138744 0.008150
v -0.240843 0.134593 0.008277
v -0.241595 0.136312 0.008826
v -0.241407 0.134855 0.009062
v -0.240038 0.141520 0.007085
v -0.240159 0.143412 0.006722
v -0.238105 0.141721 0.006259
v -0.238346 0.143412 0.005977
v -0.237863 0.140029 0.006542
v -0.239917 0.139627 0.007449
v -0.239340 0.138606 0.006474
v -0.238089 0.138297 0.005957
v -0.238185 0.136566 0.007068
v -0.240488 0.137895 0.006863
v -0.240843 0.134593 0.008277
v -0.240333 0.136794 0.007900
v -0.241407 0.136909 0.008316
v -0.239514 0.135579 0.007672
v -0.239796 0.133948 0.007485
v -0.239343 0.133626 0.007089
v -0.240602 0.132639 0.007694
v -0.240360 0.130686 0.007111
v -0.240360 0.130686 0.007111
v -0.238725 0.132860 0.005834
v -0.239343 0.133626 0.007089
v -0.238306 0.133947 0.005196
v -0.238185 0.136566 0.007068
v -0.238427 0.131328 0.003325
v -0.239393 0.131007 0.005218
v -0.237662 0.135208 0.003793
v -0.237279 0.137148 0.004026
v -0.237400 0.134529 0.002155
v -0.236708 0.137731 0.000985
v -0.238089 0.138297 0.005957
v -0.237198 0.139112 0.004066
v -0.237863 0.140029 0.006542
v -0.236373 0.139926 0.001327
v -0.237118 0.141075 0.004105
v -0.236373 0.142121 0.001668
v -0.236564 0.140257 -0.000546
v -0.236554 0.142422 -0.000225
v -0.236755 0.140588 -0.002419
v -0.236735 0.142723 -0.002118
v -0.236775 0.138454 -0.002720
v -0.236574 0.138092 -0.000867
v -0.238266 0.133701 -0.002154
v -0.237299 0.135847 -0.000816
v -0.238024 0.133601 -0.000764
v -0.237078 0.135616 0.000805
v -0.237782 0.133501 0.000625
v -0.237521 0.136078 -0.002437
v -0.237527 0.134187 0.001645
v -0.238105 0.132090 0.001975
v -0.239373 0.140839 -0.005224
v -0.239393 0.138653 -0.005576
v -0.239373 0.140839 -0.005224
v -0.239393 0.138653 -0.005576
v -0.239353 0.143024 -0.004873
v -0.236755 0.140588 -0.002419
v -0.239786 0.136318 -0.005101
v -0.240179 0.133982 -0.004627
v -0.239786 0.136318 -0.005101
v -0.240114 0.131201 -0.004465
v -0.240179 0.133982 -0.004627
v -0.240114 0.131201 -0.004465
v -0.238197 0.130888 -0.002027
v -0.239952 0.128197 -0.004692
v -0.238134 0.131842 -0.001106
v -0.237968 0.130793 -0.000711
v -0.237930 0.127836 -0.002159
v -0.238579 0.129325 0.000358
v -0.238865 0.127112 0.000168
v -0.238903 0.130070 0.001616
v -0.239799 0.126389 0.002495
v -0.240279 0.131046 0.002560
v -0.241939 0.131026 0.002560
v -0.240086 0.128907 0.002532
v -0.239393 0.130521 0.001934
v -0.239031 0.132274 0.001592
v -0.238903 0.130070 0.001616
v -0.237782 0.133501 0.000625
v -0.239799 0.126389 0.002495
v -0.238427 0.131328 0.003325
v -0.238829 0.131958 0.002170
v -0.238105 0.132090 0.001975
v -0.239031 0.132274 0.001592
v -0.237782 0.133501 0.000625
v -0.240279 0.131046 0.002560
v -0.239353 0.131187 0.002942
v -0.239689 0.131020 0.004332
v -0.240320 0.130866 0.004835
v -0.239393 0.131007 0.005218
v -0.240360 0.130686 0.007111
v -0.238548 0.145543 -0.001113
v -0.236711 0.143953 0.000479
v -0.236831 0.144133 -0.001616
v -0.236831 0.144133 -0.001616
v -0.236711 0.143953 0.000479
v -0.238527 0.145999 0.001183
v -0.237440 0.145116 0.002572
v -0.236735 0.142723 -0.002118
v -0.239085 0.144603 -0.003077
v -0.236831 0.144133 -0.001616
v -0.239085 0.144603 -0.003077
v -0.240259 0.145174 -0.003433
v -0.240259 0.145174 -0.003433
v -0.240830 0.145865 -0.002849
v -0.241939 0.145657 -0.003594
v -0.240259 0.146026 -0.001274
v -0.240259 0.146472 0.001233
v -0.238507 0.145975 0.003478
v -0.240259 0.146439 0.003740
v -0.238427 0.145126 0.005974
v -0.238427 0.145126 0.005974
v -0.240209 0.145357 0.006477
v -0.240209 0.145357 0.006477
v -0.237359 0.143931 0.003822
v -0.238427 0.145126 0.005974
v -0.238346 0.143412 0.005977
v -0.238507 0.145975 0.003478
v -0.237742 0.144817 0.003707
v -0.237440 0.145116 0.002572
v -0.237527 0.141854 0.004729
v -0.238105 0.141721 0.006259
v -0.241407 0.134855 0.009062
v -0.240843 0.134593 0.008277
v -0.241620 0.134960 0.009376
v -0.242259 0.134960 0.009376
v -0.241587 0.134967 0.009398
v -0.241939 0.135643 0.009580
v -0.276925 0.079877 -0.001202
v -0.275855 0.079495 -0.001339
v -0.276699 0.076142 -0.000758
v -0.277152 0.083613 -0.001645
v -0.276287 0.080867 -0.001441
v -0.275011 0.082847 -0.001919
v -0.276081 0.083230 -0.001782
v -0.277076 0.083749 0.003928
v -0.275848 0.086243 0.001144
v -0.277114 0.083681 0.001141
v -0.275235 0.087491 -0.000247
v -0.275197 0.087559 0.002539
v -0.273318 0.091369 0.001150
v -0.277152 0.083613 -0.001645
v -0.274099 0.088635 -0.000674
v -0.271826 0.090925 -0.001527
v -0.272572 0.091147 -0.000188
v -0.274489 0.087269 -0.001586
v -0.274046 0.088728 0.003082
v -0.272531 0.091217 0.002659
v -0.274410 0.087407 0.004048
v -0.271744 0.091065 0.004168
v -0.273572 0.084342 0.005424
v -0.272618 0.082994 0.005246
v -0.272680 0.084327 0.005322
v -0.272142 0.082320 0.005157
v -0.273034 0.082335 0.005258
v -0.272495 0.080328 0.005093
v -0.271788 0.084312 0.005221
v -0.273636 0.082326 0.005321
v -0.273699 0.080309 0.005219
v -0.273256 0.081660 0.005245
v -0.273097 0.080319 0.005156
v -0.272368 0.086573 0.004938
v -0.272658 0.087704 0.004796
v -0.271766 0.087689 0.004694
v -0.271744 0.091065 0.004168
v -0.274410 0.087407 0.004048
v -0.277076 0.083749 0.003928
v -0.274131 0.086385 0.004507
v -0.275324 0.084045 0.004676
v -0.277371 0.080125 0.003809
v -0.277409 0.080057 0.001023
v -0.277666 0.076502 0.003691
v -0.277298 0.081288 0.001991
v -0.271086 0.087217 0.003140
v -0.271766 0.087689 0.004694
v -0.271788 0.084312 0.005221
v -0.270385 0.090122 0.001060
v -0.271306 0.088500 0.003483
v -0.271744 0.091065 0.004168
v -0.271065 0.090594 0.002614
v -0.276287 0.083388 0.004119
v -0.275498 0.083028 0.004310
v -0.275382 0.083706 0.004554
v -0.274535 0.083685 0.004867
v -0.277666 0.076502 0.003691
v -0.276608 0.078567 0.003956
v -0.276582 0.079765 0.004000
v -0.276660 0.076171 0.003868
v -0.277163 0.076336 0.003779
v -0.276079 0.079600 0.004089
v -0.277371 0.080125 0.003809
v -0.276747 0.081093 0.003976
v -0.277713 0.076527 -0.000450
v -0.277024 0.076280 0.000887
v -0.277186 0.076349 0.001709
v -0.276699 0.076142 -0.000758
v -0.277206 0.076334 -0.000604
v -0.276679 0.076157 0.001555
v -0.276660 0.076171 0.003868
v -0.277689 0.076514 0.001620
v -0.277346 0.076400 0.002370
v -0.277666 0.076502 0.003691
v -0.277163 0.076336 0.003779
v -0.271517 0.086262 0.003317
v -0.272380 0.084353 0.003671
v -0.272084 0.084333 0.004446
v -0.271382 0.087238 0.002365
v -0.272384 0.082993 0.004354
v -0.272682 0.082333 0.003921
v -0.272386 0.082313 0.004695
v -0.272984 0.080314 0.004170
v -0.272142 0.082320 0.005157
v -0.272495 0.080328 0.005093
v -0.272423 0.081651 0.004828
v -0.272740 0.080321 0.004631
v -0.273572 0.084342 0.005424
v -0.273817 0.083908 0.004468
v -0.272976 0.084348 0.004547
v -0.273939 0.083691 0.003990
v -0.274535 0.083685 0.004867
v -0.275498 0.083028 0.004310
v -0.272380 0.084353 0.003671
v -0.272380 0.084353 0.003671
v -0.272754 0.085835 0.003013
v -0.271382 0.087238 0.002365
v -0.272941 0.086575 0.002685
v -0.273939 0.083691 0.003990
v -0.275498 0.083028 0.004310
v -0.270385 0.090122 0.001060
v -0.272941 0.086575 0.002685
v -0.272698 0.086485 -0.000430
v -0.270385 0.090122 0.001060
v -0.275498 0.083028 0.004310
v -0.273631 0.085333 0.001150
v -0.275011 0.082847 -0.001919
v -0.275255 0.082938 0.001195
v -0.276079 0.079600 0.004089
v -0.276099 0.079585 0.001776
v -0.276660 0.076171 0.003868
v -0.276286 0.078447 0.002473
v -0.276699 0.076142 -0.000758
v -0.276679 0.076157 0.001555
v -0.275855 0.079495 -0.001339
v -0.275736 0.080673 0.000544
v -0.273278 0.082328 0.004797
v -0.272682 0.082333 0.003921
v -0.272984 0.080314 0.004170
v -0.273572 0.084342 0.005424
v -0.272979 0.083003 0.004422
v -0.272380 0.084353 0.003671
v -0.272976 0.084348 0.004547
v -0.273636 0.082326 0.005321
v -0.273419 0.081655 0.004938
v -0.273699 0.080309 0.005219
v -0.273342 0.080311 0.004695
v -0.272495 0.080328 0.005093
v -0.273060 0.080317 0.004827
v -0.272740 0.080321 0.004631
v -0.273342 0.080311 0.004695
v -0.273097 0.080319 0.005156
v -0.273699 0.080309 0.005219
v -0.272984 0.080314 0.004170
v -0.271826 0.090925 -0.001527
v -0.272407 0.087965 -0.000796
v -0.273419 0.086886 -0.001723
v -0.271106 0.090523 -0.000234
v -0.273419 0.086886 -0.001723
v -0.274489 0.087269 -0.001586
v -0.271826 0.090925 -0.001527
v -0.274663 0.085795 -0.001697
v -0.277188 0.078761 -0.000951
v -0.277713 0.076527 -0.000450
v -0.277206 0.076334 -0.000604
v -0.277432 0.080070 -0.001047
v -0.277432 0.080070 -0.001047
v -0.277713 0.076527 -0.000450
v -0.277510 0.078880 0.000532
v -0.277689 0.076514 0.001620
v -0.271892 0.090651 0.001108
v -0.273508 0.090289 0.002677
v -0.274073 0.090691 0.001153
v -0.274316 0.090108 0.003462
v -0.272135 0.090069 0.003417
v -0.272378 0.089486 0.005725
v -0.276253 0.090730 0.001199
v -0.270188 0.088536 0.003413
v -0.270756 0.089241 0.002645
v -0.269945 0.089118 0.001105
v -0.267998 0.087585 0.001101
v -0.272193 0.089962 -0.000902
v -0.274373 0.090001 -0.000857
v -0.272494 0.089272 -0.002912
v -0.273546 0.090218 -0.000202
v -0.270795 0.089169 -0.000234
v -0.270246 0.088429 -0.000906
v -0.260194 0.112899 0.004779
v -0.257411 0.111620 0.004173
v -0.254432 0.117809 0.004702
v -0.265955 0.107989 0.004856
v -0.260259 0.110410 0.004401
v -0.260389 0.105430 0.003643
v -0.263172 0.106710 0.004250
v -0.262628 0.116684 0.004425
v -0.259896 0.117059 0.004518
v -0.259301 0.125378 0.003994
v -0.256867 0.121593 0.004348
v -0.253561 0.115264 0.001082
v -0.256127 0.112835 0.003143
v -0.256975 0.110347 0.002363
v -0.254432 0.117809 0.004702
v -0.253997 0.116537 0.002892
v -0.257411 0.111620 0.004173
v -0.260389 0.105430 0.003643
v -0.276253 0.090730 0.001199
v -0.271529 0.096069 0.003927
v -0.271104 0.099360 0.003028
v -0.272378 0.089486 0.005725
v -0.274316 0.090108 0.003462
v -0.269166 0.098738 0.005291
v -0.265955 0.107989 0.004856
v -0.266241 0.100969 0.004742
v -0.266384 0.097458 0.004684
v -0.269166 0.098738 0.005291
v -0.272378 0.089486 0.005725
v -0.272378 0.089486 0.005725
v -0.266922 0.094167 0.003490
v -0.266384 0.097458 0.004684
v -0.267998 0.087585 0.001101
v -0.270188 0.088536 0.003413
v -0.264194 0.096508 0.002372
v -0.265465 0.114154 0.000557
v -0.262378 0.115707 -0.002189
v -0.268360 0.107679 0.001135
v -0.262571 0.120629 -0.000021
v -0.262442 0.117347 -0.001466
v -0.259483 0.122181 -0.002767
v -0.256395 0.123734 -0.005514
v -0.263528 0.113337 -0.002964
v -0.267094 0.108139 -0.001690
v -0.261112 0.116166 -0.005014
v -0.265829 0.108598 -0.004514
v -0.260936 0.123003 0.001987
v -0.263831 0.116528 0.002565
v -0.259301 0.125378 0.003994
v -0.263411 0.117895 0.001703
v -0.262628 0.116684 0.004425
v -0.264539 0.113682 0.003328
v -0.267157 0.107834 0.002996
v -0.256127 0.126014 0.000022
v -0.259333 0.124007 0.001332
v -0.257714 0.125696 0.002008
v -0.259349 0.123322 0.000001
v -0.258365 0.123459 -0.001837
v -0.256261 0.124874 -0.002746
v -0.270189 0.102133 0.002397
v -0.272307 0.099205 0.001167
v -0.270036 0.097157 -0.003587
v -0.271916 0.097886 -0.001532
v -0.267579 0.105042 -0.004262
v -0.272494 0.089272 -0.002912
v -0.272109 0.095015 -0.001992
v -0.276253 0.090730 0.001199
v -0.274373 0.090001 -0.000857
v -0.267579 0.105042 -0.004262
v -0.270731 0.101150 -0.000643
v -0.267970 0.106361 -0.001564
v -0.271916 0.097886 -0.001532
v -0.267256 0.107106 -0.002547
v -0.266704 0.106820 -0.004388
v -0.265829 0.108598 -0.004514
v -0.260826 0.110754 -0.004832
v -0.263632 0.107602 -0.004511
v -0.258325 0.111832 -0.004991
v -0.260522 0.112828 -0.004994
v -0.255215 0.117058 -0.005474
v -0.261435 0.106605 -0.004508
v -0.259147 0.116463 -0.005167
v -0.255805 0.120396 -0.005494
v -0.261112 0.116166 -0.005014
v -0.256395 0.123734 -0.005514
v -0.264507 0.105824 -0.004385
v -0.266704 0.106820 -0.004388
v -0.264948 0.106748 -0.004428
v -0.262310 0.104827 -0.004382
v -0.263185 0.103049 -0.004257
v -0.264066 0.104899 -0.004342
v -0.265382 0.104046 -0.004259
v -0.261787 0.104240 -0.000307
v -0.260912 0.106018 -0.000432
v -0.263185 0.103049 -0.004257
v -0.261670 0.105028 -0.001707
v -0.261435 0.106605 -0.004508
v -0.262310 0.104827 -0.004382
v -0.258325 0.111832 -0.004991
v -0.257498 0.110935 -0.001713
v -0.255215 0.117058 -0.005474
v -0.256737 0.112976 -0.002967
v -0.254388 0.116161 -0.002196
v -0.258462 0.109100 0.000072
v -0.265592 0.095317 -0.001578
v -0.267839 0.096161 -0.003584
v -0.267998 0.087585 0.001101
v -0.267892 0.093302 -0.002023
v -0.270246 0.088429 -0.000906
v -0.267753 0.099121 -0.003810
v -0.265592 0.095317 -0.001578
v -0.263857 0.098688 0.000163
v -0.253337 0.120506 0.004638
v -0.252243 0.123202 0.004574
v -0.255325 0.122130 0.004424
v -0.255772 0.124290 0.004284
v -0.256127 0.126014 0.000022
v -0.255890 0.124865 0.002863
v -0.254185 0.124608 0.002298
v -0.259301 0.125378 0.003994
v -0.257714 0.125696 0.002008
v -0.255772 0.124290 0.004284
v -0.252243 0.123202 0.004574
v -0.252243 0.123202 0.004574
v -0.252629 0.120799 0.003391
v -0.251727 0.122294 0.002736
v -0.252822 0.119597 0.002800
v -0.253337 0.120506 0.004638
v -0.251212 0.121386 0.000898
v -0.253068 0.118153 0.002227
v -0.252387 0.118325 0.000990
v -0.254292 0.119464 -0.005546
v -0.254882 0.122802 -0.005566
v -0.253369 0.121870 -0.005619
v -0.254993 0.120887 -0.005535
v -0.253465 0.118567 -0.002268
v -0.254048 0.118064 -0.003337
v -0.254292 0.119464 -0.005546
v -0.253369 0.121870 -0.005619
v -0.252714 0.119507 -0.001213
v -0.252290 0.121628 -0.002361
v -0.256395 0.123734 -0.005514
v -0.255297 0.123873 -0.003703
v -0.254882 0.122802 -0.005566
v -0.254748 0.123942 -0.002798
v -0.256261 0.124874 -0.002746
v -0.253369 0.121870 -0.005619
v -0.253194 0.123534 0.001831
v -0.251212 0.121386 0.000898
v -0.251727 0.122294 0.002736
v -0.253670 0.123700 0.000460
v -0.253569 0.123090 -0.001566
v -0.252290 0.121628 -0.002361
v -0.241558 0.091115 -0.004201
v -0.241320 0.092429 -0.004874
v -0.235006 0.091115 -0.004196
v -0.247634 0.093744 -0.005552
v -0.243583 0.091991 -0.004651
v -0.247872 0.092429 -0.004879
v -0.248110 0.091115 -0.004206
v -0.235452 0.093744 -0.005541
v -0.239364 0.092868 -0.005096
v -0.241543 0.093744 -0.005546
v -0.235229 0.092429 -0.004868
v -0.233190 0.091322 -0.000232
v -0.233413 0.092636 -0.000904
v -0.231374 0.091528 0.003732
v -0.235452 0.093744 -0.005541
v -0.233944 0.092129 -0.002001
v -0.235229 0.092429 -0.004868
v -0.235006 0.091115 -0.004196
v -0.237115 0.123419 0.002442
v -0.236668 0.128936 -0.000993
v -0.237500 0.130462 -0.005494
v -0.235837 0.125937 0.005338
v -0.236689 0.124749 0.002797
v -0.236284 0.121893 0.006942
v -0.236730 0.116375 0.008665
v -0.247296 0.125937 0.005328
v -0.246442 0.124749 0.002788
v -0.246456 0.128936 -0.001002
v -0.246015 0.123419 0.002434
v -0.245616 0.131272 -0.005502
v -0.246856 0.121893 0.006932
v -0.246415 0.116375 0.008656
v -0.235792 0.091397 0.007867
v -0.234608 0.093173 0.006559
v -0.236218 0.092683 0.007999
v -0.236644 0.093969 0.008131
v -0.234017 0.094060 0.005905
v -0.233590 0.092775 0.005773
v -0.231389 0.094152 0.003678
v -0.233583 0.091463 0.005800
v -0.232852 0.092359 0.005092
v -0.231382 0.092840 0.003705
v -0.231374 0.091528 0.003732
v -0.249532 0.092775 0.005758
v -0.249524 0.091463 0.005787
v -0.247323 0.091397 0.007858
v -0.251726 0.091528 0.003716
v -0.250264 0.092359 0.005078
v -0.251734 0.092840 0.003687
v -0.251742 0.094152 0.003659
v -0.249109 0.094060 0.005890
v -0.246476 0.093969 0.008122
v -0.248514 0.093173 0.006546
v -0.246900 0.092683 0.007990
v -0.249680 0.092636 -0.000918
v -0.249688 0.093948 -0.000947
v -0.247634 0.093744 -0.005552
v -0.251742 0.094152 0.003659
v -0.250367 0.093142 0.000608
v -0.251734 0.092840 0.003687
v -0.251726 0.091528 0.003716
v -0.233421 0.093948 -0.000931
v -0.232739 0.093142 0.000623
v -0.231382 0.092840 0.003705
v -0.231389 0.094152 0.003678
v -0.249157 0.092129 -0.002014
v -0.249918 0.091322 -0.000245
v -0.248110 0.091115 -0.004206
v -0.247872 0.092429 -0.004879
v -0.246387 0.122448 -0.008114
v -0.243585 0.125440 -0.007490
v -0.241554 0.120418 -0.009480
v -0.251938 0.130189 -0.001047
v -0.249488 0.130600 -0.000962
v -0.250130 0.131175 -0.003511
v -0.251220 0.124477 -0.006748
v -0.246130 0.125119 -0.007243
v -0.235837 0.125937 0.005338
v -0.238560 0.127366 0.004583
v -0.238702 0.126310 0.004311
v -0.251220 0.124477 -0.006748
v -0.249720 0.127431 -0.004346
v -0.248418 0.127470 -0.006125
v -0.241558 0.130462 -0.005497
v -0.241601 0.130349 0.000369
v -0.241595 0.130714 -0.007329
v -0.254804 0.126331 -0.000736
v -0.254252 0.124893 -0.003716
v -0.257285 0.125308 -0.000683
v -0.251772 0.125915 -0.003768
v -0.252324 0.127353 -0.000788
v -0.253609 0.125713 -0.002740
v -0.239527 0.125440 -0.007487
v -0.236724 0.122448 -0.008105
v -0.231894 0.124477 -0.006730
v -0.236983 0.125119 -0.007234
v -0.234697 0.127470 -0.006112
v -0.248418 0.127470 -0.006125
v -0.247328 0.127042 -0.007600
v -0.246130 0.125119 -0.007243
v -0.241557 0.124871 -0.006824
v -0.246456 0.128936 -0.001002
v -0.241601 0.130349 0.000369
v -0.241563 0.128191 0.000225
v -0.231320 0.127382 0.001370
v -0.231497 0.127140 0.002454
v -0.232025 0.126064 0.002283
v -0.253697 0.123428 0.004087
v -0.254435 0.125363 0.000872
v -0.255491 0.124368 0.001702
v -0.252043 0.125391 0.001650
v -0.256728 0.123443 -0.003633
v -0.256170 0.121578 -0.006583
v -0.254892 0.123788 -0.004671
v -0.253695 0.123027 -0.006666
v -0.256881 0.123703 0.001387
v -0.255491 0.124368 0.001702
v -0.257285 0.125308 -0.000683
v -0.253697 0.123428 0.004087
v -0.255820 0.123611 0.002287
v -0.255087 0.122762 0.003773
v -0.256477 0.122097 0.003458
v -0.246415 0.116375 0.008656
v -0.248011 0.107009 0.008766
v -0.246446 0.105172 0.009245
v -0.248809 0.102326 0.007965
v -0.251141 0.110683 0.007808
v -0.248778 0.113530 0.009088
v -0.252419 0.117056 0.005948
v -0.250056 0.119902 0.007228
v -0.253697 0.123428 0.004087
v -0.250418 0.116829 0.007421
v -0.251141 0.110683 0.007808
v -0.252915 0.105141 0.003881
v -0.252037 0.102418 0.005733
v -0.253514 0.102370 0.001918
v -0.253926 0.110587 0.000177
v -0.252534 0.110635 0.003992
v -0.252037 0.102418 0.005733
v -0.249786 0.099601 0.006530
v -0.250873 0.099637 -0.003046
v -0.250438 0.102380 -0.006399
v -0.252492 0.102584 -0.001793
v -0.253243 0.111016 -0.007246
v -0.252970 0.105252 -0.001137
v -0.253584 0.110802 -0.003535
v -0.238503 0.107081 -0.007510
v -0.232661 0.102380 -0.006382
v -0.229870 0.111016 -0.007224
v -0.235625 0.108393 -0.007415
v -0.235712 0.115717 -0.008352
v -0.250438 0.102380 -0.006399
v -0.244594 0.107081 -0.007516
v -0.247398 0.115717 -0.008363
v -0.253243 0.111016 -0.007246
v -0.247477 0.108393 -0.007426
v -0.254076 0.113413 0.004054
v -0.253048 0.111561 0.004013
v -0.252609 0.112048 0.005931
v -0.254001 0.112000 0.002116
v -0.254850 0.113148 -0.006707
v -0.253104 0.116214 -0.006900
v -0.254046 0.112082 -0.006977
v -0.252231 0.117747 -0.006997
v -0.253035 0.118813 -0.006728
v -0.248672 0.118637 -0.007824
v -0.230882 0.117747 -0.006977
v -0.234439 0.118637 -0.007811
v -0.252419 0.117056 0.005948
v -0.252971 0.115841 0.005317
v -0.253886 0.118421 0.004071
v -0.253697 0.123428 0.004087
v -0.241547 0.102635 -0.006858
v -0.254006 0.111584 -0.004592
v -0.254046 0.112082 -0.006977
v -0.254850 0.113148 -0.006707
v -0.254388 0.111868 -0.003265
v -0.254750 0.119646 0.003867
v -0.253886 0.118421 0.004071
v -0.255277 0.117755 0.003756
v -0.254076 0.113413 0.004054
v -0.255510 0.117363 -0.006645
v -0.253695 0.123027 -0.006666
v -0.256170 0.121578 -0.006583
v -0.254080 0.119734 -0.006679
v -0.246456 0.128936 -0.001002
v -0.246268 0.130715 -0.006224
v -0.247235 0.131207 -0.001044
v -0.231894 0.124477 -0.006730
v -0.233398 0.127430 -0.005381
v -0.231347 0.125915 -0.003749
v -0.228867 0.124893 -0.003692
v -0.228320 0.126331 -0.000711
v -0.225840 0.125308 -0.000654
v -0.230801 0.127353 -0.000768
v -0.229512 0.125713 -0.002717
v -0.227638 0.124368 0.001728
v -0.230119 0.125391 0.001671
v -0.229437 0.123428 0.004110
v -0.228693 0.125363 0.000896
v -0.236730 0.116375 0.008665
v -0.235125 0.107009 0.008778
v -0.234365 0.113530 0.009102
v -0.231999 0.110683 0.007826
v -0.234322 0.102326 0.007979
v -0.236687 0.105172 0.009254
v -0.233084 0.119902 0.007244
v -0.230718 0.117056 0.005968
v -0.229437 0.123428 0.004110
v -0.232722 0.116829 0.007438
v -0.231999 0.110683 0.007826
v -0.230217 0.105213 0.003901
v -0.230600 0.110743 0.004013
v -0.229200 0.110803 0.000200
v -0.229615 0.102478 0.001939
v -0.231098 0.102418 0.005752
v -0.231098 0.102418 0.005752
v -0.233344 0.099601 0.006545
v -0.232237 0.099637 -0.003029
v -0.230629 0.102584 -0.001773
v -0.232661 0.102380 -0.006382
v -0.229870 0.111016 -0.007224
v -0.230153 0.105324 -0.001115
v -0.229535 0.110910 -0.003512
v -0.229058 0.113413 0.004078
v -0.230086 0.111633 0.004035
v -0.229129 0.112108 0.002139
v -0.230529 0.112048 0.005952
v -0.228263 0.113148 -0.006683
v -0.230009 0.116214 -0.006879
v -0.230079 0.118813 -0.006706
v -0.229067 0.112082 -0.006953
v -0.229111 0.111656 -0.004569
v -0.228732 0.111976 -0.003241
v -0.228263 0.113148 -0.006683
v -0.229067 0.112082 -0.006953
v -0.230718 0.117056 0.005968
v -0.229247 0.118421 0.004094
v -0.229437 0.123428 0.004110
v -0.230165 0.115841 0.005338
v -0.227603 0.117363 -0.006619
v -0.226943 0.121578 -0.006556
v -0.229034 0.119734 -0.006656
v -0.229419 0.123027 -0.006643
v -0.226392 0.123443 -0.003605
v -0.229419 0.123027 -0.006643
v -0.226943 0.121578 -0.006556
v -0.228226 0.123788 -0.004646
v -0.242421 0.130005 -0.005222
v -0.241558 0.129548 -0.004945
v -0.239227 0.129548 -0.004943
v -0.243890 0.129548 -0.004947
v -0.242911 0.129853 -0.005131
v -0.244753 0.130005 -0.005224
v -0.245616 0.131272 -0.005502
v -0.241558 0.130462 -0.005497
v -0.237500 0.130462 -0.005494
v -0.240781 0.130157 -0.005313
v -0.238363 0.130005 -0.005218
v -0.248107 0.128451 -0.002868
v -0.248970 0.128908 -0.003145
v -0.252324 0.127353 -0.000788
v -0.247277 0.129121 -0.003746
v -0.235843 0.129121 -0.003735
v -0.234151 0.128908 -0.003131
v -0.235014 0.128451 -0.002855
v -0.230801 0.127353 -0.000768
v -0.250130 0.131175 -0.003511
v -0.251786 0.129425 -0.003464
v -0.251938 0.130189 -0.001047
v -0.248363 0.130181 -0.006600
v -0.250497 0.125419 0.003792
v -0.249720 0.127431 -0.004346
v -0.252394 0.127016 -0.003949
v -0.250214 0.128612 -0.004559
v -0.233398 0.127430 -0.005381
v -0.230765 0.127003 -0.003926
v -0.231347 0.125915 -0.003749
v -0.235965 0.131420 -0.001034
v -0.239096 0.129090 0.003947
v -0.235263 0.130308 0.002760
v -0.249136 0.122405 0.005984
v -0.250497 0.125419 0.003792
v -0.247296 0.125937 0.005328
v -0.246856 0.121893 0.006932
v -0.251098 0.129417 0.001670
v -0.249792 0.128818 0.002573
v -0.248314 0.130211 0.002752
v -0.241595 0.130714 -0.007329
v -0.244436 0.128822 -0.008020
v -0.246268 0.130715 -0.006224
v -0.243707 0.126447 -0.007855
v -0.234001 0.122405 0.005998
v -0.236284 0.121893 0.006942
v -0.232637 0.125419 0.003809
v -0.232637 0.125419 0.003809
v -0.251106 0.126064 0.002265
v -0.250812 0.126467 0.002435
v -0.251680 0.127163 0.002441
v -0.230119 0.125391 0.001671
v -0.230801 0.127353 -0.000768
v -0.241570 0.120793 0.008192
v -0.243994 0.116375 0.009106
v -0.241573 0.116376 0.009555
v -0.244213 0.121343 0.007562
v -0.244431 0.126310 0.004306
v -0.246856 0.121893 0.006932
v -0.241181 0.124645 0.004879
v -0.238927 0.121343 0.007567
v -0.241560 0.093969 0.009021
v -0.239127 0.105173 0.009699
v -0.241567 0.105173 0.010144
v -0.239102 0.093969 0.008576
v -0.239152 0.116375 0.009110
v -0.244018 0.093969 0.008571
v -0.244006 0.105173 0.009695
v -0.241567 0.124576 0.004962
v -0.236284 0.121893 0.006942
v -0.238890 0.092682 0.008705
v -0.238677 0.091395 0.008834
v -0.241562 0.091394 0.009801
v -0.241561 0.092681 0.009411
v -0.244230 0.092682 0.008701
v -0.244443 0.091395 0.008830
v -0.244159 0.129059 0.004009
v -0.248314 0.130211 0.002752
v -0.230688 0.128567 0.001488
v -0.236922 0.130715 -0.006215
v -0.236983 0.128598 -0.007839
v -0.238751 0.128822 -0.008014
v -0.231273 0.129257 -0.001516
v -0.233712 0.130600 -0.000947
v -0.232759 0.130285 0.000618
v -0.241558 0.130462 -0.005497
v -0.245616 0.131272 -0.005502
v -0.228841 0.112455 -0.000802
v -0.228661 0.113281 -0.001302
v -0.228111 0.120717 0.002511
v -0.227638 0.124368 0.001728
v -0.227449 0.119361 0.001712
v -0.225840 0.125308 -0.000654
v -0.227280 0.120100 -0.001044
v -0.226392 0.123443 -0.003605
v -0.226943 0.121578 -0.006556
v -0.228001 0.117495 -0.001239
v -0.228088 0.116046 -0.003053
v -0.227603 0.117363 -0.006619
v -0.254284 0.112383 -0.000825
v -0.254463 0.113281 -0.001326
v -0.256170 0.121578 -0.006583
v -0.256102 0.120011 -0.004658
v -0.256728 0.123443 -0.003633
v -0.256068 0.119228 -0.003695
v -0.257285 0.125308 -0.000683
v -0.255510 0.117363 -0.006645
v -0.256477 0.122097 0.003458
v -0.255946 0.120273 0.002276
v -0.255277 0.117755 0.003756
v -0.255680 0.119361 0.001686
v -0.256881 0.123703 0.001387
v -0.255404 0.117290 -0.001112
v -0.206075 0.079754 -0.001709
v -0.205019 0.080173 -0.001564
v -0.205117 0.076433 -0.001102
v -0.204921 0.083914 -0.002027
v -0.205691 0.081141 -0.001815
v -0.205977 0.083494 -0.002171
v -0.207034 0.083075 -0.002316
v -0.205004 0.084055 0.003852
v -0.206315 0.086502 0.000920
v -0.207012 0.087797 0.002394
v -0.206971 0.087726 -0.000546
v -0.209020 0.091538 0.000935
v -0.204921 0.083914 -0.002027
v -0.204963 0.083984 0.000913
v -0.208145 0.088830 -0.000993
v -0.209757 0.091289 -0.000477
v -0.210494 0.091039 -0.001889
v -0.207707 0.087477 -0.001958
v -0.208203 0.088926 0.002969
v -0.207794 0.087620 0.003986
v -0.210584 0.091185 0.004120
v -0.209802 0.091362 0.002528
v -0.208528 0.084530 0.005433
v -0.209434 0.083150 0.005244
v -0.208997 0.082505 0.005256
v -0.209887 0.082460 0.005150
v -0.209466 0.080481 0.005079
v -0.210309 0.084439 0.005220
v -0.209418 0.084484 0.005327
v -0.208395 0.082517 0.005323
v -0.208262 0.080504 0.005212
v -0.208752 0.081838 0.005241
v -0.208864 0.080492 0.005145
v -0.209807 0.086718 0.004924
v -0.210447 0.087812 0.004670
v -0.209556 0.087858 0.004777
v -0.210584 0.091185 0.004120
v -0.207794 0.087620 0.003986
v -0.205004 0.084055 0.003852
v -0.208039 0.086590 0.004468
v -0.206766 0.084293 0.004643
v -0.204544 0.080373 0.000782
v -0.204585 0.080443 0.003722
v -0.204166 0.076832 0.003591
v -0.204697 0.081600 0.001806
v -0.210447 0.087812 0.004670
v -0.211109 0.087315 0.003030
v -0.210309 0.084439 0.005220
v -0.211909 0.090192 0.000840
v -0.210934 0.088605 0.003393
v -0.211246 0.090689 0.002480
v -0.210584 0.091185 0.004120
v -0.205781 0.083668 0.004054
v -0.206557 0.083282 0.004255
v -0.206696 0.083956 0.004514
v -0.207542 0.083906 0.004844
v -0.204166 0.076832 0.003591
v -0.205295 0.078860 0.003875
v -0.204663 0.076650 0.003685
v -0.205161 0.076468 0.003779
v -0.205859 0.079875 0.004017
v -0.205362 0.080057 0.003923
v -0.204585 0.080443 0.003722
v -0.205242 0.081389 0.003900
v -0.204118 0.076853 -0.000777
v -0.204799 0.076584 0.000633
v -0.204618 0.076643 -0.000939
v -0.205117 0.076433 -0.001102
v -0.205139 0.076450 0.001338
v -0.204639 0.076660 0.001501
v -0.205161 0.076468 0.003779
v -0.204142 0.076842 0.001407
v -0.204482 0.076717 0.002198
v -0.204663 0.076650 0.003685
v -0.204166 0.076832 0.003591
v -0.210645 0.086376 0.003215
v -0.210014 0.084468 0.004403
v -0.209718 0.084498 0.003585
v -0.210813 0.087345 0.002212
v -0.209668 0.083139 0.004304
v -0.209643 0.082460 0.004663
v -0.209347 0.082490 0.003845
v -0.208976 0.080482 0.004105
v -0.209887 0.082460 0.005150
v -0.209466 0.080481 0.005079
v -0.209584 0.081800 0.004801
v -0.209221 0.080481 0.004592
v -0.208528 0.084530 0.005433
v -0.208268 0.084103 0.004425
v -0.207542 0.083906 0.004844
v -0.208138 0.083890 0.003920
v -0.206557 0.083282 0.004255
v -0.209123 0.084514 0.004509
v -0.209718 0.084498 0.003585
v -0.209718 0.084498 0.003585
v -0.209395 0.085990 0.002893
v -0.208138 0.083890 0.003920
v -0.209233 0.086737 0.002547
v -0.206557 0.083282 0.004255
v -0.210813 0.087345 0.002212
v -0.211909 0.090192 0.000840
v -0.209471 0.086633 -0.000738
v -0.209233 0.086737 0.002547
v -0.211909 0.090192 0.000840
v -0.206557 0.083282 0.004255
v -0.208500 0.085516 0.000926
v -0.206795 0.083178 0.000969
v -0.207034 0.083075 -0.002316
v -0.205837 0.079857 0.001576
v -0.205859 0.079875 0.004017
v -0.205161 0.076468 0.003779
v -0.205612 0.078727 0.002310
v -0.205139 0.076450 0.001338
v -0.205117 0.076433 -0.001102
v -0.206075 0.079754 -0.001709
v -0.206236 0.080930 0.000279
v -0.209347 0.082490 0.003845
v -0.208752 0.082506 0.004769
v -0.208976 0.080482 0.004105
v -0.208528 0.084530 0.005433
v -0.209074 0.083170 0.004375
v -0.209123 0.084514 0.004509
v -0.209718 0.084498 0.003585
v -0.208395 0.082517 0.005323
v -0.208588 0.081839 0.004917
v -0.208619 0.080493 0.004658
v -0.208262 0.080504 0.005212
v -0.209466 0.080481 0.005079
v -0.208901 0.080489 0.004799
v -0.208864 0.080492 0.005145
v -0.208619 0.080493 0.004658
v -0.208262 0.080504 0.005212
v -0.208976 0.080482 0.004105
v -0.209221 0.080481 0.004592
v -0.210494 0.091039 -0.001889
v -0.209812 0.088102 -0.001122
v -0.211201 0.090616 -0.000525
v -0.208764 0.087057 -0.002102
v -0.207707 0.087477 -0.001958
v -0.208764 0.087057 -0.002102
v -0.210494 0.091039 -0.001889
v -0.207483 0.086009 -0.002077
v -0.204719 0.079066 -0.001302
v -0.204618 0.076643 -0.000939
v -0.204118 0.076853 -0.000777
v -0.204519 0.080383 -0.001402
v -0.204519 0.080383 -0.001402
v -0.204118 0.076853 -0.000777
v -0.204402 0.079199 0.000263
v -0.204142 0.076842 0.001407
v -0.210421 0.090772 0.000890
v -0.208794 0.090468 0.002545
v -0.210159 0.090201 0.003325
v -0.207981 0.090316 0.003372
v -0.209897 0.089631 0.005760
v -0.208242 0.090886 0.000937
v -0.206064 0.091001 0.000984
v -0.212052 0.088603 0.003321
v -0.211508 0.089326 0.002510
v -0.212314 0.089173 0.000886
v -0.214207 0.087574 0.000881
v -0.207917 0.090205 -0.001185
v -0.210095 0.090090 -0.001231
v -0.209769 0.089409 -0.003353
v -0.208751 0.090394 -0.000493
v -0.211466 0.089252 -0.000527
v -0.211988 0.088492 -0.001236
v -0.225614 0.111237 0.004160
v -0.222877 0.112612 0.004800
v -0.228803 0.117322 0.004729
v -0.216951 0.107903 0.004871
v -0.222726 0.110126 0.004397
v -0.219688 0.106528 0.004231
v -0.222425 0.105153 0.003591
v -0.220574 0.116477 0.004431
v -0.223317 0.116759 0.004530
v -0.226500 0.121187 0.004360
v -0.224196 0.125052 0.003990
v -0.229585 0.114743 0.000907
v -0.226938 0.112406 0.003075
v -0.229194 0.116033 0.002818
v -0.228803 0.117322 0.004729
v -0.225614 0.111237 0.004160
v -0.226005 0.109948 0.002249
v -0.222425 0.105153 0.003591
v -0.206064 0.091001 0.000984
v -0.210971 0.096178 0.003872
v -0.207981 0.090316 0.003372
v -0.209897 0.089631 0.005760
v -0.213424 0.098767 0.005315
v -0.211508 0.099452 0.002927
v -0.216951 0.107903 0.004871
v -0.216424 0.100895 0.004740
v -0.213424 0.098767 0.005315
v -0.216161 0.097392 0.004675
v -0.209897 0.089631 0.005760
v -0.209897 0.089631 0.005760
v -0.215510 0.094119 0.003411
v -0.212052 0.088603 0.003321
v -0.214207 0.087574 0.000881
v -0.218316 0.096363 0.002236
v -0.216161 0.097392 0.004675
v -0.220787 0.115483 -0.002549
v -0.217649 0.114041 0.000345
v -0.214534 0.107670 0.000943
v -0.220764 0.120412 -0.000254
v -0.220779 0.117126 -0.001784
v -0.223901 0.121854 -0.003147
v -0.227039 0.123296 -0.006041
v -0.219555 0.113153 -0.003370
v -0.222065 0.115895 -0.005527
v -0.217092 0.108493 -0.005014
v -0.215813 0.108081 -0.002035
v -0.219365 0.116361 0.002467
v -0.222480 0.122732 0.001868
v -0.224196 0.125052 0.003990
v -0.219831 0.117711 0.001560
v -0.220574 0.116477 0.004431
v -0.218561 0.113541 0.003268
v -0.215743 0.107786 0.002907
v -0.227388 0.125574 -0.000197
v -0.224116 0.123679 0.001180
v -0.224076 0.122993 -0.000226
v -0.225792 0.125313 0.001896
v -0.225064 0.123094 -0.002164
v -0.227213 0.124435 -0.003119
v -0.212517 0.102191 0.002266
v -0.210299 0.099335 0.000964
v -0.210643 0.098000 -0.001885
v -0.212495 0.097204 -0.004054
v -0.215221 0.105000 -0.004754
v -0.209769 0.089409 -0.003353
v -0.210352 0.095136 -0.002374
v -0.207917 0.090205 -0.001185
v -0.211940 0.101223 -0.000942
v -0.214878 0.106335 -0.001905
v -0.215616 0.107054 -0.002941
v -0.216157 0.106746 -0.004884
v -0.217092 0.108493 -0.005014
v -0.222166 0.110476 -0.005343
v -0.222541 0.112538 -0.005511
v -0.224702 0.111467 -0.005508
v -0.227989 0.116584 -0.006008
v -0.221416 0.106351 -0.005008
v -0.219254 0.107422 -0.005011
v -0.224040 0.116124 -0.005687
v -0.222065 0.115895 -0.005527
v -0.227039 0.123296 -0.006041
v -0.227514 0.119940 -0.006024
v -0.218318 0.105675 -0.004881
v -0.216157 0.106746 -0.004884
v -0.215221 0.105000 -0.004754
v -0.217910 0.106615 -0.004925
v -0.220480 0.104604 -0.004878
v -0.219545 0.102857 -0.004748
v -0.218727 0.104736 -0.004837
v -0.217383 0.103928 -0.004751
v -0.221920 0.105752 -0.000709
v -0.220985 0.104005 -0.000579
v -0.219545 0.102857 -0.004748
v -0.221128 0.104787 -0.002055
v -0.220480 0.104604 -0.004878
v -0.221416 0.106351 -0.005008
v -0.225500 0.110547 -0.002051
v -0.224702 0.111467 -0.005508
v -0.227989 0.116584 -0.006008
v -0.226330 0.112559 -0.003370
v -0.228787 0.115663 -0.002551
v -0.224475 0.108749 -0.000170
v -0.214657 0.096133 -0.004051
v -0.216876 0.095216 -0.001934
v -0.214207 0.087574 0.000881
v -0.214507 0.093280 -0.002407
v -0.211988 0.088492 -0.001236
v -0.209769 0.089409 -0.003353
v -0.214845 0.099089 -0.004285
v -0.212495 0.097204 -0.004054
v -0.216876 0.095216 -0.001934
v -0.218725 0.098528 -0.000092
v -0.229990 0.119979 0.004666
v -0.231177 0.122636 0.004603
v -0.228059 0.121670 0.004441
v -0.227686 0.123844 0.004297
v -0.227388 0.125574 -0.000197
v -0.227587 0.124421 0.002799
v -0.225792 0.125313 0.001896
v -0.224196 0.125052 0.003990
v -0.227686 0.123844 0.004297
v -0.229282 0.124105 0.002203
v -0.231177 0.122636 0.004603
v -0.231177 0.122636 0.004603
v -0.230708 0.120246 0.003351
v -0.229990 0.119979 0.004666
v -0.230473 0.119051 0.002726
v -0.232142 0.120781 0.000722
v -0.231660 0.121709 0.002663
v -0.230177 0.117615 0.002119
v -0.230864 0.117762 0.000815
v -0.228995 0.118956 -0.006080
v -0.228519 0.122313 -0.006097
v -0.230000 0.121329 -0.006153
v -0.228343 0.120403 -0.006067
v -0.229792 0.118036 -0.002623
v -0.229191 0.117552 -0.003751
v -0.228995 0.118956 -0.006080
v -0.230000 0.121329 -0.006153
v -0.230576 0.118951 -0.001508
v -0.231071 0.121055 -0.002715
v -0.227039 0.123296 -0.006041
v -0.228142 0.123400 -0.004130
v -0.227213 0.124435 -0.003119
v -0.228694 0.123452 -0.003175
v -0.230000 0.121329 -0.006153
v -0.228519 0.122313 -0.006097
v -0.230236 0.122997 0.001709
v -0.231660 0.121709 0.002663
v -0.232142 0.120781 0.000722
v -0.229765 0.123177 0.000262
v -0.229843 0.122561 -0.001876
v -0.231071 0.121055 -0.002715
v -0.242325 0.126490 0.003292
v -0.244601 0.127372 0.004580
v -0.241570 0.128205 -0.008135
v -0.252324 0.127353 -0.000788
v -0.252548 0.126460 0.001791
v -0.252320 0.128543 -0.000792
v -0.249720 0.127431 -0.004346
v -0.248826 0.128634 -0.006435
v -0.233065 0.130688 -0.003495
v -0.234686 0.130252 -0.005812
v -0.236922 0.130715 -0.006215
v -0.239431 0.127111 -0.007850
v -0.246204 0.128598 -0.007848
v -0.248363 0.130181 -0.006600
v -0.230765 0.127003 -0.003926
v -0.230514 0.128544 -0.000771
v -0.234323 0.128623 -0.006417
v -0.232940 0.128599 -0.004539
v -0.251098 0.129417 0.001670
v -0.252053 0.128722 0.001458
v -0.252548 0.126460 0.001791
v -0.252043 0.125391 0.001650
v -0.231224 0.129349 -0.003415
v -0.235811 0.126779 -0.007588
v -0.241601 0.130349 0.000369
v -0.232340 0.128334 0.003934
v -0.231767 0.128927 0.003205
v -0.232867 0.128927 0.003183
v -0.242403 0.128701 0.002845
v -0.244159 0.129059 0.004009
v -0.246341 0.128556 0.005258
v -0.232150 0.126451 0.004063
v -0.235534 0.128541 0.003741
v -0.234697 0.127470 -0.006112
v -0.235811 0.126779 -0.007588
v -0.234323 0.128623 -0.006417
v -0.241953 0.124645 0.004878
v -0.232150 0.126451 0.004063
v -0.232637 0.125419 0.003809
v -0.245616 0.131272 -0.005502
v -0.241595 0.130714 -0.007329
v -0.235263 0.130308 0.002760
v -0.231767 0.128927 0.003205
v -0.230688 0.128567 0.001488
v -0.252053 0.128722 0.001458
v -0.230514 0.128544 -0.000771
v -0.232867 0.128927 0.003183
v -0.231273 0.129257 -0.001516
v -0.231224 0.129349 -0.003415
v -0.242403 0.128701 0.002845
v -0.241002 0.128701 0.002847
v -0.239096 0.129090 0.003947
v -0.240852 0.126483 0.003297
v -0.241002 0.128701 0.002847
v -0.248826 0.128634 -0.006435
v -0.251786 0.129425 -0.003464
v -0.250214 0.128612 -0.004559
v -0.248363 0.130181 -0.006600
v -0.234686 0.130252 -0.005812
v -0.231224 0.129349 -0.003415
v -0.251680 0.127163 0.002441
v -0.231553 0.128004 0.003365
v -0.232340 0.128334 0.003934
v -0.231767 0.128927 0.003205
v -0.252394 0.127016 -0.003949
v -0.251772 0.125915 -0.003768
v -0.242310 0.125495 0.004311
v -0.240838 0.125489 0.004317
v -0.233096 0.054067 -0.005555
v -0.234864 0.065197 -0.005484
v -0.230267 0.054062 -0.005285
v -0.236341 0.065197 -0.005625
v -0.239461 0.076332 -0.005682
v -0.237819 0.065197 -0.005766
v -0.239586 0.076327 -0.005694
v -0.235925 0.054072 -0.005826
v -0.241562 0.091394 0.009801
v -0.239001 0.087526 0.009576
v -0.238677 0.091395 0.008834
v -0.235792 0.091397 0.007867
v -0.237720 0.085592 0.009463
v -0.240605 0.085590 0.010430
v -0.239647 0.079786 0.011060
v -0.242531 0.085590 0.010428
v -0.245411 0.085592 0.009457
v -0.243500 0.079786 0.011056
v -0.247323 0.091397 0.007858
v -0.244128 0.087526 0.009572
v -0.244443 0.091395 0.008830
v -0.241570 0.083655 0.010639
v -0.241573 0.079786 0.011058
v -0.229561 0.083488 0.003682
v -0.232066 0.081783 0.006290
v -0.229628 0.079701 0.004460
v -0.231456 0.076123 0.006805
v -0.229695 0.075914 0.005239
v -0.233217 0.076332 0.008371
v -0.232676 0.087443 0.005775
v -0.234504 0.083865 0.008119
v -0.235994 0.083912 0.008396
v -0.235068 0.081385 0.008388
v -0.234706 0.076379 0.008648
v -0.236196 0.076426 0.008925
v -0.253572 0.083488 0.003659
v -0.251065 0.081716 0.006283
v -0.250448 0.087443 0.005759
v -0.248624 0.083822 0.008109
v -0.249926 0.076246 0.008360
v -0.253505 0.079611 0.004457
v -0.251682 0.075990 0.006807
v -0.249777 0.057443 0.009622
v -0.251524 0.066940 0.008667
v -0.253123 0.057634 0.008975
v -0.249103 0.066888 0.009130
v -0.246682 0.066836 0.009593
v -0.248429 0.076334 0.008638
v -0.245161 0.067017 0.010610
v -0.246431 0.057251 0.010270
v -0.246932 0.076422 0.008916
v -0.245751 0.070152 0.010045
v -0.245411 0.076602 0.009933
v -0.243890 0.076783 0.010951
v -0.236455 0.066839 0.009602
v -0.237980 0.066975 0.010616
v -0.236714 0.057251 0.010279
v -0.239245 0.076698 0.010953
v -0.237385 0.070125 0.010052
v -0.237721 0.076562 0.009939
v -0.225309 0.021642 -0.000970
v -0.226900 0.032981 0.001539
v -0.226540 0.021933 0.002475
v -0.227771 0.022818 0.003699
v -0.227228 0.039011 0.002825
v -0.226246 0.037525 0.000078
v -0.226247 0.054130 0.001190
v -0.228158 0.041861 0.004500
v -0.229114 0.035726 0.006155
v -0.230019 0.047560 0.007850
v -0.228133 0.050845 0.004520
v -0.257872 0.021629 -0.000997
v -0.256228 0.032981 0.001512
v -0.256880 0.037525 0.000050
v -0.255903 0.039011 0.002798
v -0.256881 0.054130 0.001161
v -0.255393 0.022839 0.003734
v -0.256633 0.021944 0.002493
v -0.254024 0.035726 0.006132
v -0.254976 0.041861 0.004475
v -0.255001 0.050845 0.004495
v -0.253122 0.047560 0.007828
v -0.253122 0.047560 0.007828
v -0.250778 0.039460 0.007342
v -0.250420 0.047433 0.008345
v -0.247718 0.047306 0.008861
v -0.249607 0.035410 0.007099
v -0.252309 0.035537 0.006583
v -0.251039 0.022359 0.004879
v -0.253181 0.031656 0.005867
v -0.253216 0.022599 0.004307
v -0.255393 0.022839 0.003734
v -0.254024 0.035726 0.006132
v -0.230830 0.035537 0.006603
v -0.233532 0.035410 0.007114
v -0.232073 0.022343 0.004821
v -0.235425 0.047306 0.008873
v -0.232361 0.039460 0.007360
v -0.232722 0.047433 0.008361
v -0.230019 0.047560 0.007850
v -0.229114 0.035726 0.006155
v -0.227771 0.022818 0.003699
v -0.229956 0.031656 0.005889
v -0.229922 0.022580 0.004260
v -0.247350 0.036873 0.000722
v -0.249033 0.033999 0.003925
v -0.249582 0.020417 -0.000934
v -0.247718 0.047306 0.008861
v -0.247473 0.040351 0.003435
v -0.246035 0.050180 0.005659
v -0.244352 0.053054 0.002456
v -0.249854 0.030504 0.004396
v -0.250311 0.021750 0.003097
v -0.251039 0.022359 0.004879
v -0.249607 0.035410 0.007099
v -0.247074 0.052278 0.009565
v -0.245391 0.055152 0.006363
v -0.246431 0.057251 0.010270
v -0.246167 0.052537 0.007196
v -0.253122 0.052597 0.008402
v -0.254375 0.053108 0.005988
v -0.255002 0.055882 0.005068
v -0.253123 0.057634 0.008975
v -0.253122 0.052597 0.008402
v -0.250420 0.052470 0.008918
v -0.251321 0.050833 0.008555
v -0.247074 0.052278 0.009565
v -0.249090 0.054064 0.009369
v -0.234100 0.033999 0.003939
v -0.235777 0.036873 0.000733
v -0.233497 0.020433 -0.000923
v -0.238779 0.053054 0.002461
v -0.235660 0.040351 0.003446
v -0.237102 0.050180 0.005667
v -0.235425 0.047306 0.008873
v -0.233280 0.030504 0.004411
v -0.233532 0.035410 0.007114
v -0.232073 0.022343 0.004821
v -0.232785 0.021744 0.003059
v -0.236070 0.052278 0.009576
v -0.236973 0.052537 0.007204
v -0.237747 0.055152 0.006370
v -0.236714 0.057251 0.010279
v -0.230020 0.052597 0.008423
v -0.230020 0.057634 0.008997
v -0.228762 0.053108 0.006012
v -0.228134 0.055882 0.005093
v -0.232723 0.052470 0.008935
v -0.230020 0.052597 0.008423
v -0.230020 0.057634 0.008997
v -0.231821 0.050833 0.008573
v -0.236070 0.052278 0.009576
v -0.234053 0.054064 0.009383
v -0.233367 0.057443 0.009638
v -0.228672 0.065943 0.004620
v -0.229858 0.066774 0.007118
v -0.229211 0.076005 0.004147
v -0.229695 0.075914 0.005239
v -0.228726 0.076095 0.003054
v -0.227487 0.065113 0.002122
v -0.239020 0.062544 0.005498
v -0.240173 0.065190 0.003108
v -0.239140 0.067288 0.007017
v -0.241567 0.077326 0.003755
v -0.237980 0.066975 0.010616
v -0.239175 0.070425 0.008329
v -0.240406 0.077012 0.007354
v -0.239245 0.076698 0.010953
v -0.233583 0.091463 0.005800
v -0.231374 0.091528 0.003732
v -0.232242 0.088805 0.005094
v -0.230468 0.087508 0.003707
v -0.254435 0.066139 0.004626
v -0.255589 0.065594 0.002137
v -0.253867 0.076396 0.004183
v -0.253437 0.075734 0.005254
v -0.253280 0.066684 0.007115
v -0.243999 0.067288 0.007012
v -0.245161 0.067017 0.010610
v -0.243890 0.076783 0.010951
v -0.243963 0.070453 0.008325
v -0.242728 0.077054 0.007353
v -0.241567 0.077326 0.003755
v -0.244116 0.062544 0.005493
v -0.242959 0.065190 0.003105
v -0.252649 0.087508 0.003688
v -0.251726 0.091528 0.003716
v -0.250874 0.088805 0.005078
v -0.249524 0.091463 0.005787
v -0.253572 0.083488 0.003659
v -0.250434 0.084691 -0.001523
v -0.251596 0.081479 -0.000182
v -0.249621 0.079470 -0.004023
v -0.248866 0.085292 -0.004115
v -0.250841 0.087301 -0.000273
v -0.248110 0.091115 -0.004206
v -0.229561 0.083488 0.003682
v -0.232688 0.084691 -0.001507
v -0.232283 0.087301 -0.000257
v -0.234252 0.085292 -0.004102
v -0.235006 0.091115 -0.004196
v -0.233498 0.079470 -0.004008
v -0.231529 0.081479 -0.000163
v -0.231697 0.065309 -0.004720
v -0.233127 0.076556 -0.004154
v -0.234285 0.068983 -0.005041
v -0.236294 0.076444 -0.004918
v -0.248769 0.037382 -0.003424
v -0.248856 0.037538 -0.006124
v -0.247190 0.054072 -0.005836
v -0.249803 0.020812 -0.007789
v -0.249353 0.031923 -0.004420
v -0.249693 0.020615 -0.004361
v -0.247297 0.042606 -0.001464
v -0.245771 0.053563 -0.001690
v -0.252850 0.054062 -0.005306
v -0.255537 0.043037 -0.001736
v -0.254865 0.054096 -0.002072
v -0.254864 0.037491 -0.003184
v -0.253915 0.037746 -0.005877
v -0.254903 0.032137 -0.004272
v -0.256667 0.021030 -0.004416
v -0.255462 0.021355 -0.007835
v -0.247190 0.054072 -0.005836
v -0.251673 0.043188 -0.005864
v -0.250020 0.054067 -0.005571
v -0.252850 0.054062 -0.005306
v -0.253915 0.037746 -0.005877
v -0.251085 0.037751 -0.006143
v -0.255462 0.021355 -0.007835
v -0.248856 0.037538 -0.006124
v -0.250897 0.032169 -0.006232
v -0.252632 0.021083 -0.007812
v -0.249803 0.020812 -0.007789
v -0.235925 0.054072 -0.005826
v -0.235827 0.042606 -0.001454
v -0.237352 0.053563 -0.001682
v -0.234350 0.037382 -0.003411
v -0.234259 0.037538 -0.006110
v -0.233764 0.031923 -0.004406
v -0.233382 0.020628 -0.004308
v -0.233267 0.020823 -0.007694
v -0.232030 0.037751 -0.006125
v -0.234259 0.037538 -0.006110
v -0.233267 0.020823 -0.007694
v -0.232217 0.032169 -0.006215
v -0.230472 0.021091 -0.007712
v -0.227677 0.021359 -0.007729
v -0.231442 0.043188 -0.005845
v -0.229200 0.037746 -0.005854
v -0.242395 0.077350 -0.000975
v -0.240729 0.077350 -0.000973
v -0.241567 0.077326 0.003755
v -0.239891 0.077375 -0.005701
v -0.241561 0.077358 -0.002550
v -0.241558 0.077375 -0.005702
v -0.243224 0.077375 -0.005704
v -0.233074 0.077989 -0.003704
v -0.233312 0.078013 -0.004081
v -0.233127 0.076556 -0.004154
v -0.233092 0.077511 -0.003854
v -0.232889 0.076532 -0.003777
v -0.232650 0.076508 -0.003401
v -0.229449 0.065319 -0.001105
v -0.229208 0.068911 0.000281
v -0.230688 0.076302 -0.000173
v -0.238746 0.065699 -0.001035
v -0.237819 0.065197 -0.005766
v -0.239274 0.071273 -0.003370
v -0.239712 0.076321 -0.005707
v -0.240729 0.077350 -0.000973
v -0.239802 0.076848 -0.005704
v -0.238757 0.061484 0.000130
v -0.230468 0.087508 0.003707
v -0.231374 0.091528 0.003732
v -0.231980 0.088710 0.001073
v -0.233190 0.091322 -0.000232
v -0.252004 0.079081 -0.000157
v -0.253935 0.080273 0.003386
v -0.254297 0.077058 0.003112
v -0.250527 0.076308 -0.003376
v -0.250074 0.077889 -0.003700
v -0.253704 0.065219 -0.001108
v -0.252573 0.065176 -0.002927
v -0.250281 0.076257 -0.003782
v -0.251443 0.065134 -0.004747
v -0.248257 0.065184 -0.005496
v -0.246777 0.065187 -0.005635
v -0.243535 0.076308 -0.005698
v -0.245298 0.065190 -0.005773
v -0.243665 0.076307 -0.005686
v -0.251443 0.065134 -0.004747
v -0.248850 0.068858 -0.005060
v -0.246850 0.076257 -0.004937
v -0.250035 0.076206 -0.004188
v -0.244369 0.061484 0.000125
v -0.244378 0.065699 -0.001041
v -0.245298 0.065190 -0.005773
v -0.244765 0.064913 -0.002484
v -0.242341 0.075753 0.000868
v -0.244312 0.068711 -0.003559
v -0.242873 0.076031 -0.002421
v -0.243406 0.076309 -0.005710
v -0.252649 0.087508 0.003688
v -0.249918 0.091322 -0.000245
v -0.251726 0.091528 0.003716
v -0.251136 0.088710 0.001056
v -0.240607 0.078556 0.007407
v -0.242533 0.078556 0.007405
v -0.241567 0.077326 0.003755
v -0.243500 0.079786 0.011056
v -0.241571 0.078966 0.008623
v -0.241573 0.079786 0.011058
v -0.239647 0.079786 0.011060
v -0.228256 0.037491 -0.003159
v -0.229200 0.037746 -0.005854
v -0.230267 0.054062 -0.005285
v -0.227677 0.021359 -0.007729
v -0.228215 0.032137 -0.004247
v -0.226493 0.021038 -0.004350
v -0.227586 0.043037 -0.001709
v -0.228257 0.054096 -0.002048
v -0.243085 0.079279 -0.006460
v -0.244752 0.079279 -0.006461
v -0.246280 0.081183 -0.007218
v -0.243224 0.077375 -0.005704
v -0.243132 0.078644 -0.006208
v -0.241558 0.077375 -0.005702
v -0.239891 0.077375 -0.005701
v -0.248537 0.083394 -0.005469
v -0.247454 0.087318 -0.006914
v -0.248395 0.085967 -0.005048
v -0.247782 0.089216 -0.005560
v -0.234578 0.083394 -0.005456
v -0.235333 0.089216 -0.005549
v -0.235659 0.087318 -0.006903
v -0.234721 0.085967 -0.005036
v -0.238362 0.079279 -0.006455
v -0.236695 0.078422 -0.004854
v -0.235165 0.080326 -0.005609
v -0.233498 0.079470 -0.004008
v -0.236833 0.081183 -0.007210
v -0.236741 0.079342 -0.005639
v -0.241230 0.089216 -0.005555
v -0.241557 0.087318 -0.006909
v -0.247454 0.087318 -0.006914
v -0.235659 0.087318 -0.006903
v -0.239373 0.088584 -0.006004
v -0.235333 0.089216 -0.005549
v -0.235006 0.091115 -0.004196
v -0.241558 0.091115 -0.004201
v -0.248110 0.091115 -0.004206
v -0.243523 0.089849 -0.005105
v -0.247782 0.089216 -0.005560
v -0.242143 0.084250 -0.007062
v -0.246867 0.084250 -0.007066
v -0.243522 0.083228 -0.007114
v -0.241556 0.081183 -0.007214
v -0.239982 0.085273 -0.007009
v -0.236246 0.084250 -0.007056
v -0.241001 0.079914 -0.006710
v -0.234578 0.083394 -0.005456
v -0.235330 0.082657 -0.006040
v -0.246422 0.078422 -0.004864
v -0.246375 0.079342 -0.005649
v -0.247950 0.080326 -0.005621
v -0.249621 0.079470 -0.004023
v -0.248537 0.083394 -0.005469
v -0.247785 0.082657 -0.006052
v -0.243695 0.078284 0.011004
v -0.245411 0.081097 0.009695
v -0.247127 0.083909 0.008387
v -0.231109 0.078890 -0.000168
v -0.229144 0.079792 0.003368
v -0.250061 0.077328 -0.003862
v -0.250035 0.076206 -0.004188
v -0.249828 0.077838 -0.004105
v -0.249828 0.077838 -0.004105
v -0.246636 0.077339 -0.004900
v -0.243445 0.076841 -0.005695
v -0.243406 0.076309 -0.005710
v -0.243545 0.072167 -0.002525
v -0.242873 0.076031 -0.002421
v -0.242341 0.075753 0.000868
v -0.244765 0.064913 -0.002484
v -0.243545 0.072167 -0.002525
v -0.242395 0.077350 -0.000975
v -0.243315 0.076842 -0.005707
v -0.243224 0.077375 -0.005704
v -0.229328 0.078499 0.003992
v -0.229628 0.079701 0.004460
v -0.240153 0.077937 0.008589
v -0.240607 0.078556 0.007407
v -0.239647 0.079786 0.011060
v -0.239446 0.078242 0.011006
v -0.253769 0.078760 0.004008
v -0.253505 0.079611 0.004457
v -0.236494 0.077433 -0.004886
v -0.233312 0.078013 -0.004081
v -0.239676 0.076853 -0.005692
v -0.234037 0.066911 0.009143
v -0.231618 0.066983 0.008684
v -0.248060 0.081355 0.008378
v -0.237720 0.081077 0.009701
v -0.239446 0.078242 0.011006
v -0.230573 0.065314 -0.002913
v -0.231697 0.065309 -0.004720
v -0.253902 0.069165 0.000299
v -0.252412 0.076683 -0.000132
v -0.243432 0.076664 -0.005700
v -0.243406 0.076309 -0.005710
v -0.243315 0.076842 -0.005707
v -0.239712 0.076321 -0.005707
v -0.239688 0.076676 -0.005697
v -0.239802 0.076848 -0.005704
v -0.242533 0.078556 0.007405
v -0.242985 0.077965 0.008587
v -0.243695 0.078284 0.011004
v -0.243500 0.079786 0.011056
v -0.230977 0.069960 0.007536
v -0.229858 0.066774 0.007118
v -0.253437 0.075734 0.005254
v -0.252162 0.069871 0.007530
v -0.253280 0.066684 0.007115
v -0.251219 0.016807 0.008523
v -0.253844 0.017575 0.009594
v -0.252847 0.015261 0.012313
v -0.257839 0.015325 0.012853
v -0.257541 0.017622 0.008908
v -0.259502 0.015345 0.011079
v -0.258221 0.016836 -0.000618
v -0.255516 0.020706 -0.004867
v -0.256260 0.016304 -0.006340
v -0.251532 0.016244 -0.005463
v -0.250721 0.020645 -0.003978
v -0.249606 0.016220 -0.005106
v -0.255686 0.012792 -0.000545
v -0.257587 0.013052 -0.006522
v -0.254675 0.013015 -0.005982
v -0.254128 0.020688 -0.004609
v -0.255076 0.022528 -0.004116
v -0.253999 0.022515 -0.003916
v -0.254914 0.017589 0.009395
v -0.253570 0.018246 0.006666
v -0.254485 0.018258 0.006496
v -0.260656 0.012861 0.010017
v -0.257196 0.012816 0.007597
v -0.258122 0.012830 0.012596
v -0.259626 0.016914 0.006964
v -0.249814 0.016729 0.000941
v -0.253570 0.018246 0.006666
v -0.251219 0.016807 0.008523
v -0.250721 0.020645 -0.003978
v -0.249606 0.016220 -0.005106
v -0.253121 0.020515 0.001218
v -0.258598 0.012829 -0.001085
v -0.256731 0.018286 0.006080
v -0.259626 0.016914 0.006964
v -0.260107 0.012853 0.007057
v -0.258598 0.012829 -0.001085
v -0.249863 0.012718 0.000534
v -0.248852 0.012941 -0.004903
v -0.251373 0.012742 0.008677
v -0.259502 0.015345 0.011079
v -0.260656 0.012861 0.010017
v -0.251764 0.012978 -0.005443
v -0.248852 0.012941 -0.004903
v -0.257587 0.013052 -0.006522
v -0.258122 0.012830 0.012596
v -0.252847 0.015261 0.012313
v -0.251921 0.012750 0.011636
v -0.252141 0.022367 0.000804
v -0.252432 0.022495 -0.003626
v -0.253218 0.022381 0.000604
v -0.252141 0.022367 0.000804
v -0.251733 0.020497 0.001475
v -0.253121 0.020515 0.001218
v -0.252141 0.022367 0.000804
v -0.253218 0.022381 0.000604
v -0.255861 0.022414 0.000114
v -0.255076 0.022528 -0.004116
v -0.255141 0.020541 0.000843
v -0.255861 0.022414 0.000114
v -0.256529 0.020558 0.000586
v -0.254785 0.022400 0.000314
v -0.254785 0.022400 0.000314
v -0.255076 0.022528 -0.004116
v -0.255861 0.022414 0.000114
v -0.253999 0.022515 -0.003916
v -0.252847 0.015261 0.012313
v -0.255211 0.012793 0.013136
v -0.251921 0.012750 0.011636
v -0.257839 0.015325 0.012853
v -0.258122 0.012830 0.012596
v -0.256260 0.016304 -0.006340
v -0.254675 0.013015 -0.005982
v -0.257587 0.013052 -0.006522
v -0.254334 0.016280 -0.005983
v -0.254284 0.012779 0.008137
v -0.249863 0.012718 0.000534
v -0.251373 0.012742 0.008677
v -0.252775 0.012755 -0.000006
v -0.256731 0.018286 0.006080
v -0.255141 0.020541 0.000843
v -0.256529 0.020558 0.000586
v -0.255816 0.018275 0.006249
v -0.251921 0.012750 0.011636
v -0.255211 0.012793 0.013136
v -0.256471 0.017609 0.009107
v -0.252108 0.020662 -0.004235
v -0.251356 0.022481 -0.003426
v -0.252432 0.022495 -0.003626
v -0.251764 0.012978 -0.005443
v -0.248852 0.012941 -0.004903
v -0.255516 0.020706 -0.004867
v -0.255036 0.015289 0.013373
v -0.231922 0.016617 0.008523
v -0.229278 0.017318 0.009594
v -0.229535 0.017996 0.006666
v -0.225342 0.014966 0.012853
v -0.225581 0.017270 0.008908
v -0.226651 0.017284 0.009107
v -0.224921 0.016467 -0.000618
v -0.227526 0.020405 -0.004867
v -0.226517 0.020231 0.000586
v -0.231623 0.016047 -0.005463
v -0.232321 0.020467 -0.003978
v -0.230933 0.020449 -0.004235
v -0.227558 0.012489 -0.000545
v -0.225651 0.012701 -0.006522
v -0.224647 0.012452 -0.001085
v -0.228914 0.020423 -0.004609
v -0.227919 0.022238 -0.004116
v -0.227526 0.020405 -0.004867
v -0.228208 0.017304 0.009396
v -0.226049 0.012474 0.007597
v -0.222589 0.012431 0.010017
v -0.225122 0.012465 0.012596
v -0.223514 0.016509 0.006964
v -0.223678 0.014944 0.011079
v -0.233328 0.016576 0.000941
v -0.229535 0.017996 0.006666
v -0.231312 0.020293 0.001475
v -0.232321 0.020467 -0.003978
v -0.233549 0.016072 -0.005106
v -0.229925 0.020275 0.001218
v -0.228620 0.017984 0.006496
v -0.223137 0.012437 0.007057
v -0.226373 0.017955 0.006080
v -0.223514 0.016509 0.006964
v -0.223137 0.012437 0.007057
v -0.233381 0.012564 0.000534
v -0.234386 0.012814 -0.004903
v -0.231872 0.012549 0.008677
v -0.223678 0.014944 0.011079
v -0.222589 0.012431 0.010017
v -0.231474 0.012776 -0.005443
v -0.233549 0.016072 -0.005106
v -0.224647 0.012452 -0.001085
v -0.226894 0.015986 -0.006340
v -0.225122 0.012465 0.012596
v -0.223678 0.014944 0.011079
v -0.225342 0.014966 0.012853
v -0.230333 0.015030 0.012313
v -0.231922 0.016617 0.008523
v -0.230563 0.022272 -0.003626
v -0.230857 0.022152 0.000804
v -0.229780 0.022138 0.000604
v -0.230857 0.022152 0.000804
v -0.229925 0.020275 0.001218
v -0.230857 0.022152 0.000804
v -0.231312 0.020293 0.001475
v -0.227137 0.022104 0.000114
v -0.227137 0.022104 0.000114
v -0.227905 0.020249 0.000844
v -0.226517 0.020231 0.000586
v -0.228214 0.022118 0.000314
v -0.227919 0.022238 -0.004116
v -0.228214 0.022118 0.000314
v -0.227137 0.022104 0.000114
v -0.228034 0.012502 0.013136
v -0.230333 0.015030 0.012313
v -0.231323 0.012544 0.011636
v -0.228144 0.015002 0.013373
v -0.228563 0.012738 -0.005982
v -0.226894 0.015986 -0.006340
v -0.225651 0.012701 -0.006522
v -0.228820 0.016011 -0.005983
v -0.233381 0.012564 0.000534
v -0.228960 0.012512 0.008137
v -0.231872 0.012549 0.008677
v -0.226373 0.017955 0.006080
v -0.227905 0.020249 0.000844
v -0.227288 0.017967 0.006249
v -0.231323 0.012544 0.011636
v -0.228034 0.012502 0.013136
v -0.231639 0.022286 -0.003426
v -0.228996 0.022252 -0.003916
v -0.231474 0.012776 -0.005443
v -0.230470 0.012527 -0.000006
v -0.228144 0.015002 0.013373
v -0.230333 0.015030 0.012313
v -0.241324 0.134855 0.009062
v -0.241587 0.134967 0.009398
v -0.245533 0.143412 0.005977
v -0.247144 0.142723 -0.002118
v -0.247048 0.144133 -0.001616
v -0.243049 0.145865 -0.002849
v -0.241939 0.145589 0.006980
v -0.242259 0.134960 0.009376
v -0.239952 0.128197 -0.004692
v -0.240830 0.145865 -0.002849
v -0.241939 0.135643 0.009580
v -0.241620 0.134960 0.009376
v -0.248418 0.127470 -0.006125
v -0.241563 0.128191 0.000225
v -0.247235 0.131207 -0.001044
v -0.234697 0.127470 -0.006112
v -0.250460 0.130914 -0.004039
v -0.250460 0.130914 -0.004039
v -0.251106 0.126064 0.002265
v -0.251772 0.125915 -0.003768
v -0.251579 0.129316 0.002008
v -0.241594 0.129731 -0.008196
v -0.247328 0.127042 -0.007600
v -0.232025 0.126064 0.002283
v -0.241563 0.128191 0.000225
v -0.252043 0.125391 0.001650
v -0.232735 0.130134 -0.004022
v -0.231347 0.125915 -0.003749
v -0.251579 0.129316 0.002008
v -0.231553 0.128004 0.003365
v -0.236983 0.125119 -0.007234
v -0.250460 0.130914 -0.004039
v -0.250460 0.130914 -0.004039
v -0.232735 0.130134 -0.004022
v -0.251579 0.129316 0.002008
v -0.239891 0.077375 -0.005701
v -0.243315 0.076842 -0.005707
v -0.256529 0.020558 0.000586
v -0.260107 0.012853 0.007057
v -0.251733 0.020497 0.001475
v -0.257839 0.015325 0.012853
v -0.251356 0.022481 -0.003426
v -0.251356 0.022481 -0.003426
v -0.251733 0.020497 0.001475
v -0.255036 0.015289 0.013373
v -0.228563 0.012738 -0.005982
v -0.231312 0.020293 0.001475
v -0.234386 0.012814 -0.004903
v -0.225651 0.012701 -0.006522
v -0.222589 0.012431 0.010017
v -0.231323 0.012544 0.011636
v -0.231639 0.022286 -0.003426
v -0.231639 0.022286 -0.003426
v -0.229780 0.022138 0.000604
v -0.227919 0.022238 -0.004116
v -0.228996 0.022252 -0.003916
v -0.226517 0.020231 0.000586
v -0.230563 0.022272 -0.003626
v -0.234386 0.012814 -0.004903
vt 0.165308 0.465187
vt 0.165917 0.465595
vt 0.166424 0.464573
vt 0.175440 0.485852
vt 0.172650 0.486932
vt 0.176038 0.495618
vt 0.176038 0.473501
vt 0.172688 0.482420
vt 0.442284 0.296382
vt 0.452751 0.286177
vt 0.442279 0.284703
vt 0.452090 0.296715
vt 0.463397 0.287650
vt 0.464724 0.278251
vt 0.453412 0.275638
vt 0.442279 0.270486
vt 0.456605 0.270481
vt 0.462948 0.259030
vt 0.463491 0.269020
vt 0.450284 0.266407
vt 0.448311 0.247671
vt 0.451120 0.259909
vt 0.455629 0.253351
vt 0.445206 0.260348
vt 0.454084 0.244493
vt 0.449652 0.237224
vt 0.456584 0.242904
vt 0.450993 0.226778
vt 0.025515 0.295484
vt 0.031656 0.308840
vt 0.035835 0.298642
vt 0.034687 0.315293
vt 0.024360 0.312096
vt 0.023219 0.328787
vt 0.046155 0.301800
vt 0.041852 0.323172
vt 0.051168 0.320365
vt 0.039700 0.333858
vt 0.056148 0.338740
vt 0.028504 0.338786
vt 0.024508 0.348091
vt 0.038574 0.344590
vt 0.037447 0.355323
vt 0.053284 0.350742
vt 0.050387 0.362555
vt 0.063372 0.353294
vt 0.060600 0.364957
vt 0.073460 0.355846
vt 0.076106 0.344333
vt 0.066144 0.341631
vt 0.075078 0.317326
vt 0.066840 0.328958
vt 0.075592 0.330830
vt 0.067535 0.316284
vt 0.058087 0.327086
vt 0.059993 0.315242
vt 0.054110 0.318657
vt 0.053225 0.306751
vt 0.205643 0.323987
vt 0.191539 0.334605
vt 0.205649 0.336129
vt 0.088446 0.357014
vt 0.091392 0.345249
vt 0.085500 0.368779
vt 0.191434 0.346487
vt 0.205655 0.348271
vt 0.205649 0.311167
vt 0.191645 0.322723
vt 0.205654 0.298347
vt 0.193808 0.309744
vt 0.088301 0.318906
vt 0.089846 0.332077
vt 0.088723 0.303712
vt 0.075709 0.301972
vt 0.195972 0.296765
vt 0.205629 0.283236
vt 0.195567 0.281445
vt 0.205623 0.267109
vt 0.194671 0.265025
vt 0.091392 0.287528
vt 0.079679 0.282637
vt 0.070220 0.306790
vt 0.069836 0.298939
vt 0.064313 0.289612
vt 0.052874 0.274481
vt 0.066474 0.276796
vt 0.056059 0.295453
vt 0.595902 0.216129
vt 0.607607 0.207027
vt 0.595893 0.205908
vt 0.582230 0.216125
vt 0.582109 0.204331
vt 0.605013 0.202089
vt 0.602680 0.199391
vt 0.614773 0.200146
vt 0.621939 0.193265
vt 0.703325 0.233426
vt 0.709574 0.231223
vt 0.705451 0.228329
vt 0.712699 0.230122
vt 0.710624 0.235213
vt 0.717822 0.237012
vt 0.707576 0.223232
vt 0.697837 0.226479
vt 0.692968 0.228103
vt 0.695094 0.223006
vt 0.682612 0.222780
vt 0.695095 0.214097
vt 0.682612 0.214093
vt 0.707579 0.214101
vt 0.442294 0.237225
vt 0.442282 0.247671
vt 0.442306 0.226778
vt 0.630410 0.283563
vt 0.639396 0.274693
vt 0.629856 0.270969
vt 0.067388 0.374763
vt 0.056009 0.372894
vt 0.044376 0.373772
vt 0.638848 0.263128
vt 0.629638 0.258191
vt 0.177066 0.343935
vt 0.189978 0.354572
vt 0.627643 0.294692
vt 0.639396 0.286181
vt 0.196435 0.357820
vt 0.612301 0.286014
vt 0.618518 0.293624
vt 0.621269 0.284793
vt 0.205674 0.360526
vt 0.621533 0.296830
vt 0.611512 0.271108
vt 0.620746 0.270933
vt 0.619977 0.257210
vt 0.610721 0.256203
vt 0.628929 0.244723
vt 0.461625 0.306443
vt 0.451815 0.307488
vt 0.442289 0.308532
vt 0.619117 0.242378
vt 0.025179 0.375819
vt 0.037638 0.370887
vt 0.025974 0.366520
vt 0.038310 0.383142
vt 0.037813 0.375554
vt 0.033623 0.359055
vt 0.025241 0.357305
vt 0.167438 0.464572
vt 0.167438 0.466676
vt 0.168587 0.478484
vt 0.171611 0.474529
vt 0.172617 0.459829
vt 0.175444 0.460621
vt 0.176038 0.451308
vt 0.176038 0.472473
vt 0.172664 0.464079
vt 0.171572 0.471734
vt 0.431833 0.286177
vt 0.432501 0.296715
vt 0.421214 0.287650
vt 0.422545 0.297049
vt 0.419882 0.278251
vt 0.431165 0.275638
vt 0.428008 0.270481
vt 0.421139 0.269020
vt 0.421651 0.259030
vt 0.434318 0.266407
vt 0.436253 0.247671
vt 0.433451 0.259909
vt 0.439351 0.260348
vt 0.428952 0.253351
vt 0.430508 0.244493
vt 0.428022 0.242904
vt 0.434936 0.237225
vt 0.433619 0.226778
vt 0.332226 0.342755
vt 0.338431 0.328708
vt 0.331108 0.325828
vt 0.341476 0.322129
vt 0.330010 0.308743
vt 0.352943 0.335514
vt 0.342584 0.339135
vt 0.348665 0.314033
vt 0.346526 0.303292
vt 0.357992 0.316678
vt 0.362993 0.298216
vt 0.335294 0.298863
vt 0.345398 0.292679
vt 0.331305 0.289564
vt 0.360139 0.286205
vt 0.344271 0.282066
vt 0.357237 0.274568
vt 0.370216 0.283831
vt 0.367440 0.272336
vt 0.380292 0.281457
vt 0.377642 0.270105
vt 0.382942 0.292810
vt 0.372992 0.295326
vt 0.381861 0.320228
vt 0.373662 0.308210
vt 0.374331 0.321095
vt 0.364921 0.309902
vt 0.366801 0.321962
vt 0.382402 0.306519
vt 0.360929 0.318439
vt 0.360024 0.330480
vt 0.219767 0.334605
vt 0.219651 0.322723
vt 0.395162 0.281825
vt 0.398111 0.293426
vt 0.219883 0.346487
vt 0.234196 0.332313
vt 0.217495 0.309744
vt 0.394998 0.319789
vt 0.396555 0.306608
vt 0.395429 0.334716
vt 0.215339 0.296765
vt 0.215694 0.281445
vt 0.382501 0.335311
vt 0.398111 0.350563
vt 0.377014 0.330516
vt 0.375370 0.336132
vt 0.384699 0.351339
vt 0.370117 0.345156
vt 0.372156 0.357271
vt 0.362826 0.342064
vt 0.359612 0.363203
vt 0.607607 0.225287
vt 0.607496 0.216157
vt 0.595893 0.226350
vt 0.605013 0.230154
vt 0.614773 0.232140
vt 0.602680 0.232841
vt 0.621939 0.238993
vt 0.582109 0.227920
vt 0.703325 0.194787
vt 0.709574 0.197015
vt 0.710624 0.193030
vt 0.712699 0.198128
vt 0.717822 0.191285
vt 0.707576 0.204972
vt 0.705451 0.199879
vt 0.697837 0.201721
vt 0.695094 0.205189
vt 0.692968 0.200096
vt 0.682612 0.205405
vt 0.593245 0.285350
vt 0.582109 0.277448
vt 0.583420 0.288873
vt 0.374211 0.262860
vt 0.362840 0.264598
vt 0.592676 0.272655
vt 0.585980 0.265506
vt 0.234312 0.343935
vt 0.221381 0.354572
vt 0.233792 0.351511
vt 0.596362 0.296197
vt 0.603123 0.297716
vt 0.214916 0.357820
vt 0.606361 0.294209
vt 0.612565 0.298052
vt 0.602859 0.285678
vt 0.602337 0.271819
vt 0.591915 0.260063
vt 0.601625 0.258064
vt 0.590441 0.246574
vt 0.422986 0.306444
vt 0.432780 0.307488
vt 0.600156 0.243290
vt 0.344445 0.266882
vt 0.331939 0.262589
vt 0.332741 0.271700
vt 0.345198 0.257040
vt 0.344600 0.262504
vt 0.350718 0.260069
vt 0.340428 0.278611
vt 0.332023 0.280632
vt 0.165917 0.463552
vt 0.167438 0.462468
vt 0.328922 0.578657
vt 0.327841 0.578081
vt 0.328983 0.578678
vt 0.168522 0.468108
vt 0.319134 0.512204
vt 0.325383 0.512093
vt 0.326746 0.492972
vt 0.311521 0.531438
vt 0.320763 0.518541
vt 0.324021 0.531215
vt 0.317771 0.531326
vt 0.761441 0.693398
vt 0.777023 0.708039
vt 0.776748 0.692613
vt 0.784814 0.715360
vt 0.769507 0.716145
vt 0.777573 0.738892
vt 0.792055 0.691828
vt 0.787228 0.723019
vt 0.792055 0.738338
vt 0.784814 0.738615
vt 0.792055 0.715083
vt 0.766593 0.724083
vt 0.769169 0.739425
vt 0.761103 0.716678
vt 0.760765 0.739959
vt 0.779554 0.250517
vt 0.786023 0.256809
vt 0.784406 0.249705
vt 0.789258 0.259955
vt 0.784406 0.260767
vt 0.789258 0.271017
vt 0.789258 0.248892
vt 0.781151 0.261418
vt 0.782747 0.272319
vt 0.783853 0.264617
vt 0.786003 0.271668
vt 0.783966 0.237110
vt 0.781320 0.231219
vt 0.786172 0.230407
vt 0.783087 0.211921
vt 0.772168 0.234154
vt 0.761250 0.256386
vt 0.774630 0.239608
vt 0.770402 0.253451
vt 0.761520 0.673734
vt 0.776827 0.672950
vt 0.761600 0.654071
vt 0.771698 0.679765
vt 0.322192 0.383828
vt 0.313789 0.386231
vt 0.316058 0.401981
vt 0.328327 0.365676
vt 0.318635 0.379379
vt 0.311521 0.370482
vt 0.319924 0.368079
vt 0.765856 0.257665
vt 0.770461 0.258945
vt 0.770422 0.255282
vt 0.775008 0.254731
vt 0.765027 0.295968
vt 0.768756 0.283928
vt 0.767744 0.277456
vt 0.770780 0.296872
vt 0.767903 0.296420
vt 0.770621 0.277908
vt 0.763139 0.276177
vt 0.765580 0.270433
vt 0.165476 0.484645
vt 0.166865 0.482072
vt 0.166518 0.480496
vt 0.167560 0.485224
vt 0.166518 0.484935
vt 0.167560 0.480786
vt 0.167560 0.476347
vt 0.165504 0.480673
vt 0.166189 0.479231
vt 0.165532 0.476702
vt 0.166546 0.476524
vt 0.322973 0.389554
vt 0.324535 0.401004
vt 0.320296 0.401492
vt 0.326431 0.383340
vt 0.322973 0.408096
vt 0.326431 0.411154
vt 0.322192 0.411642
vt 0.328327 0.421304
vt 0.319592 0.411651
vt 0.323126 0.421321
vt 0.322503 0.414868
vt 0.325726 0.421312
vt 0.480419 0.534108
vt 0.486193 0.535446
vt 0.484750 0.531144
vt 0.489080 0.536115
vt 0.484750 0.539079
vt 0.489080 0.544050
vt 0.489080 0.528179
vt 0.480419 0.673809
vt 0.486881 0.668171
vt 0.485265 0.657322
vt 0.490111 0.665352
vt 0.485265 0.681840
vt 0.490111 0.689871
vt 0.490111 0.640834
vt 0.048809 0.249355
vt 0.031640 0.249826
vt 0.040061 0.273453
vt 0.057558 0.225258
vt 0.040279 0.241637
vt 0.023219 0.226199
vt 0.040388 0.225728
vt 0.055849 0.207660
vt 0.043139 0.207660
vt 0.054140 0.190062
vt 0.046806 0.201794
vt 0.028720 0.190062
vt 0.041430 0.190062
vt 0.025970 0.208130
vt 0.036499 0.213839
vt 0.487102 0.604922
vt 0.482333 0.604248
vt 0.484246 0.615328
vt 0.489957 0.594517
vt 0.484874 0.601004
vt 0.480419 0.593168
vt 0.485188 0.593843
vt 0.489957 0.605320
vt 0.488053 0.608656
vt 0.489957 0.616124
vt 0.487102 0.615726
vt 0.483493 0.525466
vt 0.484618 0.525566
vt 0.484336 0.524948
vt 0.485180 0.525616
vt 0.484336 0.526134
vt 0.485180 0.526802
vt 0.485180 0.524431
vt 0.026234 0.273044
vt 0.029838 0.257565
vt 0.024727 0.249621
vt 0.033148 0.273248
vt 0.325383 0.554946
vt 0.319134 0.555058
vt 0.326746 0.578678
vt 0.320763 0.547110
vt 0.319685 0.505847
vt 0.320788 0.493133
vt 0.323767 0.493052
vt 0.316155 0.512285
vt 0.788211 0.672708
vt 0.784367 0.653587
vt 0.779340 0.666495
vt 0.772983 0.653829
vt 0.472345 0.206859
vt 0.473165 0.195521
vt 0.464598 0.198685
vt 0.473576 0.189852
vt 0.481323 0.198027
vt 0.490300 0.189195
vt 0.456851 0.190510
vt 0.490300 0.207473
vt 0.484315 0.207268
vt 0.481323 0.216305
vt 0.490300 0.225751
vt 0.464207 0.214513
vt 0.456460 0.206338
vt 0.456070 0.222167
vt 0.461755 0.206512
vt 0.472905 0.218259
vt 0.473185 0.223959
vt 0.744722 0.559729
vt 0.727922 0.558905
vt 0.724774 0.596189
vt 0.764670 0.523269
vt 0.740171 0.547026
vt 0.731070 0.521621
vt 0.747870 0.522445
vt 0.764670 0.574490
vt 0.751372 0.581723
vt 0.764670 0.625712
vt 0.744722 0.610950
vt 0.141949 0.533476
vt 0.152942 0.514303
vt 0.148117 0.500393
vt 0.162592 0.542123
vt 0.152270 0.537800
vt 0.158439 0.504716
vt 0.154286 0.467310
vt 0.701371 0.957320
vt 0.718360 0.922875
vt 0.714145 0.904594
vt 0.726790 0.959439
vt 0.714080 0.958380
vt 0.726855 0.905653
vt 0.726920 0.851867
vt 0.752345 0.486819
vt 0.746183 0.468594
vt 0.762983 0.469418
vt 0.761295 0.415567
vt 0.163021 0.357626
vt 0.151308 0.395816
vt 0.158653 0.412468
vt 0.136618 0.362512
vt 0.149819 0.360069
vt 0.145452 0.414911
vt 0.704600 0.817435
vt 0.690449 0.804102
vt 0.705925 0.856072
vt 0.703276 0.778797
vt 0.694725 0.795667
vt 0.689124 0.765464
vt 0.674973 0.752131
vt 0.685497 0.818135
vt 0.690759 0.851137
vt 0.675283 0.799167
vt 0.675594 0.846202
vt 0.715098 0.764339
vt 0.716422 0.802976
vt 0.726920 0.749880
vt 0.712040 0.794916
vt 0.726920 0.800874
vt 0.719921 0.819273
vt 0.716422 0.853970
vt 0.705876 0.740986
vt 0.712023 0.756554
vt 0.716398 0.745433
vt 0.704576 0.759892
vt 0.694708 0.757305
vt 0.690424 0.746559
vt 0.711405 0.888420
vt 0.703648 0.906696
vt 0.711529 0.578957
vt 0.722354 0.581333
vt 0.721611 0.534521
vt 0.701448 0.623392
vt 0.715386 0.595353
vt 0.723098 0.628145
vt 0.712273 0.625768
vt 0.675929 0.867637
vt 0.694408 0.893676
vt 0.690927 0.861854
vt 0.688650 0.912479
vt 0.685816 0.856637
vt 0.675761 0.856920
vt 0.723098 0.512730
vt 0.705251 0.488607
vt 0.709895 0.511410
vt 0.696328 0.476545
vt 0.709531 0.477865
vt 0.695964 0.443001
vt 0.696691 0.510090
vt 0.713015 0.456754
vt 0.707974 0.428766
vt 0.721541 0.463631
vt 0.719983 0.414531
vt 0.709151 0.522305
vt 0.722354 0.523625
vt 0.713800 0.519114
vt 0.695948 0.520986
vt 0.695204 0.531881
vt 0.704502 0.525497
vt 0.708408 0.533201
vt 0.132447 0.458262
vt 0.132110 0.469108
vt 0.110608 0.449214
vt 0.124943 0.462476
vt 0.109935 0.470906
vt 0.110272 0.460060
vt 0.108265 0.504398
vt 0.125942 0.502191
vt 0.106595 0.537891
vt 0.119493 0.514091
vt 0.124272 0.535683
vt 0.135390 0.490564
vt 0.685177 0.576095
vt 0.698326 0.577636
vt 0.675150 0.620309
vt 0.690601 0.591860
vt 0.688299 0.621850
vt 0.706088 0.563265
vt 0.123613 0.405863
vt 0.133837 0.426345
vt 0.724450 0.612167
vt 0.724125 0.628145
vt 0.737856 0.616682
vt 0.744397 0.626928
vt 0.211844 0.226502
vt 0.203089 0.213220
vt 0.195507 0.219061
vt 0.218252 0.201537
vt 0.215048 0.214020
vt 0.198711 0.206578
vt 0.179171 0.211619
vt 0.163021 0.573604
vt 0.155950 0.561514
vt 0.152629 0.571209
vt 0.152415 0.555469
vt 0.162806 0.557864
vt 0.142238 0.568814
vt 0.148926 0.548138
vt 0.142093 0.551145
vt 0.698206 0.429006
vt 0.710216 0.414772
vt 0.700447 0.415012
vt 0.705465 0.424181
vt 0.124386 0.549572
vt 0.118455 0.545679
vt 0.106709 0.551780
vt 0.106822 0.565669
vt 0.130336 0.555986
vt 0.124530 0.567242
vt 0.218252 0.256958
vt 0.210076 0.249153
vt 0.209191 0.260478
vt 0.205987 0.245250
vt 0.215048 0.241730
vt 0.200131 0.263998
vt 0.189360 0.224048
vt 0.177066 0.234022
vt 0.178118 0.222821
vt 0.194455 0.230262
vt 0.196347 0.241508
vt 0.188598 0.249010
vt 0.410392 0.741005
vt 0.411697 0.748443
vt 0.446429 0.741005
vt 0.376964 0.755880
vt 0.399249 0.745963
vt 0.375659 0.748443
vt 0.374354 0.741005
vt 0.443960 0.755880
vt 0.422451 0.750922
vt 0.410462 0.755880
vt 0.445195 0.748442
vt 0.546795 0.573485
vt 0.549693 0.566330
vt 0.525223 0.572470
vt 0.574163 0.560191
vt 0.555918 0.569054
vt 0.571265 0.567345
vt 0.568367 0.574500
vt 0.781749 0.356220
vt 0.771825 0.390120
vt 0.781749 0.414539
vt 0.761250 0.352835
vt 0.775133 0.359380
vt 0.771825 0.331800
vt 0.781749 0.297900
vt 0.155695 0.302843
vt 0.169201 0.295821
vt 0.165994 0.265433
vt 0.175613 0.298683
vt 0.172319 0.237900
vt 0.165994 0.323348
vt 0.175613 0.356598
vt 0.274255 0.578020
vt 0.280822 0.567747
vt 0.271966 0.571015
vt 0.269677 0.564009
vt 0.284105 0.562610
vt 0.286394 0.569615
vt 0.298533 0.561211
vt 0.286379 0.576819
vt 0.290430 0.571616
vt 0.298518 0.568414
vt 0.298503 0.575618
vt 0.198715 0.568964
vt 0.198705 0.576168
vt 0.210836 0.577549
vt 0.186573 0.574787
vt 0.194668 0.570905
vt 0.186583 0.567583
vt 0.186594 0.560378
vt 0.201099 0.561993
vt 0.215603 0.563607
vt 0.204344 0.567178
vt 0.213220 0.570578
vt 0.081033 0.391609
vt 0.080447 0.398770
vt 0.105568 0.399049
vt 0.055326 0.398491
vt 0.072464 0.393903
vt 0.055912 0.391331
vt 0.056498 0.384170
vt 0.549089 0.559294
vt 0.541133 0.563686
vt 0.524619 0.565434
vt 0.524014 0.558398
vt 0.087267 0.389161
vt 0.078117 0.384216
vt 0.099736 0.384263
vt 0.102652 0.391656
vt 0.383803 0.914311
vt 0.399222 0.930536
vt 0.410368 0.903616
vt 0.525522 0.381736
vt 0.526233 0.368472
vt 0.512293 0.372100
vt 0.357238 0.925006
vt 0.385227 0.928693
vt 0.275416 0.387556
vt 0.260485 0.379272
vt 0.259662 0.384933
vt 0.518361 0.201820
vt 0.527905 0.214033
vt 0.533028 0.203097
vt 0.165814 0.563461
vt 0.164179 0.531251
vt 0.165114 0.573604
vt 0.504723 0.238479
vt 0.505074 0.221437
vt 0.491787 0.241054
vt 0.518010 0.218862
vt 0.517659 0.235904
vt 0.509269 0.226259
vt 0.421540 0.930536
vt 0.436950 0.914311
vt 0.463532 0.925005
vt 0.435537 0.928693
vt 0.448122 0.941231
vt 0.631992 0.216618
vt 0.638751 0.211488
vt 0.633479 0.201401
vt 0.410385 0.927194
vt 0.176038 0.502928
vt 0.164431 0.528078
vt 0.176038 0.530224
vt 0.407939 0.288956
vt 0.408842 0.295061
vt 0.415279 0.294820
vt 0.516822 0.262550
vt 0.508756 0.246503
vt 0.504304 0.251802
vt 0.522452 0.248223
vt 0.492353 0.224050
vt 0.492919 0.207047
vt 0.501023 0.216640
vt 0.505640 0.204433
vt 0.328013 0.481952
vt 0.319767 0.483644
vt 0.328013 0.491944
vt 0.311521 0.475344
vt 0.322515 0.479750
vt 0.319767 0.473652
vt 0.328013 0.471961
vt 0.216903 0.441797
vt 0.207715 0.492355
vt 0.216253 0.502702
vt 0.203121 0.517633
vt 0.190638 0.471659
vt 0.203771 0.456728
vt 0.183852 0.435840
vt 0.196984 0.420909
vt 0.177066 0.400020
vt 0.194869 0.437825
vt 0.023219 0.485829
vt 0.047997 0.458840
vt 0.039326 0.442497
vt 0.060360 0.445182
vt 0.065270 0.491105
vt 0.044245 0.488467
vt 0.185340 0.515995
vt 0.197612 0.531882
vt 0.088820 0.431568
vt 0.105568 0.448107
vt 0.080447 0.447828
vt 0.105568 0.497164
vt 0.075388 0.462254
vt 0.085419 0.494135
vt 0.427164 0.829748
vt 0.459306 0.803570
vt 0.474653 0.851261
vt 0.442993 0.836919
vt 0.442510 0.877438
vt 0.361532 0.803571
vt 0.393666 0.829748
vt 0.378234 0.877439
vt 0.346101 0.851262
vt 0.377811 0.836919
vt 0.042473 0.504425
vt 0.043654 0.493786
vt 0.032846 0.495127
vt 0.053872 0.497765
vt 0.337267 0.862790
vt 0.346869 0.879686
vt 0.341684 0.857026
vt 0.351670 0.888134
vt 0.347253 0.893898
vt 0.371236 0.893295
vt 0.469092 0.888133
vt 0.449518 0.893294
vt 0.029904 0.522265
vt 0.034094 0.516319
vt 0.039532 0.531564
vt 0.036590 0.558702
vt 0.410430 0.805125
vt 0.090800 0.499216
vt 0.103565 0.503271
vt 0.101562 0.509378
vt 0.083416 0.500242
vt 0.321824 0.456551
vt 0.318729 0.448846
vt 0.326975 0.447154
vt 0.325937 0.422348
vt 0.333639 0.885910
vt 0.343624 0.917018
vt 0.330010 0.909030
vt 0.341505 0.898942
vt 0.525884 0.351161
vt 0.497551 0.350588
vt 0.526049 0.356364
vt 0.086136 0.273453
vt 0.097107 0.267734
vt 0.087431 0.256649
vt 0.073780 0.253441
vt 0.075075 0.236637
vt 0.061424 0.233429
vt 0.088727 0.239845
vt 0.078762 0.248909
vt 0.073492 0.222937
vt 0.087144 0.226145
vt 0.085561 0.212444
vt 0.078571 0.228573
vt 0.270167 0.442193
vt 0.278587 0.492882
vt 0.283042 0.457318
vt 0.295917 0.472442
vt 0.282797 0.518226
vt 0.269922 0.503101
vt 0.290330 0.421603
vt 0.303206 0.436727
vt 0.310494 0.401012
vt 0.292193 0.438549
vt 0.491787 0.472727
vt 0.516603 0.497940
vt 0.512777 0.468795
vt 0.533768 0.464863
vt 0.528975 0.510870
vt 0.507974 0.514896
vt 0.300500 0.516850
vt 0.288042 0.532554
vt 0.557447 0.526361
vt 0.549089 0.509446
vt 0.574163 0.510343
vt 0.574163 0.460494
vt 0.543982 0.494585
vt 0.553965 0.462679
vt 0.511083 0.452798
vt 0.512213 0.463463
vt 0.522425 0.458831
vt 0.501435 0.462763
vt 0.483495 0.862789
vt 0.473893 0.879685
vt 0.473513 0.893897
vt 0.479074 0.857025
vt 0.559370 0.457640
vt 0.551973 0.456214
vt 0.570179 0.447563
vt 0.572171 0.454029
vt 0.498455 0.436152
vt 0.508103 0.426188
vt 0.505124 0.399577
vt 0.502664 0.441701
vt 0.487127 0.885909
vt 0.490760 0.909028
vt 0.479262 0.898941
vt 0.477146 0.917017
vt 0.060005 0.250124
vt 0.072361 0.270136
vt 0.058586 0.266819
vt 0.068715 0.257900
vt 0.561705 0.327503
vt 0.564335 0.322754
vt 0.564335 0.309929
vt 0.564335 0.335579
vt 0.562582 0.330195
vt 0.561705 0.340329
vt 0.554633 0.345077
vt 0.559076 0.322760
vt 0.559076 0.300442
vt 0.560829 0.318483
vt 0.561705 0.305185
vt 0.571287 0.358738
vt 0.568658 0.363487
vt 0.578240 0.381897
vt 0.567217 0.354185
vt 0.567217 0.291298
vt 0.568658 0.281982
vt 0.571287 0.286725
vt 0.578240 0.263522
vt 0.765697 0.539348
vt 0.774323 0.538571
vt 0.768862 0.525737
vt 0.495238 0.361842
vt 0.533028 0.258182
vt 0.490387 0.373886
vt 0.475502 0.374603
vt 0.489095 0.380864
vt 0.455273 0.940776
vt 0.469774 0.937956
vt 0.466570 0.931925
vt 0.526898 0.294637
vt 0.553606 0.311113
vt 0.547579 0.290532
vt 0.202132 0.406668
vt 0.194747 0.389103
vt 0.212391 0.387087
vt 0.214666 0.409992
vt 0.191581 0.366207
vt 0.198749 0.369953
vt 0.206939 0.362454
vt 0.410170 0.959439
vt 0.394538 0.949275
vt 0.384482 0.959079
vt 0.398545 0.936186
vt 0.285371 0.407287
vt 0.272810 0.410425
vt 0.292974 0.389834
vt 0.103193 0.217735
vt 0.191405 0.384857
vt 0.193038 0.382735
vt 0.188291 0.378888
vt 0.417174 0.291151
vt 0.408678 0.277104
vt 0.243708 0.416802
vt 0.230225 0.442096
vt 0.243547 0.442396
vt 0.229187 0.413397
vt 0.228150 0.384698
vt 0.214666 0.409992
vt 0.245963 0.394214
vt 0.258259 0.413613
vt 0.242652 0.564209
vt 0.256511 0.503202
vt 0.243099 0.503302
vt 0.256165 0.564109
vt 0.256857 0.442294
vt 0.229128 0.563908
vt 0.229676 0.503002
vt 0.243839 0.394612
vt 0.272810 0.410425
vt 0.257282 0.571229
vt 0.258399 0.578349
vt 0.242543 0.578678
vt 0.242598 0.571443
vt 0.227909 0.571011
vt 0.226690 0.578113
vt 0.553606 0.338875
vt 0.546649 0.362066
vt 0.400835 0.288825
vt 0.435882 0.959079
vt 0.435529 0.947989
vt 0.425803 0.949274
vt 0.524134 0.267996
vt 0.527363 0.281954
vt 0.535964 0.276677
vt 0.501805 0.324690
vt 0.501671 0.347277
vt 0.538343 0.455075
vt 0.540630 0.450181
vt 0.515583 0.411767
vt 0.517834 0.391251
vt 0.520813 0.417861
vt 0.530544 0.382924
vt 0.535482 0.412236
vt 0.547682 0.391956
vt 0.564820 0.400987
vt 0.537951 0.426892
vt 0.548694 0.433783
vt 0.567499 0.424275
vt 0.069769 0.501636
vt 0.072018 0.506902
vt 0.096232 0.555936
vt 0.086581 0.546306
vt 0.079091 0.564770
vt 0.081756 0.541491
vt 0.061950 0.573604
vt 0.098897 0.532657
vt 0.041040 0.553375
vt 0.048488 0.543801
vt 0.041757 0.528900
vt 0.052212 0.539015
vt 0.051495 0.563489
vt 0.068662 0.529136
vt 0.489361 0.504278
vt 0.483108 0.504167
vt 0.490714 0.523403
vt 0.475502 0.484931
vt 0.484741 0.497829
vt 0.481755 0.485041
vt 0.488008 0.485152
vt 0.641136 0.257313
vt 0.657609 0.243315
vt 0.649715 0.235269
vt 0.665845 0.236316
vt 0.658294 0.213225
vt 0.673396 0.259407
vt 0.657266 0.258360
vt 0.668362 0.229176
vt 0.665845 0.214060
vt 0.673396 0.214895
vt 0.673396 0.237151
vt 0.646618 0.227759
vt 0.640780 0.235026
vt 0.640424 0.212740
vt 0.649359 0.212983
vt 0.783946 0.589539
vt 0.790420 0.583244
vt 0.788802 0.579287
vt 0.793657 0.580097
vt 0.793657 0.569035
vt 0.793657 0.591159
vt 0.788802 0.590349
vt 0.785544 0.578638
vt 0.787142 0.567736
vt 0.788248 0.575437
vt 0.790399 0.568386
vt 0.788378 0.602947
vt 0.790594 0.609652
vt 0.785739 0.608842
vt 0.787532 0.628145
vt 0.776615 0.605921
vt 0.765697 0.583697
vt 0.779059 0.600460
vt 0.774822 0.586618
vt 0.657145 0.278298
vt 0.641015 0.277250
vt 0.640894 0.297188
vt 0.651809 0.271303
vt 0.401589 0.342120
vt 0.410485 0.344318
vt 0.404040 0.325432
vt 0.416929 0.363203
vt 0.406703 0.349148
vt 0.408034 0.361005
vt 0.399139 0.358808
vt 0.770295 0.582413
vt 0.774893 0.581128
vt 0.774846 0.584788
vt 0.779420 0.585334
vt 0.769474 0.544114
vt 0.773196 0.556149
vt 0.772347 0.543659
vt 0.775220 0.543204
vt 0.775056 0.562166
vt 0.772184 0.562621
vt 0.767586 0.563905
vt 0.770021 0.569646
vt 0.165476 0.486865
vt 0.166865 0.489578
vt 0.166518 0.486558
vt 0.167560 0.486252
vt 0.167560 0.490935
vt 0.166518 0.491241
vt 0.167560 0.495618
vt 0.165504 0.491055
vt 0.166189 0.492576
vt 0.166546 0.495431
vt 0.165532 0.495245
vt 0.411292 0.338531
vt 0.408473 0.326195
vt 0.412907 0.326957
vt 0.414918 0.345080
vt 0.411292 0.319409
vt 0.410485 0.315636
vt 0.414918 0.316398
vt 0.416929 0.305839
vt 0.407769 0.315435
vt 0.411498 0.305438
vt 0.410823 0.312237
vt 0.414214 0.305639
vt 0.166919 0.444601
vt 0.172998 0.443461
vt 0.171478 0.440051
vt 0.176038 0.442891
vt 0.176038 0.435503
vt 0.171478 0.447441
vt 0.176038 0.450281
vt 0.480419 0.706978
vt 0.486875 0.712618
vt 0.485261 0.698938
vt 0.490103 0.715438
vt 0.490103 0.690898
vt 0.485261 0.723478
vt 0.490103 0.739978
vt 0.731591 0.679219
vt 0.749691 0.678925
vt 0.739644 0.655417
vt 0.759738 0.702434
vt 0.740973 0.686957
vt 0.741637 0.702727
vt 0.723536 0.703021
vt 0.745297 0.721196
vt 0.758705 0.720741
vt 0.757673 0.739048
vt 0.749422 0.727147
vt 0.744264 0.739503
vt 0.730856 0.739959
vt 0.727196 0.721490
vt 0.738043 0.715138
vt 0.482410 0.628663
vt 0.487371 0.628347
vt 0.484401 0.617518
vt 0.490341 0.639175
vt 0.485054 0.632167
vt 0.485380 0.639491
vt 0.480419 0.639807
vt 0.490341 0.628163
vt 0.488361 0.624615
vt 0.487371 0.617335
vt 0.490341 0.617152
vt 0.482465 0.526500
vt 0.481783 0.525580
vt 0.481442 0.526154
vt 0.481442 0.525119
vt 0.480419 0.525809
vt 0.482465 0.524431
vt 0.482465 0.525465
vt 0.724887 0.655417
vt 0.729356 0.671285
vt 0.732266 0.655417
vt 0.724212 0.679219
vt 0.483108 0.461312
vt 0.489361 0.461423
vt 0.490714 0.437694
vt 0.484741 0.469259
vt 0.483655 0.510526
vt 0.487732 0.523324
vt 0.484750 0.523244
vt 0.480126 0.504088
vt 0.669144 0.278730
vt 0.664892 0.298052
vt 0.659727 0.284882
vt 0.652893 0.297620
vt 0.436636 0.206584
vt 0.437453 0.218299
vt 0.445840 0.216167
vt 0.437861 0.224156
vt 0.455042 0.225751
vt 0.428658 0.214573
vt 0.420680 0.222561
vt 0.455042 0.206980
vt 0.448907 0.206848
vt 0.445840 0.197396
vt 0.455042 0.188208
vt 0.420281 0.206282
vt 0.428259 0.198293
vt 0.419882 0.190003
vt 0.425733 0.206382
vt 0.437187 0.194932
vt 0.437462 0.189105
vt 0.731711 0.816093
vt 0.748531 0.815276
vt 0.728591 0.778822
vt 0.768471 0.851730
vt 0.743964 0.827972
vt 0.751651 0.852547
vt 0.734830 0.853365
vt 0.768471 0.800506
vt 0.755178 0.793278
vt 0.748531 0.764052
vt 0.768471 0.749282
vt 0.457392 0.566037
vt 0.468915 0.584679
vt 0.468201 0.561189
vt 0.479011 0.556340
vt 0.474676 0.594000
vt 0.463867 0.598849
vt 0.470341 0.631660
vt 0.447344 0.313844
vt 0.465402 0.346409
vt 0.460866 0.311702
vt 0.474387 0.309559
vt 0.474431 0.362691
vt 0.460909 0.364833
vt 0.474475 0.415822
vt 0.756132 0.888178
vt 0.766783 0.905584
vt 0.749963 0.906402
vt 0.765095 0.959439
vt 0.479392 0.739978
vt 0.467217 0.703093
vt 0.465655 0.738809
vt 0.451917 0.737640
vt 0.461129 0.684650
vt 0.474867 0.685819
vt 0.436046 0.462417
vt 0.450835 0.450636
vt 0.452209 0.412814
vt 0.449461 0.488458
vt 0.440517 0.471097
vt 0.434672 0.500239
vt 0.419883 0.512021
vt 0.430810 0.448712
vt 0.420111 0.466661
vt 0.420339 0.421301
vt 0.436274 0.417058
vt 0.463342 0.464528
vt 0.461968 0.502349
vt 0.474475 0.516241
vt 0.458715 0.472504
vt 0.474475 0.466032
vt 0.467053 0.448292
vt 0.463342 0.414318
vt 0.452441 0.523403
vt 0.458792 0.509367
vt 0.450951 0.505930
vt 0.463458 0.519822
vt 0.440595 0.507960
vt 0.436162 0.517712
vt 0.458009 0.380827
vt 0.449777 0.363329
vt 0.434008 0.357123
vt 0.422475 0.355302
vt 0.420672 0.400401
vt 0.424279 0.310202
vt 0.430765 0.341482
vt 0.435811 0.312023
vt 0.440075 0.375687
vt 0.436441 0.406608
vt 0.431074 0.411506
vt 0.420506 0.410851
vt 0.725177 0.302072
vt 0.745704 0.280180
vt 0.742700 0.269014
vt 0.755967 0.269234
vt 0.760223 0.235955
vt 0.751711 0.302513
vt 0.738444 0.302293
vt 0.741687 0.247640
vt 0.732419 0.253482
vt 0.739662 0.204893
vt 0.749943 0.220424
vt 0.737918 0.313202
vt 0.724651 0.312981
vt 0.724125 0.323890
vt 0.733671 0.309492
vt 0.751186 0.313422
vt 0.750660 0.324331
vt 0.742165 0.316911
vt 0.737393 0.324110
vt 0.446873 0.629365
vt 0.447241 0.640280
vt 0.424141 0.648900
vt 0.439296 0.635877
vt 0.423773 0.637985
vt 0.423405 0.627071
vt 0.440399 0.596554
vt 0.421644 0.593634
vt 0.419883 0.560197
vt 0.433560 0.584435
vt 0.438637 0.563117
vt 0.450380 0.608256
vt 0.742247 0.369420
vt 0.755441 0.369436
vt 0.760223 0.414539
vt 0.748239 0.384460
vt 0.747028 0.414524
vt 0.733833 0.414509
vt 0.736206 0.354243
vt 0.728979 0.369200
vt 0.438029 0.693270
vt 0.448800 0.672733
vt 0.728269 0.762844
vt 0.727947 0.746867
vt 0.741670 0.758324
vt 0.748209 0.748074
vt 0.139574 0.245151
vt 0.131643 0.259675
vt 0.143546 0.258374
vt 0.147518 0.271598
vt 0.127677 0.266937
vt 0.123705 0.253713
vt 0.107836 0.262276
vt 0.479392 0.524431
vt 0.472003 0.536972
vt 0.479201 0.540385
vt 0.468308 0.543243
vt 0.457606 0.530146
vt 0.468499 0.527288
vt 0.464669 0.550841
vt 0.457499 0.548092
vt 0.759619 0.221796
vt 0.749338 0.206264
vt 0.759014 0.207636
vt 0.752966 0.216161
vt 0.438721 0.549010
vt 0.432442 0.552739
vt 0.419966 0.546090
vt 0.420051 0.531983
vt 0.445016 0.542722
vt 0.438828 0.531064
vt 0.147518 0.213486
vt 0.138960 0.221847
vt 0.143546 0.229318
vt 0.134681 0.226027
vt 0.129788 0.206904
vt 0.138653 0.210195
vt 0.118002 0.248858
vt 0.107216 0.250712
vt 0.106595 0.239148
vt 0.123084 0.242149
vt 0.125319 0.230401
vt 0.118192 0.223026
vt 0.239729 0.383336
vt 0.227262 0.378993
vt 0.410300 0.945930
vt 0.783983 0.523024
vt 0.787443 0.508515
vt 0.777505 0.523619
vt 0.622966 0.219891
vt 0.635583 0.222423
vt 0.513421 0.278308
vt 0.500489 0.286899
vt 0.498220 0.299333
vt 0.422063 0.939826
vt 0.384814 0.947990
vt 0.372953 0.956271
vt 0.412210 0.259990
vt 0.401979 0.276423
vt 0.450178 0.947661
vt 0.457800 0.946916
vt 0.540356 0.376954
vt 0.538993 0.381897
vt 0.183480 0.382415
vt 0.186215 0.388231
vt 0.513722 0.267667
vt 0.441978 0.937922
vt 0.534023 0.325184
vt 0.294731 0.373923
vt 0.297898 0.370367
vt 0.291847 0.370314
vt 0.239384 0.371014
vt 0.229755 0.369505
vt 0.217754 0.372734
vt 0.295699 0.384311
vt 0.277166 0.372574
vt 0.167438 0.473368
vt 0.165476 0.470779
vt 0.166062 0.475319
vt 0.241720 0.394182
vt 0.412382 0.304411
vt 0.418580 0.303678
vt 0.501671 0.347277
vt 0.491787 0.324903
vt 0.278717 0.362454
vt 0.549981 0.270811
vt 0.540550 0.264661
vt 0.775542 0.511335
vt 0.528142 0.263577
vt 0.549789 0.276843
vt 0.399367 0.272261
vt 0.399838 0.261819
vt 0.547256 0.329037
vt 0.547360 0.321353
vt 0.257605 0.369512
vt 0.247830 0.383440
vt 0.247090 0.371074
vt 0.370410 0.947726
vt 0.481508 0.386681
vt 0.626098 0.225979
vt 0.638751 0.230038
vt 0.448186 0.956407
vt 0.467253 0.950668
vt 0.783750 0.505127
vt 0.403778 0.299650
vt 0.402547 0.302867
vt 0.399139 0.298402
vt 0.787369 0.540182
vt 0.793611 0.538534
vt 0.239782 0.389253
vt 0.247875 0.389349
vt 0.146337 0.756450
vt 0.136643 0.817536
vt 0.161902 0.756327
vt 0.128515 0.817585
vt 0.111384 0.878744
vt 0.120387 0.817633
vt 0.110693 0.878719
vt 0.130773 0.756572
vt 0.253298 0.583181
vt 0.267381 0.604281
vt 0.269151 0.582734
vt 0.285004 0.582287
vt 0.274422 0.614831
vt 0.258569 0.615278
vt 0.263840 0.647375
vt 0.247976 0.615278
vt 0.232118 0.614831
vt 0.242653 0.647375
vt 0.221583 0.582288
vt 0.239178 0.604281
vt 0.237441 0.582734
vt 0.253264 0.625977
vt 0.253247 0.647375
vt 0.319200 0.623756
vt 0.305460 0.634278
vt 0.318838 0.644866
vt 0.308819 0.665534
vt 0.318477 0.665975
vt 0.299162 0.665093
vt 0.302102 0.603022
vt 0.292083 0.623690
vt 0.283893 0.623558
vt 0.288983 0.637403
vt 0.290972 0.664961
vt 0.282783 0.664829
vt 0.187136 0.623754
vt 0.200970 0.634647
vt 0.204360 0.603021
vt 0.214423 0.623928
vt 0.207262 0.665568
vt 0.187516 0.645366
vt 0.197579 0.666272
vt 0.208082 0.769207
vt 0.198466 0.716717
vt 0.189670 0.767866
vt 0.211791 0.717209
vt 0.225115 0.717701
vt 0.215499 0.665211
vt 0.233497 0.717169
vt 0.226494 0.770548
vt 0.223737 0.664854
vt 0.230243 0.699731
vt 0.232118 0.664322
vt 0.240499 0.663790
vt 0.281360 0.717689
vt 0.272992 0.717399
vt 0.279938 0.770548
vt 0.266046 0.664250
vt 0.276255 0.699876
vt 0.274414 0.664540
vt 0.382376 0.734844
vt 0.369315 0.675113
vt 0.363160 0.734101
vt 0.356204 0.730499
vt 0.362771 0.642786
vt 0.377966 0.650135
vt 0.373530 0.560502
vt 0.353614 0.628199
vt 0.343655 0.662048
vt 0.335299 0.599026
vt 0.354415 0.579764
vt 0.543901 0.579849
vt 0.530940 0.641333
vt 0.539516 0.666390
vt 0.524394 0.674293
vt 0.535001 0.757367
vt 0.517615 0.585634
vt 0.524550 0.581279
vt 0.505456 0.655657
vt 0.515305 0.689560
vt 0.516063 0.738731
vt 0.497125 0.720095
vt 0.189647 0.822575
vt 0.202519 0.866754
vt 0.204517 0.823502
vt 0.219386 0.824429
vt 0.208955 0.888844
vt 0.194085 0.887916
vt 0.201027 0.959385
vt 0.189273 0.908871
vt 0.189046 0.957812
vt 0.177066 0.956239
vt 0.184647 0.886678
vt 0.312222 0.887918
vt 0.297364 0.888845
vt 0.305338 0.959439
vt 0.286995 0.824430
vt 0.303813 0.866755
vt 0.301853 0.823503
vt 0.316711 0.822576
vt 0.321650 0.886679
vt 0.328983 0.956332
vt 0.317011 0.908873
vt 0.317161 0.957886
vt 0.630808 0.536708
vt 0.612269 0.553313
vt 0.636479 0.628145
vt 0.587792 0.479110
vt 0.616469 0.517508
vt 0.606331 0.462505
vt 0.624870 0.445900
vt 0.608862 0.572928
vt 0.614377 0.620864
vt 0.604494 0.617985
vt 0.594920 0.545634
vt 0.584950 0.451469
vt 0.603490 0.434864
vt 0.582109 0.423828
vt 0.598257 0.449612
vt 0.494456 0.747721
vt 0.507971 0.750936
vt 0.513394 0.766357
vt 0.491787 0.775347
vt 0.189659 0.795220
vt 0.204528 0.796147
vt 0.199568 0.804956
vt 0.222940 0.797488
vt 0.211850 0.787614
vt 0.612462 0.704624
vt 0.630858 0.720652
vt 0.636713 0.629172
vt 0.624679 0.811122
vt 0.616534 0.740123
vt 0.606283 0.795094
vt 0.587887 0.779066
vt 0.609121 0.685150
vt 0.595163 0.712634
vt 0.605246 0.639931
vt 0.614941 0.636710
vt 0.584998 0.806750
vt 0.598225 0.808207
vt 0.603394 0.822778
vt 0.582109 0.834433
vt 0.332655 0.571799
vt 0.330010 0.544572
vt 0.346280 0.568033
vt 0.351770 0.552537
vt 0.301864 0.796148
vt 0.316722 0.795222
vt 0.316734 0.767867
vt 0.306813 0.804958
vt 0.283466 0.797489
vt 0.294556 0.787615
vt 0.298336 0.769208
vt 0.355240 0.498989
vt 0.341293 0.495434
vt 0.358711 0.445441
vt 0.352575 0.446295
vt 0.364847 0.444586
vt 0.369188 0.502544
vt 0.609682 0.863734
vt 0.623469 0.878384
vt 0.602184 0.890040
vt 0.622259 0.945647
vt 0.582161 0.888373
vt 0.595527 0.907464
vt 0.602236 0.943980
vt 0.582214 0.942313
vt 0.297118 0.580996
vt 0.309233 0.579705
vt 0.304479 0.595249
vt 0.314216 0.601730
vt 0.516722 0.822115
vt 0.530535 0.819489
vt 0.520050 0.877873
vt 0.514032 0.874134
vt 0.502910 0.824740
vt 0.602373 0.367835
vt 0.582251 0.369767
vt 0.582393 0.315705
vt 0.595713 0.350458
vt 0.602515 0.313773
vt 0.622637 0.311841
vt 0.609872 0.393856
vt 0.623754 0.378870
vt 0.192218 0.601730
vt 0.197300 0.579705
vt 0.202007 0.595249
vt 0.209442 0.580996
vt 0.523563 0.916456
vt 0.551668 0.920734
vt 0.544171 0.903948
vt 0.564779 0.891441
vt 0.565721 0.922873
vt 0.545113 0.935380
vt 0.566664 0.954305
vt 0.361924 0.405574
vt 0.389729 0.403299
vt 0.383230 0.388601
vt 0.403632 0.402161
vt 0.404535 0.371629
vt 0.402729 0.432693
vt 0.382327 0.419133
vt 0.154068 0.817895
vt 0.146235 0.879462
vt 0.139840 0.838178
vt 0.128809 0.879103
vt 0.653266 0.536433
vt 0.668093 0.536289
vt 0.669787 0.445351
vt 0.674122 0.627779
vt 0.657643 0.566698
vt 0.655301 0.627962
vt 0.643801 0.506255
vt 0.647329 0.445625
vt 0.569904 0.754056
vt 0.549645 0.695612
vt 0.552453 0.755712
vt 0.556967 0.664735
vt 0.571647 0.665311
vt 0.562442 0.635345
vt 0.562446 0.575527
vt 0.581082 0.576259
vt 0.068818 0.756596
vt 0.044132 0.696857
vt 0.053256 0.756485
vt 0.037694 0.756375
vt 0.031789 0.666987
vt 0.047351 0.667098
vt 0.023219 0.577636
vt 0.059611 0.665915
vt 0.048369 0.636476
vt 0.038782 0.576134
vt 0.054345 0.574632
vt 0.669914 0.813556
vt 0.643876 0.751620
vt 0.647296 0.812339
vt 0.653475 0.721869
vt 0.668322 0.722156
vt 0.657893 0.691498
vt 0.655329 0.629533
vt 0.673946 0.629893
vt 0.152157 0.667058
vt 0.139896 0.665884
vt 0.145291 0.574632
vt 0.151111 0.636437
vt 0.160665 0.576104
vt 0.176038 0.577576
vt 0.155405 0.696814
vt 0.167721 0.666936
vt 0.483803 0.282137
vt 0.474777 0.283730
vt 0.483803 0.308532
vt 0.465751 0.258927
vt 0.477786 0.274401
vt 0.474777 0.257335
vt 0.483803 0.255743
vt 0.401023 0.440162
vt 0.403033 0.440351
vt 0.403337 0.448009
vt 0.401794 0.442778
vt 0.401327 0.447820
vt 0.399316 0.447630
vt 0.386423 0.504066
vt 0.379231 0.484240
vt 0.382081 0.446108
vt 0.646086 0.879601
vt 0.671839 0.875449
vt 0.659970 0.909937
vt 0.673763 0.937341
vt 0.648102 0.944425
vt 0.673855 0.940272
vt 0.638950 0.856775
vt 0.361953 0.384902
vt 0.361982 0.364230
vt 0.376147 0.380478
vt 0.383259 0.367930
vt 0.543868 0.891055
vt 0.524815 0.899033
vt 0.526068 0.881611
vt 0.561064 0.874712
vt 0.562921 0.883076
vt 0.548033 0.816039
vt 0.557852 0.814982
vt 0.563251 0.874254
vt 0.567670 0.813926
vt 0.062977 0.817496
vt 0.071115 0.817555
vt 0.088974 0.878625
vt 0.079252 0.817615
vt 0.088260 0.878616
vt 0.045466 0.816979
vt 0.059731 0.837525
vt 0.070749 0.878100
vt 0.053238 0.877584
vt 0.639098 0.401030
vt 0.646212 0.378596
vt 0.671855 0.383387
vt 0.653895 0.383573
vt 0.638004 0.321794
vt 0.660572 0.362856
vt 0.655964 0.321609
vt 0.673924 0.321424
vt 0.523647 0.937947
vt 0.545197 0.956872
vt 0.523731 0.959439
vt 0.537986 0.943400
vt 0.786201 0.483154
vt 0.775949 0.485823
vt 0.786201 0.504099
vt 0.765697 0.467547
vt 0.779367 0.477952
vt 0.775949 0.464878
vt 0.786201 0.462210
vt 0.395219 0.653007
vt 0.409803 0.653069
vt 0.408035 0.566245
vt 0.418855 0.739978
vt 0.400669 0.681969
vt 0.400568 0.739899
vt 0.387989 0.622172
vt 0.390783 0.563373
vt 0.091447 0.895185
vt 0.082281 0.895189
vt 0.073875 0.905893
vt 0.090687 0.884484
vt 0.091194 0.891618
vt 0.099853 0.884481
vt 0.109018 0.884477
vt 0.572930 0.912155
vt 0.581082 0.932869
vt 0.570841 0.926205
vt 0.573873 0.943587
vt 0.410792 0.412951
vt 0.411695 0.382419
vt 0.418855 0.393209
vt 0.408706 0.399177
vt 0.117425 0.895175
vt 0.126612 0.889945
vt 0.135019 0.900643
vt 0.144206 0.895412
vt 0.125831 0.905873
vt 0.126352 0.895254
vt 0.101686 0.949445
vt 0.099870 0.939466
vt 0.067434 0.939478
vt 0.132305 0.939453
vt 0.111892 0.946114
vt 0.134121 0.949433
vt 0.135937 0.959412
vt 0.099899 0.959425
vt 0.063862 0.959439
vt 0.089078 0.952776
vt 0.065648 0.949458
vt 0.096633 0.922676
vt 0.070655 0.922686
vt 0.089047 0.917081
vt 0.099853 0.905883
vt 0.108524 0.928268
vt 0.129068 0.922663
vt 0.102908 0.898748
vt 0.138255 0.917433
vt 0.134114 0.913580
vt 0.073108 0.889965
vt 0.073364 0.895274
vt 0.064702 0.900669
vt 0.055529 0.895446
vt 0.061481 0.917462
vt 0.065613 0.913606
vt 0.241576 0.655583
vt 0.232118 0.639577
vt 0.222660 0.623571
vt 0.382204 0.432621
vt 0.363385 0.425080
vt 0.563760 0.879983
vt 0.565437 0.873795
vt 0.565108 0.882618
vt 0.054384 0.886515
vt 0.071929 0.884033
vt 0.089474 0.881550
vt 0.541850 0.204909
vt 0.562985 0.224073
vt 0.560045 0.203495
vt 0.578240 0.202081
vt 0.569802 0.262495
vt 0.655695 0.343179
vt 0.648380 0.313662
vt 0.674023 0.318453
vt 0.674122 0.315483
vt 0.359782 0.432152
vt 0.357249 0.425934
vt 0.595568 0.949133
vt 0.602245 0.952543
vt 0.582231 0.959439
vt 0.582222 0.950876
vt 0.521221 0.890734
vt 0.518798 0.895295
vt 0.127711 0.884524
vt 0.145220 0.887437
vt 0.110201 0.881611
vt 0.294654 0.717084
vt 0.307948 0.716480
vt 0.217527 0.637570
vt 0.274418 0.639686
vt 0.264943 0.655813
vt 0.396055 0.505597
vt 0.405686 0.507127
vt 0.540711 0.837896
vt 0.543566 0.878161
vt 0.089545 0.880578
vt 0.089687 0.878634
vt 0.090187 0.881559
vt 0.110001 0.878695
vt 0.110134 0.880639
vt 0.109510 0.881586
vt 0.602537 0.305460
vt 0.595822 0.308875
vt 0.582415 0.307392
vt 0.582437 0.299079
vt 0.311457 0.699645
vt 0.317606 0.716921
vt 0.187896 0.666977
vt 0.194943 0.700137
vt 0.188783 0.717421
vt 0.845214 0.113350
vt 0.835634 0.118311
vt 0.841711 0.130389
vt 0.822630 0.135850
vt 0.820742 0.118311
vt 0.814906 0.130390
vt 0.827280 0.158177
vt 0.843350 0.140521
vt 0.825343 0.135850
vt 0.875278 0.047762
vt 0.878979 0.065947
vt 0.882914 0.047762
vt 0.937516 0.120564
vt 0.925784 0.142477
vt 0.937514 0.142477
vt 0.865472 0.065947
vt 0.861919 0.073581
vt 0.866187 0.073581
vt 0.831324 0.118311
vt 0.834572 0.106440
vt 0.830886 0.106440
vt 0.925784 0.075844
vt 0.937515 0.087765
vt 0.937514 0.067629
vt 0.811349 0.113350
vt 0.866487 0.118619
vt 0.875036 0.095834
vt 0.867583 0.088563
vt 0.882576 0.137951
vt 0.864569 0.142590
vt 0.832225 0.083228
vt 0.925786 0.120564
vt 0.835787 0.184346
vt 0.828377 0.188017
vt 0.812295 0.189461
vt 0.811349 0.157400
vt 0.850949 0.120365
vt 0.851245 0.141908
vt 0.851893 0.088091
vt 0.823449 0.204711
vt 0.812638 0.201114
vt 0.874033 0.035159
vt 0.885575 0.035159
vt 0.811645 0.135927
vt 0.815204 0.211487
vt 0.862676 0.073581
vt 0.852237 0.076360
vt 0.944779 0.159205
vt 0.940443 0.142785
vt 0.940443 0.159229
vt 0.890178 0.118931
vt 0.882576 0.116343
vt 0.971222 0.198473
vt 0.963544 0.194927
vt 0.963544 0.199151
vt 0.850949 0.159710
vt 0.850949 0.143020
vt 0.971222 0.206396
vt 0.963544 0.209522
vt 0.971222 0.211842
vt 0.963544 0.205297
vt 0.934132 0.159264
vt 0.929796 0.142845
vt 0.929796 0.159289
vt 0.934132 0.142821
vt 0.971112 0.103764
vt 0.960976 0.094274
vt 0.961769 0.107592
vt 0.971112 0.083909
vt 0.961569 0.082866
vt 0.856533 0.047762
vt 0.862491 0.035159
vt 0.850949 0.035159
vt 0.864168 0.047762
vt 0.949245 0.087765
vt 0.960976 0.120564
vt 0.960975 0.087765
vt 0.949246 0.120564
vt 0.821839 0.106440
vt 0.824090 0.083228
vt 0.818500 0.083228
vt 0.825524 0.106440
vt 0.960974 0.075844
vt 0.949244 0.067629
vt 0.825053 0.118311
vt 0.873477 0.065947
vt 0.876666 0.073581
vt 0.872398 0.073581
vt 0.949244 0.142477
vt 0.960974 0.142477
vt 0.859969 0.065947
vt 0.833918 0.135850
vt 0.929796 0.189339
vt 0.939634 0.194352
vt 0.940651 0.182472
vt 0.952304 0.211842
vt 0.954475 0.194352
vt 0.950179 0.194352
vt 0.866854 0.189269
vt 0.882985 0.207198
vt 0.882985 0.185559
vt 0.835679 0.070625
vt 0.839380 0.052440
vt 0.833878 0.052440
vt 0.902325 0.089543
vt 0.890593 0.067629
vt 0.890595 0.089543
vt 0.825872 0.052440
vt 0.822320 0.044805
vt 0.820370 0.052440
vt 0.943930 0.194352
vt 0.902324 0.122341
vt 0.890593 0.134263
vt 0.902323 0.142477
vt 0.963543 0.189339
vt 0.959898 0.206362
vt 0.906191 0.166444
vt 0.914581 0.189581
vt 0.922206 0.168807
vt 0.922206 0.147093
vt 0.904203 0.142477
vt 0.943166 0.159289
vt 0.944324 0.182472
vt 0.890594 0.122341
vt 0.875498 0.163248
vt 0.867947 0.159252
vt 0.851891 0.157807
vt 0.890593 0.164833
vt 0.890890 0.143182
vt 0.891541 0.197258
vt 0.863089 0.142590
vt 0.852234 0.146085
vt 0.834433 0.083228
vt 0.843315 0.070625
vt 0.850949 0.190056
vt 0.864978 0.211842
vt 0.960976 0.131910
vt 0.971581 0.138046
vt 0.970568 0.131091
vt 0.902304 0.211842
vt 0.907290 0.196638
vt 0.901201 0.067532
vt 0.905521 0.051130
vt 0.901201 0.051034
vt 0.929796 0.166204
vt 0.968652 0.077323
vt 0.960976 0.080844
vt 0.968652 0.082866
vt 0.890593 0.187938
vt 0.960976 0.065987
vt 0.968652 0.069258
vt 0.968652 0.063714
vt 0.960976 0.070287
vt 0.890593 0.067295
vt 0.894914 0.050893
vt 0.890593 0.050797
vt 0.960976 0.120282
vt 0.971581 0.111467
vt 0.962434 0.107592
vt 0.970568 0.119898
vt 0.822891 0.083228
vt 0.816933 0.070625
vt 0.811349 0.083228
vt 0.824569 0.070625
vt 0.925784 0.089543
vt 0.914053 0.122341
vt 0.925783 0.122341
vt 0.953340 0.182472
vt 0.951272 0.159289
vt 0.949667 0.182472
vt 0.925783 0.134263
vt 0.914053 0.142477
vt 0.837067 0.044805
vt 0.826588 0.044805
vt 0.914053 0.067629
vt 0.914055 0.089543
vt 0.941055 0.211841
vt 0.933186 0.206362
vt 0.165917 0.463392
vt 0.165266 0.463898
vt 0.462070 0.297049
vt 0.070813 0.367359
vt 0.177598 0.351511
vt 0.199580 0.361427
vt 0.609588 0.240020
vt 0.169840 0.474947
vt 0.216582 0.265025
vt 0.211785 0.361427
vt 0.328983 0.577244
vt 0.169786 0.471424
vt 0.372657 0.941231
vt 0.176038 0.531251
vt 0.164431 0.496645
vt 0.103193 0.273223
vt 0.767205 0.542177
vt 0.509320 0.373772
vt 0.527905 0.250756
vt 0.477578 0.367921
vt 0.188935 0.366895
vt 0.410165 0.954326
vt 0.378636 0.939366
vt 0.098371 0.225105
vt 0.532808 0.324084
vt 0.793611 0.508671
vt 0.510438 0.276242
vt 0.418580 0.261675
vt 0.542162 0.379569
vt 0.299038 0.375508
vt 0.167438 0.467703
vt 0.490387 0.393338
vt 0.627066 0.238993
vt 0.458938 0.955176
vt 0.772286 0.508519
vt 0.673946 0.943203
vt 0.541383 0.202081
vt 0.843350 0.162035
vt 0.925785 0.087765
vt 0.837815 0.083228
vt 0.825154 0.211842
vt 0.944779 0.142761
vt 0.890178 0.135694
vt 0.971222 0.193028
vt 0.970540 0.094890
vt 0.902323 0.067629
vt 0.937595 0.159289
vt 0.845976 0.083228
vt 0.851244 0.211652
vt 0.962434 0.142477
vt 0.891886 0.209043
vt 0.905521 0.067629
vt 0.929796 0.149360
vt 0.960976 0.076544
vt 0.890593 0.204725
vt 0.894914 0.067392
vt 0.956843 0.159289
vt 0.832798 0.044805
vt 0.925783 0.067629
usemtl material_0
f 1/1 2/2 3/3
f 4/4 5/5 6/6
f 7/7 8/8 4/4
f 9/9 10/10 11/11
f 12/12 13/13 10/10
f 10/10 14/14 15/15
f 11/11 15/15 16/16
f 14/14 17/17 15/15
f 18/18 17/17 19/19
f 15/15 20/20 16/16
f 21/21 22/22 23/23
f 20/20 24/24 16/16
f 18/18 22/22 20/20
f 21/21 25/25 26/26
f 27/27 23/23 18/18
f 26/26 27/27 28/28
f 29/29 30/30 31/31
f 32/32 33/33 34/34
f 35/35 30/30 32/32
f 34/34 36/36 32/32
f 37/37 38/38 39/39
f 32/32 37/37 35/35
f 40/40 38/38 34/34
f 41/41 42/42 40/40
f 43/43 44/44 42/42
f 42/42 39/39 38/38
f 45/45 46/46 44/44
f 47/47 48/48 46/46
f 46/46 49/49 50/50
f 44/44 50/50 39/39
f 51/51 52/52 53/53
f 54/54 55/55 52/52
f 52/52 39/39 50/50
f 53/53 50/50 49/49
f 56/56 57/57 55/55
f 37/37 58/58 35/35
f 55/55 37/37 39/39
f 59/59 60/60 61/61
f 49/49 62/62 63/63
f 48/48 64/64 62/62
f 61/61 65/65 66/66
f 67/67 68/68 59/59
f 69/69 70/70 67/67
f 71/71 53/53 72/72
f 72/72 49/49 63/63
f 51/51 73/73 74/74
f 75/75 76/76 77/77
f 77/77 78/78 79/79
f 74/74 80/80 81/81
f 51/51 82/82 54/54
f 83/83 74/74 81/81
f 56/56 82/82 83/83
f 81/81 84/84 83/83
f 85/85 84/84 86/86
f 83/83 87/87 56/56
f 88/88 89/89 90/90
f 91/91 90/90 92/92
f 89/89 93/93 90/90
f 94/94 95/95 96/96
f 90/90 94/94 92/92
f 97/97 98/98 99/99
f 100/100 101/101 102/102
f 103/103 98/98 100/100
f 103/103 104/104 99/99
f 105/105 106/106 107/107
f 97/97 104/104 105/105
f 107/107 108/108 109/109
f 106/106 110/110 108/108
f 21/21 111/111 112/112
f 26/26 113/113 111/111
f 114/114 115/115 116/116
f 117/117 47/47 118/118
f 118/118 45/45 119/119
f 116/116 120/120 121/121
f 122/122 123/123 65/65
f 114/114 124/124 125/125
f 65/65 126/126 66/66
f 127/127 128/128 129/129
f 126/126 130/130 66/66
f 129/129 131/131 114/114
f 129/129 132/132 127/127
f 114/114 133/133 129/129
f 133/133 121/121 134/134
f 132/132 134/134 135/135
f 136/136 134/134 121/121
f 137/137 12/12 138/138
f 138/138 9/9 139/139
f 140/140 135/135 134/134
f 141/141 142/142 143/143
f 144/144 145/145 141/141
f 142/142 119/119 45/45
f 143/143 146/146 147/147
f 43/43 142/142 45/45
f 41/41 146/146 43/43
f 148/148 2/2 149/149
f 150/150 8/8 151/151
f 152/152 153/153 154/154
f 155/155 156/156 157/157
f 9/9 158/158 159/159
f 159/159 160/160 161/161
f 158/158 162/162 160/160
f 11/11 163/163 158/158
f 162/162 164/164 165/165
f 166/166 164/164 167/167
f 167/167 163/163 16/16
f 168/168 169/169 170/170
f 170/170 167/167 16/16
f 166/166 169/169 171/171
f 168/168 172/172 171/171
f 171/171 173/173 166/166
f 173/173 174/174 175/175
f 176/176 177/177 178/178
f 178/178 179/179 180/180
f 181/181 177/177 182/182
f 180/180 183/183 184/184
f 184/184 185/185 186/186
f 185/185 179/179 181/181
f 184/184 187/187 180/180
f 188/188 189/189 187/187
f 190/190 191/191 188/188
f 186/186 188/188 184/184
f 192/192 193/193 194/194
f 194/194 195/195 196/196
f 193/193 197/197 195/195
f 190/190 198/198 193/193
f 199/199 200/200 201/201
f 201/201 202/202 203/203
f 200/200 186/186 202/202
f 204/204 198/198 200/200
f 203/203 205/205 206/206
f 206/206 185/185 181/181
f 185/185 202/202 186/186
f 59/59 207/207 208/208
f 209/209 197/197 210/210
f 211/211 212/212 207/207
f 61/61 211/211 207/207
f 208/208 67/67 59/59
f 213/213 69/69 67/67
f 204/204 214/214 215/215
f 197/197 215/215 210/210
f 199/199 216/216 214/214
f 217/217 76/76 69/69
f 218/218 78/78 76/76
f 219/219 220/220 216/216
f 199/199 221/221 219/219
f 219/219 222/222 223/223
f 203/203 221/221 201/201
f 223/223 224/224 225/225
f 225/225 226/226 227/227
f 226/226 222/222 203/203
f 88/88 228/228 229/229
f 91/91 230/230 88/88
f 228/228 231/231 232/232
f 232/232 233/233 234/234
f 233/233 230/230 235/235
f 236/236 237/237 238/238
f 238/238 239/239 240/240
f 241/241 237/237 242/242
f 241/241 243/243 244/244
f 244/244 245/245 246/246
f 236/236 243/243 242/242
f 108/108 246/246 109/109
f 110/110 244/244 108/108
f 111/111 168/168 112/112
f 113/113 174/174 111/111
f 247/247 248/248 249/249
f 250/250 194/194 196/196
f 251/251 192/192 194/194
f 252/252 253/253 248/248
f 254/254 255/255 256/256
f 247/247 257/257 258/258
f 259/259 211/211 66/66
f 127/127 260/260 261/261
f 130/130 259/259 66/66
f 258/258 262/262 247/247
f 132/132 262/262 127/127
f 262/262 252/252 247/247
f 263/263 264/264 252/252
f 132/132 265/265 263/263
f 265/265 266/266 264/264
f 267/267 159/159 161/161
f 268/268 9/9 159/159
f 135/135 269/269 265/265
f 270/270 271/271 272/272
f 273/273 274/274 275/275
f 275/275 270/270 192/192
f 272/272 276/276 270/270
f 270/270 191/191 192/192
f 189/189 276/276 277/277
f 278/278 148/148 279/279
f 280/280 281/281 282/282
f 156/156 283/283 157/157
f 284/284 285/285 286/286
f 287/287 288/288 284/284
f 289/289 288/288 290/290
f 291/291 292/292 293/293
f 294/294 295/295 296/296
f 297/297 292/292 294/294
f 296/296 298/298 294/294
f 299/299 298/298 300/300
f 294/294 301/301 297/297
f 296/296 302/302 303/303
f 304/304 295/295 291/291
f 305/305 302/302 304/304
f 306/306 307/307 308/308
f 309/309 310/310 311/311
f 312/312 307/307 309/309
f 313/313 310/310 306/306
f 314/314 315/315 313/313
f 311/311 315/315 316/316
f 306/306 317/317 318/318
f 312/312 317/317 308/308
f 318/318 319/319 320/320
f 321/321 318/318 320/320
f 322/322 323/323 321/321
f 306/306 323/323 324/324
f 325/325 326/326 327/327
f 291/291 328/328 325/325
f 326/326 293/293 297/297
f 329/329 330/330 331/331
f 332/332 333/333 329/329
f 334/334 333/333 335/335
f 336/336 324/324 322/322
f 337/337 338/338 336/336
f 324/324 339/339 306/306
f 340/340 341/341 342/342
f 343/343 341/341 344/344
f 342/342 345/345 337/337
f 342/342 346/346 340/340
f 337/337 347/347 342/342
f 322/322 347/347 336/336
f 348/348 349/349 350/350
f 351/351 349/349 352/352
f 350/350 353/353 354/354
f 350/350 355/355 348/348
f 354/354 356/356 350/350
f 357/357 356/356 358/358
f 331/331 359/359 329/329
f 360/360 359/359 361/361
f 329/329 362/362 332/332
f 331/331 363/363 361/361
f 364/364 365/365 366/366
f 360/360 363/363 364/364
f 367/367 365/365 331/331
f 368/368 369/369 367/367
f 366/366 369/369 370/370
f 371/371 372/372 373/373
f 374/374 375/375 376/376
f 373/373 374/374 377/377
f 378/378 379/379 380/380
f 381/381 382/382 383/383
f 380/380 381/381 384/384
f 385/385 386/386 387/387
f 388/388 389/389 385/385
f 390/390 389/389 391/391
f 392/392 393/393 388/388
f 394/394 395/395 392/392
f 396/396 395/395 397/397
f 398/398 393/393 396/396
f 390/390 399/399 398/398
f 393/393 391/391 388/388
f 400/400 401/401 402/402
f 403/403 404/404 400/400
f 405/405 404/404 406/406
f 400/400 407/407 403/403
f 402/402 408/408 400/400
f 409/409 408/408 410/410
f 411/411 412/412 413/413
f 414/414 415/415 416/416
f 417/417 412/412 414/414
f 418/418 419/419 420/420
f 387/387 419/419 421/421
f 420/420 386/386 390/390
f 422/422 423/423 424/424
f 289/289 425/425 422/422
f 287/287 425/425 290/290
f 286/286 426/426 284/284
f 427/427 426/426 428/428
f 284/284 429/429 287/287
f 430/430 326/326 297/297
f 431/431 432/432 430/430
f 327/327 432/432 433/433
f 434/434 435/435 436/436
f 437/437 438/438 439/439
f 436/436 437/437 440/440
f 438/438 441/441 439/439
f 434/434 442/442 438/438
f 441/441 443/443 444/444
f 445/445 446/446 447/447
f 434/434 448/448 445/445
f 446/446 436/436 440/440
f 434/434 449/449 443/443
f 450/450 445/445 447/447
f 443/443 450/450 444/444
f 451/451 452/452 453/453
f 454/454 455/455 451/451
f 456/456 455/455 457/457
f 451/451 458/458 454/454
f 453/453 459/459 451/451
f 460/460 459/459 461/461
f 462/462 463/463 464/464
f 465/465 463/463 466/466
f 464/464 467/467 468/468
f 469/469 470/470 471/471
f 472/472 470/470 473/473
f 471/471 474/474 475/475
f 456/456 476/476 477/477
f 454/454 476/476 457/457
f 477/477 478/478 479/479
f 480/480 481/481 482/482
f 483/483 481/481 484/484
f 482/482 485/485 468/468
f 486/486 487/487 488/488
f 489/489 490/490 486/486
f 487/487 491/491 492/492
f 488/488 493/493 494/494
f 495/495 487/487 492/492
f 496/496 493/493 495/495
f 497/497 498/498 499/499
f 489/489 500/500 497/497
f 498/498 486/486 488/488
f 498/498 501/501 499/499
f 488/488 502/502 498/498
f 475/475 502/502 503/503
f 504/504 505/505 506/506
f 497/497 507/507 489/489
f 499/499 505/505 497/497
f 492/492 508/508 509/509
f 507/507 491/491 489/489
f 504/504 508/508 507/507
f 475/475 510/510 471/471
f 488/488 510/510 503/503
f 471/471 511/511 469/469
f 512/512 513/513 514/514
f 515/515 516/516 512/512
f 517/517 516/516 518/518
f 519/519 520/520 521/521
f 511/511 522/522 469/469
f 488/488 520/520 511/511
f 496/496 523/523 494/494
f 519/519 523/523 524/524
f 494/494 521/521 488/488
f 525/525 526/526 527/527
f 528/528 529/529 530/530
f 531/531 526/526 528/528
f 530/530 532/532 533/533
f 534/534 529/529 525/525
f 535/535 532/532 534/534
f 536/536 527/527 531/531
f 537/537 536/536 514/514
f 525/525 538/538 537/537
f 539/539 536/536 531/531
f 540/540 541/541 539/539
f 536/536 542/542 514/514
f 543/543 544/544 468/468
f 545/545 546/546 543/543
f 547/547 546/546 548/548
f 549/549 550/550 547/547
f 551/551 552/552 549/549
f 462/462 552/552 553/553
f 464/464 550/550 462/462
f 468/468 554/554 464/464
f 547/547 554/554 544/544
f 555/555 556/556 540/540
f 557/557 558/558 555/555
f 515/515 558/558 559/559
f 540/540 560/560 542/542
f 512/512 556/556 515/515
f 514/514 560/560 512/512
f 561/561 485/485 483/483
f 545/545 562/562 561/561
f 468/468 562/562 543/543
f 563/563 461/461 453/453
f 564/564 565/565 563/563
f 461/461 566/566 460/460
f 567/567 568/568 569/569
f 570/570 568/568 571/571
f 569/569 572/572 573/573
f 574/574 575/575 576/576
f 577/577 578/578 465/465
f 579/579 575/575 577/577
f 465/465 580/580 577/577
f 462/462 580/580 466/466
f 577/577 581/581 579/579
f 533/533 582/582 530/530
f 583/583 533/533 535/535
f 584/584 585/585 583/583
f 553/553 586/586 462/462
f 551/551 587/587 553/553
f 586/586 588/588 589/589
f 579/579 590/590 591/591
f 586/586 581/581 462/462
f 591/591 586/586 589/589
f 592/592 593/593 594/594
f 595/595 596/596 567/567
f 597/597 593/593 595/595
f 573/573 598/598 569/569
f 599/599 598/598 600/600
f 569/569 601/601 567/567
f 599/599 602/602 601/601
f 595/595 603/603 597/597
f 601/601 595/595 567/567
f 604/604 605/605 606/606
f 607/607 608/608 609/609
f 610/610 608/608 604/604
f 611/611 612/612 613/613
f 613/613 605/605 607/607
f 606/606 612/612 614/614
f 615/615 616/616 617/617
f 618/618 619/619 620/620
f 621/621 619/619 615/615
f 622/622 623/623 624/624
f 625/625 626/626 627/627
f 627/627 622/622 628/628
f 629/629 630/630 631/631
f 631/631 632/632 633/633
f 632/632 634/634 635/635
f 636/636 637/637 638/638
f 639/639 637/637 640/640
f 640/640 641/641 642/642
f 643/643 641/641 636/636
f 642/642 644/644 645/645
f 646/646 644/644 643/643
f 647/647 648/648 649/649
f 650/650 651/651 652/652
f 653/653 651/651 647/647
f 647/647 654/654 653/653
f 655/655 656/656 657/657
f 649/649 656/656 647/647
f 658/658 659/659 660/660
f 661/661 662/662 663/663
f 664/664 662/662 658/658
f 665/665 616/616 618/618
f 617/617 666/666 667/667
f 668/668 666/666 665/665
f 660/660 669/669 658/658
f 658/658 670/670 664/664
f 671/671 669/669 672/672
f 673/673 674/674 675/675
f 676/676 677/677 678/678
f 679/679 680/680 673/673
f 681/681 682/682 683/683
f 684/684 685/685 686/686
f 687/687 688/688 689/689
f 690/690 691/691 692/692
f 691/691 693/693 684/684
f 694/694 695/695 690/690
f 696/696 697/697 675/675
f 698/698 699/699 700/700
f 701/701 702/702 703/703
f 675/675 704/704 696/696
f 705/705 706/706 707/707
f 708/708 709/709 710/710
f 711/711 712/712 713/713
f 692/692 712/712 690/690
f 694/694 712/712 714/714
f 691/691 715/715 692/692
f 716/716 717/717 718/718
f 718/718 691/691 684/684
f 719/719 720/720 721/721
f 722/722 723/723 724/724
f 725/725 723/723 719/719
f 726/726 727/727 728/728
f 728/728 729/729 655/655
f 730/730 727/727 731/731
f 732/732 733/733 734/734
f 726/726 735/735 731/731
f 730/730 735/735 732/732
f 736/736 737/737 738/738
f 738/738 739/739 661/661
f 740/740 737/737 741/741
f 742/742 729/729 730/730
f 655/655 743/743 654/654
f 653/653 743/743 742/742
f 660/660 744/744 745/745
f 745/745 746/746 747/747
f 661/661 744/744 659/659
f 747/747 748/748 749/749
f 740/740 748/748 739/739
f 739/739 746/746 661/661
f 750/750 751/751 611/611
f 752/752 753/753 754/754
f 754/754 750/750 675/675
f 755/755 756/756 607/607
f 756/756 757/757 675/675
f 758/758 759/759 755/755
f 760/760 761/761 762/762
f 762/762 741/741 736/736
f 741/741 763/763 740/740
f 764/764 765/765 766/766
f 758/758 765/765 767/767
f 767/767 768/768 679/679
f 679/679 769/769 767/767
f 767/767 757/757 758/758
f 675/675 769/769 673/673
f 754/754 770/770 752/752
f 698/698 771/771 697/697
f 675/675 771/771 754/754
f 772/772 762/762 736/736
f 760/760 773/773 774/774
f 774/774 772/772 775/775
f 607/607 776/776 613/613
f 611/611 776/776 750/750
f 750/750 756/756 675/675
f 747/747 777/777 778/778
f 779/779 777/777 780/780
f 780/780 749/749 740/740
f 722/722 781/781 782/782
f 782/782 783/783 784/784
f 725/725 781/781 724/724
f 785/785 768/768 764/764
f 768/768 786/786 679/679
f 787/787 788/788 785/785
f 789/789 790/790 791/791
f 792/792 793/793 794/794
f 795/795 796/796 797/797
f 798/798 799/799 794/794
f 794/794 795/795 792/792
f 800/800 801/801 802/802
f 798/798 803/803 796/796
f 797/797 803/803 800/800
f 804/804 805/805 806/806
f 807/807 805/805 808/808
f 808/808 809/809 639/639
f 810/810 811/811 812/812
f 807/807 813/813 806/806
f 804/804 813/813 810/810
f 814/814 815/815 816/816
f 817/817 815/815 818/818
f 818/818 819/819 668/668
f 808/808 820/820 807/807
f 642/642 821/821 640/640
f 639/639 821/821 808/808
f 618/618 822/822 665/665
f 668/668 822/822 823/823
f 823/823 824/824 825/825
f 825/825 826/826 823/823
f 823/823 818/818 668/668
f 817/817 826/826 827/827
f 828/828 829/829 830/830
f 830/830 816/816 817/817
f 816/816 831/831 814/814
f 832/832 833/833 834/834
f 834/834 770/770 698/698
f 752/752 833/833 835/835
f 825/825 836/836 827/827
f 827/827 837/837 817/817
f 838/838 836/836 839/839
f 831/831 840/840 814/814
f 840/840 841/841 842/842
f 828/828 843/843 831/831
f 834/834 844/844 832/832
f 845/845 846/846 847/847
f 847/847 834/834 698/698
f 848/848 795/795 797/797
f 795/795 849/849 792/792
f 850/850 851/851 848/848
f 852/852 853/853 854/854
f 855/855 856/856 857/857
f 858/858 856/856 852/852
f 852/852 859/859 858/858
f 860/860 861/861 862/862
f 854/854 861/861 852/852
f 863/863 864/864 865/865
f 858/858 866/866 857/857
f 855/855 866/866 863/863
f 854/854 867/867 862/862
f 860/860 867/867 868/868
f 868/868 869/869 870/870
f 871/871 872/872 873/873
f 874/874 678/678 790/790
f 875/875 714/714 711/711
f 876/876 877/877 878/878
f 879/879 880/880 881/881
f 882/882 883/883 884/884
f 734/734 885/885 886/886
f 887/887 885/885 888/888
f 888/888 733/733 726/726
f 889/889 890/890 891/891
f 892/892 893/893 894/894
f 680/680 895/895 674/674
f 812/812 896/896 810/810
f 810/810 897/897 804/804
f 681/681 896/896 898/898
f 801/801 899/899 802/802
f 900/900 901/901 902/902
f 708/708 903/903 904/904
f 905/905 906/906 907/907
f 908/908 726/726 906/906
f 909/909 910/910 908/908
f 683/683 911/911 912/912
f 913/913 914/914 915/915
f 916/916 809/809 914/914
f 914/914 804/804 917/917
f 915/915 917/917 907/907
f 918/918 728/728 655/655
f 913/913 919/919 918/918
f 915/915 906/906 919/919
f 919/919 726/726 728/728
f 804/804 912/912 917/917
f 917/917 905/905 907/907
f 920/920 908/908 905/905
f 921/921 683/683 912/912
f 639/639 922/922 638/638
f 638/638 923/923 636/636
f 922/922 924/924 923/923
f 916/916 925/925 922/922
f 655/655 926/926 918/918
f 918/918 925/925 913/913
f 926/926 924/924 925/925
f 657/657 927/927 926/926
f 928/928 791/791 929/929
f 904/904 930/930 708/708
f 931/931 932/932 933/933
f 934/934 935/935 936/936
f 789/789 937/937 938/938
f 817/817 939/939 830/830
f 830/830 940/940 828/828
f 940/940 837/837 838/838
f 842/842 941/941 942/942
f 942/942 943/943 944/944
f 943/943 841/841 828/828
f 944/944 945/945 946/946
f 947/947 945/945 948/948
f 948/948 943/943 828/828
f 838/838 949/949 940/940
f 940/940 948/948 828/828
f 948/948 950/950 947/947
f 740/740 951/951 780/780
f 780/780 952/952 779/779
f 952/952 763/763 760/760
f 953/953 954/954 955/955
f 955/955 956/956 957/957
f 956/956 958/958 779/779
f 959/959 960/960 961/961
f 961/961 962/962 760/760
f 962/962 963/963 957/957
f 779/779 964/964 956/956
f 956/956 962/962 957/957
f 760/760 964/964 952/952
f 965/965 966/966 967/967
f 968/968 969/969 970/970
f 971/971 969/969 965/965
f 972/972 973/973 974/974
f 974/974 975/975 976/976
f 977/977 973/973 978/978
f 976/976 979/979 980/980
f 981/981 979/979 982/982
f 982/982 975/975 977/977
f 976/976 983/983 974/974
f 974/974 984/984 972/972
f 985/985 983/983 986/986
f 987/987 988/988 989/989
f 989/989 990/990 991/991
f 992/992 988/988 993/993
f 989/989 994/994 987/987
f 995/995 996/996 997/997
f 991/991 996/996 989/989
f 987/987 998/998 993/993
f 992/992 998/998 999/999
f 999/999 1000/1000 1001/1001
f 1000/1000 1002/1002 1001/1001
f 1003/1003 1004/1004 1005/1005
f 987/987 1004/1004 1000/1000
f 1006/1006 1007/1007 1008/1008
f 972/972 1009/1009 978/978
f 978/978 1006/1006 977/977
f 1010/1010 1011/1011 1012/1012
f 1013/1013 1014/1014 1015/1015
f 1016/1016 1014/1014 1010/1010
f 1005/1005 1017/1017 1003/1003
f 1018/1018 1019/1019 1020/1020
f 1020/1020 1005/1005 987/987
f 1021/1021 1022/1022 1023/1023
f 1024/1024 1022/1022 1025/1025
f 1025/1025 1026/1026 1018/1018
f 1027/1027 1026/1026 1021/1021
f 1018/1018 1028/1028 1017/1017
f 1003/1003 1028/1028 1027/1027
f 1029/1029 1030/1030 1031/1031
f 1032/1032 1030/1030 1033/1033
f 1033/1033 1034/1034 1035/1035
f 1036/1036 1034/1034 1029/1029
f 1035/1035 1037/1037 1038/1038
f 1039/1039 1037/1037 1036/1036
f 1012/1012 1040/1040 1041/1041
f 1042/1042 1040/1040 1043/1043
f 1043/1043 1011/1011 1013/1013
f 1012/1012 1044/1044 1045/1045
f 1045/1045 1046/1046 1047/1047
f 1042/1042 1044/1044 1041/1041
f 1045/1045 1048/1048 1012/1012
f 1049/1049 1050/1050 1051/1051
f 1047/1047 1050/1050 1045/1045
f 1052/1052 1053/1053 1054/1054
f 1054/1054 1055/1055 1056/1056
f 1055/1055 1057/1057 1058/1058
f 1059/1059 1060/1060 1061/1061
f 1061/1061 1062/1062 1063/1063
f 1062/1062 1064/1064 1065/1065
f 1066/1066 1067/1067 1068/1068
f 1069/1069 1070/1070 1071/1071
f 1072/1072 1070/1070 1066/1066
f 1073/1073 1074/1074 1069/1069
f 1075/1075 1076/1076 1077/1077
f 1077/1077 1073/1073 1078/1078
f 1073/1073 1079/1079 1078/1078
f 1072/1072 1080/1080 1071/1071
f 1071/1071 1073/1073 1069/1069
f 1081/1081 1082/1082 1083/1083
f 1084/1084 1085/1085 1086/1086
f 1087/1087 1085/1085 1081/1081
f 1088/1088 1082/1082 1084/1084
f 1083/1083 1089/1089 1090/1090
f 1091/1091 1089/1089 1088/1088
f 1092/1092 1093/1093 1094/1094
f 1094/1094 1095/1095 1096/1096
f 1097/1097 1093/1093 1098/1098
f 1099/1099 1100/1100 1101/1101
f 1068/1068 1100/1100 1066/1066
f 1066/1066 1102/1102 1072/1072
f 1103/1103 1104/1104 1105/1105
f 971/971 1106/1106 970/970
f 968/968 1106/1106 1103/1103
f 967/967 1107/1107 1108/1108
f 1109/1109 1107/1107 1110/1110
f 1110/1110 966/966 968/968
f 1006/1006 1111/1111 977/977
f 1112/1112 1113/1113 1114/1114
f 1008/1008 1113/1113 1006/1006
f 1115/1115 1116/1116 1117/1117
f 1117/1117 1118/1118 1119/1119
f 1118/1118 1120/1120 1121/1121
f 1122/1122 1117/1117 1119/1119
f 1115/1115 1123/1123 1124/1124
f 1124/1124 1122/1122 1125/1125
f 1126/1126 1127/1127 1128/1128
f 1115/1115 1129/1129 1120/1120
f 1120/1120 1126/1126 1121/1121
f 1115/1115 1130/1130 1127/1127
f 1127/1127 1131/1131 1128/1128
f 1131/1131 1124/1124 1125/1125
f 1132/1132 1133/1133 1134/1134
f 1135/1135 1136/1136 1137/1137
f 1138/1138 1136/1136 1132/1132
f 1139/1139 1133/1133 1135/1135
f 1134/1134 1140/1140 1141/1141
f 1142/1142 1140/1140 1139/1139
f 1143/1143 1144/1144 1145/1145
f 1146/1146 1144/1144 1147/1147
f 1147/1147 1148/1148 1149/1149
f 1150/1150 1151/1151 1152/1152
f 1153/1153 1151/1151 1154/1154
f 1154/1154 1155/1155 1156/1156
f 1138/1138 1157/1157 1137/1137
f 1135/1135 1157/1157 1158/1158
f 1158/1158 1159/1159 1160/1160
f 1161/1161 1162/1162 1163/1163
f 1164/1164 1162/1162 1165/1165
f 1165/1165 1166/1166 1149/1149
f 1167/1167 1168/1168 1169/1169
f 1170/1170 1171/1171 1172/1172
f 1172/1172 1167/1167 1173/1173
f 1169/1169 1174/1174 1167/1167
f 1167/1167 1175/1175 1173/1173
f 1176/1176 1174/1174 1177/1177
f 1178/1178 1179/1179 1180/1180
f 1170/1170 1181/1181 1168/1168
f 1168/1168 1178/1178 1169/1169
f 1182/1182 1178/1178 1180/1180
f 1169/1169 1183/1183 1184/1184
f 1156/1156 1183/1183 1182/1182
f 1185/1185 1186/1186 1187/1187
f 1187/1187 1179/1179 1170/1170
f 1180/1180 1186/1186 1188/1188
f 1173/1173 1189/1189 1172/1172
f 1172/1172 1187/1187 1170/1170
f 1185/1185 1189/1189 1190/1190
f 1156/1156 1191/1191 1184/1184
f 1169/1169 1191/1191 1192/1192
f 1192/1192 1155/1155 1150/1150
f 1193/1193 1194/1194 1195/1195
f 1196/1196 1197/1197 1198/1198
f 1150/1150 1197/1197 1193/1193
f 1195/1195 1199/1199 1193/1193
f 1193/1193 1192/1192 1150/1150
f 1169/1169 1199/1199 1200/1200
f 1176/1176 1201/1201 1202/1202
f 1195/1195 1201/1201 1200/1200
f 1200/1200 1177/1177 1169/1169
f 1203/1203 1204/1204 1205/1205
f 1205/1205 1206/1206 1207/1207
f 1208/1208 1204/1204 1209/1209
f 1207/1207 1210/1210 1205/1205
f 1205/1205 1211/1211 1203/1203
f 1212/1212 1210/1210 1213/1213
f 1209/1209 1214/1214 1208/1208
f 1214/1214 1215/1215 1216/1216
f 1203/1203 1217/1217 1209/1209
f 1214/1214 1218/1218 1208/1208
f 1219/1219 1220/1220 1221/1221
f 1221/1221 1214/1214 1216/1216
f 1222/1222 1223/1223 1149/1149
f 1224/1224 1225/1225 1226/1226
f 1227/1227 1225/1225 1222/1222
f 1228/1228 1229/1229 1227/1227
f 1230/1230 1231/1231 1232/1232
f 1143/1143 1231/1231 1228/1228
f 1228/1228 1148/1148 1143/1143
f 1149/1149 1233/1233 1222/1222
f 1227/1227 1233/1233 1228/1228
f 1234/1234 1235/1235 1219/1219
f 1236/1236 1237/1237 1238/1238
f 1239/1239 1237/1237 1234/1234
f 1219/1219 1240/1240 1234/1234
f 1234/1234 1241/1241 1239/1239
f 1216/1216 1240/1240 1221/1221
f 1165/1165 1242/1242 1164/1164
f 1224/1224 1243/1243 1223/1223
f 1149/1149 1243/1243 1165/1165
f 1141/1141 1244/1244 1134/1134
f 1245/1245 1246/1246 1247/1247
f 1247/1247 1141/1141 1142/1142
f 1248/1248 1249/1249 1250/1250
f 1251/1251 1249/1249 1252/1252
f 1252/1252 1253/1253 1254/1254
f 1255/1255 1256/1256 1257/1257
f 1257/1257 1258/1258 1146/1146
f 1259/1259 1256/1256 1260/1260
f 1146/1146 1261/1261 1145/1145
f 1143/1143 1261/1261 1262/1262
f 1262/1262 1258/1258 1259/1259
f 1263/1263 1213/1213 1207/1207
f 1213/1213 1264/1264 1212/1212
f 1265/1265 1266/1266 1263/1263
f 1267/1267 1232/1232 1143/1143
f 1230/1230 1268/1268 1269/1269
f 1269/1269 1267/1267 1270/1270
f 1259/1259 1271/1271 1262/1262
f 1262/1262 1267/1267 1143/1143
f 1267/1267 1272/1272 1270/1270
f 1273/1273 1274/1274 1275/1275
f 1275/1275 1276/1276 1248/1248
f 1277/1277 1274/1274 1278/1278
f 1254/1254 1279/1279 1280/1280
f 1281/1281 1279/1279 1282/1282
f 1282/1282 1253/1253 1248/1248
f 1281/1281 1283/1283 1284/1284
f 1284/1284 1276/1276 1277/1277
f 1276/1276 1282/1282 1248/1248
f 905/905 908/908 906/906
f 908/908 910/910 726/726
f 909/909 887/887 910/910
f 912/912 920/920 905/905
f 913/913 916/916 914/914
f 916/916 639/639 809/809
f 914/914 809/809 804/804
f 915/915 914/914 917/917
f 918/918 919/919 728/728
f 913/913 915/915 919/919
f 915/915 907/907 906/906
f 919/919 906/906 726/726
f 804/804 921/921 912/912
f 917/917 912/912 905/905
f 909/909 1285/1285 1286/1286
f 921/921 681/681 683/683
f 639/639 916/916 922/922
f 638/638 922/922 923/923
f 922/922 925/925 924/924
f 916/916 913/913 925/925
f 655/655 657/657 926/926
f 918/918 926/926 925/925
f 926/926 927/927 924/924
f 657/657 649/649 927/927
f 704/704 895/895 1287/1287
f 1288/1288 1289/1289 1290/1290
f 1291/1291 1292/1292 701/701
f 1293/1293 1294/1294 1295/1295
f 704/704 1296/1296 696/696
f 894/894 1297/1297 1298/1298
f 904/904 1299/1299 1300/1300
f 879/879 1301/1301 1302/1302
f 887/887 901/901 886/886
f 929/929 677/677 1303/1303
f 1304/1304 1303/1303 676/676
f 678/678 791/791 790/790
f 900/900 1305/1305 1306/1306
f 1307/1307 1293/1293 934/934
f 699/699 1296/1296 1308/1308
f 882/882 1293/1293 1295/1295
f 884/884 935/935 882/882
f 1295/1295 1309/1309 882/882
f 1310/1310 1311/1311 1312/1312
f 1286/1286 1313/1313 1314/1314
f 887/887 1286/1286 1315/1315
f 681/681 1316/1316 1317/1317
f 1318/1318 1319/1319 1320/1320
f 1321/1321 909/909 908/908
f 710/710 1322/1322 1323/1323
f 1324/1324 1325/1325 790/790
f 933/933 892/892 931/931
f 1312/1312 1326/1326 1317/1317
f 936/936 1327/1327 1328/1328
f 1290/1290 1329/1329 873/873
f 872/872 1290/1290 873/873
f 1317/1317 1310/1310 1312/1312
f 890/890 1315/1315 891/891
f 936/936 1330/1330 934/934
f 936/936 1331/1331 1327/1327
f 1332/1332 1299/1299 1333/1333
f 1334/1334 1335/1335 1309/1309
f 1317/1317 1336/1336 682/682
f 1315/1315 1314/1314 891/891
f 1337/1337 1336/1336 1338/1338
f 895/895 1297/1297 893/893
f 1297/1297 1339/1339 1298/1298
f 1340/1340 878/878 877/877
f 1341/1341 1342/1342 1292/1292
f 1301/1301 932/932 1343/1343
f 932/932 1296/1296 933/933
f 1287/1287 933/933 1296/1296
f 893/893 1287/1287 895/895
f 1343/1343 1302/1302 1301/1301
f 1302/1302 1344/1344 880/880
f 890/890 902/902 901/901
f 1345/1345 1329/1329 1289/1289
f 1322/1322 1346/1346 1347/1347
f 1346/1346 930/930 1348/1348
f 1288/1288 1349/1349 1350/1350
f 1321/1321 920/920 911/911
f 1285/1285 1338/1338 1313/1313
f 1351/1351 1337/1337 1285/1285
f 683/683 1337/1337 1352/1352
f 1353/1353 1354/1354 1355/1355
f 1356/1356 1357/1357 1354/1354
f 1358/1358 1359/1359 1356/1356
f 1360/1360 1356/1356 1353/1353
f 1361/1361 1362/1362 1363/1363
f 1364/1364 1362/1362 1365/1365
f 1365/1365 1366/1366 1367/1367
f 1368/1368 1369/1369 1370/1370
f 1371/1371 1372/1372 1373/1373
f 1361/1361 1372/1372 1368/1368
f 1368/1368 1366/1366 1361/1361
f 1367/1367 1374/1374 1375/1375
f 1370/1370 1374/1374 1368/1368
f 1376/1376 1377/1377 1378/1378
f 1378/1378 1379/1379 1380/1380
f 1377/1377 1381/1381 1379/1379
f 1382/1382 1383/1383 1377/1377
f 1384/1384 1383/1383 1364/1364
f 1381/1381 1385/1385 1386/1386
f 1387/1387 1385/1385 1384/1384
f 1388/1388 1389/1389 1390/1390
f 1390/1390 1391/1391 1371/1371
f 1389/1389 1392/1392 1391/1391
f 1393/1393 1394/1394 1389/1389
f 1395/1395 1396/1396 1397/1397
f 1398/1398 1392/1392 1396/1396
f 1399/1399 1400/1400 1398/1398
f 1395/1395 1399/1399 1398/1398
f 1401/1401 1399/1399 1402/1402
f 1403/1403 1404/1404 1405/1405
f 1406/1406 1404/1404 1401/1401
f 1407/1407 1408/1408 1409/1409
f 1410/1410 1411/1411 1412/1412
f 1387/1387 1411/1411 1407/1407
f 1413/1413 1414/1414 1415/1415
f 1416/1416 1414/1414 1417/1417
f 1417/1417 1418/1418 1419/1419
f 1419/1419 1420/1420 1417/1417
f 1417/1417 1421/1421 1416/1416
f 1422/1422 1420/1420 1423/1423
f 1424/1424 1425/1425 1426/1426
f 1426/1426 1427/1427 1428/1428
f 1429/1429 1425/1425 1430/1430
f 1431/1431 1427/1427 1429/1429
f 1428/1428 1432/1432 1433/1433
f 1434/1434 1432/1432 1431/1431
f 1435/1435 1436/1436 1437/1437
f 1438/1438 1436/1436 1439/1439
f 1439/1439 1440/1440 1441/1441
f 1441/1441 1442/1442 1443/1443
f 1444/1444 1442/1442 1445/1445
f 1445/1445 1440/1440 1435/1435
f 1446/1446 1447/1447 1448/1448
f 1449/1449 1450/1450 1451/1451
f 1452/1452 1450/1450 1446/1446
f 1446/1446 1453/1453 1452/1452
f 1454/1454 1455/1455 1456/1456
f 1448/1448 1455/1455 1446/1446
f 1457/1457 1458/1458 1459/1459
f 1460/1460 1461/1461 1462/1462
f 1463/1463 1461/1461 1457/1457
f 1459/1459 1464/1464 1465/1465
f 1466/1466 1464/1464 1467/1467
f 1467/1467 1458/1458 1460/1460
f 1462/1462 1468/1468 1460/1460
f 1468/1468 1469/1469 1470/1470
f 1463/1463 1471/1471 1462/1462
f 1472/1472 1433/1433 1434/1434
f 1428/1428 1473/1473 1474/1474
f 1475/1475 1473/1473 1472/1472
f 1476/1476 1477/1477 1397/1397
f 1438/1438 1478/1478 1437/1437
f 1435/1435 1478/1478 1476/1476
f 1479/1479 1477/1477 1438/1438
f 1397/1397 1480/1480 1395/1395
f 1402/1402 1480/1480 1479/1479
f 1481/1481 1482/1482 1483/1483
f 1484/1484 1485/1485 1486/1486
f 1487/1487 1485/1485 1481/1481
f 1483/1483 1488/1488 1481/1481
f 1481/1481 1489/1489 1487/1487
f 1490/1490 1488/1488 1491/1491
f 1492/1492 1486/1486 1487/1487
f 1484/1484 1493/1493 1494/1494
f 1494/1494 1492/1492 1495/1495
f 1423/1423 1496/1496 1422/1422
f 1497/1497 1498/1498 1499/1499
f 1419/1419 1498/1498 1423/1423
f 1500/1500 1501/1501 1502/1502
f 1452/1452 1503/1503 1451/1451
f 1449/1449 1503/1503 1500/1500
f 1500/1500 1504/1504 1449/1449
f 1409/1409 1505/1505 1506/1506
f 1502/1502 1505/1505 1500/1500
f 1497/1497 1507/1507 1508/1508
f 1508/1508 1509/1509 1510/1510
f 1507/1507 1511/1511 1509/1509
f 1499/1499 1512/1512 1507/1507
f 1495/1495 1513/1513 1494/1494
f 1484/1484 1513/1513 1514/1514
f 1514/1514 1515/1515 1516/1516
f 1517/1517 1515/1515 1495/1495
f 1516/1516 1518/1518 1519/1519
f 1520/1520 1518/1518 1517/1517
f 1382/1382 1521/1521 1364/1364
f 1522/1522 1523/1523 1524/1524
f 1524/1524 1382/1382 1376/1376
f 1475/1475 1525/1525 1474/1474
f 1474/1474 1526/1526 1428/1428
f 1527/1527 1526/1526 1525/1525
f 1528/1528 1525/1525 1529/1529
f 1530/1530 1531/1531 1470/1470
f 1532/1532 1533/1533 1534/1534
f 1535/1535 1533/1533 1530/1530
f 1470/1470 1536/1536 1530/1530
f 1530/1530 1537/1537 1535/1535
f 1463/1463 1536/1536 1469/1469
f 1390/1390 1538/1538 1388/1388
f 1539/1539 1540/1540 1541/1541
f 1541/1541 1390/1390 1371/1371
f 1542/1542 1543/1543 1544/1544
f 1545/1545 1543/1543 1546/1546
f 1546/1546 1547/1547 1548/1548
f 1549/1549 1550/1550 1551/1551
f 1551/1551 1552/1552 1553/1553
f 1554/1554 1550/1550 1555/1555
f 1354/1354 1556/1556 1355/1355
f 1557/1557 1558/1558 1559/1559
f 1357/1357 1558/1558 1354/1354
f 1560/1560 1561/1561 1562/1562
f 1563/1563 1564/1564 1565/1565
f 1459/1459 1564/1564 1560/1560
f 1562/1562 1566/1566 1560/1560
f 1560/1560 1457/1457 1459/1459
f 1463/1463 1566/1566 1567/1567
f 1568/1568 1569/1569 1570/1570
f 1428/1428 1569/1569 1426/1426
f 1426/1426 1571/1571 1424/1424
f 1572/1572 1571/1571 1568/1568
f 1424/1424 1573/1573 1574/1574
f 1575/1575 1573/1573 1572/1572
f 1576/1576 1577/1577 1578/1578
f 1579/1579 1577/1577 1580/1580
f 1580/1580 1581/1581 1582/1582
f 1583/1583 1581/1581 1576/1576
f 1582/1582 1584/1584 1585/1585
f 1586/1586 1584/1584 1583/1583
f 1587/1587 1588/1588 1589/1589
f 1484/1484 1588/1588 1482/1482
f 1482/1482 1590/1590 1483/1483
f 1591/1591 1590/1590 1587/1587
f 1483/1483 1592/1592 1593/1593
f 1594/1594 1592/1592 1591/1591
f 1595/1595 1596/1596 1360/1360
f 1597/1597 1598/1598 1599/1599
f 1600/1600 1598/1598 1595/1595
f 1360/1360 1601/1601 1595/1595
f 1595/1595 1602/1602 1600/1600
f 1355/1355 1601/1601 1353/1353
f 1603/1603 1604/1604 1605/1605
f 1606/1606 1607/1607 1608/1608
f 1609/1609 1607/1607 1603/1603
f 1610/1610 1611/1611 1554/1554
f 1612/1612 1613/1613 1614/1614
f 1615/1615 1613/1613 1610/1610
f 1616/1616 1512/1512 1419/1419
f 1511/1511 1617/1617 1618/1618
f 1615/1615 1617/1617 1616/1616
f 1619/1619 1620/1620 1587/1587
f 1621/1621 1622/1622 1620/1620
f 1623/1623 1624/1624 1621/1621
f 1516/1516 1621/1621 1619/1619
f 1587/1587 1625/1625 1619/1619
f 1619/1619 1514/1514 1516/1516
f 1484/1484 1625/1625 1589/1589
f 1551/1551 1626/1626 1549/1549
f 1627/1627 1628/1628 1629/1629
f 1629/1629 1551/1551 1553/1553
f 1545/1545 1630/1630 1544/1544
f 1544/1544 1631/1631 1542/1542
f 1630/1630 1632/1632 1631/1631
f 1633/1633 1630/1630 1634/1634
f 1635/1635 1570/1570 1428/1428
f 1636/1636 1568/1568 1570/1570
f 1637/1637 1638/1638 1636/1636
f 1633/1633 1636/1636 1635/1635
f 1639/1639 1578/1578 1579/1579
f 1640/1640 1576/1576 1578/1578
f 1641/1641 1642/1642 1640/1640
f 1643/1643 1640/1640 1639/1639
f 1644/1644 1639/1639 1579/1579
f 1643/1643 1645/1645 1646/1646
f 1647/1647 1645/1645 1644/1644
f 1562/1562 1648/1648 1567/1567
f 1463/1463 1648/1648 1537/1537
f 1537/1537 1649/1649 1535/1535
f 1650/1650 1651/1651 1562/1562
f 1652/1652 1653/1653 1654/1654
f 1655/1655 1653/1653 1650/1650
f 1656/1656 1547/1547 1542/1542
f 1547/1547 1657/1657 1548/1548
f 1658/1658 1659/1659 1656/1656
f 1660/1660 1661/1661 1662/1662
f 1663/1663 1664/1664 1665/1665
f 1666/1666 1664/1664 1660/1660
f 1667/1667 1668/1668 1669/1669
f 1670/1670 1671/1671 1672/1672
f 1413/1413 1671/1671 1667/1667
f 1669/1669 1673/1673 1667/1667
f 1667/1667 1418/1418 1413/1413
f 1419/1419 1673/1673 1674/1674
f 1675/1675 1676/1676 1677/1677
f 1678/1678 1679/1679 1680/1680
f 1680/1680 1675/1675 1681/1681
f 1546/1546 1682/1682 1545/1545
f 1683/1683 1684/1684 1685/1685
f 1685/1685 1546/1546 1548/1548
f 1686/1686 1552/1552 1554/1554
f 1552/1552 1687/1687 1553/1553
f 1688/1688 1689/1689 1686/1686
f 1690/1690 1691/1691 1681/1681
f 1691/1691 1692/1692 1693/1693
f 1694/1694 1695/1695 1690/1690
f 1696/1696 1697/1697 1698/1698
f 1699/1699 1700/1700 1701/1701
f 1702/1702 1700/1700 1696/1696
f 1696/1696 1703/1703 1702/1702
f 1704/1704 1705/1705 1706/1706
f 1698/1698 1705/1705 1696/1696
f 1707/1707 1708/1708 1698/1698
f 1677/1677 1709/1709 1710/1710
f 1710/1710 1707/1707 1694/1694
f 1694/1694 1711/1711 1712/1712
f 1699/1699 1711/1711 1697/1697
f 1697/1697 1707/1707 1698/1698
f 1681/1681 1713/1713 1690/1690
f 1690/1690 1710/1710 1694/1694
f 1710/1710 1675/1675 1677/1677
f 1692/1692 1714/1714 1693/1693
f 1714/1714 1712/1712 1699/1699
f 1694/1694 1715/1715 1692/1692
f 1716/1716 1676/1676 1678/1678
f 1677/1677 1717/1717 1718/1718
f 1718/1718 1716/1716 1719/1719
f 1720/1720 1718/1718 1719/1719
f 1677/1677 1721/1721 1708/1708
f 1708/1708 1720/1720 1698/1698
f 1722/1722 1405/1405 1406/1406
f 1723/1723 1403/1403 1405/1405
f 1369/1369 1724/1724 1723/1723
f 1370/1370 1723/1723 1722/1722
f 1615/1615 1725/1725 1618/1618
f 1725/1725 1511/1511 1618/1618
f 1555/1555 1726/1726 1725/1725
f 1554/1554 1725/1725 1610/1610
f 1633/1633 1727/1727 1637/1637
f 1728/1728 1727/1727 1729/1729
f 1729/1729 1634/1634 1545/1545
f 1730/1730 1646/1646 1647/1647
f 1731/1731 1643/1643 1646/1646
f 1716/1716 1732/1732 1731/1731
f 1730/1730 1716/1716 1731/1731
f 1733/1733 1734/1734 1735/1735
f 1736/1736 1734/1734 1737/1737
f 1651/1651 1649/1649 1562/1562
f 1535/1535 1738/1738 1739/1739
f 1739/1739 1740/1740 1741/1741
f 1511/1511 1742/1742 1509/1509
f 1510/1510 1742/1742 1743/1743
f 1743/1743 1726/1726 1549/1549
f 1520/1520 1744/1744 1519/1519
f 1519/1519 1745/1745 1516/1516
f 1746/1746 1744/1744 1747/1747
f 1528/1528 1748/1748 1527/1527
f 1632/1632 1748/1748 1631/1631
f 1631/1631 1749/1749 1542/1542
f 1357/1357 1750/1750 1559/1559
f 1559/1559 1751/1751 1557/1557
f 1691/1691 1751/1751 1750/1750
f 1752/1752 1691/1691 1750/1750
f 1407/1407 1386/1386 1387/1387
f 1753/1753 1381/1381 1386/1386
f 1506/1506 1754/1754 1753/1753
f 1407/1407 1506/1506 1753/1753
f 1403/1403 1755/1755 1400/1400
f 1392/1392 1755/1755 1391/1391
f 1391/1391 1724/1724 1371/1371
f 1387/1387 1756/1756 1412/1412
f 1412/1412 1757/1757 1410/1410
f 1756/1756 1367/1367 1757/1757
f 1384/1384 1365/1365 1756/1756
f 1615/1615 1758/1758 1614/1614
f 1614/1614 1759/1759 1612/1612
f 1758/1758 1669/1669 1759/1759
f 1616/1616 1674/1674 1758/1758
f 1633/1633 1760/1760 1761/1761
f 1632/1632 1760/1760 1526/1526
f 1526/1526 1635/1635 1428/1428
f 1643/1643 1762/1762 1641/1641
f 1763/1763 1762/1762 1764/1764
f 1764/1764 1732/1732 1678/1678
f 1765/1765 1766/1766 1359/1359
f 1357/1357 1766/1766 1752/1752
f 1752/1752 1767/1767 1681/1681
f 1768/1768 1534/1534 1535/1535
f 1532/1532 1769/1769 1770/1770
f 1771/1771 1769/1769 1768/1768
f 1381/1381 1772/1772 1379/1379
f 1380/1380 1772/1772 1773/1773
f 1773/1773 1754/1754 1502/1502
f 1774/1774 1775/1775 1394/1394
f 1392/1392 1775/1775 1396/1396
f 1396/1396 1776/1776 1397/1397
f 1777/1777 1778/1778 1779/1779
f 1780/1780 1781/1781 1782/1782
f 1783/1783 1784/1784 1785/1785
f 1786/1786 1787/1787 1788/1788
f 1789/1789 1790/1790 1791/1791
f 1792/1792 1793/1793 1794/1794
f 1795/1795 1796/1796 1797/1797
f 1798/1798 1799/1799 1800/1800
f 1781/1781 1801/1801 1782/1782
f 1802/1802 1803/1803 1804/1804
f 1805/1805 1802/1802 1806/1806
f 1796/1796 1807/1807 1797/1797
f 1799/1799 1808/1808 1789/1789
f 1809/1809 1783/1783 1810/1810
f 1811/1811 1783/1783 1812/1812
f 1806/1806 1813/1813 1814/1814
f 1802/1802 1815/1815 1813/1813
f 1816/1816 1811/1811 1817/1817
f 1818/1818 1788/1788 1819/1819
f 1812/1812 1785/1785 1820/1820
f 1821/1821 1816/1816 1817/1817
f 1815/1815 1822/1822 1823/1823
f 1824/1824 1825/1825 1826/1826
f 1805/1805 1827/1827 1828/1828
f 1829/1829 1830/1830 1831/1831
f 1784/1784 1832/1832 1833/1833
f 1834/1834 1835/1835 1836/1836
f 1834/1834 1831/1831 1837/1837
f 1838/1838 1839/1839 1840/1840
f 1838/1838 1825/1825 1841/1841
f 1842/1842 1843/1843 1844/1844
f 1843/1843 1845/1845 1846/1846
f 1847/1847 1848/1848 1849/1849
f 1850/1850 1818/1818 1848/1848
f 1851/1851 1852/1852 1853/1853
f 1851/1851 1789/1789 1854/1854
f 1855/1855 1856/1856 1857/1857
f 1858/1858 1807/1807 1856/1856
f 1859/1859 1851/1851 1853/1853
f 1860/1860 1799/1799 1851/1851
f 1861/1861 1855/1855 1781/1781
f 1795/1795 1858/1858 1861/1861
f 1862/1862 1863/1863 1787/1787
f 1862/1862 1794/1794 1864/1864
f 1852/1852 1865/1865 1866/1866
f 1789/1789 1865/1865 1854/1854
f 1867/1867 1850/1850 1847/1847
f 1792/1792 1786/1786 1850/1850
f 1778/1778 1868/1868 1779/1779
f 1868/1868 1861/1861 1780/1780
f 1869/1869 1870/1870 1871/1871
f 1872/1872 1873/1873 1874/1874
f 1875/1875 1876/1876 1877/1877
f 1878/1878 1879/1879 1880/1880
f 1881/1881 1882/1882 1883/1883
f 1884/1884 1885/1885 1886/1886
f 1887/1887 1871/1871 1870/1870
f 1888/1888 1889/1889 1890/1890
f 1891/1891 1873/1873 1892/1892
f 1893/1893 1894/1894 1895/1895
f 1893/1893 1896/1896 1897/1897
f 1898/1898 1871/1871 1899/1899
f 1888/1888 1883/1883 1900/1900
f 1875/1875 1901/1901 1902/1902
f 1903/1903 1875/1875 1902/1902
f 1904/1904 1897/1897 1905/1905
f 1906/1906 1893/1893 1904/1904
f 1903/1903 1907/1907 1908/1908
f 1909/1909 1910/1910 1878/1878
f 1911/1911 1912/1912 1875/1875
f 1913/1913 1914/1914 1915/1915
f 1906/1906 1916/1916 1917/1917
f 1918/1918 1919/1919 1920/1920
f 1921/1921 1896/1896 1895/1895
f 1922/1922 1923/1923 1924/1924
f 1876/1876 1925/1925 1877/1877
f 1926/1926 1927/1927 1928/1928
f 1929/1929 1922/1922 1927/1927
f 1930/1930 1931/1931 1932/1932
f 1931/1931 1918/1918 1920/1920
f 1933/1933 1934/1934 1935/1935
f 1933/1933 1915/1915 1936/1936
f 1937/1937 1938/1938 1939/1939
f 1909/1909 1940/1940 1937/1937
f 1941/1941 1942/1942 1943/1943
f 1942/1942 1881/1881 1888/1888
f 1944/1944 1945/1945 1946/1946
f 1946/1946 1898/1898 1899/1899
f 1947/1947 1942/1942 1948/1948
f 1948/1948 1888/1888 1890/1890
f 1944/1944 1874/1874 1873/1873
f 1946/1946 1887/1887 1874/1874
f 1949/1949 1880/1880 1879/1879
f 1880/1880 1950/1950 1884/1884
f 1941/1941 1951/1951 1952/1952
f 1951/1951 1881/1881 1952/1952
f 1940/1940 1886/1886 1938/1938
f 1940/1940 1880/1880 1884/1884
f 1953/1953 1870/1870 1954/1954
f 1953/1953 1874/1874 1887/1887
f 1955/1955 1956/1956 3/3
f 1956/1956 1/1 3/3
f 4/4 8/8 5/5
f 7/7 151/151 8/8
f 9/9 12/12 10/10
f 12/12 1957/1957 13/13
f 10/10 13/13 14/14
f 11/11 10/10 15/15
f 14/14 19/19 17/17
f 18/18 20/20 17/17
f 15/15 17/17 20/20
f 21/21 24/24 22/22
f 20/20 22/22 24/24
f 18/18 23/23 22/22
f 21/21 23/23 25/25
f 27/27 25/25 23/23
f 26/26 25/25 27/27
f 29/29 33/33 30/30
f 32/32 30/30 33/33
f 35/35 31/31 30/30
f 34/34 38/38 36/36
f 37/37 36/36 38/38
f 32/32 36/36 37/37
f 40/40 42/42 38/38
f 41/41 43/43 42/42
f 43/43 45/45 44/44
f 42/42 44/44 39/39
f 45/45 47/47 46/46
f 47/47 1958/1958 48/48
f 46/46 48/48 49/49
f 44/44 46/46 50/50
f 51/51 54/54 52/52
f 54/54 56/56 55/55
f 52/52 55/55 39/39
f 53/53 52/52 50/50
f 56/56 58/58 57/57
f 37/37 57/57 58/58
f 55/55 57/57 37/37
f 59/59 68/68 60/60
f 49/49 48/48 62/62
f 48/48 1958/1958 64/64
f 61/61 60/60 65/65
f 67/67 70/70 68/68
f 69/69 75/75 70/70
f 71/71 51/51 53/53
f 72/72 53/53 49/49
f 51/51 71/71 73/73
f 75/75 69/69 76/76
f 77/77 76/76 78/78
f 74/74 73/73 80/80
f 51/51 74/74 82/82
f 83/83 82/82 74/74
f 56/56 54/54 82/82
f 81/81 86/86 84/84
f 85/85 87/87 84/84
f 83/83 84/84 87/87
f 88/88 229/229 89/89
f 91/91 88/88 90/90
f 89/89 95/95 93/93
f 94/94 93/93 95/95
f 90/90 93/93 94/94
f 97/97 101/101 98/98
f 100/100 98/98 101/101
f 103/103 99/99 98/98
f 103/103 106/106 104/104
f 105/105 104/104 106/106
f 97/97 99/99 104/104
f 107/107 106/106 108/108
f 106/106 103/103 110/110
f 21/21 26/26 111/111
f 26/26 28/28 113/113
f 114/114 125/125 115/115
f 117/117 1958/1958 47/47
f 118/118 47/47 45/45
f 116/116 115/115 120/120
f 122/122 1959/1959 123/123
f 114/114 131/131 124/124
f 65/65 123/123 126/126
f 127/127 261/261 128/128
f 126/126 1960/1960 130/130
f 129/129 128/128 131/131
f 129/129 133/133 132/132
f 114/114 116/116 133/133
f 133/133 116/116 121/121
f 132/132 133/133 134/134
f 136/136 140/140 134/134
f 137/137 1957/1957 12/12
f 138/138 12/12 9/9
f 140/140 1961/1961 135/135
f 141/141 145/145 142/142
f 144/144 119/119 145/145
f 142/142 145/145 119/119
f 143/143 142/142 146/146
f 43/43 146/146 142/142
f 41/41 147/147 146/146
f 148/148 3/3 2/2
f 151/151 1962/1962 150/150
f 150/150 5/5 8/8
f 152/152 156/156 153/153
f 155/155 153/153 156/156
f 9/9 11/11 158/158
f 159/159 158/158 160/160
f 158/158 163/163 162/162
f 11/11 16/16 163/163
f 162/162 163/163 164/164
f 166/166 165/165 164/164
f 167/167 164/164 163/163
f 168/168 171/171 169/169
f 170/170 169/169 167/167
f 166/166 167/167 169/169
f 168/168 174/174 172/172
f 171/171 172/172 173/173
f 173/173 172/172 174/174
f 176/176 182/182 177/177
f 178/178 177/177 179/179
f 181/181 179/179 177/177
f 180/180 179/179 183/183
f 184/184 183/183 185/185
f 185/185 183/183 179/179
f 184/184 188/188 187/187
f 188/188 191/191 189/189
f 190/190 192/192 191/191
f 186/186 190/190 188/188
f 192/192 190/190 193/193
f 194/194 193/193 195/195
f 193/193 198/198 197/197
f 190/190 186/186 198/198
f 199/199 204/204 200/200
f 201/201 200/200 202/202
f 200/200 198/198 186/186
f 204/204 197/197 198/198
f 203/203 202/202 205/205
f 206/206 205/205 185/185
f 185/185 205/205 202/202
f 59/59 61/61 207/207
f 209/209 195/195 197/197
f 211/211 254/254 212/212
f 61/61 66/66 211/211
f 208/208 213/213 67/67
f 213/213 217/217 69/69
f 204/204 199/199 214/214
f 197/197 204/204 215/215
f 199/199 219/219 216/216
f 217/217 218/218 76/76
f 218/218 1963/1963 78/78
f 219/219 223/223 220/220
f 199/199 201/201 221/221
f 219/219 221/221 222/222
f 203/203 222/222 221/221
f 223/223 222/222 224/224
f 225/225 224/224 226/226
f 226/226 224/224 222/222
f 88/88 230/230 228/228
f 91/91 235/235 230/230
f 228/228 230/230 231/231
f 232/232 231/231 233/233
f 233/233 231/231 230/230
f 236/236 242/242 237/237
f 238/238 237/237 239/239
f 241/241 239/239 237/237
f 241/241 242/242 243/243
f 244/244 243/243 245/245
f 236/236 245/245 243/243
f 108/108 244/244 246/246
f 110/110 241/241 244/244
f 111/111 174/174 168/168
f 113/113 175/175 174/174
f 247/247 252/252 248/248
f 250/250 251/251 194/194
f 251/251 275/275 192/192
f 252/252 264/264 253/253
f 254/254 211/211 255/255
f 247/247 249/249 257/257
f 259/259 255/255 211/211
f 127/127 262/262 260/260
f 130/130 1964/1964 259/259
f 258/258 260/260 262/262
f 132/132 263/263 262/262
f 262/262 263/263 252/252
f 263/263 265/265 264/264
f 132/132 135/135 265/265
f 265/265 269/269 266/266
f 267/267 268/268 159/159
f 268/268 139/139 9/9
f 135/135 1961/1961 269/269
f 270/270 274/274 271/271
f 273/273 271/271 274/274
f 275/275 274/274 270/270
f 272/272 277/277 276/276
f 270/270 276/276 191/191
f 189/189 191/191 276/276
f 278/278 3/3 148/148
f 280/280 1965/1965 281/281
f 152/152 283/283 156/156
f 283/283 1966/1966 157/157
f 284/284 288/288 285/285
f 287/287 290/290 288/288
f 289/289 285/285 288/288
f 291/291 295/295 292/292
f 294/294 292/292 295/295
f 297/297 293/293 292/292
f 296/296 300/300 298/298
f 299/299 301/301 298/298
f 294/294 298/298 301/301
f 296/296 295/295 302/302
f 304/304 302/302 295/295
f 305/305 303/303 302/302
f 306/306 310/310 307/307
f 309/309 307/307 310/310
f 312/312 308/308 307/307
f 313/313 315/315 310/310
f 314/314 316/316 315/315
f 311/311 310/310 315/315
f 306/306 308/308 317/317
f 312/312 319/319 317/317
f 318/318 317/317 319/319
f 321/321 323/323 318/318
f 322/322 324/324 323/323
f 306/306 318/318 323/323
f 325/325 328/328 326/326
f 291/291 293/293 328/328
f 326/326 328/328 293/293
f 329/329 333/333 330/330
f 332/332 335/335 333/333
f 334/334 330/330 333/333
f 336/336 338/338 324/324
f 337/337 339/339 338/338
f 324/324 338/338 339/339
f 340/340 344/344 341/341
f 343/343 345/345 341/341
f 342/342 341/341 345/345
f 342/342 347/347 346/346
f 337/337 336/336 347/347
f 322/322 346/346 347/347
f 348/348 352/352 349/349
f 351/351 353/353 349/349
f 350/350 349/349 353/353
f 350/350 356/356 355/355
f 354/354 358/358 356/356
f 357/357 355/355 356/356
f 331/331 361/361 359/359
f 360/360 362/362 359/359
f 329/329 359/359 362/362
f 331/331 365/365 363/363
f 364/364 363/363 365/365
f 360/360 361/361 363/363
f 367/367 369/369 365/365
f 368/368 370/370 369/369
f 366/366 365/365 369/369
f 371/371 375/375 372/372
f 374/374 372/372 375/375
f 373/373 372/372 374/374
f 378/378 382/382 379/379
f 381/381 379/379 382/382
f 380/380 379/379 381/381
f 385/385 389/389 386/386
f 388/388 391/391 389/389
f 390/390 386/386 389/389
f 392/392 395/395 393/393
f 394/394 397/397 395/395
f 396/396 393/393 395/395
f 398/398 399/399 393/393
f 390/390 391/391 399/399
f 393/393 399/399 391/391
f 400/400 404/404 401/401
f 403/403 406/406 404/404
f 405/405 401/401 404/404
f 400/400 408/408 407/407
f 402/402 410/410 408/408
f 409/409 407/407 408/408
f 411/411 415/415 412/412
f 414/414 412/412 415/415
f 417/417 413/413 412/412
f 418/418 421/421 419/419
f 387/387 386/386 419/419
f 420/420 419/419 386/386
f 422/422 425/425 423/423
f 289/289 290/290 425/425
f 287/287 423/423 425/425
f 286/286 428/428 426/426
f 427/427 429/429 426/426
f 284/284 426/426 429/429
f 430/430 432/432 326/326
f 431/431 433/433 432/432
f 327/327 326/326 432/432
f 434/434 438/438 435/435
f 437/437 435/435 438/438
f 436/436 435/435 437/437
f 438/438 442/442 441/441
f 434/434 443/443 442/442
f 441/441 442/442 443/443
f 445/445 448/448 446/446
f 434/434 436/436 448/448
f 446/446 448/448 436/436
f 434/434 445/445 449/449
f 450/450 449/449 445/445
f 443/443 449/449 450/450
f 451/451 455/455 452/452
f 454/454 457/457 455/455
f 456/456 452/452 455/455
f 451/451 459/459 458/458
f 453/453 461/461 459/459
f 460/460 458/458 459/459
f 462/462 466/466 463/463
f 465/465 467/467 463/463
f 464/464 463/463 467/467
f 469/469 473/473 470/470
f 472/472 474/474 470/470
f 471/471 470/470 474/474
f 456/456 457/457 476/476
f 454/454 478/478 476/476
f 477/477 476/476 478/478
f 480/480 484/484 481/481
f 483/483 485/485 481/481
f 482/482 481/481 485/485
f 486/486 490/490 487/487
f 489/489 491/491 490/490
f 487/487 490/490 491/491
f 488/488 487/487 493/493
f 495/495 493/493 487/487
f 496/496 494/494 493/493
f 497/497 500/500 498/498
f 489/489 486/486 500/500
f 498/498 500/500 486/486
f 498/498 502/502 501/501
f 488/488 503/503 502/502
f 475/475 501/501 502/502
f 504/504 507/507 505/505
f 497/497 505/505 507/507
f 499/499 506/506 505/505
f 492/492 491/491 508/508
f 507/507 508/508 491/491
f 504/504 509/509 508/508
f 475/475 503/503 510/510
f 488/488 511/511 510/510
f 471/471 510/510 511/511
f 512/512 516/516 513/513
f 515/515 518/518 516/516
f 517/517 513/513 516/516
f 519/519 522/522 520/520
f 511/511 520/520 522/522
f 488/488 521/521 520/520
f 496/496 524/524 523/523
f 519/519 521/521 523/523
f 494/494 523/523 521/521
f 525/525 529/529 526/526
f 528/528 526/526 529/529
f 531/531 527/527 526/526
f 530/530 529/529 532/532
f 534/534 532/532 529/529
f 535/535 533/533 532/532
f 536/536 538/538 527/527
f 537/537 538/538 536/536
f 525/525 527/527 538/538
f 539/539 541/541 536/536
f 540/540 542/542 541/541
f 536/536 541/541 542/542
f 543/543 546/546 544/544
f 545/545 548/548 546/546
f 547/547 544/544 546/546
f 549/549 552/552 550/550
f 551/551 553/553 552/552
f 462/462 550/550 552/552
f 464/464 554/554 550/550
f 468/468 544/544 554/554
f 547/547 550/550 554/554
f 555/555 558/558 556/556
f 557/557 559/559 558/558
f 515/515 556/556 558/558
f 540/540 556/556 560/560
f 512/512 560/560 556/556
f 514/514 542/542 560/560
f 561/561 562/562 485/485
f 545/545 543/543 562/562
f 468/468 485/485 562/562
f 563/563 565/565 461/461
f 564/564 566/566 565/565
f 461/461 565/565 566/566
f 567/567 571/571 568/568
f 570/570 572/572 568/568
f 569/569 568/568 572/572
f 574/574 578/578 575/575
f 577/577 575/575 578/578
f 579/579 576/576 575/575
f 465/465 466/466 580/580
f 462/462 581/581 580/580
f 577/577 580/580 581/581
f 533/533 585/585 582/582
f 583/583 585/585 533/533
f 584/584 582/582 585/585
f 553/553 587/587 586/586
f 551/551 588/588 587/587
f 586/586 587/587 588/588
f 579/579 581/581 590/590
f 586/586 590/590 581/581
f 591/591 590/590 586/586
f 592/592 596/596 593/593
f 595/595 593/593 596/596
f 597/597 594/594 593/593
f 573/573 600/600 598/598
f 599/599 601/601 598/598
f 569/569 598/598 601/601
f 599/599 603/603 602/602
f 595/595 602/602 603/603
f 601/601 602/602 595/595
f 604/604 608/608 605/605
f 607/607 605/605 608/608
f 610/610 609/609 608/608
f 611/611 614/614 612/612
f 613/613 612/612 605/605
f 606/606 605/605 612/612
f 615/615 619/619 616/616
f 618/618 616/616 619/619
f 621/621 620/620 619/619
f 622/622 626/626 623/623
f 625/625 623/623 626/626
f 627/627 626/626 622/622
f 629/629 634/634 630/630
f 631/631 630/630 632/632
f 632/632 630/630 634/634
f 636/636 641/641 637/637
f 639/639 638/638 637/637
f 640/640 637/637 641/641
f 643/643 644/644 641/641
f 642/642 641/641 644/644
f 646/646 645/645 644/644
f 647/647 651/651 648/648
f 650/650 648/648 651/651
f 653/653 652/652 651/651
f 647/647 656/656 654/654
f 655/655 654/654 656/656
f 649/649 657/657 656/656
f 658/658 662/662 659/659
f 661/661 659/659 662/662
f 664/664 663/663 662/662
f 665/665 666/666 616/616
f 617/617 616/616 666/666
f 668/668 667/667 666/666
f 660/660 672/672 669/669
f 658/658 669/669 670/670
f 671/671 670/670 669/669
f 673/673 680/680 674/674
f 676/676 1303/1303 677/677
f 679/679 1967/1967 680/680
f 681/681 1317/1317 682/682
f 684/684 693/693 685/685
f 687/687 1968/1968 688/688
f 690/690 695/695 691/691
f 691/691 695/695 693/693
f 694/694 693/693 695/695
f 696/696 699/699 697/697
f 698/698 697/697 699/699
f 701/701 1292/1292 702/702
f 675/675 674/674 704/704
f 705/705 1969/1969 706/706
f 708/708 930/930 709/709
f 711/711 714/714 712/712
f 692/692 713/713 712/712
f 694/694 690/690 712/712
f 691/691 717/717 715/715
f 716/716 715/715 717/717
f 718/718 717/717 691/691
f 719/719 723/723 720/720
f 722/722 720/720 723/723
f 725/725 724/724 723/723
f 726/726 731/731 727/727
f 728/728 727/727 729/729
f 730/730 729/729 727/727
f 732/732 735/735 733/733
f 726/726 733/733 735/735
f 730/730 731/731 735/735
f 736/736 741/741 737/737
f 738/738 737/737 739/739
f 740/740 739/739 737/737
f 742/742 743/743 729/729
f 655/655 729/729 743/743
f 653/653 654/654 743/743
f 660/660 659/659 744/744
f 745/745 744/744 746/746
f 661/661 746/746 744/744
f 747/747 746/746 748/748
f 740/740 749/749 748/748
f 739/739 748/748 746/746
f 750/750 753/753 751/751
f 752/752 751/751 753/753
f 754/754 753/753 750/750
f 755/755 759/759 756/756
f 756/756 759/759 757/757
f 758/758 757/757 759/759
f 760/760 763/763 761/761
f 762/762 761/761 741/741
f 741/741 761/761 763/763
f 764/764 768/768 765/765
f 758/758 766/766 765/765
f 767/767 765/765 768/768
f 679/679 673/673 769/769
f 767/767 769/769 757/757
f 675/675 757/757 769/769
f 754/754 771/771 770/770
f 698/698 770/770 771/771
f 675/675 697/697 771/771
f 772/772 773/773 762/762
f 760/760 762/762 773/773
f 774/774 773/773 772/772
f 607/607 756/756 776/776
f 611/611 613/613 776/776
f 750/750 776/776 756/756
f 747/747 749/749 777/777
f 779/779 778/778 777/777
f 780/780 777/777 749/749
f 722/722 724/724 781/781
f 782/782 781/781 783/783
f 725/725 783/783 781/781
f 785/785 788/788 768/768
f 768/768 788/788 786/786
f 787/787 786/786 788/788
f 789/789 1324/1324 790/790
f 792/792 1970/1970 793/793
f 795/795 799/799 796/796
f 798/798 796/796 799/799
f 794/794 799/799 795/795
f 800/800 803/803 801/801
f 798/798 801/801 803/803
f 797/797 796/796 803/803
f 804/804 809/809 805/805
f 807/807 806/806 805/805
f 808/808 805/805 809/809
f 810/810 813/813 811/811
f 807/807 811/811 813/813
f 804/804 806/806 813/813
f 814/814 819/819 815/815
f 817/817 816/816 815/815
f 818/818 815/815 819/819
f 808/808 821/821 820/820
f 642/642 820/820 821/821
f 639/639 640/640 821/821
f 618/618 824/824 822/822
f 668/668 665/665 822/822
f 823/823 822/822 824/824
f 825/825 827/827 826/826
f 823/823 826/826 818/818
f 817/817 818/818 826/826
f 828/828 831/831 829/829
f 830/830 829/829 816/816
f 816/816 829/829 831/831
f 832/832 835/835 833/833
f 834/834 833/833 770/770
f 752/752 770/770 833/833
f 825/825 839/839 836/836
f 827/827 836/836 837/837
f 838/838 837/837 836/836
f 831/831 843/843 840/840
f 840/840 843/843 841/841
f 828/828 841/841 843/843
f 834/834 846/846 844/844
f 845/845 844/844 846/846
f 847/847 846/846 834/834
f 848/848 851/851 795/795
f 795/795 851/851 849/849
f 850/850 849/849 851/851
f 852/852 856/856 853/853
f 855/855 853/853 856/856
f 858/858 857/857 856/856
f 852/852 861/861 859/859
f 860/860 859/859 861/861
f 854/854 862/862 861/861
f 863/863 866/866 864/864
f 858/858 864/864 866/866
f 855/855 857/857 866/866
f 854/854 869/869 867/867
f 860/860 862/862 867/867
f 868/868 867/867 869/869
f 871/871 1971/1971 872/872
f 874/874 1972/1972 678/678
f 875/875 1973/1973 714/714
f 876/876 1974/1974 877/877
f 879/879 1302/1302 880/880
f 882/882 1309/1309 883/883
f 734/734 733/733 885/885
f 887/887 886/886 885/885
f 888/888 885/885 733/733
f 889/889 1975/1975 890/890
f 892/892 1976/1976 893/893
f 680/680 1977/1977 895/895
f 812/812 898/898 896/896
f 810/810 896/896 897/897
f 681/681 897/897 896/896
f 801/801 1978/1978 899/899
f 900/900 886/886 901/901
f 708/708 710/710 903/903
f 683/683 1352/1352 911/911
f 920/920 1321/1321 908/908
f 928/928 1309/1309 791/791
f 904/904 1300/1300 930/930
f 931/931 1343/1343 932/932
f 934/934 1293/1293 935/935
f 789/789 1979/1979 937/937
f 817/817 837/837 939/939
f 830/830 939/939 940/940
f 940/940 939/939 837/837
f 842/842 841/841 941/941
f 942/942 941/941 943/943
f 943/943 941/941 841/841
f 944/944 943/943 945/945
f 947/947 946/946 945/945
f 948/948 945/945 943/943
f 838/838 950/950 949/949
f 940/940 949/949 948/948
f 948/948 949/949 950/950
f 740/740 763/763 951/951
f 780/780 951/951 952/952
f 952/952 951/951 763/763
f 953/953 958/958 954/954
f 955/955 954/954 956/956
f 956/956 954/954 958/958
f 959/959 963/963 960/960
f 961/961 960/960 962/962
f 962/962 960/960 963/963
f 779/779 952/952 964/964
f 956/956 964/964 962/962
f 760/760 962/962 964/964
f 965/965 969/969 966/966
f 968/968 966/966 969/969
f 971/971 970/970 969/969
f 972/972 978/978 973/973
f 974/974 973/973 975/975
f 977/977 975/975 973/973
f 976/976 975/975 979/979
f 981/981 980/980 979/979
f 982/982 979/979 975/975
f 976/976 986/986 983/983
f 974/974 983/983 984/984
f 985/985 984/984 983/983
f 987/987 993/993 988/988
f 989/989 988/988 990/990
f 992/992 990/990 988/988
f 989/989 996/996 994/994
f 995/995 994/994 996/996
f 991/991 997/997 996/996
f 987/987 1000/1000 998/998
f 992/992 993/993 998/998
f 999/999 998/998 1000/1000
f 1000/1000 1004/1004 1002/1002
f 1003/1003 1002/1002 1004/1004
f 987/987 1005/1005 1004/1004
f 1006/1006 1009/1009 1007/1007
f 972/972 1007/1007 1009/1009
f 978/978 1009/1009 1006/1006
f 1010/1010 1014/1014 1011/1011
f 1013/1013 1011/1011 1014/1014
f 1016/1016 1015/1015 1014/1014
f 1005/1005 1019/1019 1017/1017
f 1018/1018 1017/1017 1019/1019
f 1020/1020 1019/1019 1005/1005
f 1021/1021 1026/1026 1022/1022
f 1024/1024 1023/1023 1022/1022
f 1025/1025 1022/1022 1026/1026
f 1027/1027 1028/1028 1026/1026
f 1018/1018 1026/1026 1028/1028
f 1003/1003 1017/1017 1028/1028
f 1029/1029 1034/1034 1030/1030
f 1032/1032 1031/1031 1030/1030
f 1033/1033 1030/1030 1034/1034
f 1036/1036 1037/1037 1034/1034
f 1035/1035 1034/1034 1037/1037
f 1039/1039 1038/1038 1037/1037
f 1012/1012 1011/1011 1040/1040
f 1042/1042 1041/1041 1040/1040
f 1043/1043 1040/1040 1011/1011
f 1012/1012 1041/1041 1044/1044
f 1045/1045 1044/1044 1046/1046
f 1042/1042 1046/1046 1044/1044
f 1045/1045 1050/1050 1048/1048
f 1049/1049 1048/1048 1050/1050
f 1047/1047 1051/1051 1050/1050
f 1052/1052 1057/1057 1053/1053
f 1054/1054 1053/1053 1055/1055
f 1055/1055 1053/1053 1057/1057
f 1059/1059 1064/1064 1060/1060
f 1061/1061 1060/1060 1062/1062
f 1062/1062 1060/1060 1064/1064
f 1066/1066 1070/1070 1067/1067
f 1069/1069 1067/1067 1070/1070
f 1072/1072 1071/1071 1070/1070
f 1073/1073 1076/1076 1074/1074
f 1075/1075 1074/1074 1076/1076
f 1077/1077 1076/1076 1073/1073
f 1073/1073 1080/1080 1079/1079
f 1072/1072 1079/1079 1080/1080
f 1071/1071 1080/1080 1073/1073
f 1081/1081 1085/1085 1082/1082
f 1084/1084 1082/1082 1085/1085
f 1087/1087 1086/1086 1085/1085
f 1088/1088 1089/1089 1082/1082
f 1083/1083 1082/1082 1089/1089
f 1091/1091 1090/1090 1089/1089
f 1092/1092 1098/1098 1093/1093
f 1094/1094 1093/1093 1095/1095
f 1097/1097 1095/1095 1093/1093
f 1099/1099 1102/1102 1100/1100
f 1068/1068 1101/1101 1100/1100
f 1066/1066 1100/1100 1102/1102
f 1103/1103 1106/1106 1104/1104
f 971/971 1104/1104 1106/1106
f 968/968 970/970 1106/1106
f 967/967 966/966 1107/1107
f 1109/1109 1108/1108 1107/1107
f 1110/1110 1107/1107 966/966
f 1006/1006 1113/1113 1111/1111
f 1112/1112 1111/1111 1113/1113
f 1008/1008 1114/1114 1113/1113
f 1115/1115 1120/1120 1116/1116
f 1117/1117 1116/1116 1118/1118
f 1118/1118 1116/1116 1120/1120
f 1122/1122 1123/1123 1117/1117
f 1115/1115 1117/1117 1123/1123
f 1124/1124 1123/1123 1122/1122
f 1126/1126 1129/1129 1127/1127
f 1115/1115 1127/1127 1129/1129
f 1120/1120 1129/1129 1126/1126
f 1115/1115 1124/1124 1130/1130
f 1127/1127 1130/1130 1131/1131
f 1131/1131 1130/1130 1124/1124
f 1132/1132 1136/1136 1133/1133
f 1135/1135 1133/1133 1136/1136
f 1138/1138 1137/1137 1136/1136
f 1139/1139 1140/1140 1133/1133
f 1134/1134 1133/1133 1140/1140
f 1142/1142 1141/1141 1140/1140
f 1143/1143 1148/1148 1144/1144
f 1146/1146 1145/1145 1144/1144
f 1147/1147 1144/1144 1148/1148
f 1150/1150 1155/1155 1151/1151
f 1153/1153 1152/1152 1151/1151
f 1154/1154 1151/1151 1155/1155
f 1138/1138 1159/1159 1157/1157
f 1135/1135 1137/1137 1157/1157
f 1158/1158 1157/1157 1159/1159
f 1161/1161 1166/1166 1162/1162
f 1164/1164 1163/1163 1162/1162
f 1165/1165 1162/1162 1166/1166
f 1167/1167 1171/1171 1168/1168
f 1170/1170 1168/1168 1171/1171
f 1172/1172 1171/1171 1167/1167
f 1169/1169 1177/1177 1174/1174
f 1167/1167 1174/1174 1175/1175
f 1176/1176 1175/1175 1174/1174
f 1178/1178 1181/1181 1179/1179
f 1170/1170 1179/1179 1181/1181
f 1168/1168 1181/1181 1178/1178
f 1182/1182 1183/1183 1178/1178
f 1169/1169 1178/1178 1183/1183
f 1156/1156 1184/1184 1183/1183
f 1185/1185 1188/1188 1186/1186
f 1187/1187 1186/1186 1179/1179
f 1180/1180 1179/1179 1186/1186
f 1173/1173 1190/1190 1189/1189
f 1172/1172 1189/1189 1187/1187
f 1185/1185 1187/1187 1189/1189
f 1156/1156 1155/1155 1191/1191
f 1169/1169 1184/1184 1191/1191
f 1192/1192 1191/1191 1155/1155
f 1193/1193 1197/1197 1194/1194
f 1196/1196 1194/1194 1197/1197
f 1150/1150 1198/1198 1197/1197
f 1195/1195 1200/1200 1199/1199
f 1193/1193 1199/1199 1192/1192
f 1169/1169 1192/1192 1199/1199
f 1176/1176 1177/1177 1201/1201
f 1195/1195 1202/1202 1201/1201
f 1200/1200 1201/1201 1177/1177
f 1203/1203 1209/1209 1204/1204
f 1205/1205 1204/1204 1206/1206
f 1208/1208 1206/1206 1204/1204
f 1207/1207 1213/1213 1210/1210
f 1205/1205 1210/1210 1211/1211
f 1212/1212 1211/1211 1210/1210
f 1209/1209 1217/1217 1214/1214
f 1214/1214 1217/1217 1215/1215
f 1203/1203 1215/1215 1217/1217
f 1214/1214 1220/1220 1218/1218
f 1219/1219 1218/1218 1220/1220
f 1221/1221 1220/1220 1214/1214
f 1222/1222 1225/1225 1223/1223
f 1224/1224 1223/1223 1225/1225
f 1227/1227 1226/1226 1225/1225
f 1228/1228 1231/1231 1229/1229
f 1230/1230 1229/1229 1231/1231
f 1143/1143 1232/1232 1231/1231
f 1228/1228 1233/1233 1148/1148
f 1149/1149 1148/1148 1233/1233
f 1227/1227 1222/1222 1233/1233
f 1234/1234 1237/1237 1235/1235
f 1236/1236 1235/1235 1237/1237
f 1239/1239 1238/1238 1237/1237
f 1219/1219 1221/1221 1240/1240
f 1234/1234 1240/1240 1241/1241
f 1216/1216 1241/1241 1240/1240
f 1165/1165 1243/1243 1242/1242
f 1224/1224 1242/1242 1243/1243
f 1149/1149 1223/1223 1243/1243
f 1141/1141 1246/1246 1244/1244
f 1245/1245 1244/1244 1246/1246
f 1247/1247 1246/1246 1141/1141
f 1248/1248 1253/1253 1249/1249
f 1251/1251 1250/1250 1249/1249
f 1252/1252 1249/1249 1253/1253
f 1255/1255 1260/1260 1256/1256
f 1257/1257 1256/1256 1258/1258
f 1259/1259 1258/1258 1256/1256
f 1146/1146 1258/1258 1261/1261
f 1143/1143 1145/1145 1261/1261
f 1262/1262 1261/1261 1258/1258
f 1263/1263 1266/1266 1213/1213
f 1213/1213 1266/1266 1264/1264
f 1265/1265 1264/1264 1266/1266
f 1267/1267 1268/1268 1232/1232
f 1230/1230 1232/1232 1268/1268
f 1269/1269 1268/1268 1267/1267
f 1259/1259 1272/1272 1271/1271
f 1262/1262 1271/1271 1267/1267
f 1267/1267 1271/1271 1272/1272
f 1273/1273 1278/1278 1274/1274
f 1275/1275 1274/1274 1276/1276
f 1277/1277 1276/1276 1274/1274
f 1254/1254 1253/1253 1279/1279
f 1281/1281 1280/1280 1279/1279
f 1282/1282 1279/1279 1253/1253
f 1281/1281 1282/1282 1283/1283
f 1284/1284 1283/1283 1276/1276
f 1276/1276 1283/1283 1282/1282
f 912/912 911/911 920/920
f 909/909 1351/1351 1285/1285
f 704/704 674/674 895/895
f 1288/1288 1980/1980 1289/1289
f 1291/1291 1341/1341 1292/1292
f 1293/1293 1981/1981 1294/1294
f 704/704 1287/1287 1296/1296
f 894/894 893/893 1297/1297
f 904/904 1982/1982 1299/1299
f 879/879 700/700 1301/1301
f 887/887 1315/1315 901/901
f 929/929 791/791 677/677
f 1304/1304 1983/1983 1303/1303
f 678/678 677/677 791/791
f 900/900 902/902 1305/1305
f 1307/1307 1981/1981 1293/1293
f 699/699 696/696 1296/1296
f 882/882 935/935 1293/1293
f 884/884 936/936 935/935
f 1295/1295 1325/1325 1309/1309
f 1310/1310 1984/1984 1311/1311
f 1286/1286 1285/1285 1313/1313
f 887/887 909/909 1286/1286
f 681/681 898/898 1316/1316
f 1318/1318 1985/1985 1319/1319
f 1321/1321 1351/1351 909/909
f 710/710 709/709 1322/1322
f 1324/1324 937/937 1325/1325
f 933/933 1976/1976 892/892
f 1290/1290 1289/1289 1329/1329
f 872/872 1349/1349 1290/1290
f 1317/1317 1316/1316 1310/1310
f 890/890 901/901 1315/1315
f 936/936 1328/1328 1330/1330
f 936/936 884/884 1331/1331
f 1332/1332 1300/1300 1299/1299
f 1335/1335 883/883 1309/1309
f 1309/1309 928/928 1334/1334
f 1317/1317 1326/1326 1336/1336
f 1315/1315 1286/1286 1314/1314
f 1337/1337 682/682 1336/1336
f 895/895 1977/1977 1297/1297
f 1297/1297 1977/1977 1339/1339
f 1340/1340 1986/1986 878/878
f 1341/1341 1987/1987 1342/1342
f 1301/1301 1308/1308 932/932
f 932/932 1308/1308 1296/1296
f 1287/1287 1976/1976 933/933
f 893/893 1976/1976 1287/1287
f 1343/1343 1988/1988 1302/1302
f 1302/1302 1988/1988 1344/1344
f 890/890 1975/1975 902/902
f 1345/1345 1989/1989 1329/1329
f 1322/1322 709/709 1346/1346
f 1346/1346 709/709 930/930
f 1288/1288 1290/1290 1349/1349
f 911/911 1352/1352 1321/1321
f 1352/1352 1351/1351 1321/1321
f 1285/1285 1337/1337 1338/1338
f 1351/1351 1352/1352 1337/1337
f 683/683 682/682 1337/1337
f 1353/1353 1356/1356 1354/1354
f 1356/1356 1359/1359 1357/1357
f 1358/1358 1765/1765 1359/1359
f 1360/1360 1358/1358 1356/1356
f 1361/1361 1366/1366 1362/1362
f 1364/1364 1363/1363 1362/1362
f 1365/1365 1362/1362 1366/1366
f 1368/1368 1372/1372 1369/1369
f 1371/1371 1369/1369 1372/1372
f 1361/1361 1373/1373 1372/1372
f 1368/1368 1374/1374 1366/1366
f 1367/1367 1366/1366 1374/1374
f 1370/1370 1375/1375 1374/1374
f 1376/1376 1382/1382 1377/1377
f 1378/1378 1377/1377 1379/1379
f 1377/1377 1383/1383 1381/1381
f 1382/1382 1364/1364 1383/1383
f 1384/1384 1385/1385 1383/1383
f 1381/1381 1383/1383 1385/1385
f 1387/1387 1386/1386 1385/1385
f 1388/1388 1393/1393 1389/1389
f 1390/1390 1389/1389 1391/1391
f 1389/1389 1394/1394 1392/1392
f 1393/1393 1774/1774 1394/1394
f 1395/1395 1398/1398 1396/1396
f 1398/1398 1400/1400 1392/1392
f 1399/1399 1403/1403 1400/1400
f 1395/1395 1402/1402 1399/1399
f 1401/1401 1404/1404 1399/1399
f 1403/1403 1399/1399 1404/1404
f 1406/1406 1405/1405 1404/1404
f 1407/1407 1411/1411 1408/1408
f 1410/1410 1408/1408 1411/1411
f 1387/1387 1412/1412 1411/1411
f 1413/1413 1418/1418 1414/1414
f 1416/1416 1415/1415 1414/1414
f 1417/1417 1414/1414 1418/1418
f 1419/1419 1423/1423 1420/1420
f 1417/1417 1420/1420 1421/1421
f 1422/1422 1421/1421 1420/1420
f 1424/1424 1430/1430 1425/1425
f 1426/1426 1425/1425 1427/1427
f 1429/1429 1427/1427 1425/1425
f 1431/1431 1432/1432 1427/1427
f 1428/1428 1427/1427 1432/1432
f 1434/1434 1433/1433 1432/1432
f 1435/1435 1440/1440 1436/1436
f 1438/1438 1437/1437 1436/1436
f 1439/1439 1436/1436 1440/1440
f 1441/1441 1440/1440 1442/1442
f 1444/1444 1443/1443 1442/1442
f 1445/1445 1442/1442 1440/1440
f 1446/1446 1450/1450 1447/1447
f 1449/1449 1447/1447 1450/1450
f 1452/1452 1451/1451 1450/1450
f 1446/1446 1455/1455 1453/1453
f 1454/1454 1453/1453 1455/1455
f 1448/1448 1456/1456 1455/1455
f 1457/1457 1461/1461 1458/1458
f 1460/1460 1458/1458 1461/1461
f 1463/1463 1462/1462 1461/1461
f 1459/1459 1458/1458 1464/1464
f 1466/1466 1465/1465 1464/1464
f 1467/1467 1464/1464 1458/1458
f 1462/1462 1471/1471 1468/1468
f 1468/1468 1471/1471 1469/1469
f 1463/1463 1469/1469 1471/1471
f 1472/1472 1473/1473 1433/1433
f 1428/1428 1433/1433 1473/1473
f 1475/1475 1474/1474 1473/1473
f 1476/1476 1478/1478 1477/1477
f 1438/1438 1477/1477 1478/1478
f 1435/1435 1437/1437 1478/1478
f 1479/1479 1480/1480 1477/1477
f 1397/1397 1477/1477 1480/1480
f 1402/1402 1395/1395 1480/1480
f 1481/1481 1485/1485 1482/1482
f 1484/1484 1482/1482 1485/1485
f 1487/1487 1486/1486 1485/1485
f 1483/1483 1491/1491 1488/1488
f 1481/1481 1488/1488 1489/1489
f 1490/1490 1489/1489 1488/1488
f 1492/1492 1493/1493 1486/1486
f 1484/1484 1486/1486 1493/1493
f 1494/1494 1493/1493 1492/1492
f 1423/1423 1498/1498 1496/1496
f 1497/1497 1496/1496 1498/1498
f 1419/1419 1499/1499 1498/1498
f 1500/1500 1503/1503 1501/1501
f 1452/1452 1501/1501 1503/1503
f 1449/1449 1451/1451 1503/1503
f 1500/1500 1505/1505 1504/1504
f 1409/1409 1504/1504 1505/1505
f 1502/1502 1506/1506 1505/1505
f 1497/1497 1499/1499 1507/1507
f 1508/1508 1507/1507 1509/1509
f 1507/1507 1512/1512 1511/1511
f 1499/1499 1419/1419 1512/1512
f 1495/1495 1515/1515 1513/1513
f 1484/1484 1494/1494 1513/1513
f 1514/1514 1513/1513 1515/1515
f 1517/1517 1518/1518 1515/1515
f 1516/1516 1515/1515 1518/1518
f 1520/1520 1519/1519 1518/1518
f 1382/1382 1523/1523 1521/1521
f 1522/1522 1521/1521 1523/1523
f 1524/1524 1523/1523 1382/1382
f 1475/1475 1529/1529 1525/1525
f 1474/1474 1525/1525 1526/1526
f 1527/1527 1632/1632 1526/1526
f 1528/1528 1527/1527 1525/1525
f 1530/1530 1533/1533 1531/1531
f 1532/1532 1531/1531 1533/1533
f 1535/1535 1534/1534 1533/1533
f 1470/1470 1469/1469 1536/1536
f 1530/1530 1536/1536 1537/1537
f 1463/1463 1537/1537 1536/1536
f 1390/1390 1540/1540 1538/1538
f 1539/1539 1538/1538 1540/1540
f 1541/1541 1540/1540 1390/1390
f 1542/1542 1547/1547 1543/1543
f 1545/1545 1544/1544 1543/1543
f 1546/1546 1543/1543 1547/1547
f 1549/1549 1555/1555 1550/1550
f 1551/1551 1550/1550 1552/1552
f 1554/1554 1552/1552 1550/1550
f 1354/1354 1558/1558 1556/1556
f 1557/1557 1556/1556 1558/1558
f 1357/1357 1559/1559 1558/1558
f 1560/1560 1564/1564 1561/1561
f 1563/1563 1561/1561 1564/1564
f 1459/1459 1565/1565 1564/1564
f 1562/1562 1567/1567 1566/1566
f 1560/1560 1566/1566 1457/1457
f 1463/1463 1457/1457 1566/1566
f 1568/1568 1571/1571 1569/1569
f 1428/1428 1570/1570 1569/1569
f 1426/1426 1569/1569 1571/1571
f 1572/1572 1573/1573 1571/1571
f 1424/1424 1571/1571 1573/1573
f 1575/1575 1574/1574 1573/1573
f 1576/1576 1581/1581 1577/1577
f 1579/1579 1578/1578 1577/1577
f 1580/1580 1577/1577 1581/1581
f 1583/1583 1584/1584 1581/1581
f 1582/1582 1581/1581 1584/1584
f 1586/1586 1585/1585 1584/1584
f 1587/1587 1590/1590 1588/1588
f 1484/1484 1589/1589 1588/1588
f 1482/1482 1588/1588 1590/1590
f 1591/1591 1592/1592 1590/1590
f 1483/1483 1590/1590 1592/1592
f 1594/1594 1593/1593 1592/1592
f 1595/1595 1598/1598 1596/1596
f 1597/1597 1596/1596 1598/1598
f 1600/1600 1599/1599 1598/1598
f 1360/1360 1353/1353 1601/1601
f 1595/1595 1601/1601 1602/1602
f 1355/1355 1602/1602 1601/1601
f 1603/1603 1607/1607 1604/1604
f 1606/1606 1604/1604 1607/1607
f 1609/1609 1608/1608 1607/1607
f 1610/1610 1613/1613 1611/1611
f 1612/1612 1611/1611 1613/1613
f 1615/1615 1614/1614 1613/1613
f 1616/1616 1617/1617 1512/1512
f 1511/1511 1512/1512 1617/1617
f 1615/1615 1618/1618 1617/1617
f 1619/1619 1621/1621 1620/1620
f 1621/1621 1624/1624 1622/1622
f 1623/1623 1990/1990 1624/1624
f 1516/1516 1623/1623 1621/1621
f 1587/1587 1589/1589 1625/1625
f 1619/1619 1625/1625 1514/1514
f 1484/1484 1514/1514 1625/1625
f 1551/1551 1628/1628 1626/1626
f 1627/1627 1626/1626 1628/1628
f 1629/1629 1628/1628 1551/1551
f 1545/1545 1634/1634 1630/1630
f 1544/1544 1630/1630 1631/1631
f 1630/1630 1761/1761 1632/1632
f 1633/1633 1761/1761 1630/1630
f 1635/1635 1636/1636 1570/1570
f 1636/1636 1638/1638 1568/1568
f 1637/1637 1728/1728 1638/1638
f 1633/1633 1637/1637 1636/1636
f 1639/1639 1640/1640 1578/1578
f 1640/1640 1642/1642 1576/1576
f 1641/1641 1763/1763 1642/1642
f 1643/1643 1641/1641 1640/1640
f 1644/1644 1645/1645 1639/1639
f 1643/1643 1639/1639 1645/1645
f 1647/1647 1646/1646 1645/1645
f 1562/1562 1649/1649 1648/1648
f 1463/1463 1567/1567 1648/1648
f 1537/1537 1648/1648 1649/1649
f 1650/1650 1653/1653 1651/1651
f 1652/1652 1651/1651 1653/1653
f 1655/1655 1654/1654 1653/1653
f 1656/1656 1659/1659 1547/1547
f 1547/1547 1659/1659 1657/1657
f 1658/1658 1657/1657 1659/1659
f 1660/1660 1664/1664 1661/1661
f 1663/1663 1661/1661 1664/1664
f 1666/1666 1665/1665 1664/1664
f 1667/1667 1671/1671 1668/1668
f 1670/1670 1668/1668 1671/1671
f 1413/1413 1672/1672 1671/1671
f 1669/1669 1674/1674 1673/1673
f 1667/1667 1673/1673 1418/1418
f 1419/1419 1418/1418 1673/1673
f 1675/1675 1679/1679 1676/1676
f 1678/1678 1676/1676 1679/1679
f 1680/1680 1679/1679 1675/1675
f 1546/1546 1684/1684 1682/1682
f 1683/1683 1682/1682 1684/1684
f 1685/1685 1684/1684 1546/1546
f 1686/1686 1689/1689 1552/1552
f 1552/1552 1689/1689 1687/1687
f 1688/1688 1687/1687 1689/1689
f 1690/1690 1695/1695 1691/1691
f 1691/1691 1695/1695 1692/1692
f 1694/1694 1692/1692 1695/1695
f 1696/1696 1700/1700 1697/1697
f 1699/1699 1697/1697 1700/1700
f 1702/1702 1701/1701 1700/1700
f 1696/1696 1705/1705 1703/1703
f 1704/1704 1703/1703 1705/1705
f 1698/1698 1706/1706 1705/1705
f 1707/1707 1709/1709 1708/1708
f 1677/1677 1708/1708 1709/1709
f 1710/1710 1709/1709 1707/1707
f 1694/1694 1707/1707 1711/1711
f 1699/1699 1712/1712 1711/1711
f 1697/1697 1711/1711 1707/1707
f 1681/1681 1675/1675 1713/1713
f 1690/1690 1713/1713 1710/1710
f 1710/1710 1713/1713 1675/1675
f 1692/1692 1715/1715 1714/1714
f 1714/1714 1715/1715 1712/1712
f 1694/1694 1712/1712 1715/1715
f 1716/1716 1717/1717 1676/1676
f 1677/1677 1676/1676 1717/1717
f 1718/1718 1717/1717 1716/1716
f 1720/1720 1721/1721 1718/1718
f 1677/1677 1718/1718 1721/1721
f 1708/1708 1721/1721 1720/1720
f 1722/1722 1723/1723 1405/1405
f 1723/1723 1724/1724 1403/1403
f 1369/1369 1371/1371 1724/1724
f 1370/1370 1369/1369 1723/1723
f 1615/1615 1610/1610 1725/1725
f 1725/1725 1726/1726 1511/1511
f 1555/1555 1549/1549 1726/1726
f 1554/1554 1555/1555 1725/1725
f 1633/1633 1634/1634 1727/1727
f 1728/1728 1637/1637 1727/1727
f 1729/1729 1727/1727 1634/1634
f 1730/1730 1731/1731 1646/1646
f 1731/1731 1732/1732 1643/1643
f 1716/1716 1678/1678 1732/1732
f 1730/1730 1719/1719 1716/1716
f 1733/1733 1991/1991 1734/1734
f 1736/1736 1735/1735 1734/1734
f 1651/1651 1738/1738 1649/1649
f 1535/1535 1649/1649 1738/1738
f 1739/1739 1738/1738 1740/1740
f 1511/1511 1726/1726 1742/1742
f 1510/1510 1509/1509 1742/1742
f 1743/1743 1742/1742 1726/1726
f 1520/1520 1747/1747 1744/1744
f 1519/1519 1744/1744 1745/1745
f 1746/1746 1745/1745 1744/1744
f 1528/1528 1749/1749 1748/1748
f 1632/1632 1527/1527 1748/1748
f 1631/1631 1748/1748 1749/1749
f 1357/1357 1752/1752 1750/1750
f 1559/1559 1750/1750 1751/1751
f 1691/1691 1693/1693 1751/1751
f 1752/1752 1681/1681 1691/1691
f 1407/1407 1753/1753 1386/1386
f 1753/1753 1754/1754 1381/1381
f 1506/1506 1502/1502 1754/1754
f 1407/1407 1409/1409 1506/1506
f 1403/1403 1724/1724 1755/1755
f 1392/1392 1400/1400 1755/1755
f 1391/1391 1755/1755 1724/1724
f 1387/1387 1384/1384 1756/1756
f 1412/1412 1756/1756 1757/1757
f 1756/1756 1365/1365 1367/1367
f 1384/1384 1364/1364 1365/1365
f 1615/1615 1616/1616 1758/1758
f 1614/1614 1758/1758 1759/1759
f 1758/1758 1674/1674 1669/1669
f 1616/1616 1419/1419 1674/1674
f 1633/1633 1635/1635 1760/1760
f 1632/1632 1761/1761 1760/1760
f 1526/1526 1760/1760 1635/1635
f 1643/1643 1732/1732 1762/1762
f 1763/1763 1641/1641 1762/1762
f 1764/1764 1762/1762 1732/1732
f 1765/1765 1767/1767 1766/1766
f 1357/1357 1359/1359 1766/1766
f 1752/1752 1766/1766 1767/1767
f 1768/1768 1769/1769 1534/1534
f 1532/1532 1534/1534 1769/1769
f 1771/1771 1770/1770 1769/1769
f 1381/1381 1754/1754 1772/1772
f 1380/1380 1379/1379 1772/1772
f 1773/1773 1772/1772 1754/1754
f 1774/1774 1776/1776 1775/1775
f 1392/1392 1394/1394 1775/1775
f 1396/1396 1775/1775 1776/1776
f 1777/1777 1796/1796 1778/1778
f 1780/1780 1861/1861 1781/1781
f 1783/1783 1992/1992 1784/1784
f 1786/1786 1862/1862 1787/1787
f 1789/1789 1808/1808 1790/1790
f 1792/1792 1867/1867 1793/1793
f 1795/1795 1778/1778 1796/1796
f 1798/1798 1993/1993 1799/1799
f 1781/1781 1855/1855 1801/1801
f 1802/1802 1828/1828 1803/1803
f 1805/1805 1828/1828 1802/1802
f 1796/1796 1994/1994 1807/1807
f 1799/1799 1993/1993 1808/1808
f 1809/1809 1992/1992 1783/1783
f 1811/1811 1810/1810 1783/1783
f 1806/1806 1802/1802 1813/1813
f 1802/1802 1804/1804 1815/1815
f 1816/1816 1810/1810 1811/1811
f 1818/1818 1786/1786 1788/1788
f 1812/1812 1783/1783 1785/1785
f 1821/1821 1995/1995 1816/1816
f 1815/1815 1804/1804 1822/1822
f 1824/1824 1996/1996 1825/1825
f 1805/1805 1997/1997 1827/1827
f 1829/1829 1998/1998 1830/1830
f 1784/1784 1992/1992 1832/1832
f 1834/1834 1837/1837 1835/1835
f 1834/1834 1829/1829 1831/1831
f 1838/1838 1841/1841 1839/1839
f 1838/1838 1826/1826 1825/1825
f 1842/1842 1999/1999 1843/1843
f 1843/1843 1999/1999 1845/1845
f 1847/1847 1850/1850 1848/1848
f 1850/1850 1786/1786 1818/1818
f 1851/1851 1854/1854 1852/1852
f 1851/1851 1799/1799 1789/1789
f 1855/1855 1858/1858 1856/1856
f 1858/1858 1797/1797 1807/1807
f 1859/1859 1860/1860 1851/1851
f 1860/1860 1800/1800 1799/1799
f 1861/1861 1858/1858 1855/1855
f 1795/1795 1797/1797 1858/1858
f 1862/1862 1864/1864 1863/1863
f 1862/1862 1792/1792 1794/1794
f 1852/1852 1854/1854 1865/1865
f 1789/1789 1791/1791 1865/1865
f 1867/1867 1792/1792 1850/1850
f 1792/1792 1862/1862 1786/1786
f 1778/1778 1795/1795 1868/1868
f 1868/1868 1795/1795 1861/1861
f 1869/1869 1954/1954 1870/1870
f 1872/1872 1892/1892 1873/1873
f 1875/1875 1912/1912 1876/1876
f 1878/1878 1910/1910 1879/1879
f 1881/1881 2000/2000 1882/1882
f 1884/1884 1950/1950 1885/1885
f 1887/1887 1899/1899 1871/1871
f 1888/1888 1900/1900 1889/1889
f 1891/1891 1944/1944 1873/1873
f 1893/1893 1917/1917 1894/1894
f 1893/1893 1895/1895 1896/1896
f 1898/1898 2001/2001 1871/1871
f 1888/1888 1881/1881 1883/1883
f 1875/1875 1877/1877 1901/1901
f 1903/1903 1911/1911 1875/1875
f 1904/1904 1893/1893 1897/1897
f 1906/1906 1917/1917 1893/1893
f 1903/1903 1902/1902 1907/1907
f 1909/1909 2002/2002 1910/1910
f 1911/1911 2003/2003 1912/1912
f 1913/1913 2004/2004 1914/1914
f 1906/1906 2005/2005 1916/1916
f 1918/1918 2006/2006 1919/1919
f 1921/1921 2007/2007 1896/1896
f 1922/1922 2008/2008 1923/1923
f 1876/1876 2009/2009 1925/1925
f 1926/1926 1929/1929 1927/1927
f 1929/1929 2008/2008 1922/1922
f 1930/1930 2010/2010 1931/1931
f 1931/1931 2010/2010 1918/1918
f 1933/1933 1936/1936 1934/1934
f 1933/1933 1913/1913 1915/1915
f 1937/1937 1940/1940 1938/1938
f 1909/1909 1878/1878 1940/1940
f 1941/1941 1952/1952 1942/1942
f 1942/1942 1952/1952 1881/1881
f 1944/1944 2011/2011 1945/1945
f 1946/1946 1945/1945 1898/1898
f 1947/1947 1943/1943 1942/1942
f 1948/1948 1942/1942 1888/1888
f 1944/1944 1946/1946 1874/1874
f 1946/1946 1899/1899 1887/1887
f 1949/1949 2012/2012 1880/1880
f 1880/1880 2012/2012 1950/1950
f 1941/1941 2013/2013 1951/1951
f 1951/1951 2000/2000 1881/1881
f 1940/1940 1884/1884 1886/1886
f 1940/1940 1878/1878 1880/1880
f 1953/1953 1887/1887 1870/1870
f 1953/1953 1872/1872 1874/1874
