# Export from Prisma3D 3.0.2
mtllib PsxMan.mtl
o Body.008
v 0.03309479 1.186613 -0.03323284
v 0.06645905 1.108955 0.004921891
v 0.03220773 1.157339 0.04901903
v 0.06645905 1.108955 0.004921891
v 0.04451421 1.05657 0.04895118
v 0.03220773 1.157339 0.04901903
v 0.04906139 1.109342 0.04891585
v 0.03220773 1.157339 0.04901903
v 0.04451421 1.05657 0.04895118
v 0.03309479 1.186613 -0.03323284
v 0.03220773 1.157339 0.04901903
v -0.0259539 1.142167 0.04931194
v -0.0259539 1.142167 0.04931194
v -0.02584378 1.174623 -0.03323523
v 0.03309479 1.186613 -0.03323284
v -0.06732276 0.9372824 -0.07794952
v -0.07011993 1.11766 -0.07788759
v -0.06249143 0.8184972 -0.07799037
v -0.06249143 0.8184972 -0.07799037
v -0.07011993 1.11766 -0.07788759
v -0.04148892 0.8184808 -0.0310298
v -0.07011993 1.11766 -0.07788759
v -0.06859239 1.114049 -0.01425969
v -0.04148892 0.8184808 -0.0310298
v -0.04148892 0.8184808 -0.0310298
v -0.06859239 1.114049 -0.01425969
v -0.04603171 0.8184726 -0.007522939
v -0.04603171 0.8184726 -0.007522939
v -0.06859239 1.114049 -0.01425969
v -0.06488754 0.9774683 0.02642456
v -0.06488754 0.9774683 0.02642456
v -0.06859239 1.114049 -0.01425969
v -0.04912969 1.056707 0.04940249
v -0.04905706 1.116285 0.04942503
v -0.04912969 1.056707 0.04940249
v -0.06859239 1.114049 -0.01425969
v -0.07011993 1.11766 -0.07788759
v -0.06732276 0.9372824 -0.07794952
v -0.07509877 0.9748539 -0.07960007
v -0.04912969 1.056707 0.04940249
v -0.04905706 1.116285 0.04942503
v -0.04916458 0.9793432 0.06650372
v -0.04905706 1.116285 0.04942503
v -0.04896571 1.116322 0.07067786
v -0.04916458 0.9793432 0.06650372
v -0.02756624 0.905662 0.107175
v -0.04916458 0.9793432 0.06650372
v -0.04896571 1.116322 0.07067786
v 0.0447648 0.9774516 0.02634991
v -0.06488754 0.9774683 0.02642456
v -0.04912969 1.056707 0.04940249
v -0.04912969 1.056707 0.04940249
v 0.04451421 1.05657 0.04895118
v 0.0447648 0.9774516 0.02634991
v 0.06694414 0.9573669 -0.02580021
v 0.0447648 0.9774516 0.02634991
v 0.04451421 1.05657 0.04895118
v 0.04451421 1.05657 0.04895118
v 0.06645905 1.108955 0.004921891
v 0.06694414 0.9573669 -0.02580021
v 0.0595839 0.8465772 -0.03102013
v 0.04115383 0.8465608 0.01594044
v 0.0447648 0.9774516 0.02634991
v 0.0447648 0.9774516 0.02634991
v 0.06694414 0.9573669 -0.02580021
v 0.0595839 0.8465772 -0.03102013
v 0.04115383 0.8465608 0.01594044
v -0.04603171 0.8184726 -0.007522939
v -0.06488754 0.9774683 0.02642456
v -0.06488754 0.9774683 0.02642456
v 0.0447648 0.9774516 0.02634991
v 0.04115383 0.8465608 0.01594044
v -0.01765904 0.6662781 -0.05607331
v -0.04868076 0.6662857 -0.07819896
v -0.06249143 0.8184972 -0.07799037
v -0.06249143 0.8184972 -0.07799037
v -0.04148892 0.8184808 -0.0310298
v -0.01765904 0.6662781 -0.05607331
v -0.01765904 0.6662781 -0.05607331
v -0.04148892 0.8184808 -0.0310298
v -0.0214709 0.5051498 -0.03912777
v -0.04148892 0.8184808 -0.0310298
v -0.04603171 0.8184726 -0.007522939
v -0.0214709 0.5051498 -0.03912777
v -0.04603171 0.8184726 -0.007522939
v -0.04280915 0.676136 0.01906518
v -0.0214709 0.5051498 -0.03912777
v -0.01741991 0.4676848 0.03493712
v -0.0214709 0.5051498 -0.03912777
v -0.04280915 0.676136 0.01906518
v 0.06090578 0.7310488 -0.03770085
v 0.04477761 0.7310225 0.03808807
v 0.04115383 0.8465608 0.01594044
v 0.04115383 0.8465608 0.01594044
v 0.0595839 0.8465772 -0.03102013
v 0.06090578 0.7310488 -0.03770085
v -0.02584378 1.174623 -0.03323523
v -0.06859239 1.114049 -0.01425969
v -0.07011993 1.11766 -0.07788759
v -0.07011993 1.11766 -0.07788759
v -0.02583258 1.171764 -0.07786897
v -0.02584378 1.174623 -0.03323523
v -0.0259539 1.142167 0.04931194
v -0.04905706 1.116285 0.04942503
v -0.06859239 1.114049 -0.01425969
v -0.06859239 1.114049 -0.01425969
v -0.02584378 1.174623 -0.03323523
v -0.0259539 1.142167 0.04931194
v 0.0609058 0.7310628 -0.07802033
v 0.06090578 0.7310488 -0.03770085
v 0.0595839 0.8465772 -0.03102013
v 0.0595839 0.8465772 -0.03102013
v 0.05958389 0.8465933 -0.0779807
v 0.0609058 0.7310628 -0.07802033
v 0.05958389 0.8465933 -0.0779807
v 0.0595839 0.8465772 -0.03102013
v 0.06694414 0.9573669 -0.02580021
v 0.06694414 0.9573669 -0.02580021
v 0.07236273 0.9372824 -0.07794952
v 0.05958389 0.8465933 -0.0779807
v 0.07236273 0.9372824 -0.07794952
v 0.06694414 0.9573669 -0.02580021
v 0.06645905 1.108955 0.004921891
v 0.06645905 1.108955 0.004921891
v 0.07241032 1.099806 -0.07789374
v 0.07236273 0.9372824 -0.07794952
v -0.04868076 0.6662857 -0.07819896
v -0.01765904 0.6662781 -0.05607331
v 0.06090578 0.7310488 -0.03770085
v 0.06090578 0.7310488 -0.03770085
v 0.0609058 0.7310628 -0.07802033
v -0.04868076 0.6662857 -0.07819896
v 0.04829068 1.190294 -0.07786265
v 0.03309479 1.186613 -0.03323284
v -0.02584378 1.174623 -0.03323523
v -0.02584378 1.174623 -0.03323523
v -0.02583258 1.171764 -0.07786897
v 0.04829068 1.190294 -0.07786265
v 0.07241032 1.099806 -0.07789374
v 0.06645905 1.108955 0.004921891
v 0.03309479 1.186613 -0.03323284
v 0.03309479 1.186613 -0.03323284
v 0.04829068 1.190294 -0.07786265
v 0.07241032 1.099806 -0.07789374
v 0.06479463 0.06353723 -0.03437052
v 0.05308155 0.04204477 -0.03464605
v 0.05465576 0.04317441 0.05185729
v 0.05465576 0.04317441 0.05185729
v 0.06668012 0.06639378 0.05091493
v 0.06479463 0.06353723 -0.03437052
v -0.00724255 0.6321503 -0.05608509
v 0.01312654 0.4036548 -0.04252968
v 0.007010942 0.6499048 -0.06758234
v 0.007010942 0.6499048 -0.06758234
v 0.01312654 0.4036548 -0.04252968
v 0.06090578 0.7310488 -0.03770085
v 0.03745034 0.3300162 -0.02928911
v 0.06090578 0.7310488 -0.03770085
v 0.01312654 0.4036548 -0.04252968
v 0.03745034 0.3300162 -0.02928911
v 0.01312654 0.4036548 -0.04252968
v -0.02369036 0.4113328 -0.02926117
v 0.03745034 0.3300162 -0.02928911
v 0.04512872 0.3650116 0.0333319
v 0.06090578 0.7310488 -0.03770085
v 0.04512872 0.3650116 0.0333319
v 0.04504948 0.4476084 0.03440525
v 0.06090578 0.7310488 -0.03770085
v 0.04477761 0.7310225 0.03808807
v 0.06090578 0.7310488 -0.03770085
v 0.04504948 0.4476084 0.03440525
v 0.04477761 0.7310225 0.03808807
v 0.04504948 0.4476084 0.03440525
v 0.0216857 0.4551321 0.03457348
v 0.0216857 0.4551321 0.03457348
v 0.01514218 0.7124491 0.03808164
v 0.04477761 0.7310225 0.03808807
v 0.05762637 -0.001212936 0.05765284
v 0.008508896 -0.001735348 0.07789985
v -0.007255043 0.005343969 0.07790229
v -0.007255043 0.005343969 0.07790229
v 0.04186244 0.0498205 0.05767038
v 0.05762637 -0.001212936 0.05765284
v -0.02713329 0.3563753 -0.03354301
v -0.03681821 0.4138719 0.02972792
v -0.03438441 0.07495737 -0.03619297
v -0.02369035 0.4464096 0.0317029
v -0.01745577 0.07518003 0.05634792
v -0.03681821 0.4138719 0.02972792
v -0.03438441 0.07495737 -0.03619297
v -0.03681821 0.4138719 0.02972792
v -0.01745577 0.07518003 0.05634792
v 0.06668012 0.06639378 0.05091493
v 0.05465576 0.04317441 0.05185729
v 0.04186244 0.0498205 0.05767038
v 0.04186244 0.0498205 0.05767038
v 0.04086917 0.07461433 0.05647532
v 0.06668012 0.06639378 0.05091493
v 0.007010942 0.6499048 -0.06758234
v 0.06090578 0.7310488 -0.03770085
v -0.01765904 0.6662781 -0.05607331
v -0.01765904 0.6662781 -0.05607331
v -0.00724255 0.6321503 -0.05608509
v 0.007010942 0.6499048 -0.06758234
v -0.01765904 0.6662781 -0.05607331
v -0.0214709 0.5051498 -0.03912777
v -0.00724255 0.6321503 -0.05608509
v -0.0214709 0.5051498 -0.03912777
v -0.02369036 0.4113328 -0.02926117
v -0.00724255 0.6321503 -0.05608509
v 0.01312654 0.4036548 -0.04252968
v -0.00724255 0.6321503 -0.05608509
v -0.02369036 0.4113328 -0.02926117
v -0.02713329 0.3563753 -0.03354301
v -0.02369036 0.4113328 -0.02926117
v -0.02369035 0.4464096 0.0317029
v -0.02369035 0.4464096 0.0317029
v -0.03681821 0.4138719 0.02972792
v -0.02713329 0.3563753 -0.03354301
v -0.03438441 0.07495737 -0.03619297
v -0.02369036 0.4113328 -0.02926117
v -0.02713329 0.3563753 -0.03354301
v -0.02369036 0.4113328 -0.02926117
v -0.03438441 0.07495737 -0.03619297
v 0.06479463 0.06353723 -0.03437052
v 0.06479463 0.06353723 -0.03437052
v 0.03745034 0.3300162 -0.02928911
v -0.02369036 0.4113328 -0.02926117
v -0.00274983 0.069736 0.05661178
v -0.01745577 0.07518003 0.05634792
v -0.02369035 0.4464096 0.0317029
v -0.02369035 0.4464096 0.0317029
v -0.01426063 0.4417463 0.03691215
v -0.00274983 0.069736 0.05661178
v 0.04086917 0.07461433 0.05647532
v -0.00274983 0.069736 0.05661178
v -0.01426063 0.4417463 0.03691215
v -0.01426063 0.4417463 0.03691215
v 0.02238492 0.4276354 0.03419853
v 0.04086917 0.07461433 0.05647532
v 0.02238492 0.4276354 0.03419853
v -0.01426063 0.4417463 0.03691215
v -0.01741991 0.4676848 0.03493712
v -0.01741991 0.4676848 0.03493712
v 0.0216857 0.4551321 0.03457348
v 0.02238492 0.4276354 0.03419853
v -0.04896571 1.116322 0.07067786
v -0.04862379 1.087966 0.1095817
v -0.02748428 0.9453548 0.1403659
v -0.02748428 0.9453548 0.1403659
v -0.02756624 0.905662 0.107175
v -0.04896571 1.116322 0.07067786
v -0.0259539 1.142167 0.04931194
v -0.02590342 1.135044 0.06266332
v -0.04896571 1.116322 0.07067786
v -0.04896571 1.116322 0.07067786
v -0.04905706 1.116285 0.04942503
v -0.0259539 1.142167 0.04931194
v 0.04906139 1.109342 0.04891585
v 0.04451421 1.05657 0.04895118
v 0.04795647 1.119161 0.06983612
v 0.04451421 1.05657 0.04895118
v 0.04463492 0.9599613 0.071637
v 0.04795647 1.119161 0.06983612
v 0.04206722 0.9118938 0.1067622
v 0.04795647 1.119161 0.06983612
v 0.04463492 0.9599613 0.071637
v -0.04912969 1.056707 0.04940249
v -0.04916458 0.9793432 0.06650372
v 0.04463492 0.9599613 0.071637
v 0.04463492 0.9599613 0.071637
v 0.04451421 1.05657 0.04895118
v -0.04912969 1.056707 0.04940249
v 0.03220773 1.157339 0.04901903
v 0.03224288 1.145223 0.0622594
v -0.02590342 1.135044 0.06266332
v -0.02590342 1.135044 0.06266332
v -0.0259539 1.142167 0.04931194
v 0.03220773 1.157339 0.04901903
v 0.04211698 0.9558928 0.141967
v -0.02748428 0.9453548 0.1403659
v -0.04862379 1.087966 0.1095817
v -0.04862379 1.087966 0.1095817
v 0.03834459 1.083726 0.1086177
v 0.04211698 0.9558928 0.141967
v 0.04206722 0.9118938 0.1067622
v 0.03680429 0.8059729 0.1394057
v 0.03680428 0.8758571 0.1812125
v 0.03680428 0.8758571 0.1812125
v 0.04211698 0.9558928 0.141967
v 0.04206722 0.9118938 0.1067622
v 0.03224288 1.145223 0.0622594
v 0.03446296 1.140612 0.07743236
v -0.0257795 1.13506 0.07800331
v -0.0257795 1.13506 0.07800331
v -0.02590342 1.135044 0.06266332
v 0.03224288 1.145223 0.0622594
v -0.02590342 1.135044 0.06266332
v -0.0257795 1.13506 0.07800331
v -0.04862379 1.087966 0.1095817
v -0.04862379 1.087966 0.1095817
v -0.04896571 1.116322 0.07067786
v -0.02590342 1.135044 0.06266332
v 0.04795647 1.119161 0.06983612
v 0.04206722 0.9118938 0.1067622
v 0.03446296 1.140612 0.07743236
v 0.03446296 1.140612 0.07743236
v 0.04206722 0.9118938 0.1067622
v 0.03834459 1.083726 0.1086177
v 0.04211698 0.9558928 0.141967
v 0.03834459 1.083726 0.1086177
v 0.04206722 0.9118938 0.1067622
v 0.03224288 1.145223 0.0622594
v 0.04795647 1.119161 0.06983612
v 0.03446296 1.140612 0.07743236
v 0.04795647 1.119161 0.06983612
v 0.03224288 1.145223 0.0622594
v 0.03220773 1.157339 0.04901903
v 0.03220773 1.157339 0.04901903
v 0.04906139 1.109342 0.04891585
v 0.04795647 1.119161 0.06983612
v -0.04862379 1.087966 0.1095817
v -0.0257795 1.13506 0.07800331
v 0.03446296 1.140612 0.07743236
v 0.03446296 1.140612 0.07743236
v 0.03834459 1.083726 0.1086177
v -0.04862379 1.087966 0.1095817
v -0.04916458 0.9793432 0.06650372
v -0.02756624 0.905662 0.107175
v 0.04206722 0.9118938 0.1067622
v 0.04206722 0.9118938 0.1067622
v 0.04463492 0.9599613 0.071637
v -0.04916458 0.9793432 0.06650372
v -0.02334957 0.8652646 0.1794254
v -0.003798621 0.7150058 0.215358
v -0.003798605 0.7098033 0.1850631
v -0.003798605 0.7098033 0.1850631
v -0.02334954 0.7997277 0.1397644
v -0.02334957 0.8652646 0.1794254
v -0.02748428 0.9453548 0.1403659
v -0.02334957 0.8652646 0.1794254
v -0.02334954 0.7997277 0.1397644
v -0.02334954 0.7997277 0.1397644
v -0.02756624 0.905662 0.107175
v -0.02748428 0.9453548 0.1403659
v -0.02756624 0.905662 0.107175
v -0.02334954 0.7997277 0.1397644
v 0.03680429 0.8059729 0.1394057
v 0.03680429 0.8059729 0.1394057
v 0.04206722 0.9118938 0.1067622
v -0.02756624 0.905662 0.107175
v 0.04211698 0.9558928 0.141967
v 0.03680428 0.8758571 0.1812125
v -0.02334957 0.8652646 0.1794254
v -0.02334957 0.8652646 0.1794254
v -0.02748428 0.9453548 0.1403659
v 0.04211698 0.9558928 0.141967
v -0.00044605 0.6216043 0.1765962
v -0.003798605 0.7098033 0.1850631
v -0.0004460585 0.6395695 0.1925919
v -0.003798605 0.7098033 0.1850631
v -0.003798621 0.7150058 0.215358
v -0.0004460585 0.6395695 0.1925919
v -0.009419966 0.6636558 0.2228167
v -0.0004460585 0.6395695 0.1925919
v -0.003798621 0.7150058 0.215358
v -0.02334954 0.7997277 0.1397644
v -0.003798605 0.7098033 0.1850631
v 0.01549853 0.7053168 0.1875612
v 0.01549853 0.7053168 0.1875612
v 0.03680429 0.8059729 0.1394057
v -0.02334954 0.7997277 0.1397644
v 0.03680429 0.8059729 0.1394057
v 0.01549853 0.7053168 0.1875612
v 0.02993268 0.7191811 0.2160624
v 0.02993268 0.7191811 0.2160624
v 0.03680428 0.8758571 0.1812125
v 0.03680429 0.8059729 0.1394057
v 0.03680428 0.8758571 0.1812125
v 0.02993268 0.7191811 0.2160624
v -0.003798621 0.7150058 0.215358
v -0.003798621 0.7150058 0.215358
v -0.02334957 0.8652646 0.1794254
v 0.03680428 0.8758571 0.1812125
v -0.00044605 0.6216043 0.1765962
v -0.0004460585 0.6395695 0.1925919
v 0.01848909 0.6432633 0.1940244
v 0.01848909 0.6432633 0.1940244
v 0.01848909 0.6266411 0.1800087
v -0.00044605 0.6216043 0.1765962
v -0.003798605 0.7098033 0.1850631
v -0.00044605 0.6216043 0.1765962
v 0.01848909 0.6266411 0.1800087
v 0.01848909 0.6266411 0.1800087
v 0.01549853 0.7053168 0.1875612
v -0.003798605 0.7098033 0.1850631
v 0.01848909 0.6266411 0.1800087
v 0.01848909 0.6432633 0.1940244
v 0.01549853 0.7053168 0.1875612
v 0.01549853 0.7053168 0.1875612
v 0.01848909 0.6432633 0.1940244
v 0.02993268 0.7191811 0.2160624
v 0.03748404 0.6678311 0.2235211
v 0.02993268 0.7191811 0.2160624
v 0.01848909 0.6432633 0.1940244
v 0.02993268 0.7191811 0.2160624
v 0.03748404 0.6678311 0.2235211
v -0.009419966 0.6636558 0.2228167
v -0.009419966 0.6636558 0.2228167
v -0.003798621 0.7150058 0.215358
v 0.02993268 0.7191811 0.2160624
v 0.01848909 0.6432633 0.1940244
v 0.02210235 0.5880231 0.2050899
v 0.04286776 0.6078826 0.2286941
v 0.04286776 0.6078826 0.2286941
v 0.03748404 0.6678311 0.2235211
v 0.01848909 0.6432633 0.1940244
v 0.003604581 0.6010027 0.2050048
v 0.003604573 0.6037072 0.2279897
v 0.04286776 0.6078826 0.2286941
v 0.04286776 0.6078826 0.2286941
v 0.02210235 0.5880231 0.2050899
v 0.003604581 0.6010027 0.2050048
v 0.03748404 0.6678311 0.2235211
v 0.04286776 0.6078826 0.2286941
v 0.003604573 0.6037072 0.2279897
v 0.003604573 0.6037072 0.2279897
v -0.009419966 0.6636558 0.2228167
v 0.03748404 0.6678311 0.2235211
v -0.0004460585 0.6395695 0.1925919
v 0.003604581 0.6010027 0.2050048
v 0.02210235 0.5880231 0.2050899
v 0.02210235 0.5880231 0.2050899
v 0.01848909 0.6432633 0.1940244
v -0.0004460585 0.6395695 0.1925919
v -0.009419966 0.6636558 0.2228167
v 0.003604573 0.6037072 0.2279897
v 0.003604581 0.6010027 0.2050048
v 0.003604581 0.6010027 0.2050048
v -0.0004460585 0.6395695 0.1925919
v -0.009419966 0.6636558 0.2228167
v 0.008508896 -0.001735348 0.07789985
v 0.00859637 0.004388148 -0.01597001
v -0.007255043 0.005343969 0.07790229
v -0.007255043 0.005343969 0.07790229
v 0.00859637 0.004388148 -0.01597001
v -0.07128678 0.0001627093 0.07140367
v -0.07128678 0.0001627093 0.07140367
v 0.00859637 0.004388148 -0.01597001
v -0.1420593 -0.007385895 0.05963745
v -0.1769568 -0.001560015 -0.02992948
v -0.1420593 -0.007385895 0.05963745
v 0.00859637 0.004388148 -0.01597001
v 0.04186244 0.0498205 0.05767038
v -0.007255043 0.005343969 0.07790229
v -0.07128678 0.0001627093 0.07140367
v -0.07128678 0.0001627093 0.07140367
v -0.03038491 0.0606272 0.05843259
v 0.04186244 0.0498205 0.05767038
v -0.04006365 0.06396773 0.05843375
v -0.03038491 0.0606272 0.05843259
v -0.1140549 0.03799586 0.05099653
v -0.03038491 0.0606272 0.05843259
v -0.07128678 0.0001627093 0.07140367
v -0.1140549 0.03799586 0.05099653
v -0.1420593 -0.007385895 0.05963745
v -0.1140549 0.03799586 0.05099653
v -0.07128678 0.0001627093 0.07140367
v 0.05771384 0.006492936 -0.03621647
v 0.00859637 0.004388148 -0.01597001
v 0.008508896 -0.001735348 0.07789985
v 0.008508896 -0.001735348 0.07789985
v 0.05762637 -0.001212936 0.05765284
v 0.05771384 0.006492936 -0.03621647
v -0.04006365 0.06396773 0.05843375
v -0.1140549 0.03799586 0.05099653
v -0.1473242 0.04532383 -0.01757772
v -0.1473242 0.04532383 -0.01757772
v -0.03438441 0.07495737 -0.03619297
v -0.04006365 0.06396773 0.05843375
v -0.03438441 0.07495737 -0.03619297
v -0.1473242 0.04532383 -0.01757772
v -0.08187648 0.03996596 -0.03741849
v -0.08187648 0.03996596 -0.03741849
v -0.02271543 0.05772669 -0.03619889
v -0.03438441 0.07495737 -0.03619297
v 0.05308155 0.04204477 -0.03464605
v 0.05771384 0.006492936 -0.03621647
v 0.05762637 -0.001212936 0.05765284
v 0.05762637 -0.001212936 0.05765284
v 0.05465576 0.04317441 0.05185729
v 0.05308155 0.04204477 -0.03464605
v 0.05762637 -0.001212936 0.05765284
v 0.04186244 0.0498205 0.05767038
v 0.05465576 0.04317441 0.05185729
v 0.04186244 0.0498205 0.05767038
v -0.03038491 0.0606272 0.05843259
v -0.00274983 0.069736 0.05661178
v -0.00274983 0.069736 0.05661178
v 0.04086917 0.07461433 0.05647532
v 0.04186244 0.0498205 0.05767038
v -0.03038491 0.0606272 0.05843259
v -0.04006365 0.06396773 0.05843375
v -0.01745577 0.07518003 0.05634792
v -0.01745577 0.07518003 0.05634792
v -0.00274983 0.069736 0.05661178
v -0.03038491 0.0606272 0.05843259
v 0.04512872 0.3650116 0.0333319
v 0.06668012 0.06639378 0.05091493
v 0.04086917 0.07461433 0.05647532
v 0.04086917 0.07461433 0.05647532
v 0.02238492 0.4276354 0.03419853
v 0.04512872 0.3650116 0.0333319
v 0.03745034 0.3300162 -0.02928911
v 0.06479463 0.06353723 -0.03437052
v 0.06668012 0.06639378 0.05091493
v 0.06668012 0.06639378 0.05091493
v 0.04512872 0.3650116 0.0333319
v 0.03745034 0.3300162 -0.02928911
v 0.04504948 0.4476084 0.03440525
v 0.04512872 0.3650116 0.0333319
v 0.02238492 0.4276354 0.03419853
v 0.02238492 0.4276354 0.03419853
v 0.0216857 0.4551321 0.03457348
v 0.04504948 0.4476084 0.03440525
v -0.02369036 0.4113328 -0.02926117
v -0.0214709 0.5051498 -0.03912777
v -0.02369035 0.4464096 0.0317029
v -0.0214709 0.5051498 -0.03912777
v -0.01741991 0.4676848 0.03493712
v -0.02369035 0.4464096 0.0317029
v -0.01426063 0.4417463 0.03691215
v -0.02369035 0.4464096 0.0317029
v -0.01741991 0.4676848 0.03493712
v -0.01741991 0.4676848 0.03493712
v -0.04280915 0.676136 0.01906518
v 0.01514218 0.7124491 0.03808164
v 0.01514218 0.7124491 0.03808164
v 0.0216857 0.4551321 0.03457348
v -0.01741991 0.4676848 0.03493712
v -0.03438441 0.07495737 -0.03619297
v -0.02271543 0.05772669 -0.03619889
v 0.05308155 0.04204477 -0.03464605
v 0.05308155 0.04204477 -0.03464605
v 0.06479463 0.06353723 -0.03437052
v -0.03438441 0.07495737 -0.03619297
v 0.05771384 0.006492936 -0.03621647
v 0.05308155 0.04204477 -0.03464605
v -0.02271543 0.05772669 -0.03619889
v -0.1140549 0.03799586 0.05099653
v -0.1420593 -0.007385895 0.05963745
v -0.1769568 -0.001560015 -0.02992948
v -0.1769568 -0.001560015 -0.02992948
v -0.1473242 0.04532383 -0.01757772
v -0.1140549 0.03799586 0.05099653
v -0.08187648 0.03996596 -0.03741849
v 0.05771384 0.006492936 -0.03621647
v -0.02271543 0.05772669 -0.03619889
v -0.08187648 0.03996596 -0.03741849
v -0.1473242 0.04532383 -0.01757772
v 0.05771384 0.006492936 -0.03621647
v 0.05771384 0.006492936 -0.03621647
v -0.1473242 0.04532383 -0.01757772
v 0.00859637 0.004388148 -0.01597001
v -0.1769568 -0.001560015 -0.02992948
v 0.00859637 0.004388148 -0.01597001
v -0.1473242 0.04532383 -0.01757772
v -0.04006365 0.06396773 0.05843375
v -0.03438441 0.07495737 -0.03619297
v -0.01745577 0.07518003 0.05634792
v 0.04115383 0.8465608 0.01594044
v 0.04477761 0.7310225 0.03808807
v -0.04603171 0.8184726 -0.007522939
v 0.04477761 0.7310225 0.03808807
v 0.01514218 0.7124491 0.03808164
v -0.04603171 0.8184726 -0.007522939
v -0.04280915 0.676136 0.01906518
v -0.04603171 0.8184726 -0.007522939
v 0.01514218 0.7124491 0.03808164
v 0.04924349 1.109529 -0.2049893
v 0.04477761 1.056747 -0.2050074
v 0.03229871 1.157495 -0.2049728
v 0.04477761 1.056747 -0.2050074
v 0.06658373 1.109053 -0.1608117
v 0.03229871 1.157495 -0.2049728
v 0.03309479 1.186644 -0.1224949
v 0.03229871 1.157495 -0.2049728
v 0.06658373 1.109053 -0.1608117
v 0.03309479 1.186644 -0.1224949
v -0.02583255 1.174654 -0.1224991
v -0.02583258 1.142235 -0.204978
v -0.02583258 1.142235 -0.204978
v 0.03229871 1.157495 -0.2049728
v 0.03309479 1.186644 -0.1224949
v -0.04889905 1.056747 -0.2050074
v -0.04889905 1.116319 -0.204987
v -0.06478449 0.9775265 -0.1822265
v -0.06478449 0.9775265 -0.1822265
v -0.04889905 1.116319 -0.204987
v -0.04603171 0.8185216 -0.1484578
v -0.04889905 1.116319 -0.204987
v -0.06846381 1.114077 -0.1414383
v -0.04603171 0.8185216 -0.1484578
v -0.04603171 0.8185216 -0.1484578
v -0.06846381 1.114077 -0.1414383
v -0.04148892 0.8185135 -0.124951
v -0.04148892 0.8185135 -0.124951
v -0.06846381 1.114077 -0.1414383
v -0.06249143 0.8184972 -0.07799037
v -0.06249143 0.8184972 -0.07799037
v -0.06846381 1.114077 -0.1414383
v -0.06732276 0.9372824 -0.07794952
v -0.06846381 1.114077 -0.1414383
v -0.07011993 1.11766 -0.07788759
v -0.06732276 0.9372824 -0.07794952
v -0.07509877 0.9748528 -0.07627325
v -0.06732276 0.9372824 -0.07794952
v -0.07011993 1.11766 -0.07788759
v -0.02751501 0.905779 -0.2630467
v -0.04889904 1.116327 -0.2261124
v -0.04889905 0.9793884 -0.222133
v -0.04889905 0.9793884 -0.222133
v -0.04889904 1.116327 -0.2261124
v -0.04889905 1.056747 -0.2050074
v -0.04889905 1.116319 -0.204987
v -0.04889905 1.056747 -0.2050074
v -0.04889904 1.116327 -0.2261124
v 0.04477761 0.9775264 -0.1822265
v 0.04477761 1.056747 -0.2050074
v -0.04889905 1.056747 -0.2050074
v -0.04889905 1.056747 -0.2050074
v -0.06478449 0.9775265 -0.1822265
v 0.04477761 0.9775264 -0.1822265
v 0.06695225 0.9574044 -0.1300881
v 0.06658373 1.109053 -0.1608117
v 0.04477761 1.056747 -0.2050074
v 0.04477761 1.056747 -0.2050074
v 0.04477761 0.9775264 -0.1822265
v 0.06695225 0.9574044 -0.1300881
v 0.05958389 0.8466097 -0.1249413
v 0.06695225 0.9574044 -0.1300881
v 0.04477761 0.9775264 -0.1822265
v 0.04477761 0.9775264 -0.1822265
v 0.04115383 0.8466261 -0.1719019
v 0.05958389 0.8466097 -0.1249413
v 0.04115383 0.8466261 -0.1719019
v 0.04477761 0.9775264 -0.1822265
v -0.06478449 0.9775265 -0.1822265
v -0.06478449 0.9775265 -0.1822265
v -0.04603171 0.8185216 -0.1484578
v 0.04115383 0.8466261 -0.1719019
v -0.01765904 0.6662933 -0.1000119
v -0.04148892 0.8185135 -0.124951
v -0.06249143 0.8184972 -0.07799037
v -0.06249143 0.8184972 -0.07799037
v -0.04868076 0.6662856 -0.07788623
v -0.01765904 0.6662933 -0.1000119
v -0.04280913 0.6762033 -0.1751436
v -0.04603171 0.8185216 -0.1484578
v -0.0174199 0.4677632 -0.1911587
v -0.04603171 0.8185216 -0.1484578
v -0.04148892 0.8185135 -0.124951
v -0.0174199 0.4677632 -0.1911587
v -0.0174199 0.4677632 -0.1911587
v -0.04148892 0.8185135 -0.124951
v -0.02147089 0.5051769 -0.1170682
v -0.01765904 0.6662933 -0.1000119
v -0.02147089 0.5051769 -0.1170682
v -0.04148892 0.8185135 -0.124951
v 0.06090578 0.7310767 -0.1183398
v 0.05958389 0.8466097 -0.1249413
v 0.04115383 0.8466261 -0.1719019
v 0.04115383 0.8466261 -0.1719019
v 0.04477761 0.7311031 -0.1941288
v 0.06090578 0.7310767 -0.1183398
v -0.02583255 1.174654 -0.1224991
v -0.02583258 1.171764 -0.07786897
v -0.07011993 1.11766 -0.07788759
v -0.07011993 1.11766 -0.07788759
v -0.06846381 1.114077 -0.1414383
v -0.02583255 1.174654 -0.1224991
v -0.02583258 1.142235 -0.204978
v -0.02583255 1.174654 -0.1224991
v -0.06846381 1.114077 -0.1414383
v -0.06846381 1.114077 -0.1414383
v -0.04889905 1.116319 -0.204987
v -0.02583258 1.142235 -0.204978
v 0.0609058 0.7310628 -0.07802033
v 0.05958389 0.8465933 -0.0779807
v 0.05958389 0.8466097 -0.1249413
v 0.05958389 0.8466097 -0.1249413
v 0.06090578 0.7310767 -0.1183398
v 0.0609058 0.7310628 -0.07802033
v 0.05958389 0.8465933 -0.0779807
v 0.07236273 0.9372824 -0.07794952
v 0.06695225 0.9574044 -0.1300881
v 0.06695225 0.9574044 -0.1300881
v 0.05958389 0.8466097 -0.1249413
v 0.05958389 0.8465933 -0.0779807
v 0.07236273 0.9372824 -0.07794952
v 0.07241032 1.099806 -0.07789374
v 0.06658373 1.109053 -0.1608117
v 0.06658373 1.109053 -0.1608117
v 0.06695225 0.9574044 -0.1300881
v 0.07236273 0.9372824 -0.07794952
v -0.04868076 0.6662856 -0.07788623
v 0.0609058 0.7310628 -0.07802033
v 0.06090578 0.7310767 -0.1183398
v 0.06090578 0.7310767 -0.1183398
v -0.01765904 0.6662933 -0.1000119
v -0.04868076 0.6662856 -0.07788623
v 0.04829068 1.190294 -0.07786265
v -0.02583258 1.171764 -0.07786897
v -0.02583255 1.174654 -0.1224991
v -0.02583255 1.174654 -0.1224991
v 0.03309479 1.186644 -0.1224949
v 0.04829068 1.190294 -0.07786265
v 0.07241032 1.099806 -0.07789374
v 0.04829068 1.190294 -0.07786265
v 0.03309479 1.186644 -0.1224949
v 0.03309479 1.186644 -0.1224949
v 0.06658373 1.109053 -0.1608117
v 0.07241032 1.099806 -0.07789374
v 0.06479463 0.06356787 -0.1221288
v 0.06668012 0.06648362 -0.2074122
v 0.05465576 0.0432649 -0.2083705
v 0.05465576 0.0432649 -0.2083705
v 0.05308155 0.04207524 -0.1218681
v 0.06479463 0.06356787 -0.1221288
v 0.01312655 0.4036796 -0.113736
v 0.03745035 0.3300502 -0.1270272
v -0.02369035 0.4113667 -0.1269992
v -0.007242548 0.6321655 -0.1000236
v 0.007010942 0.6499122 -0.08851412
v 0.01312655 0.4036796 -0.113736
v 0.007010942 0.6499122 -0.08851412
v 0.06090578 0.7310767 -0.1183398
v 0.01312655 0.4036796 -0.113736
v 0.03745035 0.3300502 -0.1270272
v 0.01312655 0.4036796 -0.113736
v 0.06090578 0.7310767 -0.1183398
v 0.04504948 0.4476866 -0.1906407
v 0.04512872 0.3650891 -0.1896241
v 0.04477761 0.7311031 -0.1941288
v 0.04512872 0.3650891 -0.1896241
v 0.03745035 0.3300502 -0.1270272
v 0.04477761 0.7311031 -0.1941288
v 0.06090578 0.7310767 -0.1183398
v 0.04477761 0.7311031 -0.1941288
v 0.03745035 0.3300502 -0.1270272
v 0.04477761 0.7311031 -0.1941288
v 0.01514218 0.7125295 -0.1941352
v 0.0216857 0.4552104 -0.1908037
v 0.0216857 0.4552104 -0.1908037
v 0.04504948 0.4476866 -0.1906407
v 0.04477761 0.7311031 -0.1941288
v 0.05762637 -0.001118378 -0.2141966
v 0.04186243 0.04991503 -0.2141791
v -0.007255043 0.005452602 -0.2344415
v -0.007255043 0.005452602 -0.2344415
v 0.008508895 -0.001626716 -0.2344439
v 0.05762637 -0.001118378 -0.2141966
v -0.02369035 0.4464858 -0.1879391
v -0.0368182 0.4139468 -0.1859866
v -0.01745576 0.07527365 -0.2128392
v -0.0368182 0.4139468 -0.1859866
v -0.02713327 0.3564064 -0.1227551
v -0.01745576 0.07527365 -0.2128392
v -0.03438441 0.07498678 -0.1202985
v -0.01745576 0.07527365 -0.2128392
v -0.02713327 0.3564064 -0.1227551
v 0.06668012 0.06648362 -0.2074122
v 0.04086917 0.07470804 -0.212967
v 0.04186243 0.04991503 -0.2141791
v 0.04186243 0.04991503 -0.2141791
v 0.05465576 0.0432649 -0.2083705
v 0.06668012 0.06648362 -0.2074122
v 0.007010942 0.6499122 -0.08851412
v -0.007242548 0.6321655 -0.1000236
v -0.01765904 0.6662933 -0.1000119
v -0.01765904 0.6662933 -0.1000119
v 0.06090578 0.7310767 -0.1183398
v 0.007010942 0.6499122 -0.08851412
v -0.01765904 0.6662933 -0.1000119
v -0.007242548 0.6321655 -0.1000236
v -0.02147089 0.5051769 -0.1170682
v -0.02147089 0.5051769 -0.1170682
v -0.007242548 0.6321655 -0.1000236
v -0.02369035 0.4113667 -0.1269992
v 0.01312655 0.4036796 -0.113736
v -0.02369035 0.4113667 -0.1269992
v -0.007242548 0.6321655 -0.1000236
v -0.02713327 0.3564064 -0.1227551
v -0.0368182 0.4139468 -0.1859866
v -0.02369035 0.4464858 -0.1879391
v -0.02369035 0.4464858 -0.1879391
v -0.02369035 0.4113667 -0.1269992
v -0.02713327 0.3564064 -0.1227551
v -0.02369035 0.4113667 -0.1269992
v -0.03438441 0.07498678 -0.1202985
v -0.02713327 0.3564064 -0.1227551
v -0.02369035 0.4113667 -0.1269992
v 0.03745035 0.3300502 -0.1270272
v 0.06479463 0.06356787 -0.1221288
v 0.06479463 0.06356787 -0.1221288
v -0.03438441 0.07498678 -0.1202985
v -0.02369035 0.4113667 -0.1269992
v -0.002749825 0.06982981 -0.2131068
v -0.01426062 0.4418262 -0.1931516
v -0.02369035 0.4464858 -0.1879391
v -0.02369035 0.4464858 -0.1879391
v -0.01745576 0.07527365 -0.2128392
v -0.002749825 0.06982981 -0.2131068
v 0.04086917 0.07470804 -0.212967
v 0.02238493 0.4277134 -0.1904478
v -0.01426062 0.4418262 -0.1931516
v -0.01426062 0.4418262 -0.1931516
v -0.002749825 0.06982981 -0.2131068
v 0.04086917 0.07470804 -0.212967
v 0.02238493 0.4277134 -0.1904478
v 0.0216857 0.4552104 -0.1908037
v -0.0174199 0.4677632 -0.1911587
v -0.0174199 0.4677632 -0.1911587
v -0.01426062 0.4418262 -0.1931516
v 0.02238493 0.4277134 -0.1904478
v -0.04889904 1.116327 -0.2261124
v -0.02751501 0.905779 -0.2630467
v -0.02751502 0.9454789 -0.2961742
v -0.02751502 0.9454789 -0.2961742
v -0.04889905 1.087932 -0.2648871
v -0.04889904 1.116327 -0.2261124
v -0.02583258 1.142235 -0.204978
v -0.04889905 1.116319 -0.204987
v -0.04889904 1.116327 -0.2261124
v -0.04889904 1.116327 -0.2261124
v -0.02583257 1.135111 -0.2183091
v -0.02583258 1.142235 -0.204978
v 0.04207248 0.912024 -0.2626837
v 0.04477761 0.9601036 -0.2276178
v 0.04803007 1.119419 -0.2261114
v 0.04803007 1.119419 -0.2261114
v 0.04477761 0.9601036 -0.2276178
v 0.04924349 1.109529 -0.2049893
v 0.04477761 1.056747 -0.2050074
v 0.04924349 1.109529 -0.2049893
v 0.04477761 0.9601036 -0.2276178
v -0.04889905 1.056747 -0.2050074
v 0.04477761 1.056747 -0.2050074
v 0.04477761 0.9601036 -0.2276178
v 0.04477761 0.9601036 -0.2276178
v -0.04889905 0.9793884 -0.222133
v -0.04889905 1.056747 -0.2050074
v 0.03229871 1.157495 -0.2049728
v -0.02583258 1.142235 -0.204978
v -0.02583257 1.135111 -0.2183091
v -0.02583257 1.135111 -0.2183091
v 0.03229873 1.145411 -0.2183057
v 0.03229871 1.157495 -0.2049728
v 0.04207247 0.9560726 -0.2979539
v 0.03809389 1.083981 -0.2648884
v -0.04889905 1.087932 -0.2648871
v -0.04889905 1.087932 -0.2648871
v -0.02751502 0.9454789 -0.2961742
v 0.04207247 0.9560726 -0.2979539
v 0.04207248 0.912024 -0.2626837
v 0.04207247 0.9560726 -0.2979539
v 0.03680431 0.8760371 -0.337154
v 0.03680431 0.8760371 -0.337154
v 0.0368043 0.8061238 -0.2953953
v 0.04207248 0.912024 -0.2626837
v 0.03229873 1.145411 -0.2183057
v -0.02583257 1.135111 -0.2183091
v -0.02583255 1.135117 -0.2336073
v -0.02583255 1.135117 -0.2336073
v 0.03439287 1.14084 -0.2336054
v 0.03229873 1.145411 -0.2183057
v -0.02583257 1.135111 -0.2183091
v -0.04889904 1.116327 -0.2261124
v -0.04889905 1.087932 -0.2648871
v -0.04889905 1.087932 -0.2648871
v -0.02583255 1.135117 -0.2336073
v -0.02583257 1.135111 -0.2183091
v 0.04207247 0.9560726 -0.2979539
v 0.04207248 0.912024 -0.2626837
v 0.03809389 1.083981 -0.2648884
v 0.03809389 1.083981 -0.2648884
v 0.04207248 0.912024 -0.2626837
v 0.03439287 1.14084 -0.2336054
v 0.04803007 1.119419 -0.2261114
v 0.03439287 1.14084 -0.2336054
v 0.04207248 0.912024 -0.2626837
v 0.04803007 1.119419 -0.2261114
v 0.03229873 1.145411 -0.2183057
v 0.03439287 1.14084 -0.2336054
v 0.04803007 1.119419 -0.2261114
v 0.04924349 1.109529 -0.2049893
v 0.03229871 1.157495 -0.2049728
v 0.03229871 1.157495 -0.2049728
v 0.03229873 1.145411 -0.2183057
v 0.04803007 1.119419 -0.2261114
v -0.04889905 1.087932 -0.2648871
v 0.03809389 1.083981 -0.2648884
v 0.03439287 1.14084 -0.2336054
v 0.03439287 1.14084 -0.2336054
v -0.02583255 1.135117 -0.2336073
v -0.04889905 1.087932 -0.2648871
v -0.04889905 0.9793884 -0.222133
v 0.04477761 0.9601036 -0.2276178
v 0.04207248 0.912024 -0.2626837
v 0.04207248 0.912024 -0.2626837
v -0.02751501 0.905779 -0.2630467
v -0.04889905 0.9793884 -0.222133
v -0.02334958 0.8654432 -0.3353743
v -0.02334955 0.7998788 -0.2957582
v -0.003798608 0.7099859 -0.3411187
v -0.003798608 0.7099859 -0.3411187
v -0.003798624 0.7152094 -0.37141
v -0.02334958 0.8654432 -0.3353743
v -0.02751502 0.9454789 -0.2961742
v -0.02751501 0.905779 -0.2630467
v -0.02334955 0.7998788 -0.2957582
v -0.02334955 0.7998788 -0.2957582
v -0.02334958 0.8654432 -0.3353743
v -0.02751502 0.9454789 -0.2961742
v -0.02751501 0.905779 -0.2630467
v 0.04207248 0.912024 -0.2626837
v 0.0368043 0.8061238 -0.2953953
v 0.0368043 0.8061238 -0.2953953
v -0.02334955 0.7998788 -0.2957582
v -0.02751501 0.905779 -0.2630467
v 0.04207247 0.9560726 -0.2979539
v -0.02751502 0.9454789 -0.2961742
v -0.02334958 0.8654432 -0.3353743
v -0.02334958 0.8654432 -0.3353743
v 0.03680431 0.8760371 -0.337154
v 0.04207247 0.9560726 -0.2979539
v -0.009419967 0.6638646 -0.378904
v -0.003798624 0.7152094 -0.37141
v -0.0004460582 0.6397573 -0.3486957
v -0.003798624 0.7152094 -0.37141
v -0.003798608 0.7099859 -0.3411187
v -0.0004460582 0.6397573 -0.3486957
v -0.0004460498 0.621781 -0.3327125
v -0.0004460582 0.6397573 -0.3486957
v -0.003798608 0.7099859 -0.3411187
v -0.02334955 0.7998788 -0.2957582
v 0.0368043 0.8061238 -0.2953953
v 0.01549853 0.7055012 -0.3436199
v 0.01549853 0.7055012 -0.3436199
v -0.003798608 0.7099859 -0.3411187
v -0.02334955 0.7998788 -0.2957582
v 0.0368043 0.8061238 -0.2953953
v 0.03680431 0.8760371 -0.337154
v 0.02993269 0.7193851 -0.3721116
v 0.02993269 0.7193851 -0.3721116
v 0.01549853 0.7055012 -0.3436199
v 0.0368043 0.8061238 -0.2953953
v 0.03680431 0.8760371 -0.337154
v -0.02334958 0.8654432 -0.3353743
v -0.003798624 0.7152094 -0.37141
v -0.003798624 0.7152094 -0.37141
v 0.02993269 0.7193851 -0.3721116
v 0.03680431 0.8760371 -0.337154
v -0.0004460498 0.621781 -0.3327125
v 0.01848909 0.6268203 -0.3361214
v 0.01848909 0.6434521 -0.3501256
v 0.01848909 0.6434521 -0.3501256
v -0.0004460582 0.6397573 -0.3486957
v -0.0004460498 0.621781 -0.3327125
v -0.003798608 0.7099859 -0.3411187
v 0.01549853 0.7055012 -0.3436199
v 0.01848909 0.6268203 -0.3361214
v 0.01848909 0.6268203 -0.3361214
v -0.0004460498 0.621781 -0.3327125
v -0.003798608 0.7099859 -0.3411187
v 0.03748405 0.6680403 -0.3796055
v 0.01848909 0.6434521 -0.3501256
v 0.02993269 0.7193851 -0.3721116
v 0.02993269 0.7193851 -0.3721116
v 0.01848909 0.6434521 -0.3501256
v 0.01549853 0.7055012 -0.3436199
v 0.01848909 0.6268203 -0.3361214
v 0.01549853 0.7055012 -0.3436199
v 0.01848909 0.6434521 -0.3501256
v 0.02993269 0.7193851 -0.3721116
v -0.003798624 0.7152094 -0.37141
v -0.009419967 0.6638646 -0.378904
v -0.009419967 0.6638646 -0.378904
v 0.03748405 0.6680403 -0.3796055
v 0.02993269 0.7193851 -0.3721116
v 0.01848909 0.6434521 -0.3501256
v 0.03748405 0.6680403 -0.3796055
v 0.04286776 0.6080953 -0.3848196
v 0.04286776 0.6080953 -0.3848196
v 0.02210234 0.5882196 -0.3612291
v 0.01848909 0.6434521 -0.3501256
v 0.003604581 0.6011991 -0.3611351
v 0.02210234 0.5882196 -0.3612291
v 0.04286776 0.6080953 -0.3848196
v 0.04286776 0.6080953 -0.3848196
v 0.003604573 0.6039196 -0.3841181
v 0.003604581 0.6011991 -0.3611351
v 0.03748405 0.6680403 -0.3796055
v -0.009419967 0.6638646 -0.378904
v 0.003604573 0.6039196 -0.3841181
v 0.003604573 0.6039196 -0.3841181
v 0.04286776 0.6080953 -0.3848196
v 0.03748405 0.6680403 -0.3796055
v -0.0004460582 0.6397573 -0.3486957
v 0.01848909 0.6434521 -0.3501256
v 0.02210234 0.5882196 -0.3612291
v 0.02210234 0.5882196 -0.3612291
v 0.003604581 0.6011991 -0.3611351
v -0.0004460582 0.6397573 -0.3486957
v -0.009419967 0.6638646 -0.378904
v -0.0004460582 0.6397573 -0.3486957
v 0.003604581 0.6011991 -0.3611351
v 0.003604581 0.6011991 -0.3611351
v 0.003604573 0.6039196 -0.3841181
v -0.009419967 0.6638646 -0.378904
v 0.008508895 -0.001626716 -0.2344439
v -0.007255043 0.005452602 -0.2344415
v 0.00859637 0.004431604 -0.14057
v -0.007255043 0.005452602 -0.2344415
v -0.07128678 0.0002668134 -0.2279465
v 0.00859637 0.004431604 -0.14057
v -0.07128678 0.0002668134 -0.2279465
v -0.1420593 -0.007289916 -0.2161855
v 0.00859637 0.004431604 -0.14057
v -0.1769568 -0.001526222 -0.1266146
v 0.00859637 0.004431604 -0.14057
v -0.1420593 -0.007289916 -0.2161855
v 0.04186243 0.04991503 -0.2141791
v -0.0303849 0.0607223 -0.2149339
v -0.07128678 0.0002668134 -0.2279465
v -0.07128678 0.0002668134 -0.2279465
v -0.007255043 0.005452602 -0.2344415
v 0.04186243 0.04991503 -0.2141791
v -0.04006363 0.0640628 -0.2149328
v -0.1140549 0.0380858 -0.2075133
v -0.0303849 0.0607223 -0.2149339
v -0.0303849 0.0607223 -0.2149339
v -0.1140549 0.0380858 -0.2075133
v -0.07128678 0.0002668134 -0.2279465
v -0.1420593 -0.007289916 -0.2161855
v -0.07128678 0.0002668134 -0.2279465
v -0.1140549 0.0380858 -0.2075133
v 0.05771384 0.00652233 -0.1203221
v 0.05762637 -0.001118378 -0.2141966
v 0.008508895 -0.001626716 -0.2344439
v 0.008508895 -0.001626716 -0.2344439
v 0.00859637 0.004431604 -0.14057
v 0.05771384 0.00652233 -0.1203221
v -0.04006363 0.0640628 -0.2149328
v -0.03438441 0.07498678 -0.1202985
v -0.1473242 0.04536616 -0.1389341
v -0.1473242 0.04536616 -0.1389341
v -0.1140549 0.0380858 -0.2075133
v -0.04006363 0.0640628 -0.2149328
v -0.03438441 0.07498678 -0.1202985
v -0.02271542 0.05775609 -0.1203044
v -0.08187649 0.03999453 -0.119097
v -0.08187649 0.03999453 -0.119097
v -0.1473242 0.04536616 -0.1389341
v -0.03438441 0.07498678 -0.1202985
v 0.05308155 0.04207524 -0.1218681
v 0.05465576 0.0432649 -0.2083705
v 0.05762637 -0.001118378 -0.2141966
v 0.05762637 -0.001118378 -0.2141966
v 0.05771384 0.00652233 -0.1203221
v 0.05308155 0.04207524 -0.1218681
v 0.04186243 0.04991503 -0.2141791
v 0.05762637 -0.001118378 -0.2141966
v 0.05465576 0.0432649 -0.2083705
v 0.04186243 0.04991503 -0.2141791
v 0.04086917 0.07470804 -0.212967
v -0.002749825 0.06982981 -0.2131068
v -0.002749825 0.06982981 -0.2131068
v -0.0303849 0.0607223 -0.2149339
v 0.04186243 0.04991503 -0.2141791
v -0.0303849 0.0607223 -0.2149339
v -0.002749825 0.06982981 -0.2131068
v -0.01745576 0.07527365 -0.2128392
v -0.01745576 0.07527365 -0.2128392
v -0.04006363 0.0640628 -0.2149328
v -0.0303849 0.0607223 -0.2149339
v 0.04512872 0.3650891 -0.1896241
v 0.02238493 0.4277134 -0.1904478
v 0.04086917 0.07470804 -0.212967
v 0.04086917 0.07470804 -0.212967
v 0.06668012 0.06648362 -0.2074122
v 0.04512872 0.3650891 -0.1896241
v 0.03745035 0.3300502 -0.1270272
v 0.04512872 0.3650891 -0.1896241
v 0.06668012 0.06648362 -0.2074122
v 0.06668012 0.06648362 -0.2074122
v 0.06479463 0.06356787 -0.1221288
v 0.03745035 0.3300502 -0.1270272
v 0.04504948 0.4476866 -0.1906407
v 0.0216857 0.4552104 -0.1908037
v 0.02238493 0.4277134 -0.1904478
v 0.02238493 0.4277134 -0.1904478
v 0.04512872 0.3650891 -0.1896241
v 0.04504948 0.4476866 -0.1906407
v -0.01426062 0.4418262 -0.1931516
v -0.0174199 0.4677632 -0.1911587
v -0.02369035 0.4464858 -0.1879391
v -0.02369035 0.4464858 -0.1879391
v -0.0174199 0.4677632 -0.1911587
v -0.02369035 0.4113667 -0.1269992
v -0.02147089 0.5051769 -0.1170682
v -0.02369035 0.4113667 -0.1269992
v -0.0174199 0.4677632 -0.1911587
v -0.0174199 0.4677632 -0.1911587
v 0.0216857 0.4552104 -0.1908037
v 0.01514218 0.7125295 -0.1941352
v 0.01514218 0.7125295 -0.1941352
v -0.04280913 0.6762033 -0.1751436
v -0.0174199 0.4677632 -0.1911587
v -0.03438441 0.07498678 -0.1202985
v 0.06479463 0.06356787 -0.1221288
v 0.05308155 0.04207524 -0.1218681
v 0.05308155 0.04207524 -0.1218681
v -0.02271542 0.05775609 -0.1203044
v -0.03438441 0.07498678 -0.1202985
v 0.05308155 0.04207524 -0.1218681
v 0.05771384 0.00652233 -0.1203221
v -0.02271542 0.05775609 -0.1203044
v -0.1140549 0.0380858 -0.2075133
v -0.1473242 0.04536616 -0.1389341
v -0.1769568 -0.001526222 -0.1266146
v -0.1769568 -0.001526222 -0.1266146
v -0.1420593 -0.007289916 -0.2161855
v -0.1140549 0.0380858 -0.2075133
v -0.08187649 0.03999453 -0.119097
v 0.05771384 0.00652233 -0.1203221
v -0.1473242 0.04536616 -0.1389341
v 0.05771384 0.00652233 -0.1203221
v 0.00859637 0.004431604 -0.14057
v -0.1473242 0.04536616 -0.1389341
v -0.1769568 -0.001526222 -0.1266146
v -0.1473242 0.04536616 -0.1389341
v 0.00859637 0.004431604 -0.14057
v 0.05771384 0.00652233 -0.1203221
v -0.08187649 0.03999453 -0.119097
v -0.02271542 0.05775609 -0.1203044
v -0.03438441 0.07498678 -0.1202985
v -0.04006363 0.0640628 -0.2149328
v -0.01745576 0.07527365 -0.2128392
v 0.04115383 0.8466261 -0.1719019
v -0.04603171 0.8185216 -0.1484578
v 0.04477761 0.7311031 -0.1941288
v 0.04477761 0.7311031 -0.1941288
v -0.04603171 0.8185216 -0.1484578
v 0.01514218 0.7125295 -0.1941352
v -0.04280913 0.6762033 -0.1751436
v 0.01514218 0.7125295 -0.1941352
v -0.04603171 0.8185216 -0.1484578
vn 0.3859777 0.9545528 0.2239903
vn 0.9481455 0.2031158 0.2546393
vn 0.4123269 0.851286 0.4396756
vn 0.9481455 0.2031158 0.2546393
vn 0.6873028 -0.1470704 0.713485
vn 0.4123269 0.851286 0.4396756
vn 0.7522996 0.0550949 -0.656339
vn 0.4123269 0.851286 0.4396756
vn -0.005604816 9.536743E-07 -0.9999599
vn 0.3859777 0.9545528 0.2239903
vn 0.4123269 0.851286 0.4396756
vn -0.4670651 0.8739527 0.3319296
vn -0.4670651 0.8739527 0.3319296
vn -0.5046249 0.908738 0.1397482
vn 0.3859777 0.9545528 0.2239903
vn -0.01324 -0.0005901456 0.9999123
vn -0.9518545 0.326239 0.02084839
vn -0.8877448 -0.1118362 0.4482438
vn -0.8877448 -0.1118362 0.4482438
vn -0.9518545 0.326239 0.02084839
vn -0.99203 -0.1029301 0.08106966
vn -0.9518545 0.326239 0.02084839
vn -0.945917 0.3074566 0.1485987
vn -0.99203 -0.1029301 0.08106966
vn -0.99203 -0.1029301 0.08106966
vn -0.945917 0.3074566 0.1485987
vn -0.8819709 -0.04685214 0.4692591
vn -0.8819709 -0.04685214 0.4692591
vn -0.945917 0.3074566 0.1485987
vn -0.7776251 -0.1894872 0.6030253
vn -0.7776251 -0.1894872 0.6030253
vn -0.945917 0.3074566 0.1485987
vn -0.8987651 -0.05529207 0.4348847
vn -0.9169038 0.397727 0.1412225
vn -0.8987651 -0.05529207 0.4348847
vn -0.945917 0.3074566 0.1485987
vn -0.9518545 0.326239 0.02084839
vn -0.01324 -0.0005901456 0.9999123
vn -0.2235873 -0.004106402 0.9746766
vn -0.8987651 -0.05529207 0.4348847
vn -0.9169038 0.397727 0.1412225
vn -0.9092128 -0.01166165 0.4156878
vn -0.9169038 0.397727 0.1412225
vn -0.8384706 0.5043464 0.2696749
vn -0.9092128 -0.01166165 0.4156878
vn -0.9942804 -0.04446985 0.09813198
vn -0.9092128 -0.01166165 0.4156878
vn -0.8384706 0.5043464 0.2696749
vn 0.5514178 -0.1793991 0.8171065
vn -0.7776251 -0.1894872 0.6030253
vn -0.8987651 -0.05529207 0.4348847
vn -0.8987651 -0.05529207 0.4348847
vn 0.6873028 -0.1470704 0.713485
vn 0.5514178 -0.1793991 0.8171065
vn 0.9638767 -0.07593445 0.2566761
vn 0.5514178 -0.1793991 0.8171065
vn 0.6873028 -0.1470704 0.713485
vn 0.6873028 -0.1470704 0.713485
vn 0.9481455 0.2031158 0.2546393
vn 0.9638767 -0.07593445 0.2566761
vn 0.9808006 -0.03528295 0.1922079
vn 0.5079686 -0.03401321 0.8607863
vn 0.5514178 -0.1793991 0.8171065
vn 0.5514178 -0.1793991 0.8171065
vn 0.9638767 -0.07593445 0.2566761
vn 0.9808006 -0.03528295 0.1922079
vn 0.5079686 -0.03401321 0.8607863
vn -0.8819709 -0.04685214 0.4692591
vn -0.7776251 -0.1894872 0.6030253
vn -0.7776251 -0.1894872 0.6030253
vn 0.5514178 -0.1793991 0.8171065
vn 0.5079686 -0.03401321 0.8607863
vn -0.5298605 -0.1723168 -0.8325577
vn -0.576744 -0.05775666 0.8151302
vn -0.8877448 -0.1118362 0.4482438
vn -0.8877448 -0.1118362 0.4482438
vn -0.99203 -0.1029301 0.08106966
vn -0.5298605 -0.1723168 -0.8325577
vn -0.5298605 -0.1723168 -0.8325577
vn -0.99203 -0.1029301 0.08106966
vn -0.7923916 -0.09313095 -0.6037362
vn -0.99203 -0.1029301 0.08106966
vn -0.8819709 -0.04685214 0.4692591
vn -0.7923916 -0.09313095 -0.6037362
vn -0.8819709 -0.04685214 0.4692591
vn -0.8633492 0.009354532 0.504537
vn -0.7923916 -0.09313095 -0.6037362
vn -0.6112646 0.08468074 0.7874366
vn -0.7923916 -0.09313095 -0.6037362
vn -0.8633492 0.009354532 0.504537
vn 0.9831784 -0.1872528 -0.05049345
vn 0.5511582 0.148486 0.8227081
vn 0.5079686 -0.03401321 0.8607863
vn 0.5079686 -0.03401321 0.8607863
vn 0.9808006 -0.03528295 0.1922079
vn 0.9831784 -0.1872528 -0.05049345
vn -0.5046249 0.908738 0.1397482
vn -0.945917 0.3074566 0.1485987
vn -0.9518545 0.326239 0.02084839
vn -0.9518545 0.326239 0.02084839
vn -0.5371115 0.8997374 0.0002912283
vn -0.5046249 0.908738 0.1397482
vn -0.4670651 0.8739527 0.3319296
vn -0.9169038 0.397727 0.1412225
vn -0.945917 0.3074566 0.1485987
vn -0.945917 0.3074566 0.1485987
vn -0.5046249 0.908738 0.1397482
vn -0.4670651 0.8739527 0.3319296
vn 0.8699116 -0.5260891 -0.0001703501
vn 0.9831784 -0.1872528 -0.05049345
vn 0.9808006 -0.03528295 0.1922079
vn 0.9808006 -0.03528295 0.1922079
vn 0.9992704 -0.04084858 -1.322478E-05
vn 0.8699116 -0.5260891 -0.0001703501
vn 0.9992704 -0.04084858 -1.322478E-05
vn 0.9808006 -0.03528295 0.1922079
vn 0.9638767 -0.07593445 0.2566761
vn 0.9638767 -0.07593445 0.2566761
vn 0.9957932 -0.09778185 -3.166497E-05
vn 0.9992704 -0.04084858 -1.322478E-05
vn 0.9957932 -0.09778185 -3.166497E-05
vn 0.9638767 -0.07593445 0.2566761
vn 0.9481455 0.2031158 0.2546393
vn 0.9481455 0.2031158 0.2546393
vn 0.9852453 0.1825791 5.911291E-05
vn 0.9957932 -0.09778185 -3.166497E-05
vn 0.5642979 -0.6813976 -0.5229561
vn -0.5298605 -0.1723168 -0.8325577
vn 0.9831784 -0.1872528 -0.05049345
vn 0.9831784 -0.1872528 -0.05049345
vn 0.8699116 -0.5260891 -0.0001703501
vn 0.5642979 -0.6813976 -0.5229561
vn 0.5937033 0.8583223 0.0002778172
vn 0.3859777 0.9545528 0.2239903
vn -0.5046249 0.908738 0.1397482
vn -0.5046249 0.908738 0.1397482
vn -0.5371115 0.8997374 0.0002912283
vn 0.5937033 0.8583223 0.0002778172
vn 0.9852453 0.1825791 5.911291E-05
vn 0.9481455 0.2031158 0.2546393
vn 0.3859777 0.9545528 0.2239903
vn 0.3859777 0.9545528 0.2239903
vn 0.5937033 0.8583223 0.0002778172
vn 0.9852453 0.1825791 5.911291E-05
vn 0.7476141 -0.1575316 -0.6475078
vn 0.6255385 -0.1009328 -0.7744359
vn 0.8147446 -0.1054182 0.5713398
vn 0.8147446 -0.1054182 0.5713398
vn 0.8208877 -0.125885 0.5587667
vn 0.7476141 -0.1575316 -0.6475078
vn -0.4283122 -0.1130241 -0.8973978
vn -0.02518521 -0.1518603 -0.9894934
vn 0.01462228 0.03724653 -0.9992833
vn 0.01462228 0.03724653 -0.9992833
vn -0.02518521 -0.1518603 -0.9894934
vn 0.9831784 -0.1872528 -0.05049345
vn 0.6587409 0.002931237 -0.7523674
vn 0.9831784 -0.1872528 -0.05049345
vn -0.02518521 -0.1518603 -0.9894934
vn 0.6587409 0.002931237 -0.7523674
vn -0.02518521 -0.1518603 -0.9894934
vn -0.8003464 -0.0388149 -0.5984371
vn 0.6587409 0.002931237 -0.7523674
vn 0.8091968 0.03621393 0.5865604
vn 0.9831784 -0.1872528 -0.05049345
vn 0.8091968 0.03621393 0.5865604
vn 0.629659 -0.01029795 0.776814
vn 0.9831784 -0.1872528 -0.05049345
vn 0.5511582 0.148486 0.8227081
vn 0.9831784 -0.1872528 -0.05049345
vn 0.629659 -0.01029795 0.776814
vn 0.5511582 0.148486 0.8227081
vn 0.629659 -0.01029795 0.776814
vn 0.004012188 -0.01433313 0.999902
vn 0.004012188 -0.01433313 0.999902
vn -0.1901581 0.1229024 0.974969
vn 0.5511582 0.148486 0.8227081
vn 0.7847539 0.1563938 0.6022198
vn 0.2845119 0.6844732 0.7122322
vn 0.01736531 0.4956245 0.8853229
vn 0.01736531 0.4956245 0.8853229
vn 0.2124944 0.09110403 0.9734229
vn 0.7847539 0.1563938 0.6022198
vn -0.9824342 0.06605119 -0.1760573
vn -0.8920249 0.2636416 0.3784266
vn -0.4100751 0.3728016 -0.8424289
vn -0.8541969 0.126798 0.506184
vn -0.3795638 0.3338074 0.8706302
vn -0.8920249 0.2636416 0.3784266
vn -0.4100751 0.3728016 -0.8424289
vn -0.8920249 0.2636416 0.3784266
vn -0.3795638 0.3338074 0.8706302
vn 0.8208877 -0.125885 0.5587667
vn 0.8147446 -0.1054182 0.5713398
vn 0.2124944 0.09110403 0.9734229
vn 0.2124944 0.09110403 0.9734229
vn 0.1159073 0.06362063 0.991468
vn 0.8208877 -0.125885 0.5587667
vn 0.01462228 0.03724653 -0.9992833
vn 0.9831784 -0.1872528 -0.05049345
vn -0.5298605 -0.1723168 -0.8325577
vn -0.5298605 -0.1723168 -0.8325577
vn -0.4283122 -0.1130241 -0.8973978
vn 0.01462228 0.03724653 -0.9992833
vn -0.5298605 -0.1723168 -0.8325577
vn -0.7923916 -0.09313095 -0.6037362
vn -0.4283122 -0.1130241 -0.8973978
vn -0.7923916 -0.09313095 -0.6037362
vn -0.8003464 -0.0388149 -0.5984371
vn -0.4283122 -0.1130241 -0.8973978
vn -0.02518521 -0.1518603 -0.9894934
vn -0.4283122 -0.1130241 -0.8973978
vn -0.8003464 -0.0388149 -0.5984371
vn -0.9824342 0.06605119 -0.1760573
vn -0.8003464 -0.0388149 -0.5984371
vn -0.8541969 0.126798 0.506184
vn -0.8541969 0.126798 0.506184
vn -0.8920249 0.2636416 0.3784266
vn -0.9824342 0.06605119 -0.1760573
vn -0.4100751 0.3728016 -0.8424289
vn -0.8003464 -0.0388149 -0.5984371
vn 0.8787348 -0.01965609 -0.4769609
vn -0.8003464 -0.0388149 -0.5984371
vn -0.4100751 0.3728016 -0.8424289
vn 0.7476141 -0.1575316 -0.6475078
vn 0.7476141 -0.1575316 -0.6475078
vn 0.6587409 0.002931237 -0.7523674
vn -0.8003464 -0.0388149 -0.5984371
vn 0.01156384 0.09182376 0.9962209
vn -0.3795638 0.3338074 0.8706302
vn -0.8541969 0.126798 0.506184
vn -0.8541969 0.126798 0.506184
vn -0.1855821 0.05951238 0.9810439
vn 0.01156384 0.09182376 0.9962209
vn 0.1159073 0.06362063 0.991468
vn 0.01156384 0.09182376 0.9962209
vn -0.1855821 0.05951238 0.9810439
vn -0.1855821 0.05951238 0.9810439
vn 0.05181241 0.02515411 0.9983786
vn 0.1159073 0.06362063 0.991468
vn 0.05181241 0.02515411 0.9983786
vn -0.1855821 0.05951238 0.9810439
vn -0.6112646 0.08468074 0.7874366
vn -0.6112646 0.08468074 0.7874366
vn 0.004012188 -0.01433313 0.999902
vn 0.05181241 0.02515411 0.9983786
vn -0.8384706 0.5043464 0.2696749
vn -0.7334564 0.2665361 0.6311102
vn -0.7297013 0.1758295 0.6633523
vn -0.7297013 0.1758295 0.6633523
vn -0.9942804 -0.04446985 0.09813198
vn -0.8384706 0.5043464 0.2696749
vn -0.4670651 0.8739527 0.3319296
vn -0.4174721 0.9084778 0.3161041
vn -0.8384706 0.5043464 0.2696749
vn -0.8384706 0.5043464 0.2696749
vn -0.9169038 0.397727 0.1412225
vn -0.4670651 0.8739527 0.3319296
vn 0.7522996 0.0550949 -0.656339
vn 0.8477023 -0.139964 -0.5134333
vn 0.9112667 0.2282965 0.3528448
vn 0.8477023 -0.139964 -0.5134333
vn 0.6622109 -0.3708383 -0.6635541
vn 0.9112667 0.2282965 0.3528448
vn 0.998665 -0.019457 0.04839025
vn 0.9112667 0.2282965 0.3528448
vn 0.6622109 -0.3708383 -0.6635541
vn 0.0009044038 -0.2377216 -0.9748183
vn -0.002227718 -0.3649451 -0.939616
vn 0.6622109 -0.3708383 -0.6635541
vn 0.6622109 -0.3708383 -0.6635541
vn 0.8477023 -0.139964 -0.5134333
vn 0.0009044038 -0.2377216 -0.9748183
vn 0.4123269 0.851286 0.4396756
vn 0.3569104 0.8585472 0.4744671
vn -0.4174721 0.9084778 0.3161041
vn -0.4174721 0.9084778 0.3161041
vn -0.4670651 0.8739527 0.3319296
vn 0.4123269 0.851286 0.4396756
vn -0.05822639 0.3440659 0.9447148
vn -0.7297013 0.1758295 0.6633523
vn -0.7334564 0.2665361 0.6311102
vn -0.7334564 0.2665361 0.6311102
vn 0.02900562 0.389198 0.9306064
vn -0.05822639 0.3440659 0.9447148
vn 0.998665 -0.019457 0.04839025
vn 0.7141244 -0.3130163 -0.6355422
vn 0.9979409 -0.03714874 0.0539287
vn 0.9979409 -0.03714874 0.0539287
vn 0.9999723 0.0009723548 -0.004770546
vn 0.998665 -0.019457 0.04839025
vn 0.3569104 0.8585472 0.4744671
vn 0.4648286 0.7609318 0.5250844
vn -0.4796528 0.8425148 0.3813155
vn -0.4796528 0.8425148 0.3813155
vn -0.4174721 0.9084778 0.3161041
vn 0.3569104 0.8585472 0.4744671
vn -0.4174721 0.9084778 0.3161041
vn -0.4796528 0.8425148 0.3813155
vn -0.7334564 0.2665361 0.6311102
vn -0.7334564 0.2665361 0.6311102
vn -0.8384706 0.5043464 0.2696749
vn -0.4174721 0.9084778 0.3161041
vn 0.9112667 0.2282965 0.3528448
vn 0.998665 -0.019457 0.04839025
vn 0.4648286 0.7609318 0.5250844
vn 0.4648286 0.7609318 0.5250844
vn 0.998665 -0.019457 0.04839025
vn 0.9963401 0.02241846 -0.0816458
vn 0.9999723 0.0009723548 -0.004770546
vn 0.9963401 0.02241846 -0.0816458
vn 0.998665 -0.019457 0.04839025
vn 0.3569104 0.8585472 0.4744671
vn 0.9112667 0.2282965 0.3528448
vn 0.4648286 0.7609318 0.5250844
vn 0.9112667 0.2282965 0.3528448
vn 0.3569104 0.8585472 0.4744671
vn 0.4123269 0.851286 0.4396756
vn 0.4123269 0.851286 0.4396756
vn 0.7522996 0.0550949 -0.656339
vn 0.9112667 0.2282965 0.3528448
vn -0.7334564 0.2665361 0.6311102
vn -0.4796528 0.8425148 0.3813155
vn 0.4648286 0.7609318 0.5250844
vn 0.4648286 0.7609318 0.5250844
vn 0.02900562 0.389198 0.9306064
vn -0.7334564 0.2665361 0.6311102
vn -0.002227718 -0.3649451 -0.939616
vn 0.02901571 -0.418774 -0.9192325
vn -0.001970737 -0.4601183 -0.9021739
vn -0.001970737 -0.4601183 -0.9021739
vn 0.6622109 -0.3708383 -0.6635541
vn -0.002227718 -0.3649451 -0.939616
vn -0.7013203 0.2020822 0.6872123
vn -0.7021065 0.09447867 0.7065445
vn -0.9956204 -0.09159473 0.03706338
vn -0.9956204 -0.09159473 0.03706338
vn -0.9843362 -0.09838494 0.1502724
vn -0.7013203 0.2020822 0.6872123
vn -0.7297013 0.1758295 0.6633523
vn -0.7013203 0.2020822 0.6872123
vn -0.9843362 -0.09838494 0.1502724
vn -0.9843362 -0.09838494 0.1502724
vn -0.9942804 -0.04446985 0.09813198
vn -0.7297013 0.1758295 0.6633523
vn 0.02901571 -0.418774 -0.9192325
vn 0.0306319 -0.3926979 -0.9292586
vn 0.7141244 -0.3130163 -0.6355422
vn 0.7141244 -0.3130163 -0.6355422
vn -0.001970737 -0.4601183 -0.9021739
vn 0.02901571 -0.418774 -0.9192325
vn -0.05822639 0.3440659 0.9447148
vn -0.08715709 0.374209 0.9323764
vn -0.7013203 0.2020822 0.6872123
vn -0.7013203 0.2020822 0.6872123
vn -0.7297013 0.1758295 0.6633523
vn -0.05822639 0.3440659 0.9447148
vn -0.9979153 -0.04595162 0.04813503
vn -0.9956204 -0.09159473 0.03706338
vn -0.9223497 -0.1429328 -0.3623833
vn -0.9956204 -0.09159473 0.03706338
vn -0.7021065 0.09447867 0.7065445
vn -0.9223497 -0.1429328 -0.3623833
vn -0.8209133 0.07714105 0.5664596
vn -0.9223497 -0.1429328 -0.3623833
vn -0.7021065 0.09447867 0.7065445
vn 0.0306319 -0.3926979 -0.9292586
vn 0.0688202 -0.2579099 -0.9678843
vn 0.6105089 -0.1832547 -0.7731529
vn 0.6105089 -0.1832547 -0.7731529
vn 0.7141244 -0.3130163 -0.6355422
vn 0.0306319 -0.3926979 -0.9292586
vn 0.7141244 -0.3130163 -0.6355422
vn 0.6105089 -0.1832547 -0.7731529
vn 0.9302943 -0.1541783 -0.3371443
vn 0.9302943 -0.1541783 -0.3371443
vn 0.9979409 -0.03714874 0.0539287
vn 0.7141244 -0.3130163 -0.6355422
vn -0.08715709 0.374209 0.9323764
vn -0.04037384 0.1961645 0.9821144
vn -0.7021065 0.09447867 0.7065445
vn -0.7021065 0.09447867 0.7065445
vn -0.7013203 0.2020822 0.6872123
vn -0.08715709 0.374209 0.9323764
vn 0.05195541 -0.6991272 0.7534594
vn 0.07228145 -0.7094852 0.7432039
vn 0.05525008 -0.7008341 0.7518296
vn 0.05525008 -0.7008341 0.7518296
vn 0.03333917 -0.6892797 0.7624341
vn 0.05195541 -0.6991272 0.7534594
vn 0.0688202 -0.2579099 -0.9678843
vn 0.1494229 0.1073803 -0.9836355
vn 0.4345511 0.1099435 -0.8947307
vn 0.4345511 0.1099435 -0.8947307
vn 0.6105089 -0.1832547 -0.7731529
vn 0.0688202 -0.2579099 -0.9678843
vn 0.4345511 0.1099435 -0.8947307
vn 0.8375419 -0.0299055 -0.5456583
vn 0.6105089 -0.1832547 -0.7731529
vn 0.6105089 -0.1832547 -0.7731529
vn 0.8375419 -0.0299055 -0.5456583
vn 0.9302943 -0.1541783 -0.3371443
vn 0.8246797 0.03754127 -0.5645087
vn 0.9302943 -0.1541783 -0.3371443
vn 0.8375419 -0.0299055 -0.5456583
vn -0.04037384 0.1961645 0.9821144
vn -0.02535785 0.1182835 0.9935092
vn -0.8209133 0.07714105 0.5664596
vn -0.8209133 0.07714105 0.5664596
vn -0.7021065 0.09447867 0.7065445
vn -0.04037384 0.1961645 0.9821144
vn 0.8375419 -0.0299055 -0.5456583
vn 0.4529194 -0.1958837 -0.8724341
vn 0.797416 -0.03897065 -0.6023273
vn 0.797416 -0.03897065 -0.6023273
vn 0.8246797 0.03754127 -0.5645087
vn 0.8375419 -0.0299055 -0.5456583
vn -0.6489858 -0.7205837 -0.349925
vn -0.4839457 -0.6381333 0.6386611
vn -0.08150249 -0.3224936 0.9497093
vn -0.08150249 -0.3224936 0.9497093
vn -0.3678803 -0.5612641 0.7666738
vn -0.6489858 -0.7205837 -0.349925
vn -0.02535785 0.1182835 0.9935092
vn -0.08150249 -0.3224936 0.9497093
vn -0.4839457 -0.6381333 0.6386611
vn -0.4839457 -0.6381333 0.6386611
vn -0.8209133 0.07714105 0.5664596
vn -0.02535785 0.1182835 0.9935092
vn -0.9223497 -0.1429328 -0.3623833
vn -0.6489858 -0.7205837 -0.349925
vn 0.4529194 -0.1958837 -0.8724341
vn 0.4529194 -0.1958837 -0.8724341
vn 0.8375419 -0.0299055 -0.5456583
vn -0.9223497 -0.1429328 -0.3623833
vn -0.8209133 0.07714105 0.5664596
vn -0.4839457 -0.6381333 0.6386611
vn -0.6489858 -0.7205837 -0.349925
vn -0.6489858 -0.7205837 -0.349925
vn -0.9223497 -0.1429328 -0.3623833
vn -0.8209133 0.07714105 0.5664596
vn -0.2381522 -1.033428 -0.06794006
vn -0.07588091 -1.005152 -0.3259418
vn -0.1504789 -1.054379 -0.01560152
vn -0.1504789 -1.054379 -0.01560152
vn -0.07588091 -1.005152 -0.3259418
vn 0.09156262 -1.061461 0.03650904
vn 0.09156262 -1.061461 0.03650904
vn -0.07588091 -1.005152 -0.3259418
vn 0.05541142 -1.064018 -0.04324055
vn 0.03742345 -1.062559 -0.07916033
vn 0.05541142 -1.064018 -0.04324055
vn -0.07588091 -1.005152 -0.3259418
vn 0.2124944 0.09110403 0.9734229
vn 0.01736531 0.4956245 0.8853229
vn -0.1315892 0.3371262 0.93957
vn -0.1315892 0.3371262 0.93957
vn 0.003468285 0.1461446 0.9905635
vn 0.2124944 0.09110403 0.9734229
vn -0.2488759 0.5869818 0.7970132
vn 0.003468285 0.1461446 0.9905635
vn -0.4415507 0.6717806 0.6390509
vn 0.003468285 0.1461446 0.9905635
vn -0.1315892 0.3371262 0.93957
vn -0.4415507 0.6717806 0.6390509
vn -0.6033109 0.5297623 0.6239799
vn -0.4415507 0.6717806 0.6390509
vn -0.1315892 0.3371262 0.93957
vn 0.605398 -0.5512812 -0.6052946
vn -0.07588091 -1.005152 -0.3259418
vn -0.2381522 -1.033428 -0.06794006
vn -0.2381522 -1.033428 -0.06794006
vn -0.02282673 -1.062837 -0.08139807
vn 0.605398 -0.5512812 -0.6052946
vn -0.2488759 0.5869818 0.7970132
vn -0.4415507 0.6717806 0.6390509
vn -0.6028474 0.7430886 -0.3889132
vn -0.6028474 0.7430886 -0.3889132
vn -0.4100751 0.3728016 -0.8424289
vn -0.2488759 0.5869818 0.7970132
vn -0.4100751 0.3728016 -0.8424289
vn -0.6028474 0.7430886 -0.3889132
vn -0.2426792 -0.3606743 -0.90927
vn -0.2426792 -0.3606743 -0.90927
vn 0.01911177 0.02089131 -0.9996257
vn -0.4100751 0.3728016 -0.8424289
vn 0.6255385 -0.1009328 -0.7744359
vn 0.605398 -0.5512812 -0.6052946
vn 0.7847539 0.1563938 0.6022198
vn 0.7847539 0.1563938 0.6022198
vn 0.8147446 -0.1054182 0.5713398
vn 0.6255385 -0.1009328 -0.7744359
vn 0.7847539 0.1563938 0.6022198
vn 0.2124944 0.09110403 0.9734229
vn 0.8147446 -0.1054182 0.5713398
vn 0.2124944 0.09110403 0.9734229
vn 0.003468285 0.1461446 0.9905635
vn 0.01156384 0.09182376 0.9962209
vn 0.01156384 0.09182376 0.9962209
vn 0.1159073 0.06362063 0.991468
vn 0.2124944 0.09110403 0.9734229
vn 0.003468285 0.1461446 0.9905635
vn -0.2488759 0.5869818 0.7970132
vn -0.3795638 0.3338074 0.8706302
vn -0.3795638 0.3338074 0.8706302
vn 0.01156384 0.09182376 0.9962209
vn 0.003468285 0.1461446 0.9905635
vn 0.8091968 0.03621393 0.5865604
vn 0.8208877 -0.125885 0.5587667
vn 0.1159073 0.06362063 0.991468
vn 0.1159073 0.06362063 0.991468
vn 0.05181241 0.02515411 0.9983786
vn 0.8091968 0.03621393 0.5865604
vn 0.6587409 0.002931237 -0.7523674
vn 0.7476141 -0.1575316 -0.6475078
vn 0.8208877 -0.125885 0.5587667
vn 0.8208877 -0.125885 0.5587667
vn 0.8091968 0.03621393 0.5865604
vn 0.6587409 0.002931237 -0.7523674
vn 0.629659 -0.01029795 0.776814
vn 0.8091968 0.03621393 0.5865604
vn 0.05181241 0.02515411 0.9983786
vn 0.05181241 0.02515411 0.9983786
vn 0.004012188 -0.01433313 0.999902
vn 0.629659 -0.01029795 0.776814
vn -0.8003464 -0.0388149 -0.5984371
vn -0.7923916 -0.09313095 -0.6037362
vn -0.8541969 0.126798 0.506184
vn -0.7923916 -0.09313095 -0.6037362
vn -0.6112646 0.08468074 0.7874366
vn -0.8541969 0.126798 0.506184
vn -0.1855821 0.05951238 0.9810439
vn -0.8541969 0.126798 0.506184
vn -0.6112646 0.08468074 0.7874366
vn -0.6112646 0.08468074 0.7874366
vn -0.8633492 0.009354532 0.504537
vn -0.1901581 0.1229024 0.974969
vn -0.1901581 0.1229024 0.974969
vn 0.004012188 -0.01433313 0.999902
vn -0.6112646 0.08468074 0.7874366
vn -0.4100751 0.3728016 -0.8424289
vn 0.01911177 0.02089131 -0.9996257
vn 0.6255385 -0.1009328 -0.7744359
vn 0.6255385 -0.1009328 -0.7744359
vn 0.7476141 -0.1575316 -0.6475078
vn -0.4100751 0.3728016 -0.8424289
vn 0.605398 -0.5512812 -0.6052946
vn 0.6255385 -0.1009328 -0.7744359
vn 0.01911177 0.02089131 -0.9996257
vn -0.4415507 0.6717806 0.6390509
vn -0.6033109 0.5297623 0.6239799
vn -0.793025 0.4933837 0.3964373
vn -0.793025 0.4933837 0.3964373
vn -0.6028474 0.7430886 -0.3889132
vn -0.4415507 0.6717806 0.6390509
vn -0.2426792 -0.3606743 -0.90927
vn 0.605398 -0.5512812 -0.6052946
vn 0.01911177 0.02089131 -0.9996257
vn -0.2426792 -0.3606743 -0.90927
vn -0.6028474 0.7430886 -0.3889132
vn 0.605398 -0.5512812 -0.6052946
vn 0.605398 -0.5512812 -0.6052946
vn -0.6028474 0.7430886 -0.3889132
vn -0.07588091 -1.005152 -0.3259418
vn 0.06587883 0.2301824 -0.9742136
vn -0.07588091 -1.005152 -0.3259418
vn -0.6028474 0.7430886 -0.3889132
vn -0.2488759 0.5869818 0.7970132
vn -0.4100751 0.3728016 -0.8424289
vn -0.3795638 0.3338074 0.8706302
vn 0.5079686 -0.03401321 0.8607863
vn 0.5511582 0.148486 0.8227081
vn -0.8819709 -0.04685214 0.4692591
vn 0.5511582 0.148486 0.8227081
vn -0.1901581 0.1229024 0.974969
vn -0.8819709 -0.04685214 0.4692591
vn -0.8633492 0.009354532 0.504537
vn -0.8819709 -0.04685214 0.4692591
vn -0.1901581 0.1229024 0.974969
vn 0.7413548 0.08562928 0.6662981
vn 0.6965629 -0.1623453 0.70117
vn 0.4086417 0.8520938 -0.4414275
vn 0.6835457 -0.1457052 -0.7170143
vn 0.9476389 0.2037273 -0.2559461
vn 0.4086417 0.8520938 -0.4414275
vn 0.3859776 0.9547177 -0.2233722
vn 0.4086417 0.8520938 -0.4414275
vn 0.9476389 0.2037273 -0.2559461
vn 0.3859776 0.9547177 -0.2233722
vn -0.5046733 0.9088223 -0.1391118
vn -0.4704386 0.8732884 -0.3292307
vn -0.4704386 0.8732884 -0.3292307
vn 0.4086417 0.8520938 -0.4414275
vn 0.3859776 0.9547177 -0.2233722
vn -0.8421364 -0.08424079 -0.5334556
vn -0.9217253 0.3824153 -0.1479679
vn -0.07615057 -0.2139848 -0.9767066
vn -0.1989048 0.1939257 0.9630075
vn -0.1989049 0.1939259 0.9630076
vn -0.1989048 0.1939258 0.9630075
vn -0.9217253 0.3824153 -0.1479679
vn -0.9426628 0.3022991 -0.1762781
vn -0.9804818 -0.099086 0.1733022
vn -0.9804818 -0.099086 0.1733022
vn -0.9426628 0.3022991 -0.1762781
vn -0.9868092 -0.1352116 -0.1007304
vn -0.9868092 -0.1352116 -0.1007304
vn -0.9426628 0.3022991 -0.1762781
vn -0.8950858 -0.1522606 -0.422435
vn -0.8950858 -0.1522606 -0.422435
vn -0.9426628 0.3022991 -0.1762781
vn -0.9954165 -0.04072177 -0.08772911
vn -0.9426628 0.3022991 -0.1762781
vn -0.9518545 0.326239 0.02084839
vn -0.9954165 -0.04072177 -0.08772911
vn -0.2235873 -0.003388464 -0.9746791
vn -0.2235873 -0.003388464 -0.9746791
vn -0.2235873 -0.003388464 -0.9746791
vn -0.9944195 -0.0448391 -0.09680492
vn -0.8421358 0.5022377 -0.2628896
vn -0.9113163 -0.01282245 -0.41154
vn -0.9113163 -0.01282245 -0.41154
vn -0.8421358 0.5022377 -0.2628896
vn -0.8421364 -0.08424079 -0.5334556
vn -0.9217253 0.3824153 -0.1479679
vn -0.8421364 -0.08424079 -0.5334556
vn -0.8421358 0.5022377 -0.2628896
vn 0.5513133 -0.1787828 -0.8172901
vn 0.6835457 -0.1457052 -0.7170143
vn -0.8421364 -0.08424079 -0.5334556
vn -0.8421364 -0.08424079 -0.5334556
vn -0.07615057 -0.2139848 -0.9767066
vn 0.5513133 -0.1787828 -0.8172901
vn 0.9638644 -0.07573134 -0.2567718
vn 0.9476389 0.2037273 -0.2559461
vn 0.6835457 -0.1457052 -0.7170143
vn 0.6835457 -0.1457052 -0.7170143
vn 0.5513133 -0.1787828 -0.8172901
vn 0.9638644 -0.07573134 -0.2567718
vn 0.9808005 -0.03514136 -0.1922307
vn 0.9638644 -0.07573134 -0.2567718
vn 0.5513133 -0.1787828 -0.8172901
vn 0.5513133 -0.1787828 -0.8172901
vn 0.5079685 -0.03337908 -0.8608082
vn 0.9808005 -0.03514136 -0.1922307
vn 0.5079685 -0.03337908 -0.8608082
vn 0.5513133 -0.1787828 -0.8172901
vn -0.07615057 -0.2139848 -0.9767066
vn -0.07615057 -0.2139848 -0.9767066
vn -0.2640297 0.0119459 -0.9644499
vn 0.5079685 -0.03337908 -0.8608082
vn -0.5298606 -0.1729301 0.8324459
vn -0.9868092 -0.1352116 -0.1007304
vn -0.8950858 -0.1522606 -0.422435
vn -0.8950858 -0.1522606 -0.422435
vn -0.5767441 -0.05715626 -0.8151674
vn -0.5298606 -0.1729301 0.8324459
vn -0.7346051 -0.1513675 0.6634919
vn -0.9804818 -0.099086 0.1733022
vn -0.6654828 0.05189347 -0.744828
vn -0.9804818 -0.099086 0.1733022
vn -0.9868092 -0.1352116 -0.1007304
vn -0.6654828 0.05189347 -0.744828
vn -0.6654828 0.05189347 -0.744828
vn -0.9868092 -0.1352116 -0.1007304
vn -0.8079813 -0.08442503 0.5838721
vn -0.5298606 -0.1729301 0.8324459
vn -0.8079813 -0.08442503 0.5838721
vn -0.9868092 -0.1352116 -0.1007304
vn 0.9813333 -0.2002584 0.04176721
vn 0.9808005 -0.03514136 -0.1922307
vn 0.5079685 -0.03337908 -0.8608082
vn 0.5079685 -0.03337908 -0.8608082
vn 0.9812261 0.008895904 -0.1927
vn 0.9813333 -0.2002584 0.04176721
vn -0.5046733 0.9088223 -0.1391118
vn -0.5371115 0.8997374 0.0002912283
vn -0.9518545 0.326239 0.02084839
vn -0.9518545 0.326239 0.02084839
vn -0.9426628 0.3022991 -0.1762781
vn -0.5046733 0.9088223 -0.1391118
vn -0.4704386 0.8732884 -0.3292307
vn -0.5046733 0.9088223 -0.1391118
vn -0.9426628 0.3022991 -0.1762781
vn -0.9426628 0.3022991 -0.1762781
vn -0.9217253 0.3824153 -0.1479679
vn -0.4704386 0.8732884 -0.3292307
vn 0.8699116 -0.5260891 -0.0001703501
vn 0.9992704 -0.04084858 -1.322478E-05
vn 0.9808005 -0.03514136 -0.1922307
vn 0.9808005 -0.03514136 -0.1922307
vn 0.9813333 -0.2002584 0.04176721
vn 0.8699116 -0.5260891 -0.0001703501
vn 0.9992704 -0.04084858 -1.322478E-05
vn 0.9957932 -0.09778185 -3.166497E-05
vn 0.9638644 -0.07573134 -0.2567718
vn 0.9638644 -0.07573134 -0.2567718
vn 0.9808005 -0.03514136 -0.1922307
vn 0.9992704 -0.04084858 -1.322478E-05
vn 0.9957932 -0.09778185 -3.166497E-05
vn 0.9852453 0.1825791 5.911291E-05
vn 0.9476389 0.2037273 -0.2559461
vn 0.9476389 0.2037273 -0.2559461
vn 0.9638644 -0.07573134 -0.2567718
vn 0.9957932 -0.09778185 -3.166497E-05
vn 0.564298 -0.6817828 0.5225148
vn 0.8699116 -0.5260891 -0.0001703501
vn 0.9813333 -0.2002584 0.04176721
vn 0.9813333 -0.2002584 0.04176721
vn -0.5298606 -0.1729301 0.8324459
vn 0.564298 -0.6817828 0.5225148
vn 0.5937033 0.8583223 0.0002778172
vn -0.5371115 0.8997374 0.0002912283
vn -0.5046733 0.9088223 -0.1391118
vn -0.5046733 0.9088223 -0.1391118
vn 0.3859776 0.9547177 -0.2233722
vn 0.5937033 0.8583223 0.0002778172
vn 0.9852453 0.1825791 5.911291E-05
vn 0.5937033 0.8583223 0.0002778172
vn 0.3859776 0.9547177 -0.2233722
vn 0.3859776 0.9547177 -0.2233722
vn 0.9476389 0.2037273 -0.2559461
vn 0.9852453 0.1825791 5.911291E-05
vn 0.747614 -0.1580085 0.6474053
vn 0.8208878 -0.1254734 -0.5588478
vn 0.8147445 -0.1049973 -0.5714077
vn 0.8147445 -0.1049973 -0.5714077
vn 0.6255385 -0.1015034 0.7743701
vn 0.747614 -0.1580085 0.6474053
vn -0.02518524 -0.152589 0.9893945
vn 0.661755 0.01503772 0.7495897
vn -0.8047104 -0.02522177 0.5932007
vn -0.4283123 -0.113685 0.8973243
vn 0.01462222 0.03651047 0.9993072
vn -0.02518524 -0.152589 0.9893945
vn 0.01462222 0.03651047 0.9993072
vn 0.9813333 -0.2002584 0.04176721
vn -0.02518524 -0.152589 0.9893945
vn 0.661755 0.01503772 0.7495897
vn -0.02518524 -0.152589 0.9893945
vn 0.9813333 -0.2002584 0.04176721
vn 0.002747023 -0.01339096 -0.9999174
vn 0.8208005 0.06453896 -0.5680058
vn -0.1535566 0.1793185 -0.9737344
vn 0.8208005 0.06453896 -0.5680058
vn 0.661755 0.01503772 0.7495897
vn 0.9812261 0.008895904 -0.1927
vn 0.9813333 -0.2002584 0.04176721
vn 0.9812261 0.008895904 -0.1927
vn 0.661755 0.01503772 0.7495897
vn -0.1535566 0.1793185 -0.9737344
vn -0.1901581 0.1236206 -0.9748889
vn 0.004012188 -0.01359665 -0.9999107
vn 0.004012188 -0.01359665 -0.9999107
vn 0.002747023 -0.01339096 -0.9999174
vn -0.1535566 0.1793185 -0.9737344
vn 0.7847539 0.1568373 -0.6021183
vn 0.2124943 0.09182107 -0.9733632
vn 0.01736531 0.4962765 -0.8850014
vn 0.01736531 0.4962765 -0.8850014
vn 0.2845119 0.6849976 -0.7117887
vn 0.7847539 0.1568373 -0.6021183
vn -0.8813848 0.2158146 -0.426884
vn -0.8972411 0.2479108 -0.3754276
vn -0.3836304 0.3516036 -0.8626539
vn -0.8972411 0.2479108 -0.3754276
vn -0.9962849 0.001866534 0.08614304
vn -0.3836304 0.3516036 -0.8626539
vn -0.4099631 0.3944256 0.833784
vn -0.3836304 0.3516036 -0.8626539
vn -0.9962849 0.001866534 0.08614304
vn 0.8208878 -0.1254734 -0.5588478
vn 0.1159072 0.06435084 -0.9914261
vn 0.2124943 0.09182107 -0.9733632
vn 0.2124943 0.09182107 -0.9733632
vn 0.8147445 -0.1049973 -0.5714077
vn 0.8208878 -0.1254734 -0.5588478
vn 0.01462222 0.03651047 0.9993072
vn -0.4283123 -0.113685 0.8973243
vn -0.5298606 -0.1729301 0.8324459
vn -0.5298606 -0.1729301 0.8324459
vn 0.9813333 -0.2002584 0.04176721
vn 0.01462222 0.03651047 0.9993072
vn -0.5298606 -0.1729301 0.8324459
vn -0.4283123 -0.113685 0.8973243
vn -0.8079813 -0.08442503 0.5838721
vn -0.8079813 -0.08442503 0.5838721
vn -0.4283123 -0.113685 0.8973243
vn -0.8047104 -0.02522177 0.5932007
vn -0.02518524 -0.152589 0.9893945
vn -0.8047104 -0.02522177 0.5932007
vn -0.4283123 -0.113685 0.8973243
vn -0.9962849 0.001866534 0.08614304
vn -0.8972411 0.2479108 -0.3754276
vn -0.8813848 0.2158146 -0.426884
vn -0.8813848 0.2158146 -0.426884
vn -0.8047104 -0.02522177 0.5932007
vn -0.9962849 0.001866534 0.08614304
vn -0.8047104 -0.02522177 0.5932007
vn -0.4099631 0.3944256 0.833784
vn 0.8787346 -0.0200074 0.4769481
vn -0.8047104 -0.02522177 0.5932007
vn 0.661755 0.01503772 0.7495897
vn 0.747614 -0.1580085 0.6474053
vn 0.747614 -0.1580085 0.6474053
vn -0.4099631 0.3944256 0.833784
vn -0.8047104 -0.02522177 0.5932007
vn 0.01156384 0.09255755 -0.9961608
vn -0.1855822 0.06023496 -0.9810048
vn -0.8813848 0.2158146 -0.426884
vn -0.8813848 0.2158146 -0.426884
vn -0.3836304 0.3516036 -0.8626539
vn 0.01156384 0.09255755 -0.9961608
vn 0.1159072 0.06435084 -0.9914261
vn 0.05181241 0.02588958 -0.9983617
vn -0.1855822 0.06023496 -0.9810048
vn -0.1855822 0.06023496 -0.9810048
vn 0.01156384 0.09255755 -0.9961608
vn 0.1159072 0.06435084 -0.9914261
vn 0.05181241 0.02588958 -0.9983617
vn 0.004012188 -0.01359665 -0.9999107
vn -0.6654828 0.05189347 -0.744828
vn -0.6654828 0.05189347 -0.744828
vn -0.1855822 0.06023496 -0.9810048
vn 0.05181241 0.02588958 -0.9983617
vn -0.8421358 0.5022377 -0.2628896
vn -0.9944195 -0.0448391 -0.09680492
vn -0.7317528 0.1755914 -0.6613948
vn -0.7317528 0.1755914 -0.6613948
vn -0.7420768 0.2638847 -0.6229948
vn -0.8421358 0.5022377 -0.2628896
vn -0.4704386 0.8732884 -0.3292307
vn -0.9217253 0.3824153 -0.1479679
vn -0.8421358 0.5022377 -0.2628896
vn -0.8421358 0.5022377 -0.2628896
vn -0.4216241 0.9076886 -0.3131933
vn -0.4704386 0.8732884 -0.3292307
vn 0.99866 -0.01937606 -0.04854608
vn 0.6640438 -0.3719165 0.6614189
vn 0.9032952 0.240654 -0.3649144
vn 0.9032952 0.240654 -0.3649144
vn 0.6640438 -0.3719165 0.6614189
vn 0.7413548 0.08562928 0.6662981
vn 0.6965629 -0.1623453 0.70117
vn 0.7413548 0.08562928 0.6662981
vn 0.6640438 -0.3719165 0.6614189
vn 0.00610249 -0.2381129 0.974746
vn 0.6965629 -0.1623453 0.70117
vn 0.6640438 -0.3719165 0.6614189
vn 0.6640438 -0.3719165 0.6614189
vn 0.003059292 -0.3653218 0.9395154
vn 0.00610249 -0.2381129 0.974746
vn 0.4086417 0.8520938 -0.4414275
vn -0.4704386 0.8732884 -0.3292307
vn -0.4216241 0.9076886 -0.3131933
vn -0.4216241 0.9076886 -0.3131933
vn 0.3513264 0.8594448 -0.47682
vn 0.4086417 0.8520938 -0.4414275
vn -0.06129484 0.3445283 -0.9444124
vn 0.01633885 0.3892015 -0.9309109
vn -0.7420768 0.2638847 -0.6229948
vn -0.7420768 0.2638847 -0.6229948
vn -0.7317528 0.1755914 -0.6613948
vn -0.06129484 0.3445283 -0.9444124
vn 0.99866 -0.01937606 -0.04854608
vn 1 0.001816878 0.002116312
vn 0.9979414 -0.037109 -0.05395281
vn 0.9979414 -0.037109 -0.05395281
vn 0.7141249 -0.3134842 0.6353391
vn 0.99866 -0.01937606 -0.04854608
vn 0.3513264 0.8594448 -0.47682
vn -0.4216241 0.9076886 -0.3131933
vn -0.4857706 0.841176 -0.3769909
vn -0.4857706 0.841176 -0.3769909
vn 0.4569578 0.7623512 -0.5295075
vn 0.3513264 0.8594448 -0.47682
vn -0.4216241 0.9076886 -0.3131933
vn -0.8421358 0.5022377 -0.2628896
vn -0.7420768 0.2638847 -0.6229948
vn -0.7420768 0.2638847 -0.6229948
vn -0.4857706 0.841176 -0.3769909
vn -0.4216241 0.9076886 -0.3131933
vn 1 0.001816878 0.002116312
vn 0.99866 -0.01937606 -0.04854608
vn 0.9972057 0.02590889 0.07070411
vn 0.9972057 0.02590889 0.07070411
vn 0.99866 -0.01937606 -0.04854608
vn 0.4569578 0.7623512 -0.5295075
vn 0.9032952 0.240654 -0.3649144
vn 0.4569578 0.7623512 -0.5295075
vn 0.99866 -0.01937606 -0.04854608
vn 0.9032952 0.240654 -0.3649144
vn 0.3513264 0.8594448 -0.47682
vn 0.4569578 0.7623512 -0.5295075
vn 0.9032952 0.240654 -0.3649144
vn 0.7413548 0.08562928 0.6662981
vn 0.4086417 0.8520938 -0.4414275
vn 0.4086417 0.8520938 -0.4414275
vn 0.3513264 0.8594448 -0.47682
vn 0.9032952 0.240654 -0.3649144
vn -0.7420768 0.2638847 -0.6229948
vn 0.01633885 0.3892015 -0.9309109
vn 0.4569578 0.7623512 -0.5295075
vn 0.4569578 0.7623512 -0.5295075
vn -0.4857706 0.841176 -0.3769909
vn -0.7420768 0.2638847 -0.6229948
vn 0.003059292 -0.3653218 0.9395154
vn 0.6640438 -0.3719165 0.6614189
vn -0.001806414 -0.4607735 0.9018813
vn -0.001806414 -0.4607735 0.9018813
vn 0.03058138 -0.4193472 0.9189691
vn 0.003059292 -0.3653218 0.9395154
vn -0.7013206 0.2025882 -0.6870811
vn -0.9843367 -0.09827422 -0.1503361
vn -0.9956207 -0.09156741 -0.03712268
vn -0.9956207 -0.09156741 -0.03712268
vn -0.7021066 0.0949989 -0.7064829
vn -0.7013206 0.2025882 -0.6870811
vn -0.7317528 0.1755914 -0.6613948
vn -0.9944195 -0.0448391 -0.09680492
vn -0.9843367 -0.09827422 -0.1503361
vn -0.9843367 -0.09827422 -0.1503361
vn -0.7013206 0.2025882 -0.6870811
vn -0.7317528 0.1755914 -0.6613948
vn 0.03058138 -0.4193472 0.9189691
vn -0.001806414 -0.4607735 0.9018813
vn 0.7141249 -0.3134842 0.6353391
vn 0.7141249 -0.3134842 0.6353391
vn 0.0306319 -0.3933821 0.9290041
vn 0.03058138 -0.4193472 0.9189691
vn -0.06129484 0.3445283 -0.9444124
vn -0.7317528 0.1755914 -0.6613948
vn -0.7013206 0.2025882 -0.6870811
vn -0.7013206 0.2025882 -0.6870811
vn -0.08715712 0.3748956 -0.9321339
vn -0.06129484 0.3445283 -0.9444124
vn -0.8209133 0.07755804 -0.5664093
vn -0.7021066 0.0949989 -0.7064829
vn -0.9223497 -0.1431995 0.3622905
vn -0.7021066 0.0949989 -0.7064829
vn -0.9956207 -0.09156741 -0.03712268
vn -0.9223497 -0.1431995 0.3622905
vn -0.9979153 -0.04591617 -0.04816474
vn -0.9223497 -0.1431995 0.3622905
vn -0.9956207 -0.09156741 -0.03712268
vn 0.0306319 -0.3933821 0.9290041
vn 0.7141249 -0.3134842 0.6353391
vn 0.6105091 -0.183824 0.773034
vn 0.6105091 -0.183824 0.773034
vn 0.06882022 -0.2586225 0.9677171
vn 0.0306319 -0.3933821 0.9290041
vn 0.7141249 -0.3134842 0.6353391
vn 0.9979414 -0.037109 -0.05395281
vn 0.9302946 -0.1544265 0.3370442
vn 0.9302946 -0.1544265 0.3370442
vn 0.6105091 -0.183824 0.773034
vn 0.7141249 -0.3134842 0.6353391
vn -0.08715712 0.3748956 -0.9321339
vn -0.7013206 0.2025882 -0.6870811
vn -0.7021066 0.0949989 -0.7064829
vn -0.7021066 0.0949989 -0.7064829
vn -0.04037385 0.1968877 -0.9819872
vn -0.08715712 0.3748956 -0.9321339
vn 0.05195539 -0.698572 -0.7539122
vn 0.03333916 -0.688718 -0.7628805
vn 0.05525007 -0.7002802 -0.7522833
vn 0.05525007 -0.7002802 -0.7522833
vn 0.07228144 -0.7089375 -0.7436634
vn 0.05195539 -0.698572 -0.7539122
vn 0.06882022 -0.2586225 0.9677171
vn 0.6105091 -0.183824 0.773034
vn 0.434551 0.1092848 0.8948015
vn 0.434551 0.1092848 0.8948015
vn 0.1494229 0.1066561 0.9837046
vn 0.06882022 -0.2586225 0.9677171
vn 0.8246797 0.03712565 0.5645329
vn 0.8375419 -0.03030723 0.5456388
vn 0.9302946 -0.1544265 0.3370442
vn 0.9302946 -0.1544265 0.3370442
vn 0.8375419 -0.03030723 0.5456388
vn 0.6105091 -0.183824 0.773034
vn 0.434551 0.1092848 0.8948015
vn 0.6105091 -0.183824 0.773034
vn 0.8375419 -0.03030723 0.5456388
vn -0.04037385 0.1968877 -0.9819872
vn -0.7021066 0.0949989 -0.7064829
vn -0.8209133 0.07755804 -0.5664093
vn -0.8209133 0.07755804 -0.5664093
vn -0.02535785 0.119015 -0.993432
vn -0.04037385 0.1968877 -0.9819872
vn 0.8375419 -0.03030723 0.5456388
vn 0.8246797 0.03712565 0.5645329
vn 0.7974159 -0.03941411 0.6023017
vn 0.7974159 -0.03941411 0.6023017
vn 0.4529194 -0.1965261 0.8723069
vn 0.8375419 -0.03030723 0.5456388
vn -0.6489858 -0.720841 0.349458
vn -0.3678804 -0.5606993 -0.7670372
vn -0.0815025 -0.3217942 -0.9499178
vn -0.0815025 -0.3217942 -0.9499178
vn -0.4839457 -0.6376627 -0.6390744
vn -0.6489858 -0.720841 0.349458
vn -0.02535785 0.119015 -0.993432
vn -0.8209133 0.07755804 -0.5664093
vn -0.4839457 -0.6376627 -0.6390744
vn -0.4839457 -0.6376627 -0.6390744
vn -0.0815025 -0.3217942 -0.9499178
vn -0.02535785 0.119015 -0.993432
vn -0.9223497 -0.1431995 0.3622905
vn 0.8375419 -0.03030723 0.5456388
vn 0.4529194 -0.1965261 0.8723069
vn 0.4529194 -0.1965261 0.8723069
vn -0.6489858 -0.720841 0.349458
vn -0.9223497 -0.1431995 0.3622905
vn -0.8209133 0.07755804 -0.5664093
vn -0.9223497 -0.1431995 0.3622905
vn -0.6489858 -0.720841 0.349458
vn -0.6489858 -0.720841 0.349458
vn -0.4839457 -0.6376627 -0.6390744
vn -0.8209133 0.07755804 -0.5664093
vn -0.2381523 -1.033478 0.06727099
vn -0.1504789 -1.05439 0.01491892
vn -0.07588093 -1.005392 0.3252908
vn -0.1504789 -1.05439 0.01491892
vn 0.0915626 -1.061434 -0.03719604
vn -0.07588093 -1.005392 0.3252908
vn 0.0915626 -1.061434 -0.03719604
vn 0.05541141 -1.064049 0.04255176
vn -0.07588093 -1.005392 0.3252908
vn 0.03742345 -1.062617 0.07847226
vn -0.07588093 -1.005392 0.3252908
vn 0.05541141 -1.064049 0.04255176
vn 0.2124943 0.09182107 -0.9733632
vn 0.003468284 0.1468742 -0.9904683
vn -0.1315892 0.3378182 -0.939351
vn -0.1315892 0.3378182 -0.939351
vn 0.01736531 0.4962765 -0.8850014
vn 0.2124943 0.09182107 -0.9733632
vn -0.2488759 0.5875686 -0.7966328
vn -0.4415507 0.6722511 -0.6386154
vn 0.003468284 0.1468742 -0.9904683
vn 0.003468284 0.1468742 -0.9904683
vn -0.4415507 0.6722511 -0.6386154
vn -0.1315892 0.3378182 -0.939351
vn -0.6033109 0.5302216 -0.6236365
vn -0.1315892 0.3378182 -0.939351
vn -0.4415507 0.6722511 -0.6386154
vn 0.6053979 -0.5517269 0.6049373
vn -0.02282673 -1.062897 0.08070982
vn -0.2381523 -1.033478 0.06727099
vn -0.2381523 -1.033478 0.06727099
vn -0.07588093 -1.005392 0.3252908
vn 0.6053979 -0.5517269 0.6049373
vn -0.2488759 0.5875686 -0.7966328
vn -0.4099631 0.3944256 0.833784
vn -0.6028473 0.7428018 0.3893938
vn -0.6028473 0.7428018 0.3893938
vn -0.4415507 0.6722511 -0.6386154
vn -0.2488759 0.5875686 -0.7966328
vn -0.4099631 0.3944256 0.833784
vn 0.01911179 0.02015483 0.9996386
vn -0.2426792 -0.361344 0.9090359
vn -0.2426792 -0.361344 0.9090359
vn -0.6028473 0.7428018 0.3893938
vn -0.4099631 0.3944256 0.833784
vn 0.6255385 -0.1015034 0.7743701
vn 0.8147445 -0.1049973 -0.5714077
vn 0.7847539 0.1568373 -0.6021183
vn 0.7847539 0.1568373 -0.6021183
vn 0.6053979 -0.5517269 0.6049373
vn 0.6255385 -0.1015034 0.7743701
vn 0.2124943 0.09182107 -0.9733632
vn 0.7847539 0.1568373 -0.6021183
vn 0.8147445 -0.1049973 -0.5714077
vn 0.2124943 0.09182107 -0.9733632
vn 0.1159072 0.06435084 -0.9914261
vn 0.01156384 0.09255755 -0.9961608
vn 0.01156384 0.09255755 -0.9961608
vn 0.003468284 0.1468742 -0.9904683
vn 0.2124943 0.09182107 -0.9733632
vn 0.003468284 0.1468742 -0.9904683
vn 0.01156384 0.09255755 -0.9961608
vn -0.3836304 0.3516036 -0.8626539
vn -0.3836304 0.3516036 -0.8626539
vn -0.2488759 0.5875686 -0.7966328
vn 0.003468284 0.1468742 -0.9904683
vn 0.8208005 0.06453896 -0.5680058
vn 0.05181241 0.02588958 -0.9983617
vn 0.1159072 0.06435084 -0.9914261
vn 0.1159072 0.06435084 -0.9914261
vn 0.8208878 -0.1254734 -0.5588478
vn 0.8208005 0.06453896 -0.5680058
vn 0.661755 0.01503772 0.7495897
vn 0.8208005 0.06453896 -0.5680058
vn 0.8208878 -0.1254734 -0.5588478
vn 0.8208878 -0.1254734 -0.5588478
vn 0.747614 -0.1580085 0.6474053
vn 0.661755 0.01503772 0.7495897
vn 0.002747023 -0.01339096 -0.9999174
vn 0.004012188 -0.01359665 -0.9999107
vn 0.05181241 0.02588958 -0.9983617
vn 0.05181241 0.02588958 -0.9983617
vn 0.8208005 0.06453896 -0.5680058
vn 0.002747023 -0.01339096 -0.9999174
vn -0.1855822 0.06023496 -0.9810048
vn -0.6654828 0.05189347 -0.744828
vn -0.8813848 0.2158146 -0.426884
vn -0.8813848 0.2158146 -0.426884
vn -0.6654828 0.05189347 -0.744828
vn -0.8047104 -0.02522177 0.5932007
vn -0.8079813 -0.08442503 0.5838721
vn -0.8047104 -0.02522177 0.5932007
vn -0.6654828 0.05189347 -0.744828
vn -0.6654828 0.05189347 -0.744828
vn 0.004012188 -0.01359665 -0.9999107
vn -0.1901581 0.1236206 -0.9748889
vn -0.1901581 0.1236206 -0.9748889
vn -0.352479 0.08509713 -0.9324134
vn -0.6654828 0.05189347 -0.744828
vn -0.4099631 0.3944256 0.833784
vn 0.747614 -0.1580085 0.6474053
vn 0.6255385 -0.1015034 0.7743701
vn 0.6255385 -0.1015034 0.7743701
vn 0.01911179 0.02015483 0.9996386
vn -0.4099631 0.3944256 0.833784
vn 0.6255385 -0.1015034 0.7743701
vn 0.6053979 -0.5517269 0.6049373
vn 0.01911179 0.02015483 0.9996386
vn -0.4415507 0.6722511 -0.6386154
vn -0.6028473 0.7428018 0.3893938
vn -0.793025 0.4936754 -0.3961177
vn -0.793025 0.4936754 -0.3961177
vn -0.6033109 0.5302216 -0.6236365
vn -0.4415507 0.6722511 -0.6386154
vn -0.2426792 -0.361344 0.9090359
vn 0.6053979 -0.5517269 0.6049373
vn -0.6028473 0.7428018 0.3893938
vn 0.6053979 -0.5517269 0.6049373
vn -0.07588093 -1.005392 0.3252908
vn -0.6028473 0.7428018 0.3893938
vn 0.06587883 0.2294648 0.9743618
vn -0.6028473 0.7428018 0.3893938
vn -0.07588093 -1.005392 0.3252908
vn 0.6053979 -0.5517269 0.6049373
vn -0.2426792 -0.361344 0.9090359
vn 0.01911179 0.02015483 0.9996386
vn -0.4099631 0.3944256 0.833784
vn -0.2488759 0.5875686 -0.7966328
vn -0.3836304 0.3516036 -0.8626539
vn 0.5079685 -0.03337908 -0.8608082
vn -0.2640297 0.0119459 -0.9644499
vn -0.1535566 0.1793185 -0.9737344
vn -0.1535566 0.1793185 -0.9737344
vn -0.2640297 0.0119459 -0.9644499
vn -0.1901581 0.1236206 -0.9748889
vn -0.352479 0.08509713 -0.9324134
vn -0.1901581 0.1236206 -0.9748889
vn -0.2640297 0.0119459 -0.9644499
vt 0.8501904 0.4501522
vt 0.8501904 0.4030369
vt 0.9013475 0.4110822
vt 0.8501904 0.4030369
vt 0.9013475 0.3639669
vt 0.9013475 0.4110822
vt 0.9013475 0.3865497
vt 0.9013475 0.4110822
vt 0.9013475 0.3639669
vt 0.8769611 0.6070436
vt 0.939461 0.5840363
vt 0.939461 0.5421139
vt 0.939461 0.5421139
vt 0.8769609 0.542114
vt 0.8769611 0.6070436
vt 0.3690044 0.1947162
vt 0.3534557 0.3809013
vt 0.374006 0.03381319
vt 0.374006 0.03381319
vt 0.3534557 0.3809013
vt 0.4035353 0.03781445
vt 0.3534557 0.3809013
vt 0.413884 0.3736776
vt 0.4035353 0.03781445
vt 0.4035353 0.03781445
vt 0.413884 0.3736776
vt 0.4352012 0.04273853
vt 0.4352012 0.04273853
vt 0.413884 0.3736776
vt 0.435869 0.1914199
vt 0.435869 0.1914199
vt 0.413884 0.3736776
vt 0.4691165 0.2911789
vt 0.4787588 0.3943068
vt 0.4691165 0.2911789
vt 0.413884 0.3736776
vt 0.3534557 0.3809013
vt 0.3690044 0.1947162
vt 0.3660035 0.2307734
vt 0.4476911 0.2911789
vt 0.431188 0.3720788
vt 0.4691165 0.2911789
vt 0.431188 0.3720788
vt 0.4928298 0.3102832
vt 0.4691165 0.2911789
vt 0.4960662 0.2115506
vt 0.4691165 0.2911789
vt 0.4928298 0.3102832
vt 0.435869 0.1914199
vt 0.4453746 0.2737689
vt 0.4753384 0.2977765
vt 0.4753384 0.2977765
vt 0.477305 0.1458249
vt 0.435869 0.1914199
vt 0.8634133 0.203646
vt 0.9017558 0.184111
vt 0.9043484 0.3639669
vt 0.9043484 0.3639669
vt 0.8501904 0.4030369
vt 0.8634133 0.203646
vt 0.8766362 0.1005108
vt 0.8991632 0.08850697
vt 0.9017558 0.184111
vt 0.9017558 0.184111
vt 0.8634133 0.203646
vt 0.8766362 0.1005108
vt 0.4692683 0.04766265
vt 0.4352012 0.04273853
vt 0.435869 0.1914199
vt 0.435869 0.1914199
vt 0.477305 0.1458249
vt 0.4692683 0.04766265
vt 0.2859931 0.9083923
vt 0.2496161 0.9094183
vt 0.2496161 0.9989516
vt 0.2496161 0.9989516
vt 0.2955076 0.9977125
vt 0.2859931 0.9083923
vt 0.2739679 0.5406521
vt 0.2621681 0.8477499
vt 0.3369879 0.5376512
vt 0.2621681 0.8477499
vt 0.2631684 0.9242941
vt 0.3369879 0.5376512
vt 0.2631684 0.9242941
vt 0.3429898 0.9518506
vt 0.3369879 0.5376512
vt 0.3189822 0.8055395
vt 0.3369879 0.5376512
vt 0.3429898 0.9518506
vt 0.2890013 0.682906
vt 0.3401584 0.6892077
vt 0.3401584 0.8314736
vt 0.3401584 0.8314736
vt 0.2890013 0.8239116
vt 0.2890013 0.682906
vt 0.4328196 0.4600878
vt 0.413884 0.3736776
vt 0.3534557 0.3809013
vt 0.3534557 0.3809013
vt 0.3593162 0.4580871
vt 0.4328196 0.4600878
vt 0.4783143 0.4350798
vt 0.4787588 0.3943068
vt 0.413884 0.3736776
vt 0.413884 0.3736776
vt 0.4328196 0.4540859
vt 0.4783143 0.4350798
vt 0.05739883 0.9148741
vt 0.04353526 1.002581
vt 0.1369496 0.9987996
vt 0.1369496 0.9987996
vt 0.1520734 0.922436
vt 0.05739883 0.9148741
vt 0.822099 0.06750029
vt 0.8766362 0.1005108
vt 0.8634133 0.203646
vt 0.8634133 0.203646
vt 0.7960218 0.1759368
vt 0.822099 0.06750029
vt 0.7960218 0.1759368
vt 0.8634133 0.203646
vt 0.8501904 0.4030369
vt 0.8501904 0.4030369
vt 0.7889507 0.4156401
vt 0.7960218 0.1759368
vt 0.3030567 0.625
vt 0.3030567 0.6875
vt 0.3459907 0.6875
vt 0.3459907 0.6875
vt 0.3459908 0.625
vt 0.3030567 0.625
vt 0.8104597 0.6480566
vt 0.876961 0.6090442
vt 0.8769609 0.5441146
vt 0.8769609 0.5441146
vt 0.7824508 0.5401133
vt 0.8104597 0.6480566
vt 0.7889507 0.4156401
vt 0.8501904 0.4030369
vt 0.8501904 0.4501522
vt 0.8501904 0.4501522
vt 0.7889507 0.4627554
vt 0.7889507 0.4156401
vt 0.3497337 0.5755526
vt 0.340734 0.5326792
vt 0.2559071 0.5380146
vt 0.2559071 0.5380146
vt 0.2654314 0.5626271
vt 0.3497337 0.5755526
vt 0.2927465 0.9265761
vt 0.2827433 0.9505837
vt 0.2852783 0.8375478
vt 0.2852783 0.8375478
vt 0.2827433 0.9505837
vt 0.2689662 0.6875
vt 0.2689662 0.6875
vt 0.2689662 0.6875
vt 0.2827433 0.9505837
vt 0.2689662 0.6875
vt 0.2827433 0.9505837
vt 0.2550414 0.6875
vt 0.2222042 0.5354484
vt 0.3401584 0.5354484
vt 0.2890013 0.682906
vt 0.3401584 0.5354484
vt 0.3401584 0.5701469
vt 0.2890013 0.682906
vt 0.3401584 0.6892077
vt 0.2890013 0.682906
vt 0.3401584 0.5701469
vt 0.2989758 0.75
vt 0.3237623 0.75
vt 0.340548 0.8026047
vt 0.340548 0.8026047
vt 0.2989758 0.8216818
vt 0.2989758 0.75
vt 0.4110272 0.5618795
vt 0.4394095 0.5563219
vt 0.4486959 0.5897702
vt 0.4486959 0.5897702
vt 0.4143392 0.6118946
vt 0.4110272 0.5618795
vt 0.2485177 0.7406906
vt 0.2675726 0.5473689
vt 0.2939742 0.8997664
vt 0.2939742 0.5491747
vt 0.3414395 0.552972
vt 0.2675726 0.5473689
vt 0.2939742 0.8997664
vt 0.2675726 0.5473689
vt 0.3414395 0.552972
vt 0.3338602 0.5468291
vt 0.3351434 0.5469847
vt 0.3475472 0.6777952
vt 0.3475472 0.6777952
vt 0.3407652 0.6774244
vt 0.3338602 0.5468291
vt 0.3172885 0.7735274
vt 0.375 0.6875
vt 0.125 0.6875
vt 0.125 0.6875
vt 0.1827115 0.8465506
vt 0.3172885 0.7735274
vt 0.1990235 0.8435497
vt 0.1870197 0.527449
vt 0.2797424 0.7325144
vt 0.1870197 0.527449
vt 0.3210624 0.5584589
vt 0.2797424 0.7325144
vt 0.3217557 0.6244799
vt 0.2797424 0.7325144
vt 0.3210624 0.5584589
vt 0.2663702 0.7962996
vt 0.3483963 0.8075052
vt 0.3363924 0.7450052
vt 0.3363924 0.7450052
vt 0.2773737 0.7562109
vt 0.2663702 0.7962996
vt 0.375 0.0625
vt 0.375 0.0625
vt 0.375 0.05129441
vt 0.2870516 0.7915331
vt 0.2870516 0.6875
vt 0.3419895 0.6875
vt 0.3419895 0.6875
vt 0.3419895 0.800536
vt 0.2870516 0.7915331
vt 0.3551324 0.8900026
vt 0.2449586 0.9409812
vt 0.2449586 0.9409812
vt 0.2449586 0.9409812
vt 0.1655583 0.7928451
vt 0.3551324 0.8900026
vt 0.3067121 0.7932262
vt 0.2994038 0.9545459
vt 0.3259844 0.9601967
vt 0.3259844 0.9601967
vt 0.3389885 0.8005661
vt 0.3067121 0.7932262
vt 0.3440358 0.8005661
vt 0.3424479 0.9582837
vt 0.3380548 0.9586788
vt 0.3380548 0.9586788
vt 0.3407399 0.8026047
vt 0.3440358 0.8005661
vt 0.4928298 0.3102832
vt 0.5085571 0.389332
vt 0.5246298 0.2054048
vt 0.5246298 0.2054048
vt 0.4960662 0.2115506
vt 0.4928298 0.3102832
vt 0.4529891 0.3517382
vt 0.4441668 0.4273576
vt 0.4792588 0.4323988
vt 0.4792588 0.4323988
vt 0.4792588 0.3378747
vt 0.4529891 0.3517382
vt 0.6646563 0.3719034
vt 0.6733757 0.300065
vt 0.6382033 0.3983701
vt 0.6733757 0.300065
vt 0.6103595 0.1752931
vt 0.6382033 0.3983701
vt 0.6330454 0.3240111
vt 0.6382033 0.3983701
vt 0.6103595 0.1752931
vt 0.4913435 0.3477924
vt 0.5153511 0.3357886
vt 0.5183521 0.2948551
vt 0.5183521 0.2948551
vt 0.4923438 0.2948551
vt 0.4913435 0.3477924
vt 0.6660131 0.4258969
vt 0.6950223 0.416894
vt 0.7374171 0.441902
vt 0.7374171 0.441902
vt 0.7374171 0.4489042
vt 0.6660131 0.4258969
vt 0.5424625 0.1897732
vt 0.4836836 0.33345
vt 0.4710804 0.3798574
vt 0.4710804 0.3798574
vt 0.5147353 0.3743931
vt 0.5424625 0.1897732
vt 0.6058025 0.09317388
vt 0.6169232 0.152521
vt 0.6505221 0.1806094
vt 0.6505221 0.1806094
vt 0.6323884 0.08576071
vt 0.6058025 0.09317388
vt 0.6590108 0.3188628
vt 0.6920213 0.4018892
vt 0.658392 0.3928863
vt 0.658392 0.3928863
vt 0.6253815 0.3028577
vt 0.6590108 0.3188628
vt 0.4618114 0.4311385
vt 0.4618114 0.3403953
vt 0.4805191 0.3315731
vt 0.4805191 0.3315731
vt 0.4805191 0.4046717
vt 0.4618114 0.4311385
vt 0.6646701 0.3328334
vt 0.6505221 0.1806094
vt 0.6572737 0.3567795
vt 0.6572737 0.3567795
vt 0.6505221 0.1806094
vt 0.6389126 0.3756843
vt 0.6169232 0.152521
vt 0.6389126 0.3756843
vt 0.6505221 0.1806094
vt 0.7140284 0.4058905
vt 0.6694553 0.4058905
vt 0.6699206 0.3608762
vt 0.6644537 0.3208635
vt 0.6840188 0.3278657
vt 0.6840188 0.4068908
vt 0.6840188 0.4068908
vt 0.660659 0.3678784
vt 0.6644537 0.3208635
vt 0.4710804 0.3798574
vt 0.4473313 0.4410608
vt 0.4797858 0.423055
vt 0.4797858 0.423055
vt 0.5147353 0.3743931
vt 0.4710804 0.3798574
vt 0.5491265 0.1810744
vt 0.5407515 0.2269819
vt 0.5227607 0.2173908
vt 0.5227607 0.2173908
vt 0.5267931 0.1851315
vt 0.5491265 0.1810744
vt 0.5397816 0.1600609
vt 0.5460831 0.03906998
vt 0.5196164 0.04033031
vt 0.5196164 0.04033031
vt 0.5019718 0.1493482
vt 0.5397816 0.1600609
vt 0.5246298 0.2054048
vt 0.5397816 0.1600609
vt 0.5019718 0.1493482
vt 0.5019718 0.1493482
vt 0.5027637 0.2164083
vt 0.5246298 0.2054048
vt 0.5407515 0.2269819
vt 0.5072515 0.3234496
vt 0.5122144 0.2459279
vt 0.5122144 0.2459279
vt 0.5227607 0.2173908
vt 0.5407515 0.2269819
vt 0.5424625 0.1897732
vt 0.5424625 0.1897732
vt 0.5101503 0.2111987
vt 0.5101503 0.2111987
vt 0.4836836 0.33345
vt 0.5424625 0.1897732
vt 0.5548975 0.7776188
vt 0.5813721 0.8362266
vt 0.6095656 0.7019994
vt 0.5813721 0.8362266
vt 0.6107465 0.764688
vt 0.6095656 0.7019994
vt 0.6343057 0.712082
vt 0.6095656 0.7019994
vt 0.6107465 0.764688
vt 0.5072515 0.3234496
vt 0.4805755 0.3234496
vt 0.496395 0.2887335
vt 0.496395 0.2887335
vt 0.5122144 0.2459279
vt 0.5072515 0.3234496
vt 0.6283871 0.06978357
vt 0.6613976 0.1988246
vt 0.675402 0.2778498
vt 0.675402 0.2778498
vt 0.6103814 0.1978243
vt 0.6283871 0.06978357
vt 0.5424625 0.1897732
vt 0.5664086 0.05239812
vt 0.5461003 0.04987748
vt 0.5461003 0.04987748
vt 0.5101503 0.2111987
vt 0.5424625 0.1897732
vt 0.5813721 0.7879325
vt 0.5443603 0.7879325
vt 0.5813721 0.75
vt 0.5813721 0.75
vt 0.6043795 0.75
vt 0.5813721 0.7879325
vt 0.8614613 0.8799618
vt 0.7974409 0.8799618
vt 0.7974409 0.7820102
vt 0.7974409 0.7820102
vt 0.8894702 0.7820102
vt 0.8614613 0.8799618
vt 0.8014421 0.7840108
vt 0.8014421 0.7840108
vt 0.8014421 0.8560337
vt 0.8014421 0.8560337
vt 0.8014421 0.7840108
vt 0.8784667 0.863036
vt 0.8784667 0.7840108
vt 0.8784667 0.863036
vt 0.8014421 0.7840108
vt 0.6463929 0.6859796
vt 0.6633982 0.769006
vt 0.5723692 0.7639249
vt 0.5723692 0.7639249
vt 0.5953766 0.6828991
vt 0.6463929 0.6859796
vt 0.8044431 0.7850112
vt 0.8044431 0.75
vt 0.8694637 0.75
vt 0.8694637 0.75
vt 0.8784667 0.8450302
vt 0.8044431 0.7850112
vt 0.6543954 0.8419498
vt 0.5813721 0.8289456
vt 0.5503623 0.9330583
vt 0.5503623 0.9330583
vt 0.6193842 0.9190537
vt 0.6543954 0.8419498
vt 0.6744416 0.7669657
vt 0.713454 0.9020086
vt 0.5783315 0.9530248
vt 0.5783315 0.9530248
vt 0.5783315 0.8159812
vt 0.6744416 0.7669657
vt 0.8784667 0.8689583
vt 0.810445 0.8689583
vt 0.810445 0.75
vt 0.810445 0.75
vt 0.8674632 0.75
vt 0.8784667 0.8689583
vt 0.5333568 0.9382986
vt 0.5733696 0.9543037
vt 0.587374 0.9222935
vt 0.587374 0.9222935
vt 0.5553639 0.8912836
vt 0.5333568 0.9382986
vt 0.04217396 0.6427656
vt 0.02468829 0.7047853
vt 0.08818862 0.640583
vt 0.08818862 0.640583
vt 0.02468829 0.7047853
vt 0.1021931 0.7289702
vt 0.1021931 0.7289702
vt 0.02468829 0.7047853
vt 0.07518449 0.8107395
vt 0.023688 0.8167413
vt 0.07518449 0.8107395
vt 0.02468829 0.7047853
vt 0.4222828 0.6127989
vt 0.4390621 0.565739
vt 0.4847105 0.5662462
vt 0.4847105 0.5662462
vt 0.4756715 0.625083
vt 0.4222828 0.6127989
vt 0.5121726 0.63837
vt 0.4756715 0.625083
vt 0.5960243 0.579033
vt 0.4756715 0.625083
vt 0.4847105 0.5662462
vt 0.5960243 0.579033
vt 0.5757628 0.5398772
vt 0.5960243 0.579033
vt 0.4847105 0.5662462
vt 0.03015019 0.5862079
vt 0.03015019 0.6672336
vt 0.09265019 0.6532291
vt 0.09265019 0.6532291
vt 0.09265019 0.5882084
vt 0.03015019 0.5862079
vt 0.03285665 0.226335
vt 0.04100644 0.3790292
vt 0.1425126 0.378711
vt 0.1425126 0.378711
vt 0.1287186 0.2469747
vt 0.03285665 0.226335
vt 0.5289081 0.6254802
vt 0.4839709 0.6895669
vt 0.4583993 0.5853527
vt 0.4583993 0.5853527
vt 0.5185669 0.6073485
vt 0.5289081 0.6254802
vt 0.4027883 0.6223959
vt 0.4099339 0.5549098
vt 0.4678925 0.5626271
vt 0.4678925 0.5626271
vt 0.4639227 0.6237615
vt 0.4027883 0.6223959
vt 0.4660525 0.5574632
vt 0.4332941 0.6674738
vt 0.4200964 0.6462288
vt 0.2998233 0.6109141
vt 0.3198297 0.6122736
vt 0.3422647 0.6325836
vt 0.3422647 0.6325836
vt 0.280551 0.6343158
vt 0.2998233 0.6109141
vt 0.3421079 0.6607603
vt 0.3285232 0.6783002
vt 0.3285232 0.6453241
vt 0.3285232 0.6453241
vt 0.3382031 0.6365194
vt 0.3421079 0.6607603
vt 0.3099793 0.5439344
vt 0.3338602 0.5468291
vt 0.3407652 0.6774244
vt 0.3407652 0.6774244
vt 0.3179819 0.6705247
vt 0.3099793 0.5439344
vt 0.2662253 0.7292533
vt 0.271227 0.5351915
vt 0.3507324 0.5441943
vt 0.3507324 0.5441943
vt 0.3387285 0.7142485
vt 0.2662253 0.7292533
vt 0.3237623 0.75
vt 0.330986 0.75
vt 0.3449904 0.8005661
vt 0.3449904 0.8005661
vt 0.340548 0.8026047
vt 0.3237623 0.75
vt 0.2599634 0.6997027
vt 0.2979755 0.6776957
vt 0.2859931 0.750342
vt 0.2979755 0.6776957
vt 0.3429898 0.6955045
vt 0.2859931 0.750342
vt 0.3429898 0.7562194
vt 0.2859931 0.750342
vt 0.3429898 0.6955045
vt 0.3380548 0.9586788
vt 0.3027503 0.9618537
vt 0.3098958 0.8216818
vt 0.3098958 0.8216818
vt 0.3407399 0.8026047
vt 0.3380548 0.9586788
vt 0.1464367 0.6843241
vt 0.1781121 0.6041349
vt 0.2320884 0.6088986
vt 0.2320884 0.6088986
vt 0.2320884 0.6605056
vt 0.1464367 0.6843241
vt 0.4131325 0.5625831
vt 0.4496316 0.6009591
vt 0.5046096 0.6177684
vt 0.03400421 0.3790292
vt 0.05915942 0.4078698
vt 0.1266611 0.4148721
vt 0.1266611 0.4148721
vt 0.1425126 0.378711
vt 0.03400421 0.3790292
vt 0.5061657 0.6033582
vt 0.4131325 0.5735866
vt 0.5046096 0.6177684
vt 0.5061657 0.6033582
vt 0.5350848 0.5699177
vt 0.4131325 0.5735866
vt 0.4131325 0.5735866
vt 0.5350848 0.5699177
vt 0.5643988 0.5489457
vt 0.6109687 0.5578855
vt 0.5643988 0.5489457
vt 0.5350848 0.5699177
vt 0.2965404 0.6260148
vt 0.1945079 0.563475
vt 0.2939898 0.5557885
vt 0.2821745 0.9740713
vt 0.3319863 0.9750715
vt 0.2631684 0.9242941
vt 0.3319863 0.9750715
vt 0.3489918 0.9927362
vt 0.2631684 0.9242941
vt 0.3429898 0.9518506
vt 0.2631684 0.9242941
vt 0.3489918 0.9927362
vt 0.9013475 0.3865497
vt 0.9013475 0.3639669
vt 0.9013475 0.4110822
vt 0.9013475 0.3639669
vt 0.8501904 0.4030369
vt 0.9013475 0.4110822
vt 0.8501904 0.4501522
vt 0.9013475 0.4110822
vt 0.8501904 0.4030369
vt 0.8769611 0.6070436
vt 0.8769609 0.542114
vt 0.939461 0.5421139
vt 0.939461 0.5421139
vt 0.939461 0.5840363
vt 0.8769611 0.6070436
vt 0.4691165 0.2911789
vt 0.4787588 0.3943068
vt 0.435869 0.1914199
vt 0.435869 0.1914199
vt 0.4787588 0.3943068
vt 0.4352012 0.04273853
vt 0.4787588 0.3943068
vt 0.413884 0.3736776
vt 0.4352012 0.04273853
vt 0.4352012 0.04273853
vt 0.413884 0.3736776
vt 0.4035353 0.03781445
vt 0.4035353 0.03781445
vt 0.413884 0.3736776
vt 0.374006 0.03381319
vt 0.374006 0.03381319
vt 0.413884 0.3736776
vt 0.3690044 0.1947162
vt 0.413884 0.3736776
vt 0.3534557 0.3809013
vt 0.3690044 0.1947162
vt 0.3660035 0.2307734
vt 0.3690044 0.1947162
vt 0.3534557 0.3809013
vt 0.4960662 0.2115506
vt 0.4928298 0.3102832
vt 0.4691165 0.2911789
vt 0.4691165 0.2911789
vt 0.4928298 0.3102832
vt 0.4476911 0.2911789
vt 0.431188 0.3720788
vt 0.4476911 0.2911789
vt 0.4928298 0.3102832
vt 0.435869 0.1914199
vt 0.477305 0.1458249
vt 0.4753384 0.2977765
vt 0.4753384 0.2977765
vt 0.4453746 0.2737689
vt 0.435869 0.1914199
vt 0.8634133 0.203646
vt 0.8501904 0.4030369
vt 0.9043484 0.3639669
vt 0.9043484 0.3639669
vt 0.9017558 0.184111
vt 0.8634133 0.203646
vt 0.8766362 0.1005108
vt 0.8634133 0.203646
vt 0.9017558 0.184111
vt 0.9017558 0.184111
vt 0.8991632 0.08850697
vt 0.8766362 0.1005108
vt 0.4692683 0.04766265
vt 0.477305 0.1458249
vt 0.435869 0.1914199
vt 0.435869 0.1914199
vt 0.4352012 0.04273853
vt 0.4692683 0.04766265
vt 0.2859931 0.9083923
vt 0.2955076 0.9977125
vt 0.2496161 0.9989516
vt 0.2496161 0.9989516
vt 0.2496161 0.9094183
vt 0.2859931 0.9083923
vt 0.3429898 0.9518506
vt 0.2631684 0.9242941
vt 0.3189822 0.8055395
vt 0.2631684 0.9242941
vt 0.2621681 0.8477499
vt 0.3189822 0.8055395
vt 0.3189822 0.8055395
vt 0.2621681 0.8477499
vt 0.3369879 0.5376512
vt 0.2739679 0.5406521
vt 0.3369879 0.5376512
vt 0.2621681 0.8477499
vt 0.2890013 0.682906
vt 0.2890013 0.8239116
vt 0.3401584 0.8314736
vt 0.3401584 0.8314736
vt 0.3401584 0.6892077
vt 0.2890013 0.682906
vt 0.4328196 0.4600878
vt 0.3593162 0.4580871
vt 0.3534557 0.3809013
vt 0.3534557 0.3809013
vt 0.413884 0.3736776
vt 0.4328196 0.4600878
vt 0.4783143 0.4350798
vt 0.4328196 0.4540859
vt 0.413884 0.3736776
vt 0.413884 0.3736776
vt 0.4787588 0.3943068
vt 0.4783143 0.4350798
vt 0.05739883 0.9148741
vt 0.1520734 0.922436
vt 0.1369496 0.9987996
vt 0.1369496 0.9987996
vt 0.04353526 1.002581
vt 0.05739883 0.9148741
vt 0.822099 0.06750029
vt 0.7960218 0.1759368
vt 0.8634133 0.203646
vt 0.8634133 0.203646
vt 0.8766362 0.1005108
vt 0.822099 0.06750029
vt 0.7960218 0.1759368
vt 0.7889507 0.4156401
vt 0.8501904 0.4030369
vt 0.8501904 0.4030369
vt 0.8634133 0.203646
vt 0.7960218 0.1759368
vt 0.3030567 0.625
vt 0.3459908 0.625
vt 0.3459907 0.6875
vt 0.3459907 0.6875
vt 0.3030567 0.6875
vt 0.3030567 0.625
vt 0.8104597 0.6480566
vt 0.7824508 0.5401133
vt 0.8769609 0.5441146
vt 0.8769609 0.5441146
vt 0.876961 0.6090442
vt 0.8104597 0.6480566
vt 0.7889507 0.4156401
vt 0.7889507 0.4627554
vt 0.8501904 0.4501522
vt 0.8501904 0.4501522
vt 0.8501904 0.4030369
vt 0.7889507 0.4156401
vt 0.3497337 0.5755526
vt 0.2654314 0.5626271
vt 0.2559071 0.5380146
vt 0.2559071 0.5380146
vt 0.340734 0.5326792
vt 0.3497337 0.5755526
vt 0.2827433 0.9505837
vt 0.2689662 0.6875
vt 0.2550414 0.6875
vt 0.2927465 0.9265761
vt 0.2852783 0.8375478
vt 0.2827433 0.9505837
vt 0.2852783 0.8375478
vt 0.2689662 0.6875
vt 0.2827433 0.9505837
vt 0.2689662 0.6875
vt 0.2827433 0.9505837
vt 0.2689662 0.6875
vt 0.3401584 0.5701469
vt 0.3401584 0.5354484
vt 0.3401584 0.6892077
vt 0.3401584 0.5354484
vt 0.2222042 0.5354484
vt 0.3401584 0.6892077
vt 0.2890013 0.682906
vt 0.3401584 0.6892077
vt 0.2222042 0.5354484
vt 0.2989758 0.75
vt 0.2989758 0.8216818
vt 0.340548 0.8026047
vt 0.340548 0.8026047
vt 0.3237623 0.75
vt 0.2989758 0.75
vt 0.4110272 0.5618795
vt 0.4143392 0.6118946
vt 0.4486959 0.5897702
vt 0.4486959 0.5897702
vt 0.4394095 0.5563219
vt 0.4110272 0.5618795
vt 0.2939742 0.5491747
vt 0.2675726 0.5473689
vt 0.3414395 0.552972
vt 0.2675726 0.5473689
vt 0.2485177 0.7406906
vt 0.3414395 0.552972
vt 0.2939742 0.8997664
vt 0.3414395 0.552972
vt 0.2485177 0.7406906
vt 0.3338602 0.5468291
vt 0.3407652 0.6774244
vt 0.3475472 0.6777952
vt 0.3475472 0.6777952
vt 0.3351434 0.5469847
vt 0.3338602 0.5468291
vt 0.3172885 0.7735274
vt 0.1827115 0.8465506
vt 0.125 0.6875
vt 0.125 0.6875
vt 0.375 0.6875
vt 0.3172885 0.7735274
vt 0.1990235 0.8435497
vt 0.2797424 0.7325144
vt 0.1870197 0.527449
vt 0.1870197 0.527449
vt 0.2797424 0.7325144
vt 0.3210624 0.5584589
vt 0.3217557 0.6244799
vt 0.3210624 0.5584589
vt 0.2797424 0.7325144
vt 0.2663702 0.7962996
vt 0.2773737 0.7562109
vt 0.3363924 0.7450052
vt 0.3363924 0.7450052
vt 0.3483963 0.8075052
vt 0.2663702 0.7962996
vt 0.375 0.0625
vt 0.375 0.0625
vt 0.375 0.05129441
vt 0.2870516 0.7915331
vt 0.3419895 0.800536
vt 0.3419895 0.6875
vt 0.3419895 0.6875
vt 0.2870516 0.6875
vt 0.2870516 0.7915331
vt 0.3551324 0.8900026
vt 0.1655583 0.7928451
vt 0.2449586 0.9409812
vt 0.2449586 0.9409812
vt 0.2449586 0.9409812
vt 0.3551324 0.8900026
vt 0.3067121 0.7932262
vt 0.3389885 0.8005661
vt 0.3259844 0.9601967
vt 0.3259844 0.9601967
vt 0.2994038 0.9545459
vt 0.3067121 0.7932262
vt 0.3440358 0.8005661
vt 0.3407399 0.8026047
vt 0.3380548 0.9586788
vt 0.3380548 0.9586788
vt 0.3424479 0.9582837
vt 0.3440358 0.8005661
vt 0.4928298 0.3102832
vt 0.4960662 0.2115506
vt 0.5246298 0.2054048
vt 0.5246298 0.2054048
vt 0.5085571 0.389332
vt 0.4928298 0.3102832
vt 0.4529891 0.3517382
vt 0.4792588 0.3378747
vt 0.4792588 0.4323988
vt 0.4792588 0.4323988
vt 0.4441668 0.4273576
vt 0.4529891 0.3517382
vt 0.6330454 0.3240111
vt 0.6103595 0.1752931
vt 0.6382033 0.3983701
vt 0.6382033 0.3983701
vt 0.6103595 0.1752931
vt 0.6646563 0.3719034
vt 0.6733757 0.300065
vt 0.6646563 0.3719034
vt 0.6103595 0.1752931
vt 0.4913435 0.3477924
vt 0.4923438 0.2948551
vt 0.5183521 0.2948551
vt 0.5183521 0.2948551
vt 0.5153511 0.3357886
vt 0.4913435 0.3477924
vt 0.6660131 0.4258969
vt 0.7374171 0.4489042
vt 0.7374171 0.441902
vt 0.7374171 0.441902
vt 0.6950223 0.416894
vt 0.6660131 0.4258969
vt 0.5424625 0.1897732
vt 0.5147353 0.3743931
vt 0.4710804 0.3798574
vt 0.4710804 0.3798574
vt 0.4836836 0.33345
vt 0.5424625 0.1897732
vt 0.6058025 0.09317388
vt 0.6323884 0.08576071
vt 0.6505221 0.1806094
vt 0.6505221 0.1806094
vt 0.6169232 0.152521
vt 0.6058025 0.09317388
vt 0.6590108 0.3188628
vt 0.6253815 0.3028577
vt 0.658392 0.3928863
vt 0.658392 0.3928863
vt 0.6920213 0.4018892
vt 0.6590108 0.3188628
vt 0.4618114 0.4311385
vt 0.4805191 0.4046717
vt 0.4805191 0.3315731
vt 0.4805191 0.3315731
vt 0.4618114 0.3403953
vt 0.4618114 0.4311385
vt 0.6169232 0.152521
vt 0.6505221 0.1806094
vt 0.6389126 0.3756843
vt 0.6389126 0.3756843
vt 0.6505221 0.1806094
vt 0.6572737 0.3567795
vt 0.6646701 0.3328334
vt 0.6572737 0.3567795
vt 0.6505221 0.1806094
vt 0.6694553 0.4058905
vt 0.7140284 0.4058905
vt 0.6699206 0.3608762
vt 0.6644537 0.3208635
vt 0.660659 0.3678784
vt 0.6840188 0.4068908
vt 0.6840188 0.4068908
vt 0.6840188 0.3278657
vt 0.6644537 0.3208635
vt 0.4710804 0.3798574
vt 0.5147353 0.3743931
vt 0.4797858 0.423055
vt 0.4797858 0.423055
vt 0.4473313 0.4410608
vt 0.4710804 0.3798574
vt 0.5491265 0.1810744
vt 0.5267931 0.1851315
vt 0.5227607 0.2173908
vt 0.5227607 0.2173908
vt 0.5407515 0.2269819
vt 0.5491265 0.1810744
vt 0.5397816 0.1600609
vt 0.5019718 0.1493482
vt 0.5196164 0.04033031
vt 0.5196164 0.04033031
vt 0.5460831 0.03906998
vt 0.5397816 0.1600609
vt 0.5246298 0.2054048
vt 0.5027637 0.2164083
vt 0.5019718 0.1493482
vt 0.5019718 0.1493482
vt 0.5397816 0.1600609
vt 0.5246298 0.2054048
vt 0.5407515 0.2269819
vt 0.5227607 0.2173908
vt 0.5122144 0.2459279
vt 0.5122144 0.2459279
vt 0.5072515 0.3234496
vt 0.5407515 0.2269819
vt 0.5424625 0.1897732
vt 0.4836836 0.33345
vt 0.5101503 0.2111987
vt 0.5101503 0.2111987
vt 0.5424625 0.1897732
vt 0.5424625 0.1897732
vt 0.6343057 0.712082
vt 0.6107465 0.764688
vt 0.6095656 0.7019994
vt 0.6107465 0.764688
vt 0.5813721 0.8362266
vt 0.6095656 0.7019994
vt 0.5548975 0.7776188
vt 0.6095656 0.7019994
vt 0.5813721 0.8362266
vt 0.5072515 0.3234496
vt 0.5122144 0.2459279
vt 0.496395 0.2887335
vt 0.496395 0.2887335
vt 0.4805755 0.3234496
vt 0.5072515 0.3234496
vt 0.6283871 0.06978357
vt 0.6103814 0.1978243
vt 0.675402 0.2778498
vt 0.675402 0.2778498
vt 0.6613976 0.1988246
vt 0.6283871 0.06978357
vt 0.5424625 0.1897732
vt 0.5101503 0.2111987
vt 0.5461003 0.04987748
vt 0.5461003 0.04987748
vt 0.5664086 0.05239812
vt 0.5424625 0.1897732
vt 0.5813721 0.7879325
vt 0.6043795 0.75
vt 0.5813721 0.75
vt 0.5813721 0.75
vt 0.5443603 0.7879325
vt 0.5813721 0.7879325
vt 0.8614613 0.8799618
vt 0.8894702 0.7820102
vt 0.7974409 0.7820102
vt 0.7974409 0.7820102
vt 0.7974409 0.8799618
vt 0.8614613 0.8799618
vt 0.8784667 0.7840108
vt 0.8014421 0.7840108
vt 0.8784667 0.863036
vt 0.8784667 0.863036
vt 0.8014421 0.7840108
vt 0.8014421 0.8560337
vt 0.8014421 0.7840108
vt 0.8014421 0.8560337
vt 0.8014421 0.7840108
vt 0.6463929 0.6859796
vt 0.5953766 0.6828991
vt 0.5723692 0.7639249
vt 0.5723692 0.7639249
vt 0.6633982 0.769006
vt 0.6463929 0.6859796
vt 0.8044431 0.7850112
vt 0.8784667 0.8450302
vt 0.8694637 0.75
vt 0.8694637 0.75
vt 0.8044431 0.75
vt 0.8044431 0.7850112
vt 0.6543954 0.8419498
vt 0.6193842 0.9190537
vt 0.5503623 0.9330583
vt 0.5503623 0.9330583
vt 0.5813721 0.8289456
vt 0.6543954 0.8419498
vt 0.6744416 0.7669657
vt 0.5783315 0.8159812
vt 0.5783315 0.9530248
vt 0.5783315 0.9530248
vt 0.713454 0.9020086
vt 0.6744416 0.7669657
vt 0.8784667 0.8689583
vt 0.8674632 0.75
vt 0.810445 0.75
vt 0.810445 0.75
vt 0.810445 0.8689583
vt 0.8784667 0.8689583
vt 0.5333568 0.9382986
vt 0.5553639 0.8912836
vt 0.587374 0.9222935
vt 0.587374 0.9222935
vt 0.5733696 0.9543037
vt 0.5333568 0.9382986
vt 0.04217396 0.6427656
vt 0.08818862 0.640583
vt 0.02468829 0.7047853
vt 0.08818862 0.640583
vt 0.1021931 0.7289702
vt 0.02468829 0.7047853
vt 0.1021931 0.7289702
vt 0.07518449 0.8107395
vt 0.02468829 0.7047853
vt 0.023688 0.8167413
vt 0.02468829 0.7047853
vt 0.07518449 0.8107395
vt 0.4222828 0.6127989
vt 0.4756715 0.625083
vt 0.4847105 0.5662462
vt 0.4847105 0.5662462
vt 0.4390621 0.565739
vt 0.4222828 0.6127989
vt 0.5121726 0.63837
vt 0.5960243 0.579033
vt 0.4756715 0.625083
vt 0.4756715 0.625083
vt 0.5960243 0.579033
vt 0.4847105 0.5662462
vt 0.5757628 0.5398772
vt 0.4847105 0.5662462
vt 0.5960243 0.579033
vt 0.03015019 0.5862079
vt 0.09265019 0.5882084
vt 0.09265019 0.6532291
vt 0.09265019 0.6532291
vt 0.03015019 0.6672336
vt 0.03015019 0.5862079
vt 0.03285665 0.226335
vt 0.1287186 0.2469747
vt 0.1425126 0.378711
vt 0.1425126 0.378711
vt 0.04100644 0.3790292
vt 0.03285665 0.226335
vt 0.5289081 0.6254802
vt 0.5185669 0.6073485
vt 0.4583993 0.5853527
vt 0.4583993 0.5853527
vt 0.4839709 0.6895669
vt 0.5289081 0.6254802
vt 0.4027883 0.6223959
vt 0.4639227 0.6237615
vt 0.4678925 0.5626271
vt 0.4678925 0.5626271
vt 0.4099339 0.5549098
vt 0.4027883 0.6223959
vt 0.4332941 0.6674738
vt 0.4660525 0.5574632
vt 0.4200964 0.6462288
vt 0.2998233 0.6109141
vt 0.280551 0.6343158
vt 0.3422647 0.6325836
vt 0.3422647 0.6325836
vt 0.3198297 0.6122736
vt 0.2998233 0.6109141
vt 0.3421079 0.6607603
vt 0.3382031 0.6365194
vt 0.3285232 0.6453241
vt 0.3285232 0.6453241
vt 0.3285232 0.6783002
vt 0.3421079 0.6607603
vt 0.3099793 0.5439344
vt 0.3179819 0.6705247
vt 0.3407652 0.6774244
vt 0.3407652 0.6774244
vt 0.3338602 0.5468291
vt 0.3099793 0.5439344
vt 0.2662253 0.7292533
vt 0.3387285 0.7142485
vt 0.3507324 0.5441943
vt 0.3507324 0.5441943
vt 0.271227 0.5351915
vt 0.2662253 0.7292533
vt 0.3237623 0.75
vt 0.340548 0.8026047
vt 0.3449904 0.8005661
vt 0.3449904 0.8005661
vt 0.330986 0.75
vt 0.3237623 0.75
vt 0.3429898 0.7562194
vt 0.3429898 0.6955045
vt 0.2859931 0.750342
vt 0.2859931 0.750342
vt 0.3429898 0.6955045
vt 0.2599634 0.6997027
vt 0.2979755 0.6776957
vt 0.2599634 0.6997027
vt 0.3429898 0.6955045
vt 0.3380548 0.9586788
vt 0.3407399 0.8026047
vt 0.3098958 0.8216818
vt 0.3098958 0.8216818
vt 0.3027503 0.9618537
vt 0.3380548 0.9586788
vt 0.1464367 0.6843241
vt 0.2320884 0.6605056
vt 0.2320884 0.6088986
vt 0.2320884 0.6088986
vt 0.1781121 0.6041349
vt 0.1464367 0.6843241
vt 0.4496316 0.6009591
vt 0.4131325 0.5625831
vt 0.5046096 0.6177684
vt 0.03400421 0.3790292
vt 0.1425126 0.378711
vt 0.1266611 0.4148721
vt 0.1266611 0.4148721
vt 0.05915942 0.4078698
vt 0.03400421 0.3790292
vt 0.5061657 0.6033582
vt 0.4131325 0.5735866
vt 0.5350848 0.5699177
vt 0.4131325 0.5735866
vt 0.5643988 0.5489457
vt 0.5350848 0.5699177
vt 0.6109687 0.5578855
vt 0.5350848 0.5699177
vt 0.5643988 0.5489457
vt 0.4131325 0.5735866
vt 0.5061657 0.6033582
vt 0.5046096 0.6177684
vt 0.1945079 0.563475
vt 0.2965404 0.6260148
vt 0.2939898 0.5557885
vt 0.2821745 0.9740713
vt 0.2631684 0.9242941
vt 0.3319863 0.9750715
vt 0.3319863 0.9750715
vt 0.2631684 0.9242941
vt 0.3489918 0.9927362
vt 0.3429898 0.9518506
vt 0.3489918 0.9927362
vt 0.2631684 0.9242941
usemtl Body.008
f 3/3/3 2/2/2 1/1/1
f 6/6/6 5/5/5 4/4/4
f 9/9/9 8/8/8 7/7/7
f 12/12/12 11/11/11 10/10/10
f 15/15/15 14/14/14 13/13/13
f 18/18/18 17/17/17 16/16/16
f 21/21/21 20/20/20 19/19/19
f 24/24/24 23/23/23 22/22/22
f 27/27/27 26/26/26 25/25/25
f 30/30/30 29/29/29 28/28/28
f 33/33/33 32/32/32 31/31/31
f 36/36/36 35/35/35 34/34/34
f 39/39/39 38/38/38 37/37/37
f 42/42/42 41/41/41 40/40/40
f 45/45/45 44/44/44 43/43/43
f 48/48/48 47/47/47 46/46/46
f 51/51/51 50/50/50 49/49/49
f 54/54/54 53/53/53 52/52/52
f 57/57/57 56/56/56 55/55/55
f 60/60/60 59/59/59 58/58/58
f 63/63/63 62/62/62 61/61/61
f 66/66/66 65/65/65 64/64/64
f 69/69/69 68/68/68 67/67/67
f 72/72/72 71/71/71 70/70/70
f 75/75/75 74/74/74 73/73/73
f 78/78/78 77/77/77 76/76/76
f 81/81/81 80/80/80 79/79/79
f 84/84/84 83/83/83 82/82/82
f 87/87/87 86/86/86 85/85/85
f 90/90/90 89/89/89 88/88/88
f 93/93/93 92/92/92 91/91/91
f 96/96/96 95/95/95 94/94/94
f 99/99/99 98/98/98 97/97/97
f 102/102/102 101/101/101 100/100/100
f 105/105/105 104/104/104 103/103/103
f 108/108/108 107/107/107 106/106/106
f 111/111/111 110/110/110 109/109/109
f 114/114/114 113/113/113 112/112/112
f 117/117/117 116/116/116 115/115/115
f 120/120/120 119/119/119 118/118/118
f 123/123/123 122/122/122 121/121/121
f 126/126/126 125/125/125 124/124/124
f 129/129/129 128/128/128 127/127/127
f 132/132/132 131/131/131 130/130/130
f 135/135/135 134/134/134 133/133/133
f 138/138/138 137/137/137 136/136/136
f 141/141/141 140/140/140 139/139/139
f 144/144/144 143/143/143 142/142/142
f 147/147/147 146/146/146 145/145/145
f 150/150/150 149/149/149 148/148/148
f 153/153/153 152/152/152 151/151/151
f 156/156/156 155/155/155 154/154/154
f 159/159/159 158/158/158 157/157/157
f 162/162/162 161/161/161 160/160/160
f 165/165/165 164/164/164 163/163/163
f 168/168/168 167/167/167 166/166/166
f 171/171/171 170/170/170 169/169/169
f 174/174/174 173/173/173 172/172/172
f 177/177/177 176/176/176 175/175/175
f 180/180/180 179/179/179 178/178/178
f 183/183/183 182/182/182 181/181/181
f 186/186/186 185/185/185 184/184/184
f 189/189/189 188/188/188 187/187/187
f 192/192/192 191/191/191 190/190/190
f 195/195/195 194/194/194 193/193/193
f 198/198/198 197/197/197 196/196/196
f 201/201/201 200/200/200 199/199/199
f 204/204/204 203/203/203 202/202/202
f 207/207/207 206/206/206 205/205/205
f 210/210/210 209/209/209 208/208/208
f 213/213/213 212/212/212 211/211/211
f 216/216/216 215/215/215 214/214/214
f 219/219/219 218/218/218 217/217/217
f 222/222/222 221/221/221 220/220/220
f 225/225/225 224/224/224 223/223/223
f 228/228/228 227/227/227 226/226/226
f 231/231/231 230/230/230 229/229/229
f 234/234/234 233/233/233 232/232/232
f 237/237/237 236/236/236 235/235/235
f 240/240/240 239/239/239 238/238/238
f 243/243/243 242/242/242 241/241/241
f 246/246/246 245/245/245 244/244/244
f 249/249/249 248/248/248 247/247/247
f 252/252/252 251/251/251 250/250/250
f 255/255/255 254/254/254 253/253/253
f 258/258/258 257/257/257 256/256/256
f 261/261/261 260/260/260 259/259/259
f 264/264/264 263/263/263 262/262/262
f 267/267/267 266/266/266 265/265/265
f 270/270/270 269/269/269 268/268/268
f 273/273/273 272/272/272 271/271/271
f 276/276/276 275/275/275 274/274/274
f 279/279/279 278/278/278 277/277/277
f 282/282/282 281/281/281 280/280/280
f 285/285/285 284/284/284 283/283/283
f 288/288/288 287/287/287 286/286/286
f 291/291/291 290/290/290 289/289/289
f 294/294/294 293/293/293 292/292/292
f 297/297/297 296/296/296 295/295/295
f 300/300/300 299/299/299 298/298/298
f 303/303/303 302/302/302 301/301/301
f 306/306/306 305/305/305 304/304/304
f 309/309/309 308/308/308 307/307/307
f 312/312/312 311/311/311 310/310/310
f 315/315/315 314/314/314 313/313/313
f 318/318/318 317/317/317 316/316/316
f 321/321/321 320/320/320 319/319/319
f 324/324/324 323/323/323 322/322/322
f 327/327/327 326/326/326 325/325/325
f 330/330/330 329/329/329 328/328/328
f 333/333/333 332/332/332 331/331/331
f 336/336/336 335/335/335 334/334/334
f 339/339/339 338/338/338 337/337/337
f 342/342/342 341/341/341 340/340/340
f 345/345/345 344/344/344 343/343/343
f 348/348/348 347/347/347 346/346/346
f 351/351/351 350/350/350 349/349/349
f 354/354/354 353/353/353 352/352/352
f 357/357/357 356/356/356 355/355/355
f 360/360/360 359/359/359 358/358/358
f 363/363/363 362/362/362 361/361/361
f 366/366/366 365/365/365 364/364/364
f 369/369/369 368/368/368 367/367/367
f 372/372/372 371/371/371 370/370/370
f 375/375/375 374/374/374 373/373/373
f 378/378/378 377/377/377 376/376/376
f 381/381/381 380/380/380 379/379/379
f 384/384/384 383/383/383 382/382/382
f 387/387/387 386/386/386 385/385/385
f 390/390/390 389/389/389 388/388/388
f 393/393/393 392/392/392 391/391/391
f 396/396/396 395/395/395 394/394/394
f 399/399/399 398/398/398 397/397/397
f 402/402/402 401/401/401 400/400/400
f 405/405/405 404/404/404 403/403/403
f 408/408/408 407/407/407 406/406/406
f 411/411/411 410/410/410 409/409/409
f 414/414/414 413/413/413 412/412/412
f 417/417/417 416/416/416 415/415/415
f 420/420/420 419/419/419 418/418/418
f 423/423/423 422/422/422 421/421/421
f 426/426/426 425/425/425 424/424/424
f 429/429/429 428/428/428 427/427/427
f 432/432/432 431/431/431 430/430/430
f 435/435/435 434/434/434 433/433/433
f 438/438/438 437/437/437 436/436/436
f 441/441/441 440/440/440 439/439/439
f 444/444/444 443/443/443 442/442/442
f 447/447/447 446/446/446 445/445/445
f 450/450/450 449/449/449 448/448/448
f 453/453/453 452/452/452 451/451/451
f 456/456/456 455/455/455 454/454/454
f 459/459/459 458/458/458 457/457/457
f 462/462/462 461/461/461 460/460/460
f 465/465/465 464/464/464 463/463/463
f 468/468/468 467/467/467 466/466/466
f 471/471/471 470/470/470 469/469/469
f 474/474/474 473/473/473 472/472/472
f 477/477/477 476/476/476 475/475/475
f 480/480/480 479/479/479 478/478/478
f 483/483/483 482/482/482 481/481/481
f 486/486/486 485/485/485 484/484/484
f 489/489/489 488/488/488 487/487/487
f 492/492/492 491/491/491 490/490/490
f 495/495/495 494/494/494 493/493/493
f 498/498/498 497/497/497 496/496/496
f 501/501/501 500/500/500 499/499/499
f 504/504/504 503/503/503 502/502/502
f 507/507/507 506/506/506 505/505/505
f 510/510/510 509/509/509 508/508/508
f 513/513/513 512/512/512 511/511/511
f 516/516/516 515/515/515 514/514/514
f 519/519/519 518/518/518 517/517/517
f 522/522/522 521/521/521 520/520/520
f 525/525/525 524/524/524 523/523/523
f 528/528/528 527/527/527 526/526/526
f 531/531/531 530/530/530 529/529/529
f 534/534/534 533/533/533 532/532/532
f 537/537/537 536/536/536 535/535/535
f 540/540/540 539/539/539 538/538/538
f 543/543/543 542/542/542 541/541/541
f 546/546/546 545/545/545 544/544/544
f 549/549/549 548/548/548 547/547/547
f 552/552/552 551/551/551 550/550/550
f 555/555/555 554/554/554 553/553/553
f 558/558/558 557/557/557 556/556/556
f 561/561/561 560/560/560 559/559/559
f 564/564/564 563/563/563 562/562/562
f 567/567/567 566/566/566 565/565/565
f 570/570/570 569/569/569 568/568/568
f 573/573/573 572/572/572 571/571/571
f 576/576/576 575/575/575 574/574/574
f 579/579/579 578/578/578 577/577/577
f 582/582/582 581/581/581 580/580/580
f 585/585/585 584/584/584 583/583/583
f 588/588/588 587/587/587 586/586/586
f 591/591/591 590/590/590 589/589/589
f 594/594/594 593/593/593 592/592/592
f 597/597/597 596/596/596 595/595/595
f 600/600/600 599/599/599 598/598/598
f 603/603/603 602/602/602 601/601/601
f 606/606/606 605/605/605 604/604/604
f 609/609/609 608/608/608 607/607/607
f 612/612/612 611/611/611 610/610/610
f 615/615/615 614/614/614 613/613/613
f 618/618/618 617/617/617 616/616/616
f 621/621/621 620/620/620 619/619/619
f 624/624/624 623/623/623 622/622/622
f 627/627/627 626/626/626 625/625/625
f 630/630/630 629/629/629 628/628/628
f 633/633/633 632/632/632 631/631/631
f 636/636/636 635/635/635 634/634/634
f 639/639/639 638/638/638 637/637/637
f 642/642/642 641/641/641 640/640/640
f 645/645/645 644/644/644 643/643/643
f 648/648/648 647/647/647 646/646/646
f 651/651/651 650/650/650 649/649/649
f 654/654/654 653/653/653 652/652/652
f 657/657/657 656/656/656 655/655/655
f 660/660/660 659/659/659 658/658/658
f 663/663/663 662/662/662 661/661/661
f 666/666/666 665/665/665 664/664/664
f 669/669/669 668/668/668 667/667/667
f 672/672/672 671/671/671 670/670/670
f 675/675/675 674/674/674 673/673/673
f 678/678/678 677/677/677 676/676/676
f 681/681/681 680/680/680 679/679/679
f 684/684/684 683/683/683 682/682/682
f 687/687/687 686/686/686 685/685/685
f 690/690/690 689/689/689 688/688/688
f 693/693/693 692/692/692 691/691/691
f 696/696/696 695/695/695 694/694/694
f 699/699/699 698/698/698 697/697/697
f 702/702/702 701/701/701 700/700/700
f 705/705/705 704/704/704 703/703/703
f 708/708/708 707/707/707 706/706/706
f 711/711/711 710/710/710 709/709/709
f 714/714/714 713/713/713 712/712/712
f 717/717/717 716/716/716 715/715/715
f 720/720/720 719/719/719 718/718/718
f 723/723/723 722/722/722 721/721/721
f 726/726/726 725/725/725 724/724/724
f 729/729/729 728/728/728 727/727/727
f 732/732/732 731/731/731 730/730/730
f 735/735/735 734/734/734 733/733/733
f 738/738/738 737/737/737 736/736/736
f 741/741/741 740/740/740 739/739/739
f 744/744/744 743/743/743 742/742/742
f 747/747/747 746/746/746 745/745/745
f 750/750/750 749/749/749 748/748/748
f 753/753/753 752/752/752 751/751/751
f 756/756/756 755/755/755 754/754/754
f 759/759/759 758/758/758 757/757/757
f 762/762/762 761/761/761 760/760/760
f 765/765/765 764/764/764 763/763/763
f 768/768/768 767/767/767 766/766/766
f 771/771/771 770/770/770 769/769/769
f 774/774/774 773/773/773 772/772/772
f 777/777/777 776/776/776 775/775/775
f 780/780/780 779/779/779 778/778/778
f 783/783/783 782/782/782 781/781/781
f 786/786/786 785/785/785 784/784/784
f 789/789/789 788/788/788 787/787/787
f 792/792/792 791/791/791 790/790/790
f 795/795/795 794/794/794 793/793/793
f 798/798/798 797/797/797 796/796/796
f 801/801/801 800/800/800 799/799/799
f 804/804/804 803/803/803 802/802/802
f 807/807/807 806/806/806 805/805/805
f 810/810/810 809/809/809 808/808/808
f 813/813/813 812/812/812 811/811/811
f 816/816/816 815/815/815 814/814/814
f 819/819/819 818/818/818 817/817/817
f 822/822/822 821/821/821 820/820/820
f 825/825/825 824/824/824 823/823/823
f 828/828/828 827/827/827 826/826/826
f 831/831/831 830/830/830 829/829/829
f 834/834/834 833/833/833 832/832/832
f 837/837/837 836/836/836 835/835/835
f 840/840/840 839/839/839 838/838/838
f 843/843/843 842/842/842 841/841/841
f 846/846/846 845/845/845 844/844/844
f 849/849/849 848/848/848 847/847/847
f 852/852/852 851/851/851 850/850/850
f 855/855/855 854/854/854 853/853/853
f 858/858/858 857/857/857 856/856/856
f 861/861/861 860/860/860 859/859/859
f 864/864/864 863/863/863 862/862/862
f 867/867/867 866/866/866 865/865/865
f 870/870/870 869/869/869 868/868/868
f 873/873/873 872/872/872 871/871/871
f 876/876/876 875/875/875 874/874/874
f 879/879/879 878/878/878 877/877/877
f 882/882/882 881/881/881 880/880/880
f 885/885/885 884/884/884 883/883/883
f 888/888/888 887/887/887 886/886/886
f 891/891/891 890/890/890 889/889/889
f 894/894/894 893/893/893 892/892/892
f 897/897/897 896/896/896 895/895/895
f 900/900/900 899/899/899 898/898/898
f 903/903/903 902/902/902 901/901/901
f 906/906/906 905/905/905 904/904/904
f 909/909/909 908/908/908 907/907/907
f 912/912/912 911/911/911 910/910/910
f 915/915/915 914/914/914 913/913/913
f 918/918/918 917/917/917 916/916/916
f 921/921/921 920/920/920 919/919/919
f 924/924/924 923/923/923 922/922/922
f 927/927/927 926/926/926 925/925/925
f 930/930/930 929/929/929 928/928/928
f 933/933/933 932/932/932 931/931/931
f 936/936/936 935/935/935 934/934/934
f 939/939/939 938/938/938 937/937/937
f 942/942/942 941/941/941 940/940/940
f 945/945/945 944/944/944 943/943/943
f 948/948/948 947/947/947 946/946/946
f 951/951/951 950/950/950 949/949/949
f 954/954/954 953/953/953 952/952/952
f 957/957/957 956/956/956 955/955/955
f 960/960/960 959/959/959 958/958/958
f 963/963/963 962/962/962 961/961/961
f 966/966/966 965/965/965 964/964/964
f 969/969/969 968/968/968 967/967/967
f 972/972/972 971/971/971 970/970/970
f 975/975/975 974/974/974 973/973/973
f 978/978/978 977/977/977 976/976/976
f 981/981/981 980/980/980 979/979/979
f 984/984/984 983/983/983 982/982/982
f 987/987/987 986/986/986 985/985/985
f 990/990/990 989/989/989 988/988/988
f 993/993/993 992/992/992 991/991/991
f 996/996/996 995/995/995 994/994/994
f 999/999/999 998/998/998 997/997/997
f 1002/1002/1002 1001/1001/1001 1000/1000/1000
f 1005/1005/1005 1004/1004/1004 1003/1003/1003
f 1008/1008/1008 1007/1007/1007 1006/1006/1006
f 1011/1011/1011 1010/1010/1010 1009/1009/1009
f 1014/1014/1014 1013/1013/1013 1012/1012/1012
f 1017/1017/1017 1016/1016/1016 1015/1015/1015
f 1020/1020/1020 1019/1019/1019 1018/1018/1018
f 1023/1023/1023 1022/1022/1022 1021/1021/1021
f 1026/1026/1026 1025/1025/1025 1024/1024/1024
f 1029/1029/1029 1028/1028/1028 1027/1027/1027
f 1032/1032/1032 1031/1031/1031 1030/1030/1030
f 1035/1035/1035 1034/1034/1034 1033/1033/1033
f 1038/1038/1038 1037/1037/1037 1036/1036/1036
f 1041/1041/1041 1040/1040/1040 1039/1039/1039
f 1044/1044/1044 1043/1043/1043 1042/1042/1042
f 1047/1047/1047 1046/1046/1046 1045/1045/1045
f 1050/1050/1050 1049/1049/1049 1048/1048/1048
f 1053/1053/1053 1052/1052/1052 1051/1051/1051
f 1056/1056/1056 1055/1055/1055 1054/1054/1054
f 1059/1059/1059 1058/1058/1058 1057/1057/1057
f 1062/1062/1062 1061/1061/1061 1060/1060/1060
f 1065/1065/1065 1064/1064/1064 1063/1063/1063
f 1068/1068/1068 1067/1067/1067 1066/1066/1066
f 1071/1071/1071 1070/1070/1070 1069/1069/1069
f 1074/1074/1074 1073/1073/1073 1072/1072/1072
f 1077/1077/1077 1076/1076/1076 1075/1075/1075
f 1080/1080/1080 1079/1079/1079 1078/1078/1078
f 1083/1083/1083 1082/1082/1082 1081/1081/1081
f 1086/1086/1086 1085/1085/1085 1084/1084/1084
f 1089/1089/1089 1088/1088/1088 1087/1087/1087
f 1092/1092/1092 1091/1091/1091 1090/1090/1090
f 1095/1095/1095 1094/1094/1094 1093/1093/1093
f 1098/1098/1098 1097/1097/1097 1096/1096/1096
f 1101/1101/1101 1100/1100/1100 1099/1099/1099
f 1104/1104/1104 1103/1103/1103 1102/1102/1102
f 1107/1107/1107 1106/1106/1106 1105/1105/1105
f 1110/1110/1110 1109/1109/1109 1108/1108/1108
f 1113/1113/1113 1112/1112/1112 1111/1111/1111
f 1116/1116/1116 1115/1115/1115 1114/1114/1114
f 1119/1119/1119 1118/1118/1118 1117/1117/1117
f 1122/1122/1122 1121/1121/1121 1120/1120/1120
f 1125/1125/1125 1124/1124/1124 1123/1123/1123
f 1128/1128/1128 1127/1127/1127 1126/1126/1126
f 1131/1131/1131 1130/1130/1130 1129/1129/1129
f 1134/1134/1134 1133/1133/1133 1132/1132/1132
f 1137/1137/1137 1136/1136/1136 1135/1135/1135
f 1140/1140/1140 1139/1139/1139 1138/1138/1138
f 1143/1143/1143 1142/1142/1142 1141/1141/1141
f 1146/1146/1146 1145/1145/1145 1144/1144/1144
f 1149/1149/1149 1148/1148/1148 1147/1147/1147
f 1152/1152/1152 1151/1151/1151 1150/1150/1150
f 1155/1155/1155 1154/1154/1154 1153/1153/1153
f 1158/1158/1158 1157/1157/1157 1156/1156/1156
o Face.008
v -0.05255309 1.331542 -0.03854634
v -0.07138196 1.269397 -0.04096157
v -0.0829367 1.282298 -0.04392539
v -0.07138196 1.269397 -0.04096157
v -0.05255309 1.331542 -0.03854634
v -0.04328976 1.248397 -0.03066008
v -0.07138196 1.269397 -0.04096157
v -0.08595698 1.277267 -0.07600032
v -0.0829367 1.282298 -0.04392539
v -0.05182212 1.331781 -0.1141119
v -0.07283342 1.327021 -0.07801994
v -0.08205494 1.283541 -0.1126866
v 0.05733035 1.262174 -0.06454483
v 0.05680496 1.259812 -0.0909606
v 0.03953762 1.208185 -0.07778017
v 0.03953762 1.208185 -0.07778017
v 0.02356745 1.210737 -0.04818632
v 0.05733035 1.262174 -0.06454483
v -0.05690369 1.21727 -0.1210535
v -0.07286707 1.264989 -0.1159498
v -0.07918441 1.199832 -0.1043877
v 0.03854842 1.168578 -0.05204582
v 0.03953762 1.208185 -0.07778017
v 0.03823858 1.168629 -0.1034596
v 0.02356745 1.210737 -0.04818632
v 0.04826559 1.291889 -0.03620296
v 0.05733035 1.262174 -0.06454483
v -0.07971736 1.221949 -0.04462718
v -0.07138196 1.269397 -0.04096157
v -0.04328976 1.248397 -0.03066008
v 0.02356745 1.210737 -0.04818632
v 0.01094509 1.25397 -0.03001495
v 0.04826559 1.291889 -0.03620296
v 0.01622847 1.209741 -0.1084024
v 0.01052379 1.253165 -0.1246862
v -0.05690369 1.21727 -0.1210535
v -0.05690369 1.21727 -0.1210535
v -0.04615109 1.303177 -0.1236449
v -0.07286707 1.264989 -0.1159498
v -0.02722141 1.161176 -0.09143637
v -0.05690369 1.21727 -0.1210535
v -0.0571179 1.183754 -0.0906477
v 0.02356745 1.210737 -0.04818632
v -0.04328976 1.248397 -0.03066008
v 0.01094509 1.25397 -0.03001495
v -0.05255309 1.331542 -0.03854634
v -0.0829367 1.282298 -0.04392539
v -0.07283342 1.327021 -0.07801994
v -0.03125964 1.160639 -0.06618787
v -0.02722141 1.161176 -0.09143637
v -0.0571179 1.183754 -0.0906477
v 0.04135315 1.264788 -0.1122993
v 0.05680496 1.259812 -0.0909606
v 0.04555235 1.296009 -0.1121465
v -0.09354565 1.237858 -0.07777002
v -0.08595698 1.277267 -0.07600032
v -0.08255162 1.237154 -0.06563193
v -0.07286707 1.264989 -0.1159498
v -0.08205494 1.283541 -0.1126866
v -0.08595698 1.277267 -0.07600032
v -0.08244246 1.238961 -0.08992714
v -0.07286707 1.264989 -0.1159498
v -0.08595698 1.277267 -0.07600032
v -0.05309736 1.210281 -0.04062542
v -0.074536 1.209272 -0.04240136
v -0.04328976 1.248397 -0.03066008
v -0.07971736 1.221949 -0.04462718
v -0.08332735 1.216469 -0.07859617
v -0.08251359 1.218258 -0.100495
v -0.08345821 1.184391 -0.07458155
v -0.07918441 1.199832 -0.1043877
v -0.08332735 1.216469 -0.07859617
v -0.08244246 1.238961 -0.08992714
v -0.08253545 1.229121 -0.08045251
v -0.08251359 1.218258 -0.100495
v -0.08255162 1.237154 -0.06563193
v -0.07971736 1.221949 -0.04462718
v -0.08251359 1.218258 -0.100495
v -0.08251359 1.218258 -0.100495
v -0.08253545 1.229121 -0.08045251
v -0.08255162 1.237154 -0.06563193
v -0.0571179 1.183754 -0.0906477
v -0.05690369 1.21727 -0.1210535
v -0.07918441 1.199832 -0.1043877
v -0.07918441 1.199832 -0.1043877
v -0.07286707 1.264989 -0.1159498
v -0.08244246 1.238961 -0.08992714
v -0.08595698 1.277267 -0.07600032
v -0.07283342 1.327021 -0.07801994
v -0.0829367 1.282298 -0.04392539
v -0.0571179 1.183754 -0.0906477
v -0.08345821 1.184391 -0.07458155
v -0.05309736 1.210281 -0.04062542
v -0.07918441 1.199832 -0.1043877
v -0.08345821 1.184391 -0.07458155
v -0.0571179 1.183754 -0.0906477
v -0.04859313 1.346554 -0.07749166
v -0.07283342 1.327021 -0.07801994
v -0.05182212 1.331781 -0.1141119
v -0.04859313 1.346554 -0.07749166
v -0.05255309 1.331542 -0.03854634
v -0.07283342 1.327021 -0.07801994
v 0.05063899 1.305845 -0.07750572
v 0.04555235 1.296009 -0.1121465
v 0.05680496 1.259812 -0.0909606
v 0.05680496 1.259812 -0.0909606
v 0.05733035 1.262174 -0.06454483
v 0.05063899 1.305845 -0.07750572
v -0.08332735 1.216469 -0.07859617
v -0.07971736 1.221949 -0.04462718
v -0.074536 1.209272 -0.04240136
v -0.074536 1.209272 -0.04240136
v -0.08345821 1.184391 -0.07458155
v -0.08332735 1.216469 -0.07859617
v -0.03125964 1.160639 -0.06618787
v 0.03854842 1.168578 -0.05204582
v 0.03823858 1.168629 -0.1034596
v -0.08255162 1.237154 -0.06563193
v -0.07138196 1.269397 -0.04096157
v -0.07971736 1.221949 -0.04462718
v 0.04135315 1.264788 -0.1122993
v 0.01052379 1.253165 -0.1246862
v 0.01622847 1.209741 -0.1084024
v -0.074536 1.209272 -0.04240136
v -0.07971736 1.221949 -0.04462718
v -0.04328976 1.248397 -0.03066008
v 0.03854842 1.168578 -0.05204582
v 0.02356745 1.210737 -0.04818632
v 0.03953762 1.208185 -0.07778017
v -0.0571179 1.183754 -0.0906477
v -0.05309736 1.210281 -0.04062542
v -0.03125964 1.160639 -0.06618787
v 0.03823858 1.168629 -0.1034596
v 0.01622847 1.209741 -0.1084024
v -0.05690369 1.21727 -0.1210535
v -0.05690369 1.21727 -0.1210535
v -0.02722141 1.161176 -0.09143637
v 0.03823858 1.168629 -0.1034596
v 0.05063899 1.305845 -0.07750572
v 0.006914116 1.342085 -0.07749325
v 0.008285145 1.321439 -0.1209281
v 0.008285145 1.321439 -0.1209281
v 0.04555235 1.296009 -0.1121465
v 0.05063899 1.305845 -0.07750572
v 0.008285145 1.321439 -0.1209281
v -0.04615109 1.303177 -0.1236449
v -0.05690369 1.21727 -0.1210535
v -0.05690369 1.21727 -0.1210535
v 0.01052379 1.253165 -0.1246862
v 0.008285145 1.321439 -0.1209281
v -0.05309736 1.210281 -0.04062542
v 0.02356745 1.210737 -0.04818632
v 0.03854842 1.168578 -0.05204582
v 0.03854842 1.168578 -0.05204582
v -0.03125964 1.160639 -0.06618787
v -0.05309736 1.210281 -0.04062542
v 0.01094509 1.25397 -0.03001495
v 0.0075772 1.318486 -0.03395197
v 0.04826559 1.291889 -0.03620296
v 0.04555235 1.296009 -0.1121465
v 0.008285145 1.321439 -0.1209281
v 0.01052379 1.253165 -0.1246862
v 0.01052379 1.253165 -0.1246862
v 0.04135315 1.264788 -0.1122993
v 0.04555235 1.296009 -0.1121465
v -0.04859313 1.346554 -0.07749166
v -0.05182212 1.331781 -0.1141119
v 0.008285145 1.321439 -0.1209281
v 0.008285145 1.321439 -0.1209281
v 0.006914116 1.342085 -0.07749325
v -0.04859313 1.346554 -0.07749166
v -0.04328976 1.248397 -0.03066008
v -0.05255309 1.331542 -0.03854634
v 0.0075772 1.318486 -0.03395197
v 0.0075772 1.318486 -0.03395197
v 0.01094509 1.25397 -0.03001495
v -0.04328976 1.248397 -0.03066008
v 0.0075772 1.318486 -0.03395197
v -0.05255309 1.331542 -0.03854634
v -0.04859313 1.346554 -0.07749166
v -0.04859313 1.346554 -0.07749166
v 0.006914116 1.342085 -0.07749325
v 0.0075772 1.318486 -0.03395197
v 0.0075772 1.318486 -0.03395197
v 0.006914116 1.342085 -0.07749325
v 0.05063899 1.305845 -0.07750572
v 0.05063899 1.305845 -0.07750572
v 0.04826559 1.291889 -0.03620296
v 0.0075772 1.318486 -0.03395197
v 0.05680496 1.259812 -0.0909606
v 0.04135315 1.264788 -0.1122993
v 0.01622847 1.209741 -0.1084024
v 0.01622847 1.209741 -0.1084024
v 0.03953762 1.208185 -0.07778017
v 0.05680496 1.259812 -0.0909606
v 0.05733035 1.262174 -0.06454483
v 0.04826559 1.291889 -0.03620296
v 0.05063899 1.305845 -0.07750572
v 0.008285145 1.321439 -0.1209281
v -0.05182212 1.331781 -0.1141119
v -0.04615109 1.303177 -0.1236449
v -0.03125964 1.160639 -0.06618787
v 0.03823858 1.168629 -0.1034596
v -0.02722141 1.161176 -0.09143637
v -0.08244246 1.238961 -0.08992714
v -0.08595698 1.277267 -0.07600032
v -0.09354565 1.237858 -0.07777002
v 0.03953762 1.208185 -0.07778017
v 0.01622847 1.209741 -0.1084024
v 0.03823858 1.168629 -0.1034596
v -0.04615109 1.303177 -0.1236449
v -0.05182212 1.331781 -0.1141119
v -0.08205494 1.283541 -0.1126866
v -0.08205494 1.283541 -0.1126866
v -0.07286707 1.264989 -0.1159498
v -0.04615109 1.303177 -0.1236449
v -0.09354565 1.237858 -0.07777002
v -0.08255162 1.237154 -0.06563193
v -0.08244246 1.238961 -0.08992714
v -0.05309736 1.210281 -0.04062542
v -0.04328976 1.248397 -0.03066008
v 0.02356745 1.210737 -0.04818632
v -0.074536 1.209272 -0.04240136
v -0.05309736 1.210281 -0.04062542
v -0.08345821 1.184391 -0.07458155
v -0.07918441 1.199832 -0.1043877
v -0.08244246 1.238961 -0.08992714
v -0.08251359 1.218258 -0.100495
v -0.07918441 1.199832 -0.1043877
v -0.08251359 1.218258 -0.100495
v -0.08332735 1.216469 -0.07859617
v -0.07283342 1.327021 -0.07801994
v -0.08595698 1.277267 -0.07600032
v -0.08205494 1.283541 -0.1126866
v -0.08255162 1.237154 -0.06563193
v -0.08253545 1.229121 -0.08045251
v -0.08244246 1.238961 -0.08992714
v -0.08595698 1.277267 -0.07600032
v -0.07138196 1.269397 -0.04096157
v -0.08255162 1.237154 -0.06563193
vn -0.3143381 0.6687274 0.7128397
vn -0.5997211 -0.07318556 0.797264
vn -0.8090733 -0.09517443 0.5808994
vn -0.5997211 -0.07318556 0.797264
vn -0.3143381 0.6687274 0.7128397
vn -0.1183809 -0.09629536 0.988856
vn -0.5997211 -0.07318556 0.797264
vn -0.9977896 0.06747805 0.020541
vn -0.8090733 -0.09517443 0.5808994
vn -0.331268 0.7200348 -0.6592296
vn -0.8184794 0.6126734 -0.01325804
vn -0.8216262 0.02820152 -0.5694177
vn 0.9572576 -0.1531201 0.2511132
vn 0.9384608 -0.1679118 -0.3074371
vn 0.9918311 -0.1198917 -0.06037256
vn 0.9918311 -0.1198917 -0.06037256
vn 0.4889 -0.173272 0.8570827
vn 0.9572576 -0.1531201 0.2511132
vn -0.231937 -0.2847843 -0.9353733
vn -0.6541124 -0.07269835 -0.7533228
vn -0.6747551 -0.4824525 -0.5832071
vn 0.6227903 -0.5694731 0.5719267
vn 0.9918311 -0.1198917 -0.06037256
vn 0.6342105 -0.5511778 -0.5751224
vn 0.4889 -0.173272 0.8570827
vn 0.6796967 0.278282 0.6855299
vn 0.9572576 -0.1531201 0.2511132
vn -0.8195797 -0.08713442 0.5671165
vn -0.5997211 -0.07318556 0.797264
vn -0.1183809 -0.09629536 0.988856
vn 0.4889 -0.173272 0.8570827
vn 0.1498261 -0.1818549 0.9739022
vn 0.6796967 0.278282 0.6855299
vn 0.4428592 -0.142962 -0.8865178
vn 0.1884308 -0.1300715 -0.9744866
vn -0.231937 -0.2847843 -0.9353733
vn -0.231937 -0.2847843 -0.9353733
vn -0.1536252 0.1364987 -0.9798081
vn -0.6541124 -0.07269835 -0.7533228
vn -0.2237733 -0.9320974 -0.4316378
vn -0.231937 -0.2847843 -0.9353733
vn -0.4220771 -0.918457 -0.2835907
vn 0.4889 -0.173272 0.8570827
vn -0.1183809 -0.09629536 0.988856
vn 0.1498261 -0.1818549 0.9739022
vn -0.3143381 0.6687274 0.7128397
vn -0.8090733 -0.09517443 0.5808994
vn -0.8184794 0.6126734 -0.01325804
vn -0.3386935 -0.9144034 0.3878007
vn -0.2237733 -0.9320974 -0.4316378
vn -0.4220771 -0.918457 -0.2835907
vn 0.6086388 -0.1963714 -0.771796
vn 0.9384608 -0.1679118 -0.3074371
vn 0.6988785 0.339176 -0.6406726
vn -0.9814268 0.2031398 0.02322964
vn -0.9977896 0.06747805 0.020541
vn -0.959017 0.03154761 0.2818136
vn -0.6541124 -0.07269835 -0.7533228
vn -0.8216262 0.02820152 -0.5694177
vn -0.9977896 0.06747805 0.020541
vn -0.9011563 0.0817627 -0.4266708
vn -0.6541124 -0.07269835 -0.7533228
vn -0.9977896 0.06747805 0.020541
vn -0.08487173 -0.5001822 0.8791507
vn -0.5093626 -0.4730343 0.7374839
vn -0.1183809 -0.09629536 0.988856
vn -0.8195797 -0.08713442 0.5671165
vn -0.9768403 0.2256778 0.03203867
vn -0.9961255 -0.0909303 -0.02178637
vn -0.6304405 -0.8085622 0.1671254
vn -0.6747551 -0.4824525 -0.5832071
vn -0.9768403 0.2256778 0.03203867
vn -0.9999799 0.005965135 -0.004115066
vn -0.9999798 0.005965022 -0.004115176
vn -0.9961255 -0.0909303 -0.02178637
vn -0.959017 0.03154761 0.2818136
vn -0.8195797 -0.08713442 0.5671165
vn -0.9961255 -0.0909303 -0.02178637
vn -0.9961255 -0.0909303 -0.02178637
vn -0.9999798 0.005965022 -0.004115176
vn -0.959017 0.03154761 0.2818136
vn -0.4220771 -0.918457 -0.2835907
vn -0.231937 -0.2847843 -0.9353733
vn -0.6747551 -0.4824525 -0.5832071
vn -0.6747551 -0.4824525 -0.5832071
vn -0.6541124 -0.07269835 -0.7533228
vn -0.9011563 0.0817627 -0.4266708
vn -0.9977896 0.06747805 0.020541
vn -0.8184794 0.6126734 -0.01325804
vn -0.8090733 -0.09517443 0.5808994
vn -0.4220771 -0.918457 -0.2835907
vn -0.6304405 -0.8085622 0.1671254
vn -0.08487173 -0.5001822 0.8791507
vn -0.6747551 -0.4824525 -0.5832071
vn -0.6304405 -0.8085622 0.1671254
vn -0.4220771 -0.918457 -0.2835907
vn -0.2330325 1.037287 0.001981258
vn -0.8184794 0.6126734 -0.01325804
vn -0.331268 0.7200348 -0.6592296
vn -0.2330325 1.037287 0.001981258
vn -0.3143381 0.6687274 0.7128397
vn -0.8184794 0.6126734 -0.01325804
vn 0.8299495 0.5949885 -0.006303787
vn 0.6988785 0.339176 -0.6406726
vn 0.9384608 -0.1679118 -0.3074371
vn 0.9384608 -0.1679118 -0.3074371
vn 0.9572576 -0.1531201 0.2511132
vn 0.8299495 0.5949885 -0.006303787
vn -0.9768403 0.2256778 0.03203867
vn -0.8195797 -0.08713442 0.5671165
vn -0.5093626 -0.4730343 0.7374839
vn -0.5093626 -0.4730343 0.7374839
vn -0.6304405 -0.8085622 0.1671254
vn -0.9768403 0.2256778 0.03203867
vn -0.3386935 -0.9144034 0.3878007
vn 0.6227903 -0.5694731 0.5719267
vn 0.6342105 -0.5511778 -0.5751224
vn -0.959017 0.03154761 0.2818136
vn -0.5997211 -0.07318556 0.797264
vn -0.8195797 -0.08713442 0.5671165
vn 0.6086388 -0.1963714 -0.771796
vn 0.1884308 -0.1300715 -0.9744866
vn 0.4428592 -0.142962 -0.8865178
vn -0.5093626 -0.4730343 0.7374839
vn -0.8195797 -0.08713442 0.5671165
vn -0.1183809 -0.09629536 0.988856
vn 0.6227903 -0.5694731 0.5719267
vn 0.4889 -0.173272 0.8570827
vn 0.9918311 -0.1198917 -0.06037256
vn -0.4220771 -0.918457 -0.2835907
vn -0.08487173 -0.5001822 0.8791507
vn -0.3386935 -0.9144034 0.3878007
vn 0.6342105 -0.5511778 -0.5751224
vn 0.4428592 -0.142962 -0.8865178
vn -0.231937 -0.2847843 -0.9353733
vn -0.231937 -0.2847843 -0.9353733
vn -0.2237733 -0.9320974 -0.4316378
vn 0.6342105 -0.5511778 -0.5751224
vn 0.8299495 0.5949885 -0.006303787
vn 0.3430352 1.001553 0.02589965
vn 0.2743968 0.5950971 -0.7832268
vn 0.2743968 0.5950971 -0.7832268
vn 0.6988785 0.339176 -0.6406726
vn 0.8299495 0.5949885 -0.006303787
vn 0.2743968 0.5950971 -0.7832268
vn -0.1536252 0.1364987 -0.9798081
vn -0.231937 -0.2847843 -0.9353733
vn -0.231937 -0.2847843 -0.9353733
vn 0.1884308 -0.1300715 -0.9744866
vn 0.2743968 0.5950971 -0.7832268
vn -0.08487173 -0.5001822 0.8791507
vn 0.4889 -0.173272 0.8570827
vn 0.6227903 -0.5694731 0.5719267
vn 0.6227903 -0.5694731 0.5719267
vn -0.3386935 -0.9144034 0.3878007
vn -0.08487173 -0.5001822 0.8791507
vn 0.1498261 -0.1818549 0.9739022
vn 0.2356248 0.5960212 0.7951422
vn 0.6796967 0.278282 0.6855299
vn 0.6988785 0.339176 -0.6406726
vn 0.2743968 0.5950971 -0.7832268
vn 0.1884308 -0.1300715 -0.9744866
vn 0.1884308 -0.1300715 -0.9744866
vn 0.6086388 -0.1963714 -0.771796
vn 0.6988785 0.339176 -0.6406726
vn -0.2330325 1.037287 0.001981258
vn -0.331268 0.7200348 -0.6592296
vn 0.2743968 0.5950971 -0.7832268
vn 0.2743968 0.5950971 -0.7832268
vn 0.3430352 1.001553 0.02589965
vn -0.2330325 1.037287 0.001981258
vn -0.1183809 -0.09629536 0.988856
vn -0.3143381 0.6687274 0.7128397
vn 0.2356248 0.5960212 0.7951422
vn 0.2356248 0.5960212 0.7951422
vn 0.1498261 -0.1818549 0.9739022
vn -0.1183809 -0.09629536 0.988856
vn 0.2356248 0.5960212 0.7951422
vn -0.3143381 0.6687274 0.7128397
vn -0.2330325 1.037287 0.001981258
vn -0.2330325 1.037287 0.001981258
vn 0.3430352 1.001553 0.02589965
vn 0.2356248 0.5960212 0.7951422
vn 0.2356248 0.5960212 0.7951422
vn 0.3430352 1.001553 0.02589965
vn 0.8299495 0.5949885 -0.006303787
vn 0.8299495 0.5949885 -0.006303787
vn 0.6796967 0.278282 0.6855299
vn 0.2356248 0.5960212 0.7951422
vn 0.9384608 -0.1679118 -0.3074371
vn 0.6086388 -0.1963714 -0.771796
vn 0.4428592 -0.142962 -0.8865178
vn 0.4428592 -0.142962 -0.8865178
vn 0.9918311 -0.1198917 -0.06037256
vn 0.9384608 -0.1679118 -0.3074371
vn 0.9572576 -0.1531201 0.2511132
vn 0.6796967 0.278282 0.6855299
vn 0.8299495 0.5949885 -0.006303787
vn 0.2743968 0.5950971 -0.7832268
vn -0.331268 0.7200348 -0.6592296
vn -0.1536252 0.1364987 -0.9798081
vn -0.3386935 -0.9144034 0.3878007
vn 0.6342105 -0.5511778 -0.5751224
vn -0.2237733 -0.9320974 -0.4316378
vn -0.9011563 0.0817627 -0.4266708
vn -0.9977896 0.06747805 0.020541
vn -0.9814268 0.2031398 0.02322964
vn 0.9918311 -0.1198917 -0.06037256
vn 0.4428592 -0.142962 -0.8865178
vn 0.6342105 -0.5511778 -0.5751224
vn -0.1536252 0.1364987 -0.9798081
vn -0.331268 0.7200348 -0.6592296
vn -0.8216262 0.02820152 -0.5694177
vn -0.8216262 0.02820152 -0.5694177
vn -0.6541124 -0.07269835 -0.7533228
vn -0.1536252 0.1364987 -0.9798081
vn 0.01765778 -1.063587 -0.07370889
vn 0.01765778 -1.063587 -0.07370889
vn 0.01765778 -1.063587 -0.07370889
vn -0.08487173 -0.5001822 0.8791507
vn -0.1183809 -0.09629536 0.988856
vn 0.4889 -0.173272 0.8570827
vn -0.5093626 -0.4730343 0.7374839
vn -0.08487173 -0.5001822 0.8791507
vn -0.6304405 -0.8085622 0.1671254
vn 0.8208913 0.2756681 -0.5092652
vn 0.8208912 0.2756681 -0.5092652
vn 0.8208911 0.2756681 -0.5092651
vn -0.6747551 -0.4824525 -0.5832071
vn -0.9961255 -0.0909303 -0.02178637
vn -0.9768403 0.2256778 0.03203867
vn -0.8184794 0.6126734 -0.01325804
vn -0.9977896 0.06747805 0.020541
vn -0.8216262 0.02820152 -0.5694177
vn -0.959017 0.03154761 0.2818136
vn -0.9999798 0.005965022 -0.004115176
vn -0.9999799 0.005965135 -0.004115066
vn -0.9977896 0.06747805 0.020541
vn -0.5997211 -0.07318556 0.797264
vn -0.959017 0.03154761 0.2818136
vt 0.7625152 0.9524172
vt 0.6436571 0.6793302
vt 0.6589769 0.7258865
vt 0.6436571 0.6793302
vt 0.7625152 0.9524172
vt 0.7507869 0.6026981
vt 0.6436571 0.6731782
vt 0.5197613 0.6967217
vt 0.6589769 0.7258865
vt 0.2810019 0.9773622
vt 0.5182481 0.9198133
vt 0.3910196 0.734736
vt 0.9197031 0.778385
vt 0.9988643 0.8018448
vt 0.9995966 0.6211162
vt 0.9862553 0.5725125
vt 0.9326311 0.5232791
vt 0.9843953 0.6420957
vt 0.3412013 0.4929937
vt 0.3779804 0.6615112
vt 0.4107328 0.4581093
vt 0.9360731 0.3238252
vt 0.9745407 0.5336022
vt 1.000468 0.3270067
vt 0.9326311 0.5232791
vt 0.9772599 0.8739257
vt 0.9734358 0.6730086
vt 0.62657 0.5055063
vt 0.6436571 0.6793302
vt 0.7507869 0.6026981
vt 0.9326311 0.5232791
vt 0.9171185 0.6666419
vt 0.9446185 0.8977352
vt 0.09888287 0.5392631
vt 0.1090853 0.6491497
vt 0.3412013 0.4929937
vt 0.3412013 0.4929937
vt 0.1925822 0.8007017
vt 0.3779804 0.6615112
vt 0.1996114 0.368444
vt 0.3412013 0.4929937
vt 0.4363289 0.3868102
vt 0.9326311 0.5232791
vt 0.7507869 0.6026981
vt 0.9149654 0.6674374
vt 0.7678959 0.9524172
vt 0.6589769 0.7258865
vt 0.5182481 0.9198133
vt 0.5882788 0.3270548
vt 0.395814 0.3339828
vt 0.4363289 0.3868102
vt 0.1166325 0.7026185
vt 0.06055023 0.6835736
vt 0.1006408 0.8690767
vt 0.5120776 0.5904592
vt 0.5197613 0.6949352
vt 0.550758 0.5761883
vt 0.3779804 0.6584352
vt 0.3910196 0.734736
vt 0.5197613 0.6967217
vt 0.4733453 0.5842884
vt 0.3779804 0.6584352
vt 0.5197613 0.6967217
vt 0.7363037 0.4165095
vt 0.6621141 0.4736567
vt 0.7507869 0.6026981
vt 0.6265592 0.5039199
vt 0.5098963 0.4936739
vt 0.4332659 0.5013791
vt 0.5178254 0.4069252
vt 0.4107328 0.4581093
vt 0.5098963 0.4936739
vt 0.4733453 0.5842884
vt 0.5022944 0.5471697
vt 0.4332659 0.5013791
vt 0.550758 0.5761883
vt 0.6265592 0.5039199
vt 0.4332659 0.5013791
vt 0.4332659 0.5013791
vt 0.5022944 0.5471697
vt 0.550758 0.5761883
vt 0.4363289 0.3868102
vt 0.3412013 0.4929937
vt 0.3882926 0.4639892
vt 0.4107328 0.4581093
vt 0.3779804 0.6584352
vt 0.4733453 0.5842884
vt 0.5197613 0.6967217
vt 0.5182481 0.9198133
vt 0.6589769 0.7258865
vt 0.4363289 0.3868102
vt 0.5198145 0.4033754
vt 0.7363037 0.4165095
vt 0.3882926 0.4639892
vt 0.5198145 0.4033754
vt 0.4363289 0.3868102
vt 0.5199301 0.9757867
vt 0.5182481 0.9198133
vt 0.2810019 0.9773622
vt 0.5199301 0.9757867
vt 0.7678959 0.9524172
vt 0.5182481 0.9198133
vt 0.9196981 0.9883713
vt 0.8594059 0.9910612
vt 0.8604581 0.8407763
vt 0.8604581 0.8407763
vt 0.9190055 0.81846
vt 0.9196981 0.9883713
vt 0.5098963 0.4936739
vt 0.6265592 0.5039199
vt 0.6621141 0.4736567
vt 0.6621141 0.4736567
vt 0.5198145 0.4033754
vt 0.5098963 0.4936739
vt 0.6853278 0.3565661
vt 0.6645011 0.3293195
vt 0.6907035 0.370668
vt 0.550758 0.5761883
vt 0.6436571 0.6731782
vt 0.6265592 0.5039199
vt 0.0665428 0.7003201
vt 0.133148 0.7029599
vt 0.09888287 0.5392631
vt 0.6621141 0.4736567
vt 0.62657 0.5055063
vt 0.7507869 0.6026981
vt 0.9497651 0.3417733
vt 0.9326311 0.5232791
vt 0.9780049 0.5347084
vt 0.4363289 0.3868102
vt 0.7363037 0.4165095
vt 0.5882788 0.3270548
vt 0.003116902 0.3466966
vt 0.1114003 0.5413798
vt 0.3412013 0.4929937
vt 0.3412013 0.4929937
vt 0.1996114 0.368444
vt 0.003116902 0.3466966
vt 0.004269984 0.8271987
vt -0.000672481 0.9970819
vt 0.1458055 0.9943838
vt 0.1458055 0.9943838
vt 0.1006408 0.8690767
vt 0.004269984 0.8271987
vt 0.05121589 0.9035624
vt 0.1925822 0.8007017
vt 0.3412013 0.4929937
vt 0.3412013 0.4929937
vt 0.1090853 0.6491497
vt 0.05121589 0.9035624
vt 0.7363037 0.4165095
vt 0.9326311 0.5232791
vt 0.9497651 0.3417733
vt 0.9497651 0.3417733
vt 0.7600933 0.3566185
vt 0.7363037 0.4165095
vt 0.8651507 0.8140007
vt 0.8937675 0.9426484
vt 0.9446185 0.8977352
vt 0.1313392 0.9740632
vt 0.2185844 0.8974475
vt 0.133148 0.7029599
vt 0.133148 0.7029599
vt 0.0665428 0.7003201
vt 0.1313392 0.9740632
vt 0.5589367 0.9439727
vt 0.2547866 0.9451966
vt 0.3973251 0.9961864
vt 0.3973251 0.9961864
vt 0.552888 0.9919432
vt 0.5589367 0.9439727
vt 0.7507869 0.6026981
vt 0.7625152 0.9524172
vt 0.8937675 0.9426484
vt 0.8937675 0.9426484
vt 0.9149654 0.6674374
vt 0.7507869 0.6026981
vt 0.7048687 0.9971757
vt 0.7027319 0.9464605
vt 0.5589367 0.9439727
vt 0.5589367 0.9439727
vt 0.552888 0.9919432
vt 0.7048687 0.9971757
vt 0.9187765 0.9699482
vt 0.9958612 1.000032
vt 0.9956384 0.801477
vt 0.9956384 0.801477
vt 0.9228879 0.8499014
vt 0.9187765 0.9699482
vt 0.03433235 0.7328051
vt 0.0819028 0.7322453
vt 0.1025004 0.703267
vt 0.1025004 0.703267
vt 0.04691485 0.6671793
vt 0.03433235 0.7328051
vt 0.9734358 0.6730086
vt 0.9447349 0.7888905
vt 0.9956384 0.7887737
vt 0.05121589 0.9035624
vt 0.2319602 0.9777194
vt 0.1925822 0.8007017
vt -0.1028094 0.2971284
vt -0.05995937 0.4524237
vt -0.05914403 0.2548217
vt 0.4733453 0.5842884
vt 0.5197613 0.6949352
vt 0.5120776 0.5904592
vt 0.03757843 0.5377451
vt 0.1114003 0.5413798
vt 0.128512 0.3461352
vt 0.1805427 0.8002692
vt 0.2810019 0.9773622
vt 0.3910196 0.734736
vt 0.3910196 0.734736
vt 0.3794173 0.6615703
vt 0.1805427 0.8002692
vt 0.5120776 0.5972264
vt 0.5492082 0.588911
vt 0.4733453 0.5910555
vt 0.7363037 0.4165095
vt 0.7507869 0.6026981
vt 0.9326311 0.5232791
vt 0.6537 0.4717311
vt 0.7363037 0.4165095
vt 0.5198145 0.4033754
vt 0.413111 0.4659877
vt 0.4733453 0.5910555
vt 0.4357073 0.5013791
vt 0.4107328 0.4581093
vt 0.4332659 0.5013791
vt 0.5098963 0.4936739
vt 0.5182481 0.9198133
vt 0.5197613 0.6967217
vt 0.3910196 0.734736
vt 0.550758 0.5761883
vt 0.5022944 0.5471697
vt 0.4733453 0.5842884
vt 0.5197613 0.6967217
vt 0.6436571 0.6731782
vt 0.550758 0.5761883
usemtl Face.008
f 1161/1161/1161 1160/1160/1160 1159/1159/1159
f 1164/1164/1164 1163/1163/1163 1162/1162/1162
f 1167/1167/1167 1166/1166/1166 1165/1165/1165
f 1170/1170/1170 1169/1169/1169 1168/1168/1168
f 1173/1173/1173 1172/1172/1172 1171/1171/1171
f 1176/1176/1176 1175/1175/1175 1174/1174/1174
f 1179/1179/1179 1178/1178/1178 1177/1177/1177
f 1182/1182/1182 1181/1181/1181 1180/1180/1180
f 1185/1185/1185 1184/1184/1184 1183/1183/1183
f 1188/1188/1188 1187/1187/1187 1186/1186/1186
f 1191/1191/1191 1190/1190/1190 1189/1189/1189
f 1194/1194/1194 1193/1193/1193 1192/1192/1192
f 1197/1197/1197 1196/1196/1196 1195/1195/1195
f 1200/1200/1200 1199/1199/1199 1198/1198/1198
f 1203/1203/1203 1202/1202/1202 1201/1201/1201
f 1206/1206/1206 1205/1205/1205 1204/1204/1204
f 1209/1209/1209 1208/1208/1208 1207/1207/1207
f 1212/1212/1212 1211/1211/1211 1210/1210/1210
f 1215/1215/1215 1214/1214/1214 1213/1213/1213
f 1218/1218/1218 1217/1217/1217 1216/1216/1216
f 1221/1221/1221 1220/1220/1220 1219/1219/1219
f 1224/1224/1224 1223/1223/1223 1222/1222/1222
f 1227/1227/1227 1226/1226/1226 1225/1225/1225
f 1230/1230/1230 1229/1229/1229 1228/1228/1228
f 1233/1233/1233 1232/1232/1232 1231/1231/1231
f 1236/1236/1236 1235/1235/1235 1234/1234/1234
f 1239/1239/1239 1238/1238/1238 1237/1237/1237
f 1242/1242/1242 1241/1241/1241 1240/1240/1240
f 1245/1245/1245 1244/1244/1244 1243/1243/1243
f 1248/1248/1248 1247/1247/1247 1246/1246/1246
f 1251/1251/1251 1250/1250/1250 1249/1249/1249
f 1254/1254/1254 1253/1253/1253 1252/1252/1252
f 1257/1257/1257 1256/1256/1256 1255/1255/1255
f 1260/1260/1260 1259/1259/1259 1258/1258/1258
f 1263/1263/1263 1262/1262/1262 1261/1261/1261
f 1266/1266/1266 1265/1265/1265 1264/1264/1264
f 1269/1269/1269 1268/1268/1268 1267/1267/1267
f 1272/1272/1272 1271/1271/1271 1270/1270/1270
f 1275/1275/1275 1274/1274/1274 1273/1273/1273
f 1278/1278/1278 1277/1277/1277 1276/1276/1276
f 1281/1281/1281 1280/1280/1280 1279/1279/1279
f 1284/1284/1284 1283/1283/1283 1282/1282/1282
f 1287/1287/1287 1286/1286/1286 1285/1285/1285
f 1290/1290/1290 1289/1289/1289 1288/1288/1288
f 1293/1293/1293 1292/1292/1292 1291/1291/1291
f 1296/1296/1296 1295/1295/1295 1294/1294/1294
f 1299/1299/1299 1298/1298/1298 1297/1297/1297
f 1302/1302/1302 1301/1301/1301 1300/1300/1300
f 1305/1305/1305 1304/1304/1304 1303/1303/1303
f 1308/1308/1308 1307/1307/1307 1306/1306/1306
f 1311/1311/1311 1310/1310/1310 1309/1309/1309
f 1314/1314/1314 1313/1313/1313 1312/1312/1312
f 1317/1317/1317 1316/1316/1316 1315/1315/1315
f 1320/1320/1320 1319/1319/1319 1318/1318/1318
f 1323/1323/1323 1322/1322/1322 1321/1321/1321
f 1326/1326/1326 1325/1325/1325 1324/1324/1324
f 1329/1329/1329 1328/1328/1328 1327/1327/1327
f 1332/1332/1332 1331/1331/1331 1330/1330/1330
f 1335/1335/1335 1334/1334/1334 1333/1333/1333
f 1338/1338/1338 1337/1337/1337 1336/1336/1336
f 1341/1341/1341 1340/1340/1340 1339/1339/1339
f 1344/1344/1344 1343/1343/1343 1342/1342/1342
f 1347/1347/1347 1346/1346/1346 1345/1345/1345
f 1350/1350/1350 1349/1349/1349 1348/1348/1348
f 1353/1353/1353 1352/1352/1352 1351/1351/1351
f 1356/1356/1356 1355/1355/1355 1354/1354/1354
f 1359/1359/1359 1358/1358/1358 1357/1357/1357
f 1362/1362/1362 1361/1361/1361 1360/1360/1360
f 1365/1365/1365 1364/1364/1364 1363/1363/1363
f 1368/1368/1368 1367/1367/1367 1366/1366/1366
f 1371/1371/1371 1370/1370/1370 1369/1369/1369
f 1374/1374/1374 1373/1373/1373 1372/1372/1372
f 1377/1377/1377 1376/1376/1376 1375/1375/1375
f 1380/1380/1380 1379/1379/1379 1378/1378/1378
f 1383/1383/1383 1382/1382/1382 1381/1381/1381
f 1386/1386/1386 1385/1385/1385 1384/1384/1384
f 1389/1389/1389 1388/1388/1388 1387/1387/1387
f 1392/1392/1392 1391/1391/1391 1390/1390/1390
f 1395/1395/1395 1394/1394/1394 1393/1393/1393
f 1398/1398/1398 1397/1397/1397 1396/1396/1396
