# MagicaVoxel @ Ephtracy

# material
mtllib ssg 2.0-00.mtl
usemtl palette

# normals
vn -1 0 0
vn 1 0 0
vn 0 0 1
vn 0 0 -1
vn 0 -1 0
vn 0 1 0

# texcoords
vt 0.0214844 0.5
vt 0.0253906 0.5
vt 0.0292969 0.5
vt 0.0332031 0.5
vt 0.0371094 0.5
vt 0.0410156 0.5
vt 0.0449219 0.5
vt 0.0488281 0.5
vt 0.0527344 0.5
vt 0.0566406 0.5
vt 0.0605469 0.5
vt 0.197266 0.5
vt 0.306641 0.5
vt 0.384766 0.5
vt 0.392578 0.5
vt 0.396484 0.5
vt 0.513672 0.5
vt 0.521484 0.5
vt 0.541016 0.5
vt 0.544922 0.5
vt 0.552734 0.5
vt 0.556641 0.5
vt 0.744141 0.5
vt 0.900391 0.5
vt 0.927734 0.5
vt 0.931641 0.5
vt 0.958984 0.5
vt 0.962891 0.5
vt 0.966797 0.5
vt 0.994141 0.5

# verts
v -33 2 1
v -33 2 -1
v -33 4 1
v -33 4 -1
v -33 7 1
v -33 7 -1
v -32 1 1
v -32 1 -1
v -32 2 2
v -32 2 1
v -32 2 -1
v -32 2 -2
v -32 4 2
v -32 4 1
v -32 4 -1
v -32 4 -2
v -32 7 2
v -32 7 1
v -32 7 -1
v -32 7 -2
v -32 8 1
v -32 8 -1
v -31 0 1
v -31 0 -1
v -31 1 2
v -31 1 1
v -31 1 -1
v -31 1 -2
v -31 2 3
v -31 2 2
v -31 2 1
v -31 2 -1
v -31 2 -2
v -31 2 -3
v -31 4 3
v -31 4 2
v -31 4 -2
v -31 4 -3
v -31 6 3
v -31 6 2
v -31 6 -2
v -31 6 -3
v -31 7 3
v -31 7 2
v -31 7 1
v -31 7 -1
v -31 7 -2
v -31 7 -3
v -31 8 2
v -31 8 1
v -31 8 -1
v -31 8 -2
v -31 9 1
v -31 9 -1
v -30 0 2
v -30 0 1
v -30 0 -1
v -30 0 -2
v -30 1 3
v -30 1 2
v -30 1 1
v -30 1 -1
v -30 1 -2
v -30 1 -3
v -30 2 3
v -30 2 2
v -30 2 -2
v -30 2 -3
v -30 7 3
v -30 7 2
v -30 7 -2
v -30 7 -3
v -30 8 3
v -30 8 2
v -30 8 1
v -30 8 -1
v -30 8 -2
v -30 8 -3
v -30 9 2
v -30 9 1
v -30 9 -1
v -30 9 -2
v -30 10 1
v -30 10 -1
v -29 8 3
v -29 8 2
v -29 8 -2
v -29 8 -3
v -29 9 3
v -29 9 2
v -29 9 1
v -29 9 -1
v -29 9 -2
v -29 9 -3
v -29 10 2
v -29 10 1
v -29 10 -1
v -29 10 -2
v -29 11 1
v -29 11 -1
v -28 9 3
v -28 9 2
v -28 9 -2
v -28 9 -3
v -28 10 3
v -28 10 2
v -28 10 1
v -28 10 -1
v -28 10 -2
v -28 10 -3
v -28 11 2
v -28 11 1
v -28 11 -1
v -28 11 -2
v -28 12 1
v -28 12 -1
v -27 10 3
v -27 10 2
v -27 10 -2
v -27 10 -3
v -27 11 3
v -27 11 2
v -27 11 1
v -27 11 -1
v -27 11 -2
v -27 11 -3
v -27 12 2
v -27 12 1
v -27 12 -1
v -27 12 -2
v -27 13 1
v -27 13 -1
v -26 11 3
v -26 11 2
v -26 11 -2
v -26 11 -3
v -26 12 3
v -26 12 2
v -26 12 1
v -26 12 -1
v -26 12 -2
v -26 12 -3
v -26 13 2
v -26 13 1
v -26 13 -1
v -26 13 -2
v -26 14 1
v -26 14 -1
v -25 12 3
v -25 12 2
v -25 12 -2
v -25 12 -3
v -25 13 3
v -25 13 2
v -25 13 -2
v -25 13 -3
v -23 13 2
v -23 13 1
v -23 13 -1
v -23 13 -2
v -23 14 2
v -23 14 1
v -23 14 -1
v -23 14 -2
v -23 15 1
v -23 15 -1
v -22 13 3
v -22 13 2
v -22 13 -2
v -22 13 -3
v -22 14 3
v -22 14 2
v -22 14 1
v -22 14 -1
v -22 14 -2
v -22 14 -3
v -22 15 2
v -22 15 1
v -22 15 -1
v -22 15 -2
v -22 16 1
v -22 16 -1
v -21 14 3
v -21 14 2
v -21 14 -2
v -21 14 -3
v -21 15 3
v -21 15 2
v -21 15 -2
v -21 15 -3
v -19 15 2
v -19 15 1
v -19 15 -1
v -19 15 -2
v -19 16 2
v -19 16 1
v -19 16 -1
v -19 16 -2
v -19 17 1
v -19 17 -1
v -18 15 3
v -18 15 2
v -18 15 -2
v -18 15 -3
v -18 16 3
v -18 16 2
v -18 16 1
v -18 16 -1
v -18 16 -2
v -18 16 -3
v -18 17 2
v -18 17 1
v -18 17 -1
v -18 17 -2
v -18 18 1
v -18 18 -1
v -17 16 3
v -17 16 2
v -17 16 -2
v -17 16 -3
v -17 17 3
v -17 17 2
v -17 17 -2
v -17 17 -3
v -16 17 2
v -16 17 1
v -16 17 -1
v -16 17 -2
v -16 18 2
v -16 18 1
v -16 18 -1
v -16 18 -2
v -15 7 1
v -15 7 -1
v -15 8 1
v -15 8 -1
v -15 18 2
v -15 18 -2
v -15 19 2
v -15 19 -2
v -14 6 1
v -14 6 -1
v -14 7 1
v -14 7 -1
v -14 15 4
v -14 15 3
v -14 15 -3
v -14 15 -4
v -14 16 5
v -14 16 4
v -14 16 3
v -14 16 -3
v -14 16 -4
v -14 16 -5
v -14 17 3
v -14 17 2
v -14 17 -2
v -14 17 -3
v -14 18 5
v -14 18 4
v -14 18 3
v -14 18 2
v -14 18 -2
v -14 18 -3
v -14 18 -4
v -14 18 -5
v -14 19 4
v -14 19 3
v -14 19 2
v -14 19 -2
v -14 19 -3
v -14 19 -4
v -14 20 2
v -14 20 -2
v -13 5 1
v -13 5 -1
v -13 6 1
v -13 6 -1
v -13 14 4
v -13 14 3
v -13 14 -3
v -13 14 -4
v -13 15 5
v -13 15 4
v -13 15 3
v -13 15 -3
v -13 15 -4
v -13 15 -5
v -13 16 6
v -13 16 5
v -13 16 4
v -13 16 -4
v -13 16 -5
v -13 16 -6
v -13 18 6
v -13 18 5
v -13 18 4
v -13 18 -4
v -13 18 -5
v -13 18 -6
v -13 19 5
v -13 19 4
v -13 19 3
v -13 19 2
v -13 19 -2
v -13 19 -3
v -13 19 -4
v -13 19 -5
v -13 20 4
v -13 20 2
v -13 20 1
v -13 20 -1
v -13 20 -2
v -13 20 -4
v -13 21 3
v -13 21 2
v -13 21 -2
v -13 21 -3
v -13 22 4
v -13 22 3
v -13 22 2
v -13 22 1
v -13 22 -1
v -13 22 -2
v -13 22 -3
v -13 22 -4
v -12 4 1
v -12 4 -1
v -12 5 1
v -12 5 -1
v -12 8 1
v -12 8 -1
v -12 9 1
v -12 9 -1
v -12 14 5
v -12 14 4
v -12 14 -4
v -12 14 -5
v -12 15 6
v -12 15 5
v -12 15 4
v -12 15 -4
v -12 15 -5
v -12 15 -6
v -12 16 6
v -12 16 5
v -12 16 -5
v -12 16 -6
v -12 18 6
v -12 18 5
v -12 18 -5
v -12 18 -6
v -12 19 6
v -12 19 5
v -12 19 4
v -12 19 -4
v -12 19 -5
v -12 19 -6
v -12 20 5
v -12 20 4
v -12 20 -4
v -12 20 -5
v -11 7 1
v -11 7 -1
v -11 8 1
v -11 8 -1
v -10 6 1
v -10 6 -1
v -10 7 1
v -10 7 -1
v -7 6 1
v -7 6 -1
v -7 8 1
v -7 8 -1
v -7 10 1
v -7 10 -1
v -7 20 4
v -7 20 1
v -7 20 -1
v -7 20 -4
v -7 21 3
v -7 21 2
v -7 21 -2
v -7 21 -3
v -7 22 4
v -7 22 3
v -7 22 2
v -7 22 1
v -7 22 -1
v -7 22 -2
v -7 22 -3
v -7 22 -4
v 5 9 1
v 5 9 -1
v 5 10 2
v 5 10 1
v 5 10 -1
v 5 10 -2
v 5 11 3
v 5 11 2
v 5 11 1
v 5 11 -1
v 5 11 -2
v 5 11 -3
v 5 12 3
v 5 12 2
v 5 12 -2
v 5 12 -3
v 6 8 1
v 6 8 -1
v 6 9 2
v 6 9 1
v 6 9 -1
v 6 9 -2
v 6 10 3
v 6 10 2
v 6 10 1
v 6 10 -1
v 6 10 -2
v 6 10 -3
v 6 11 3
v 6 11 2
v 6 11 -2
v 6 11 -3
v 7 8 2
v 7 8 1
v 7 8 -1
v 7 8 -2
v 7 9 3
v 7 9 2
v 7 9 1
v 7 9 -1
v 7 9 -2
v 7 9 -3
v 7 10 3
v 7 10 2
v 7 10 -2
v 7 10 -3
v 29 18 1
v 29 18 -1
v 29 19 1
v 29 19 -1
v 30 19 1
v 30 19 -1
v 30 20 4
v 30 20 2
v 30 20 1
v 30 20 -1
v 30 20 -2
v 30 20 -4
v 30 21 4
v 30 21 2
v 30 21 -2
v 30 21 -4
v 31 20 1
v 31 20 -1
v 31 21 4
v 31 21 2
v 31 21 1
v 31 21 -1
v 31 21 -2
v 31 21 -4
v 31 22 4
v 31 22 2
v 31 22 -2
v 31 22 -4
v -27 0 2
v -27 0 1
v -27 0 -1
v -27 0 -2
v -27 1 3
v -27 1 2
v -27 1 1
v -27 1 -1
v -27 1 -2
v -27 1 -3
v -27 2 3
v -27 2 2
v -27 2 -2
v -27 2 -3
v -26 0 1
v -26 0 -1
v -26 1 2
v -26 1 1
v -26 1 -1
v -26 1 -2
v -26 2 3
v -26 2 2
v -26 2 1
v -26 2 -1
v -26 2 -2
v -26 2 -3
v -26 3 3
v -26 3 2
v -26 3 -2
v -26 3 -3
v -25 1 1
v -25 1 -1
v -25 2 2
v -25 2 1
v -25 2 -1
v -25 2 -2
v -25 3 3
v -25 3 2
v -25 3 1
v -25 3 -1
v -25 3 -2
v -25 3 -3
v -25 4 3
v -25 4 2
v -25 4 -2
v -25 4 -3
v -24 2 1
v -24 2 -1
v -24 3 2
v -24 3 1
v -24 3 -1
v -24 3 -2
v -24 4 3
v -24 4 2
v -24 4 1
v -24 4 -1
v -24 4 -2
v -24 4 -3
v -24 5 3
v -24 5 2
v -24 5 -2
v -24 5 -3
v -23 3 1
v -23 3 -1
v -23 4 2
v -23 4 1
v -23 4 -1
v -23 4 -2
v -23 5 3
v -23 5 2
v -23 5 1
v -23 5 -1
v -23 5 -2
v -23 5 -3
v -23 6 3
v -23 6 2
v -23 6 -2
v -23 6 -3
v -22 4 1
v -22 4 -1
v -22 5 2
v -22 5 1
v -22 5 -1
v -22 5 -2
v -22 6 3
v -22 6 2
v -22 6 1
v -22 6 -1
v -22 6 -2
v -22 6 -3
v -22 7 3
v -22 7 2
v -22 7 -2
v -22 7 -3
v -21 5 1
v -21 5 -1
v -21 6 2
v -21 6 1
v -21 6 -1
v -21 6 -2
v -21 7 3
v -21 7 2
v -21 7 1
v -21 7 -1
v -21 7 -2
v -21 7 -3
v -21 8 3
v -21 8 2
v -21 8 -2
v -21 8 -3
v -20 6 1
v -20 6 -1
v -20 7 2
v -20 7 1
v -20 7 -1
v -20 7 -2
v -20 8 3
v -20 8 2
v -20 8 1
v -20 8 -1
v -20 8 -2
v -20 8 -3
v -20 9 3
v -20 9 2
v -20 9 -2
v -20 9 -3
v -19 7 1
v -19 7 -1
v -19 8 2
v -19 8 1
v -19 8 -1
v -19 8 -2
v -19 9 2
v -19 9 1
v -19 9 -1
v -19 9 -2
v -14 9 3
v -14 9 1
v -14 9 -1
v -14 9 -3
v -14 10 3
v -14 10 1
v -14 10 -1
v -14 10 -3
v -13 6 1
v -13 6 -1
v -13 8 1
v -13 8 -1
v -13 9 1
v -13 9 -1
v -12 16 5
v -12 16 3
v -12 18 5
v -12 18 3
v -11 9 1
v -11 9 -1
v -11 10 1
v -11 10 -1
v -11 15 4
v -11 15 3
v -11 16 4
v -11 16 3
v -11 18 4
v -11 18 3
v -11 19 4
v -11 19 3
v -10 8 1
v -10 8 -1
v -10 9 1
v -10 9 -1
v -9 6 1
v -9 6 -1
v -9 8 1
v -9 8 -1
v -9 20 4
v -9 20 1
v -9 20 -1
v -9 20 -4
v -9 21 3
v -9 21 2
v -9 21 -2
v -9 21 -3
v -9 22 4
v -9 22 3
v -9 22 2
v -9 22 1
v -9 22 -1
v -9 22 -2
v -9 22 -3
v -9 22 -4
v -8 4 1
v -8 4 -1
v -8 5 1
v -8 5 -1
v -7 5 1
v -7 5 -1
v -7 6 1
v -7 6 -1
v -6 6 1
v -6 6 -1
v -6 7 1
v -6 7 -1
v -5 7 1
v -5 7 -1
v -5 8 1
v -5 8 -1
v -5 14 5
v -5 14 4
v -5 14 -4
v -5 14 -5
v -5 15 6
v -5 15 5
v -5 15 4
v -5 15 3
v -5 15 2
v -5 15 -4
v -5 15 -5
v -5 15 -6
v -5 16 6
v -5 16 5
v -5 16 3
v -5 16 2
v -5 16 1
v -5 16 -5
v -5 16 -6
v -5 18 6
v -5 18 5
v -5 18 3
v -5 18 2
v -5 18 1
v -5 18 -1
v -5 18 -5
v -5 18 -6
v -5 19 6
v -5 19 5
v -5 19 4
v -5 19 3
v -5 19 2
v -5 19 1
v -5 19 -1
v -5 19 -2
v -5 19 -4
v -5 19 -5
v -5 19 -6
v -5 20 5
v -5 20 4
v -5 20 2
v -5 20 1
v -5 20 -1
v -5 20 -2
v -5 20 -4
v -5 20 -5
v -5 21 3
v -5 21 2
v -5 21 -2
v -5 21 -3
v -5 22 4
v -5 22 3
v -5 22 2
v -5 22 1
v -5 22 -1
v -5 22 -2
v -5 22 -3
v -5 22 -4
v -4 8 1
v -4 8 -1
v -4 9 1
v -4 9 -1
v -4 10 3
v -4 10 2
v -4 10 -2
v -4 10 -3
v -4 12 3
v -4 12 2
v -4 12 -2
v -4 12 -3
v -3 9 1
v -3 9 -1
v -3 10 2
v -3 10 1
v -3 10 -1
v -3 10 -2
v -3 11 2
v -3 11 1
v -3 11 -1
v -3 11 -2
v -3 15 -2
v -3 15 -4
v -3 16 -1
v -3 16 -2
v -3 16 -4
v -3 16 -5
v -3 18 -1
v -3 18 -2
v -3 18 -4
v -3 18 -5
v -3 19 -2
v -3 19 -4
v 25 8 2
v 25 8 1
v 25 8 -1
v 25 8 -2
v 25 9 3
v 25 9 2
v 25 9 1
v 25 9 -1
v 25 9 -2
v 25 9 -3
v 25 10 3
v 25 10 2
v 25 10 -2
v 25 10 -3
v 26 8 1
v 26 8 -1
v 26 9 2
v 26 9 1
v 26 9 -1
v 26 9 -2
v 26 10 3
v 26 10 2
v 26 10 1
v 26 10 -1
v 26 10 -2
v 26 10 -3
v 26 11 3
v 26 11 2
v 26 11 -2
v 26 11 -3
v 27 9 1
v 27 9 -1
v 27 10 2
v 27 10 1
v 27 10 -1
v 27 10 -2
v 27 11 3
v 27 11 2
v 27 11 1
v 27 11 -1
v 27 11 -2
v 27 11 -3
v 27 12 3
v 27 12 2
v 27 12 -2
v 27 12 -3
v 28 10 1
v 28 10 -1
v 28 11 2
v 28 11 1
v 28 11 -1
v 28 11 -2
v 28 12 3
v 28 12 2
v 28 12 1
v 28 12 -1
v 28 12 -2
v 28 12 -3
v 28 13 3
v 28 13 2
v 28 13 -2
v 28 13 -3
v 29 11 1
v 29 11 -1
v 29 12 2
v 29 12 1
v 29 12 -1
v 29 12 -2
v 29 13 3
v 29 13 2
v 29 13 1
v 29 13 -1
v 29 13 -2
v 29 13 -3
v 29 14 3
v 29 14 2
v 29 14 -2
v 29 14 -3
v 30 12 1
v 30 12 -1
v 30 13 2
v 30 13 1
v 30 13 -1
v 30 13 -2
v 30 14 2
v 30 14 1
v 30 14 -1
v 30 14 -2
v 31 13 1
v 31 13 -1
v 31 14 2
v 31 14 1
v 31 14 -1
v 31 14 -2
v 31 15 2
v 31 15 1
v 31 15 -1
v 31 15 -2
v 32 14 1
v 32 14 -1
v 32 15 1
v 32 15 -1
v 32 16 1
v 32 16 -1
v 32 18 1
v 32 18 -1
v 32 19 1
v 32 19 -1
v 32 20 4
v 32 20 2
v 32 20 -2
v 32 20 -4
v 32 21 1
v 32 21 -1
v 32 22 4
v 32 22 2
v 32 22 -2
v 32 22 -4
v 33 14 4
v 33 14 2
v 33 14 -2
v 33 14 -4
v 33 15 5
v 33 15 4
v 33 15 2
v 33 15 1
v 33 15 -1
v 33 15 -2
v 33 15 -4
v 33 15 -5
v 33 16 6
v 33 16 5
v 33 16 4
v 33 16 2
v 33 16 1
v 33 16 -1
v 33 16 -2
v 33 16 -4
v 33 16 -5
v 33 16 -6
v 33 18 6
v 33 18 5
v 33 18 4
v 33 18 2
v 33 18 1
v 33 18 -1
v 33 18 -2
v 33 18 -4
v 33 18 -5
v 33 18 -6
v 33 19 5
v 33 19 4
v 33 19 2
v 33 19 1
v 33 19 -1
v 33 19 -2
v 33 19 -4
v 33 19 -5
v 33 20 4
v 33 20 2
v 33 20 -2
v 33 20 -4
v -13 16 6
v -13 18 6
v -12 15 6
v -12 16 6
v -12 18 6
v -12 19 6
v -11 15 6
v -11 16 6
v -11 18 6
v -11 19 6
v -9 15 6
v -9 16 6
v -9 18 6
v -9 19 6
v -7 15 6
v -7 16 6
v -7 18 6
v -7 19 6
v -5 15 6
v -5 16 6
v -5 18 6
v -5 19 6
v -3 16 6
v -3 18 6
v -1 16 6
v -1 18 6
v 1 16 6
v 1 18 6
v 3 16 6
v 3 18 6
v 19 16 6
v 19 18 6
v 27 16 6
v 27 18 6
v 31 16 6
v 31 18 6
v 33 16 6
v 33 18 6
v -14 16 5
v -14 18 5
v -13 15 5
v -13 16 5
v -13 18 5
v -13 19 5
v -12 14 5
v -12 15 5
v -12 16 5
v -12 18 5
v -12 19 5
v -12 20 5
v -11 14 5
v -11 15 5
v -11 19 5
v -11 20 5
v -9 14 5
v -9 15 5
v -9 19 5
v -9 20 5
v -7 14 5
v -7 15 5
v -7 19 5
v -7 20 5
v -5 14 5
v -5 15 5
v -5 16 5
v -5 18 5
v -5 19 5
v -5 20 5
v -3 16 5
v -3 18 5
v -1 16 5
v -1 18 5
v -1 19 5
v 1 16 5
v 1 18 5
v 1 19 5
v 3 15 5
v 3 16 5
v 3 18 5
v 3 19 5
v 5 15 5
v 5 16 5
v 5 18 5
v 5 19 5
v 7 15 5
v 7 16 5
v 9 15 5
v 9 16 5
v 11 15 5
v 11 16 5
v 11 18 5
v 11 19 5
v 15 18 5
v 15 19 5
v 17 18 5
v 17 19 5
v 19 16 5
v 19 18 5
v 23 15 5
v 23 16 5
v 23 18 5
v 23 19 5
v 27 15 5
v 27 16 5
v 27 18 5
v 27 19 5
v 29 15 5
v 29 16 5
v 31 15 5
v 31 16 5
v 31 18 5
v 31 19 5
v 33 15 5
v 33 16 5
v 33 18 5
v 33 19 5
v -14 15 4
v -14 16 4
v -14 18 4
v -14 19 4
v -13 14 4
v -13 15 4
v -13 16 4
v -13 18 4
v -13 19 4
v -13 20 4
v -13 22 4
v -12 14 4
v -12 15 4
v -12 19 4
v -12 20 4
v -11 20 4
v -11 22 4
v -9 20 4
v -9 22 4
v -7 20 4
v -7 22 4
v -5 14 4
v -5 15 4
v -5 19 4
v -5 20 4
v -5 22 4
v -1 19 4
v -1 20 4
v 1 19 4
v 1 20 4
v 3 14 4
v 3 15 4
v 3 19 4
v 3 20 4
v 5 14 4
v 5 15 4
v 5 19 4
v 5 20 4
v 7 14 4
v 7 15 4
v 9 14 4
v 9 15 4
v 11 14 4
v 11 15 4
v 11 19 4
v 11 20 4
v 15 19 4
v 15 20 4
v 17 19 4
v 17 20 4
v 23 14 4
v 23 15 4
v 23 19 4
v 23 20 4
v 27 14 4
v 27 15 4
v 27 19 4
v 27 20 4
v 29 14 4
v 29 15 4
v 30 20 4
v 30 21 4
v 31 14 4
v 31 15 4
v 31 19 4
v 31 20 4
v 31 21 4
v 31 22 4
v 32 20 4
v 32 22 4
v 33 14 4
v 33 15 4
v 33 19 4
v 33 20 4
v -31 2 3
v -31 4 3
v -31 6 3
v -31 7 3
v -30 1 3
v -30 2 3
v -30 7 3
v -30 8 3
v -29 1 3
v -29 2 3
v -29 4 3
v -29 6 3
v -29 8 3
v -29 9 3
v -28 9 3
v -28 10 3
v -27 1 3
v -27 2 3
v -27 4 3
v -27 6 3
v -27 8 3
v -27 10 3
v -27 11 3
v -26 2 3
v -26 3 3
v -26 11 3
v -26 12 3
v -25 3 3
v -25 4 3
v -25 6 3
v -25 8 3
v -25 10 3
v -25 12 3
v -25 13 3
v -24 4 3
v -24 5 3
v -23 5 3
v -23 6 3
v -23 8 3
v -23 10 3
v -23 12 3
v -23 13 3
v -22 6 3
v -22 7 3
v -22 13 3
v -22 14 3
v -21 7 3
v -21 8 3
v -21 10 3
v -21 12 3
v -21 14 3
v -21 15 3
v -20 8 3
v -20 9 3
v -19 9 3
v -19 10 3
v -19 12 3
v -19 14 3
v -19 15 3
v -18 15 3
v -18 16 3
v -17 12 3
v -17 14 3
v -17 16 3
v -17 17 3
v -15 9 3
v -15 10 3
v -15 12 3
v -15 14 3
v -15 16 3
v -15 17 3
v -14 9 3
v -14 10 3
v -14 15 3
v -14 16 3
v -14 17 3
v -13 12 3
v -13 14 3
v -13 15 3
v -12 16 3
v -12 18 3
v -11 12 3
v -11 14 3
v -11 15 3
v -11 16 3
v -11 18 3
v -11 19 3
v -9 10 3
v -9 14 3
v -9 15 3
v -9 16 3
v -9 18 3
v -9 19 3
v -7 12 3
v -7 14 3
v -7 15 3
v -7 16 3
v -7 18 3
v -7 19 3
v -5 12 3
v -5 14 3
v -5 15 3
v -5 16 3
v -5 18 3
v -5 19 3
v -4 10 3
v -4 12 3
v -3 12 3
v -3 14 3
v -1 12 3
v -1 14 3
v 1 12 3
v 1 14 3
v 3 12 3
v 3 14 3
v 5 11 3
v 5 12 3
v 5 14 3
v 6 10 3
v 6 11 3
v 7 9 3
v 7 10 3
v 7 12 3
v 7 14 3
v 9 12 3
v 9 14 3
v 11 10 3
v 11 12 3
v 11 14 3
v 13 12 3
v 13 14 3
v 15 12 3
v 15 14 3
v 17 10 3
v 17 12 3
v 17 14 3
v 19 12 3
v 19 14 3
v 21 12 3
v 21 14 3
v 23 10 3
v 23 12 3
v 23 14 3
v 25 9 3
v 25 10 3
v 25 12 3
v 25 14 3
v 26 10 3
v 26 11 3
v 27 11 3
v 27 12 3
v 27 14 3
v 28 12 3
v 28 13 3
v 29 13 3
v 29 14 3
v -32 2 2
v -32 4 2
v -32 7 2
v -31 1 2
v -31 2 2
v -31 4 2
v -31 6 2
v -31 7 2
v -31 8 2
v -30 0 2
v -30 1 2
v -30 2 2
v -30 7 2
v -30 8 2
v -30 9 2
v -29 0 2
v -29 1 2
v -29 8 2
v -29 9 2
v -29 10 2
v -28 9 2
v -28 10 2
v -28 11 2
v -27 0 2
v -27 1 2
v -27 2 2
v -27 10 2
v -27 11 2
v -27 12 2
v -26 1 2
v -26 2 2
v -26 3 2
v -26 11 2
v -26 12 2
v -26 13 2
v -25 2 2
v -25 3 2
v -25 4 2
v -25 12 2
v -25 13 2
v -24 3 2
v -24 4 2
v -24 5 2
v -23 4 2
v -23 5 2
v -23 6 2
v -23 13 2
v -23 14 2
v -22 5 2
v -22 6 2
v -22 7 2
v -22 13 2
v -22 14 2
v -22 15 2
v -21 6 2
v -21 7 2
v -21 8 2
v -21 14 2
v -21 15 2
v -20 7 2
v -20 8 2
v -20 9 2
v -19 8 2
v -19 9 2
v -19 15 2
v -19 16 2
v -18 15 2
v -18 16 2
v -18 17 2
v -17 16 2
v -17 17 2
v -16 17 2
v -16 18 2
v -15 17 2
v -15 18 2
v -15 19 2
v -14 17 2
v -14 18 2
v -14 19 2
v -14 20 2
v -13 19 2
v -13 20 2
v -13 21 2
v -13 22 2
v -11 21 2
v -11 22 2
v -9 21 2
v -9 22 2
v -7 21 2
v -7 22 2
v -5 15 2
v -5 16 2
v -5 18 2
v -5 19 2
v -5 21 2
v -5 22 2
v -4 10 2
v -4 12 2
v -3 10 2
v -3 11 2
v -3 12 2
v -1 11 2
v -1 12 2
v -1 18 2
v -1 19 2
v 1 12 2
v 1 18 2
v 1 19 2
v 3 11 2
v 3 12 2
v 3 15 2
v 3 16 2
v 3 18 2
v 3 19 2
v 5 10 2
v 5 11 2
v 5 12 2
v 5 15 2
v 5 16 2
v 5 18 2
v 5 19 2
v 6 9 2
v 6 10 2
v 6 11 2
v 7 8 2
v 7 9 2
v 7 10 2
v 7 15 2
v 7 16 2
v 9 15 2
v 9 16 2
v 11 15 2
v 11 16 2
v 11 18 2
v 11 19 2
v 15 18 2
v 15 19 2
v 17 18 2
v 17 19 2
v 23 15 2
v 23 16 2
v 23 18 2
v 23 19 2
v 25 8 2
v 25 9 2
v 25 10 2
v 26 9 2
v 26 10 2
v 26 11 2
v 27 10 2
v 27 11 2
v 27 12 2
v 27 15 2
v 27 16 2
v 27 18 2
v 27 19 2
v 28 11 2
v 28 12 2
v 28 13 2
v 29 12 2
v 29 13 2
v 29 14 2
v 29 15 2
v 29 16 2
v 30 13 2
v 30 14 2
v 31 15 2
v 31 16 2
v 31 18 2
v 31 19 2
v 33 15 2
v 33 16 2
v 33 18 2
v 33 19 2
v -33 2 1
v -33 4 1
v -33 7 1
v -32 1 1
v -32 2 1
v -32 4 1
v -32 7 1
v -32 8 1
v -31 0 1
v -31 1 1
v -31 2 1
v -31 7 1
v -31 8 1
v -31 9 1
v -30 0 1
v -30 1 1
v -30 8 1
v -30 9 1
v -30 10 1
v -29 9 1
v -29 10 1
v -29 11 1
v -28 10 1
v -28 11 1
v -28 12 1
v -27 0 1
v -27 1 1
v -27 11 1
v -27 12 1
v -27 13 1
v -26 0 1
v -26 1 1
v -26 2 1
v -26 12 1
v -26 13 1
v -26 14 1
v -25 1 1
v -25 2 1
v -25 3 1
v -25 13 1
v -25 14 1
v -24 2 1
v -24 3 1
v -24 4 1
v -23 3 1
v -23 4 1
v -23 5 1
v -23 13 1
v -23 14 1
v -23 15 1
v -22 4 1
v -22 5 1
v -22 6 1
v -22 14 1
v -22 15 1
v -22 16 1
v -21 5 1
v -21 6 1
v -21 7 1
v -20 6 1
v -20 7 1
v -20 8 1
v -19 7 1
v -19 8 1
v -19 9 1
v -19 15 1
v -19 16 1
v -19 17 1
v -18 16 1
v -18 17 1
v -18 18 1
v -16 17 1
v -16 18 1
v -15 7 1
v -15 8 1
v -15 9 1
v -14 6 1
v -14 7 1
v -14 9 1
v -14 10 1
v -13 5 1
v -13 6 1
v -13 8 1
v -13 9 1
v -12 4 1
v -12 5 1
v -12 8 1
v -12 9 1
v -11 4 1
v -11 6 1
v -11 7 1
v -11 8 1
v -11 9 1
v -11 10 1
v -10 6 1
v -10 7 1
v -10 8 1
v -10 9 1
v -9 6 1
v -9 8 1
v -8 4 1
v -8 5 1
v -7 5 1
v -7 6 1
v -7 8 1
v -7 10 1
v -6 6 1
v -6 7 1
v -5 7 1
v -5 8 1
v -5 10 1
v -5 16 1
v -5 18 1
v -4 8 1
v -4 9 1
v -3 9 1
v -3 10 1
v -3 11 1
v -3 16 1
v -3 18 1
v -1 10 1
v -1 11 1
v -1 16 1
v -1 18 1
v 1 16 1
v 1 18 1
v 3 10 1
v 3 11 1
v 3 16 1
v 3 18 1
v 5 9 1
v 5 10 1
v 5 11 1
v 5 16 1
v 5 18 1
v 6 8 1
v 6 9 1
v 6 10 1
v 7 8 1
v 7 9 1
v 7 16 1
v 9 16 1
v 11 16 1
v 11 18 1
v 15 18 1
v 17 18 1
v 19 16 1
v 19 18 1
v 23 16 1
v 23 18 1
v 25 8 1
v 25 9 1
v 26 8 1
v 26 9 1
v 26 10 1
v 27 9 1
v 27 10 1
v 27 11 1
v 27 16 1
v 27 18 1
v 28 10 1
v 28 11 1
v 28 12 1
v 29 11 1
v 29 12 1
v 29 13 1
v 29 16 1
v 30 12 1
v 30 13 1
v 30 14 1
v 30 19 1
v 30 20 1
v 31 13 1
v 31 14 1
v 31 15 1
v 31 16 1
v 31 18 1
v 31 19 1
v 31 20 1
v 31 21 1
v 32 14 1
v 32 15 1
v 32 19 1
v 32 21 1
v 33 16 1
v 33 18 1
v -13 20 -1
v -13 22 -1
v -11 20 -1
v -11 22 -1
v -9 20 -1
v -9 22 -1
v -7 20 -1
v -7 22 -1
v -5 18 -1
v -5 19 -1
v -5 20 -1
v -5 22 -1
v -3 18 -1
v -1 18 -1
v -1 19 -1
v 1 18 -1
v 1 19 -1
v 3 18 -1
v 3 19 -1
v 5 18 -1
v 5 19 -1
v 11 18 -1
v 11 19 -1
v 15 18 -1
v 15 19 -1
v 17 18 -1
v 17 19 -1
v 19 18 -1
v 23 18 -1
v 23 19 -1
v 27 18 -1
v 27 19 -1
v 29 18 -1
v 29 19 -1
v 32 15 -1
v 32 16 -1
v 32 18 -1
v 32 19 -1
v 33 15 -1
v 33 16 -1
v 33 18 -1
v 33 19 -1
v -5 19 -2
v -5 20 -2
v -1 19 -2
v -1 20 -2
v 1 19 -2
v 1 20 -2
v 3 19 -2
v 3 20 -2
v 5 19 -2
v 5 20 -2
v 11 19 -2
v 11 20 -2
v 15 19 -2
v 15 20 -2
v 17 19 -2
v 17 20 -2
v 23 19 -2
v 23 20 -2
v 27 19 -2
v 27 20 -2
v 30 20 -2
v 30 21 -2
v 31 14 -2
v 31 15 -2
v 31 19 -2
v 31 20 -2
v 31 21 -2
v 31 22 -2
v 32 20 -2
v 32 22 -2
v 33 14 -2
v 33 15 -2
v 33 19 -2
v 33 20 -2
v -13 21 -3
v -13 22 -3
v -11 21 -3
v -11 22 -3
v -9 21 -3
v -9 22 -3
v -7 21 -3
v -7 22 -3
v -5 21 -3
v -5 22 -3
v -3 15 -4
v -3 16 -4
v -3 18 -4
v -3 19 -4
v -1 18 -4
v -1 19 -4
v 1 18 -4
v 1 19 -4
v 3 15 -4
v 3 16 -4
v 3 18 -4
v 3 19 -4
v 5 15 -4
v 5 16 -4
v 5 18 -4
v 5 19 -4
v 7 15 -4
v 7 16 -4
v 9 15 -4
v 9 16 -4
v 11 15 -4
v 11 16 -4
v 11 18 -4
v 11 19 -4
v 15 18 -4
v 15 19 -4
v 17 18 -4
v 17 19 -4
v 23 15 -4
v 23 16 -4
v 23 18 -4
v 23 19 -4
v 27 15 -4
v 27 16 -4
v 27 18 -4
v 27 19 -4
v 29 15 -4
v 29 16 -4
v 31 15 -4
v 31 16 -4
v 31 18 -4
v 31 19 -4
v 33 15 -4
v 33 16 -4
v 33 18 -4
v 33 19 -4
v -3 16 -5
v -3 18 -5
v -1 16 -5
v -1 18 -5
v 1 16 -5
v 1 18 -5
v 3 16 -5
v 3 18 -5
v 5 16 -5
v 5 18 -5
v 7 16 -5
v 9 16 -5
v 11 16 -5
v 11 18 -5
v 15 18 -5
v 17 18 -5
v 19 16 -5
v 19 18 -5
v 23 16 -5
v 23 18 -5
v 27 16 -5
v 27 18 -5
v 29 16 -5
v 31 16 -5
v 31 18 -5
v 33 16 -5
v 33 18 -5
v -12 16 5
v -12 18 5
v -11 16 5
v -11 18 5
v -9 16 5
v -9 18 5
v -7 16 5
v -7 18 5
v -5 16 5
v -5 18 5
v -3 16 5
v -3 18 5
v -1 16 5
v -1 18 5
v 1 16 5
v 1 18 5
v 3 16 5
v 3 18 5
v 5 16 5
v 5 18 5
v 7 16 5
v 9 16 5
v 11 16 5
v 11 18 5
v 15 18 5
v 17 18 5
v 19 16 5
v 19 18 5
v 23 16 5
v 23 18 5
v 27 16 5
v 27 18 5
v 29 16 5
v 31 16 5
v 31 18 5
v 33 16 5
v 33 18 5
v -11 15 4
v -11 16 4
v -11 18 4
v -11 19 4
v -9 15 4
v -9 16 4
v -9 18 4
v -9 19 4
v -7 15 4
v -7 16 4
v -7 18 4
v -7 19 4
v -5 15 4
v -5 16 4
v -5 18 4
v -5 19 4
v -1 18 4
v -1 19 4
v 1 18 4
v 1 19 4
v 3 15 4
v 3 16 4
v 3 18 4
v 3 19 4
v 5 15 4
v 5 16 4
v 5 18 4
v 5 19 4
v 7 15 4
v 7 16 4
v 9 15 4
v 9 16 4
v 11 15 4
v 11 16 4
v 11 18 4
v 11 19 4
v 15 18 4
v 15 19 4
v 17 18 4
v 17 19 4
v 23 15 4
v 23 16 4
v 23 18 4
v 23 19 4
v 27 15 4
v 27 16 4
v 27 18 4
v 27 19 4
v 29 15 4
v 29 16 4
v 31 15 4
v 31 16 4
v 31 18 4
v 31 19 4
v 33 15 4
v 33 16 4
v 33 18 4
v 33 19 4
v -13 21 3
v -13 22 3
v -11 21 3
v -11 22 3
v -9 21 3
v -9 22 3
v -7 21 3
v -7 22 3
v -5 21 3
v -5 22 3
v -5 19 2
v -5 20 2
v -1 19 2
v -1 20 2
v 1 19 2
v 1 20 2
v 3 19 2
v 3 20 2
v 5 19 2
v 5 20 2
v 11 19 2
v 11 20 2
v 15 19 2
v 15 20 2
v 17 19 2
v 17 20 2
v 23 19 2
v 23 20 2
v 27 19 2
v 27 20 2
v 30 20 2
v 30 21 2
v 31 14 2
v 31 15 2
v 31 19 2
v 31 20 2
v 31 21 2
v 31 22 2
v 32 20 2
v 32 22 2
v 33 14 2
v 33 15 2
v 33 19 2
v 33 20 2
v -13 20 1
v -13 22 1
v -11 20 1
v -11 22 1
v -9 20 1
v -9 22 1
v -7 20 1
v -7 22 1
v -5 18 1
v -5 19 1
v -5 20 1
v -5 22 1
v -3 18 1
v -1 18 1
v -1 19 1
v 1 18 1
v 1 19 1
v 3 18 1
v 3 19 1
v 5 18 1
v 5 19 1
v 11 18 1
v 11 19 1
v 15 18 1
v 15 19 1
v 17 18 1
v 17 19 1
v 19 18 1
v 23 18 1
v 23 19 1
v 27 18 1
v 27 19 1
v 29 18 1
v 29 19 1
v 32 15 1
v 32 16 1
v 32 18 1
v 32 19 1
v 33 15 1
v 33 16 1
v 33 18 1
v 33 19 1
v -33 2 -1
v -33 4 -1
v -33 7 -1
v -32 1 -1
v -32 2 -1
v -32 4 -1
v -32 7 -1
v -32 8 -1
v -31 0 -1
v -31 1 -1
v -31 2 -1
v -31 7 -1
v -31 8 -1
v -31 9 -1
v -30 0 -1
v -30 1 -1
v -30 8 -1
v -30 9 -1
v -30 10 -1
v -29 9 -1
v -29 10 -1
v -29 11 -1
v -28 10 -1
v -28 11 -1
v -28 12 -1
v -27 0 -1
v -27 1 -1
v -27 11 -1
v -27 12 -1
v -27 13 -1
v -26 0 -1
v -26 1 -1
v -26 2 -1
v -26 12 -1
v -26 13 -1
v -26 14 -1
v -25 1 -1
v -25 2 -1
v -25 3 -1
v -25 13 -1
v -25 14 -1
v -24 2 -1
v -24 3 -1
v -24 4 -1
v -23 3 -1
v -23 4 -1
v -23 5 -1
v -23 13 -1
v -23 14 -1
v -23 15 -1
v -22 4 -1
v -22 5 -1
v -22 6 -1
v -22 14 -1
v -22 15 -1
v -22 16 -1
v -21 5 -1
v -21 6 -1
v -21 7 -1
v -20 6 -1
v -20 7 -1
v -20 8 -1
v -19 7 -1
v -19 8 -1
v -19 9 -1
v -19 15 -1
v -19 16 -1
v -19 17 -1
v -18 16 -1
v -18 17 -1
v -18 18 -1
v -16 17 -1
v -16 18 -1
v -15 7 -1
v -15 8 -1
v -15 9 -1
v -14 6 -1
v -14 7 -1
v -14 9 -1
v -14 10 -1
v -13 5 -1
v -13 6 -1
v -13 8 -1
v -13 9 -1
v -12 4 -1
v -12 5 -1
v -12 8 -1
v -12 9 -1
v -11 4 -1
v -11 6 -1
v -11 7 -1
v -11 8 -1
v -11 9 -1
v -11 10 -1
v -10 6 -1
v -10 7 -1
v -10 8 -1
v -10 9 -1
v -9 6 -1
v -9 8 -1
v -8 4 -1
v -8 5 -1
v -7 5 -1
v -7 6 -1
v -7 8 -1
v -7 10 -1
v -6 6 -1
v -6 7 -1
v -5 7 -1
v -5 8 -1
v -5 10 -1
v -4 8 -1
v -4 9 -1
v -3 9 -1
v -3 10 -1
v -3 11 -1
v -3 16 -1
v -3 18 -1
v -1 10 -1
v -1 11 -1
v -1 16 -1
v -1 18 -1
v 1 16 -1
v 1 18 -1
v 3 10 -1
v 3 11 -1
v 3 16 -1
v 3 18 -1
v 5 9 -1
v 5 10 -1
v 5 11 -1
v 5 16 -1
v 5 18 -1
v 6 8 -1
v 6 9 -1
v 6 10 -1
v 7 8 -1
v 7 9 -1
v 7 16 -1
v 9 16 -1
v 11 16 -1
v 11 18 -1
v 15 18 -1
v 17 18 -1
v 19 16 -1
v 19 18 -1
v 23 16 -1
v 23 18 -1
v 25 8 -1
v 25 9 -1
v 26 8 -1
v 26 9 -1
v 26 10 -1
v 27 9 -1
v 27 10 -1
v 27 11 -1
v 27 16 -1
v 27 18 -1
v 28 10 -1
v 28 11 -1
v 28 12 -1
v 29 11 -1
v 29 12 -1
v 29 13 -1
v 29 16 -1
v 30 12 -1
v 30 13 -1
v 30 14 -1
v 30 19 -1
v 30 20 -1
v 31 13 -1
v 31 14 -1
v 31 15 -1
v 31 16 -1
v 31 18 -1
v 31 19 -1
v 31 20 -1
v 31 21 -1
v 32 14 -1
v 32 15 -1
v 32 19 -1
v 32 21 -1
v 33 16 -1
v 33 18 -1
v -32 2 -2
v -32 4 -2
v -32 7 -2
v -31 1 -2
v -31 2 -2
v -31 4 -2
v -31 6 -2
v -31 7 -2
v -31 8 -2
v -30 0 -2
v -30 1 -2
v -30 2 -2
v -30 7 -2
v -30 8 -2
v -30 9 -2
v -29 0 -2
v -29 1 -2
v -29 8 -2
v -29 9 -2
v -29 10 -2
v -28 9 -2
v -28 10 -2
v -28 11 -2
v -27 0 -2
v -27 1 -2
v -27 2 -2
v -27 10 -2
v -27 11 -2
v -27 12 -2
v -26 1 -2
v -26 2 -2
v -26 3 -2
v -26 11 -2
v -26 12 -2
v -26 13 -2
v -25 2 -2
v -25 3 -2
v -25 4 -2
v -25 12 -2
v -25 13 -2
v -24 3 -2
v -24 4 -2
v -24 5 -2
v -23 4 -2
v -23 5 -2
v -23 6 -2
v -23 13 -2
v -23 14 -2
v -22 5 -2
v -22 6 -2
v -22 7 -2
v -22 13 -2
v -22 14 -2
v -22 15 -2
v -21 6 -2
v -21 7 -2
v -21 8 -2
v -21 14 -2
v -21 15 -2
v -20 7 -2
v -20 8 -2
v -20 9 -2
v -19 8 -2
v -19 9 -2
v -19 15 -2
v -19 16 -2
v -18 15 -2
v -18 16 -2
v -18 17 -2
v -17 16 -2
v -17 17 -2
v -16 17 -2
v -16 18 -2
v -15 17 -2
v -15 18 -2
v -15 19 -2
v -14 17 -2
v -14 18 -2
v -14 19 -2
v -14 20 -2
v -13 19 -2
v -13 20 -2
v -13 21 -2
v -13 22 -2
v -11 21 -2
v -11 22 -2
v -9 21 -2
v -9 22 -2
v -7 21 -2
v -7 22 -2
v -5 21 -2
v -5 22 -2
v -4 10 -2
v -4 12 -2
v -3 10 -2
v -3 11 -2
v -3 12 -2
v -3 15 -2
v -3 16 -2
v -3 18 -2
v -3 19 -2
v -1 11 -2
v -1 12 -2
v -1 18 -2
v -1 19 -2
v 1 12 -2
v 1 18 -2
v 1 19 -2
v 3 11 -2
v 3 12 -2
v 3 15 -2
v 3 16 -2
v 3 18 -2
v 3 19 -2
v 5 10 -2
v 5 11 -2
v 5 12 -2
v 5 15 -2
v 5 16 -2
v 5 18 -2
v 5 19 -2
v 6 9 -2
v 6 10 -2
v 6 11 -2
v 7 8 -2
v 7 9 -2
v 7 10 -2
v 7 15 -2
v 7 16 -2
v 9 15 -2
v 9 16 -2
v 11 15 -2
v 11 16 -2
v 11 18 -2
v 11 19 -2
v 15 18 -2
v 15 19 -2
v 17 18 -2
v 17 19 -2
v 23 15 -2
v 23 16 -2
v 23 18 -2
v 23 19 -2
v 25 8 -2
v 25 9 -2
v 25 10 -2
v 26 9 -2
v 26 10 -2
v 26 11 -2
v 27 10 -2
v 27 11 -2
v 27 12 -2
v 27 15 -2
v 27 16 -2
v 27 18 -2
v 27 19 -2
v 28 11 -2
v 28 12 -2
v 28 13 -2
v 29 12 -2
v 29 13 -2
v 29 14 -2
v 29 15 -2
v 29 16 -2
v 30 13 -2
v 30 14 -2
v 31 15 -2
v 31 16 -2
v 31 18 -2
v 31 19 -2
v 33 15 -2
v 33 16 -2
v 33 18 -2
v 33 19 -2
v -31 2 -3
v -31 4 -3
v -31 6 -3
v -31 7 -3
v -30 1 -3
v -30 2 -3
v -30 7 -3
v -30 8 -3
v -29 1 -3
v -29 2 -3
v -29 4 -3
v -29 6 -3
v -29 8 -3
v -29 9 -3
v -28 9 -3
v -28 10 -3
v -27 1 -3
v -27 2 -3
v -27 4 -3
v -27 6 -3
v -27 8 -3
v -27 10 -3
v -27 11 -3
v -26 2 -3
v -26 3 -3
v -26 11 -3
v -26 12 -3
v -25 3 -3
v -25 4 -3
v -25 6 -3
v -25 8 -3
v -25 10 -3
v -25 12 -3
v -25 13 -3
v -24 4 -3
v -24 5 -3
v -23 5 -3
v -23 6 -3
v -23 8 -3
v -23 10 -3
v -23 12 -3
v -23 13 -3
v -22 6 -3
v -22 7 -3
v -22 13 -3
v -22 14 -3
v -21 7 -3
v -21 8 -3
v -21 10 -3
v -21 12 -3
v -21 14 -3
v -21 15 -3
v -20 8 -3
v -20 9 -3
v -19 9 -3
v -19 10 -3
v -19 12 -3
v -19 14 -3
v -19 15 -3
v -18 15 -3
v -18 16 -3
v -17 12 -3
v -17 14 -3
v -17 16 -3
v -17 17 -3
v -15 9 -3
v -15 10 -3
v -15 12 -3
v -15 14 -3
v -15 16 -3
v -15 17 -3
v -14 9 -3
v -14 10 -3
v -14 15 -3
v -14 16 -3
v -14 17 -3
v -13 12 -3
v -13 14 -3
v -13 15 -3
v -11 12 -3
v -11 14 -3
v -9 10 -3
v -9 14 -3
v -7 12 -3
v -7 14 -3
v -5 12 -3
v -5 14 -3
v -4 10 -3
v -4 12 -3
v -3 12 -3
v -3 14 -3
v -1 12 -3
v -1 14 -3
v 1 12 -3
v 1 14 -3
v 3 12 -3
v 3 14 -3
v 5 11 -3
v 5 12 -3
v 5 14 -3
v 6 10 -3
v 6 11 -3
v 7 9 -3
v 7 10 -3
v 7 12 -3
v 7 14 -3
v 9 12 -3
v 9 14 -3
v 11 10 -3
v 11 12 -3
v 11 14 -3
v 13 12 -3
v 13 14 -3
v 15 12 -3
v 15 14 -3
v 17 10 -3
v 17 12 -3
v 17 14 -3
v 19 12 -3
v 19 14 -3
v 21 12 -3
v 21 14 -3
v 23 10 -3
v 23 12 -3
v 23 14 -3
v 25 9 -3
v 25 10 -3
v 25 12 -3
v 25 14 -3
v 26 10 -3
v 26 11 -3
v 27 11 -3
v 27 12 -3
v 27 14 -3
v 28 12 -3
v 28 13 -3
v 29 13 -3
v 29 14 -3
v -14 15 -4
v -14 16 -4
v -14 18 -4
v -14 19 -4
v -13 14 -4
v -13 15 -4
v -13 16 -4
v -13 18 -4
v -13 19 -4
v -13 20 -4
v -13 22 -4
v -12 14 -4
v -12 15 -4
v -12 19 -4
v -12 20 -4
v -11 20 -4
v -11 22 -4
v -9 20 -4
v -9 22 -4
v -7 20 -4
v -7 22 -4
v -5 14 -4
v -5 15 -4
v -5 19 -4
v -5 20 -4
v -5 22 -4
v -1 19 -4
v -1 20 -4
v 1 19 -4
v 1 20 -4
v 3 14 -4
v 3 15 -4
v 3 19 -4
v 3 20 -4
v 5 14 -4
v 5 15 -4
v 5 19 -4
v 5 20 -4
v 7 14 -4
v 7 15 -4
v 9 14 -4
v 9 15 -4
v 11 14 -4
v 11 15 -4
v 11 19 -4
v 11 20 -4
v 15 19 -4
v 15 20 -4
v 17 19 -4
v 17 20 -4
v 23 14 -4
v 23 15 -4
v 23 19 -4
v 23 20 -4
v 27 14 -4
v 27 15 -4
v 27 19 -4
v 27 20 -4
v 29 14 -4
v 29 15 -4
v 30 20 -4
v 30 21 -4
v 31 14 -4
v 31 15 -4
v 31 19 -4
v 31 20 -4
v 31 21 -4
v 31 22 -4
v 32 20 -4
v 32 22 -4
v 33 14 -4
v 33 15 -4
v 33 19 -4
v 33 20 -4
v -14 16 -5
v -14 18 -5
v -13 15 -5
v -13 16 -5
v -13 18 -5
v -13 19 -5
v -12 14 -5
v -12 15 -5
v -12 16 -5
v -12 18 -5
v -12 19 -5
v -12 20 -5
v -11 14 -5
v -11 15 -5
v -11 19 -5
v -11 20 -5
v -9 14 -5
v -9 15 -5
v -9 19 -5
v -9 20 -5
v -7 14 -5
v -7 15 -5
v -7 19 -5
v -7 20 -5
v -5 14 -5
v -5 15 -5
v -5 16 -5
v -5 18 -5
v -5 19 -5
v -5 20 -5
v -3 16 -5
v -3 18 -5
v -1 16 -5
v -1 18 -5
v -1 19 -5
v 1 16 -5
v 1 18 -5
v 1 19 -5
v 3 15 -5
v 3 16 -5
v 3 18 -5
v 3 19 -5
v 5 15 -5
v 5 16 -5
v 5 18 -5
v 5 19 -5
v 7 15 -5
v 7 16 -5
v 9 15 -5
v 9 16 -5
v 11 15 -5
v 11 16 -5
v 11 18 -5
v 11 19 -5
v 15 18 -5
v 15 19 -5
v 17 18 -5
v 17 19 -5
v 19 16 -5
v 19 18 -5
v 23 15 -5
v 23 16 -5
v 23 18 -5
v 23 19 -5
v 27 15 -5
v 27 16 -5
v 27 18 -5
v 27 19 -5
v 29 15 -5
v 29 16 -5
v 31 15 -5
v 31 16 -5
v 31 18 -5
v 31 19 -5
v 33 15 -5
v 33 16 -5
v 33 18 -5
v 33 19 -5
v -13 16 -6
v -13 18 -6
v -12 15 -6
v -12 16 -6
v -12 18 -6
v -12 19 -6
v -11 15 -6
v -11 16 -6
v -11 18 -6
v -11 19 -6
v -9 15 -6
v -9 16 -6
v -9 18 -6
v -9 19 -6
v -7 15 -6
v -7 16 -6
v -7 18 -6
v -7 19 -6
v -5 15 -6
v -5 16 -6
v -5 18 -6
v -5 19 -6
v -3 16 -6
v -3 18 -6
v -1 16 -6
v -1 18 -6
v 1 16 -6
v 1 18 -6
v 3 16 -6
v 3 18 -6
v 19 16 -6
v 19 18 -6
v 27 16 -6
v 27 18 -6
v 31 16 -6
v 31 18 -6
v 33 16 -6
v 33 18 -6
v -30 0 2
v -29 0 2
v -27 0 2
v -31 0 1
v -30 0 1
v -27 0 1
v -26 0 1
v -31 0 -1
v -30 0 -1
v -27 0 -1
v -26 0 -1
v -30 0 -2
v -29 0 -2
v -27 0 -2
v -30 1 3
v -29 1 3
v -27 1 3
v -31 1 2
v -30 1 2
v -29 1 2
v -27 1 2
v -26 1 2
v -32 1 1
v -31 1 1
v -30 1 1
v -27 1 1
v -26 1 1
v -25 1 1
v -32 1 -1
v -31 1 -1
v -30 1 -1
v -27 1 -1
v -26 1 -1
v -25 1 -1
v -31 1 -2
v -30 1 -2
v -29 1 -2
v -27 1 -2
v -26 1 -2
v -30 1 -3
v -29 1 -3
v -27 1 -3
v -31 2 3
v -30 2 3
v -27 2 3
v -26 2 3
v -32 2 2
v -31 2 2
v -30 2 2
v -27 2 2
v -26 2 2
v -25 2 2
v -33 2 1
v -32 2 1
v -31 2 1
v -26 2 1
v -25 2 1
v -24 2 1
v -33 2 -1
v -32 2 -1
v -31 2 -1
v -26 2 -1
v -25 2 -1
v -24 2 -1
v -32 2 -2
v -31 2 -2
v -30 2 -2
v -27 2 -2
v -26 2 -2
v -25 2 -2
v -31 2 -3
v -30 2 -3
v -27 2 -3
v -26 2 -3
v -26 3 3
v -25 3 3
v -26 3 2
v -25 3 2
v -24 3 2
v -25 3 1
v -24 3 1
v -23 3 1
v -25 3 -1
v -24 3 -1
v -23 3 -1
v -26 3 -2
v -25 3 -2
v -24 3 -2
v -26 3 -3
v -25 3 -3
v -25 4 3
v -24 4 3
v -25 4 2
v -24 4 2
v -23 4 2
v -24 4 1
v -23 4 1
v -22 4 1
v -12 4 1
v -11 4 1
v -8 4 1
v -24 4 -1
v -23 4 -1
v -22 4 -1
v -12 4 -1
v -11 4 -1
v -8 4 -1
v -25 4 -2
v -24 4 -2
v -23 4 -2
v -25 4 -3
v -24 4 -3
v -24 5 3
v -23 5 3
v -24 5 2
v -23 5 2
v -22 5 2
v -23 5 1
v -22 5 1
v -21 5 1
v -13 5 1
v -12 5 1
v -8 5 1
v -7 5 1
v -23 5 -1
v -22 5 -1
v -21 5 -1
v -13 5 -1
v -12 5 -1
v -8 5 -1
v -7 5 -1
v -24 5 -2
v -23 5 -2
v -22 5 -2
v -24 5 -3
v -23 5 -3
v -23 6 3
v -22 6 3
v -23 6 2
v -22 6 2
v -21 6 2
v -22 6 1
v -21 6 1
v -20 6 1
v -14 6 1
v -13 6 1
v -7 6 1
v -6 6 1
v -22 6 -1
v -21 6 -1
v -20 6 -1
v -14 6 -1
v -13 6 -1
v -7 6 -1
v -6 6 -1
v -23 6 -2
v -22 6 -2
v -21 6 -2
v -23 6 -3
v -22 6 -3
v -22 7 3
v -21 7 3
v -22 7 2
v -21 7 2
v -20 7 2
v -21 7 1
v -20 7 1
v -19 7 1
v -15 7 1
v -14 7 1
v -11 7 1
v -10 7 1
v -6 7 1
v -5 7 1
v -21 7 -1
v -20 7 -1
v -19 7 -1
v -15 7 -1
v -14 7 -1
v -11 7 -1
v -10 7 -1
v -6 7 -1
v -5 7 -1
v -22 7 -2
v -21 7 -2
v -20 7 -2
v -22 7 -3
v -21 7 -3
v -21 8 3
v -20 8 3
v -21 8 2
v -20 8 2
v -19 8 2
v 7 8 2
v 25 8 2
v -20 8 1
v -19 8 1
v -15 8 1
v -12 8 1
v -11 8 1
v -5 8 1
v -4 8 1
v 6 8 1
v 7 8 1
v 25 8 1
v 26 8 1
v -20 8 -1
v -19 8 -1
v -15 8 -1
v -12 8 -1
v -11 8 -1
v -5 8 -1
v -4 8 -1
v 6 8 -1
v 7 8 -1
v 25 8 -1
v 26 8 -1
v -21 8 -2
v -20 8 -2
v -19 8 -2
v 7 8 -2
v 25 8 -2
v -21 8 -3
v -20 8 -3
v -20 9 3
v -19 9 3
v -15 9 3
v -14 9 3
v 7 9 3
v 25 9 3
v -20 9 2
v -19 9 2
v 6 9 2
v 7 9 2
v 25 9 2
v 26 9 2
v -19 9 1
v -15 9 1
v -14 9 1
v -13 9 1
v -12 9 1
v -4 9 1
v -3 9 1
v 5 9 1
v 6 9 1
v 7 9 1
v 25 9 1
v 26 9 1
v 27 9 1
v -19 9 -1
v -15 9 -1
v -14 9 -1
v -13 9 -1
v -12 9 -1
v -4 9 -1
v -3 9 -1
v 5 9 -1
v 6 9 -1
v 7 9 -1
v 25 9 -1
v 26 9 -1
v 27 9 -1
v -20 9 -2
v -19 9 -2
v 6 9 -2
v 7 9 -2
v 25 9 -2
v 26 9 -2
v -20 9 -3
v -19 9 -3
v -15 9 -3
v -14 9 -3
v 7 9 -3
v 25 9 -3
v -14 10 3
v -9 10 3
v -4 10 3
v 6 10 3
v 7 10 3
v 25 10 3
v 26 10 3
v -4 10 2
v -3 10 2
v 5 10 2
v 6 10 2
v 7 10 2
v 25 10 2
v 26 10 2
v 27 10 2
v -14 10 1
v -11 10 1
v -7 10 1
v -5 10 1
v -3 10 1
v -1 10 1
v 3 10 1
v 5 10 1
v 6 10 1
v 26 10 1
v 27 10 1
v 28 10 1
v -14 10 -1
v -11 10 -1
v -7 10 -1
v -5 10 -1
v -3 10 -1
v -1 10 -1
v 3 10 -1
v 5 10 -1
v 6 10 -1
v 26 10 -1
v 27 10 -1
v 28 10 -1
v -4 10 -2
v -3 10 -2
v 5 10 -2
v 6 10 -2
v 7 10 -2
v 25 10 -2
v 26 10 -2
v 27 10 -2
v -14 10 -3
v -9 10 -3
v -4 10 -3
v 6 10 -3
v 7 10 -3
v 25 10 -3
v 26 10 -3
v 5 11 3
v 6 11 3
v 26 11 3
v 27 11 3
v -3 11 2
v -1 11 2
v 3 11 2
v 5 11 2
v 6 11 2
v 26 11 2
v 27 11 2
v 28 11 2
v -3 11 1
v -1 11 1
v 3 11 1
v 5 11 1
v 27 11 1
v 28 11 1
v 29 11 1
v -3 11 -1
v -1 11 -1
v 3 11 -1
v 5 11 -1
v 27 11 -1
v 28 11 -1
v 29 11 -1
v -3 11 -2
v -1 11 -2
v 3 11 -2
v 5 11 -2
v 6 11 -2
v 26 11 -2
v 27 11 -2
v 28 11 -2
v 5 11 -3
v 6 11 -3
v 26 11 -3
v 27 11 -3
v -4 12 3
v -3 12 3
v -1 12 3
v 1 12 3
v 3 12 3
v 5 12 3
v 27 12 3
v 28 12 3
v -4 12 2
v -3 12 2
v -1 12 2
v 1 12 2
v 3 12 2
v 5 12 2
v 27 12 2
v 28 12 2
v 29 12 2
v 28 12 1
v 29 12 1
v 30 12 1
v 28 12 -1
v 29 12 -1
v 30 12 -1
v -4 12 -2
v -3 12 -2
v -1 12 -2
v 1 12 -2
v 3 12 -2
v 5 12 -2
v 27 12 -2
v 28 12 -2
v 29 12 -2
v -4 12 -3
v -3 12 -3
v -1 12 -3
v 1 12 -3
v 3 12 -3
v 5 12 -3
v 27 12 -3
v 28 12 -3
v 28 13 3
v 29 13 3
v 28 13 2
v 29 13 2
v 30 13 2
v 29 13 1
v 30 13 1
v 31 13 1
v 29 13 -1
v 30 13 -1
v 31 13 -1
v 28 13 -2
v 29 13 -2
v 30 13 -2
v 28 13 -3
v 29 13 -3
v -12 14 5
v -11 14 5
v -9 14 5
v -7 14 5
v -5 14 5
v -13 14 4
v -12 14 4
v -5 14 4
v 3 14 4
v 5 14 4
v 7 14 4
v 9 14 4
v 11 14 4
v 23 14 4
v 27 14 4
v 29 14 4
v 31 14 4
v 33 14 4
v -13 14 3
v -11 14 3
v -9 14 3
v -7 14 3
v -5 14 3
v -3 14 3
v -1 14 3
v 1 14 3
v 3 14 3
v 5 14 3
v 7 14 3
v 9 14 3
v 11 14 3
v 13 14 3
v 15 14 3
v 17 14 3
v 19 14 3
v 21 14 3
v 23 14 3
v 25 14 3
v 27 14 3
v 29 14 3
v 29 14 2
v 30 14 2
v 31 14 2
v 33 14 2
v 30 14 1
v 31 14 1
v 32 14 1
v 30 14 -1
v 31 14 -1
v 32 14 -1
v 29 14 -2
v 30 14 -2
v 31 14 -2
v 33 14 -2
v -13 14 -3
v -11 14 -3
v -9 14 -3
v -7 14 -3
v -5 14 -3
v -3 14 -3
v -1 14 -3
v 1 14 -3
v 3 14 -3
v 5 14 -3
v 7 14 -3
v 9 14 -3
v 11 14 -3
v 13 14 -3
v 15 14 -3
v 17 14 -3
v 19 14 -3
v 21 14 -3
v 23 14 -3
v 25 14 -3
v 27 14 -3
v 29 14 -3
v -13 14 -4
v -12 14 -4
v -5 14 -4
v 3 14 -4
v 5 14 -4
v 7 14 -4
v 9 14 -4
v 11 14 -4
v 23 14 -4
v 27 14 -4
v 29 14 -4
v 31 14 -4
v 33 14 -4
v -12 14 -5
v -11 14 -5
v -9 14 -5
v -7 14 -5
v -5 14 -5
v -12 15 6
v -11 15 6
v -9 15 6
v -7 15 6
v -5 15 6
v -13 15 5
v -12 15 5
v -11 15 5
v -9 15 5
v -7 15 5
v -5 15 5
v 3 15 5
v 5 15 5
v 7 15 5
v 9 15 5
v 11 15 5
v 23 15 5
v 27 15 5
v 29 15 5
v 31 15 5
v 33 15 5
v -14 15 4
v -13 15 4
v -12 15 4
v -5 15 4
v 3 15 4
v 5 15 4
v 7 15 4
v 9 15 4
v 11 15 4
v 23 15 4
v 27 15 4
v 29 15 4
v 31 15 4
v 33 15 4
v -14 15 3
v -13 15 3
v 31 15 2
v 33 15 2
v 31 15 1
v 32 15 1
v 33 15 1
v 31 15 -1
v 32 15 -1
v 33 15 -1
v 31 15 -2
v 33 15 -2
v -14 15 -3
v -13 15 -3
v -14 15 -4
v -13 15 -4
v -12 15 -4
v -5 15 -4
v 3 15 -4
v 5 15 -4
v 7 15 -4
v 9 15 -4
v 11 15 -4
v 23 15 -4
v 27 15 -4
v 29 15 -4
v 31 15 -4
v 33 15 -4
v -13 15 -5
v -12 15 -5
v -11 15 -5
v -9 15 -5
v -7 15 -5
v -5 15 -5
v 3 15 -5
v 5 15 -5
v 7 15 -5
v 9 15 -5
v 11 15 -5
v 23 15 -5
v 27 15 -5
v 29 15 -5
v 31 15 -5
v 33 15 -5
v -12 15 -6
v -11 15 -6
v -9 15 -6
v -7 15 -6
v -5 15 -6
v -13 16 6
v -12 16 6
v -5 16 6
v -3 16 6
v -1 16 6
v 1 16 6
v 3 16 6
v 19 16 6
v 27 16 6
v 31 16 6
v 33 16 6
v -14 16 5
v -13 16 5
v -12 16 5
v -5 16 5
v -3 16 5
v -1 16 5
v 1 16 5
v 3 16 5
v 5 16 5
v 7 16 5
v 9 16 5
v 11 16 5
v 19 16 5
v 23 16 5
v 27 16 5
v 29 16 5
v 31 16 5
v 33 16 5
v -14 16 4
v -13 16 4
v 32 16 1
v 33 16 1
v 32 16 -1
v 33 16 -1
v -14 16 -4
v -13 16 -4
v -14 16 -5
v -13 16 -5
v -12 16 -5
v -5 16 -5
v -3 16 -5
v -1 16 -5
v 1 16 -5
v 3 16 -5
v 5 16 -5
v 7 16 -5
v 9 16 -5
v 11 16 -5
v 19 16 -5
v 23 16 -5
v 27 16 -5
v 29 16 -5
v 31 16 -5
v 33 16 -5
v -13 16 -6
v -12 16 -6
v -5 16 -6
v -3 16 -6
v -1 16 -6
v 1 16 -6
v 3 16 -6
v 19 16 -6
v 27 16 -6
v 31 16 -6
v 33 16 -6
v -12 18 5
v -11 18 5
v -9 18 5
v -7 18 5
v -5 18 5
v -3 18 5
v -1 18 5
v 1 18 5
v 3 18 5
v 5 18 5
v 11 18 5
v 15 18 5
v 17 18 5
v 19 18 5
v 23 18 5
v 27 18 5
v 31 18 5
v 33 18 5
v -11 18 4
v -9 18 4
v -7 18 4
v -5 18 4
v -1 18 4
v 1 18 4
v 3 18 4
v 5 18 4
v 11 18 4
v 15 18 4
v 17 18 4
v 23 18 4
v 27 18 4
v 31 18 4
v 33 18 4
v -12 18 3
v -11 18 3
v -5 18 2
v -1 18 2
v 1 18 2
v 3 18 2
v 5 18 2
v 11 18 2
v 15 18 2
v 17 18 2
v 23 18 2
v 27 18 2
v 31 18 2
v 33 18 2
v -5 18 1
v -3 18 1
v -1 18 1
v 1 18 1
v 3 18 1
v 5 18 1
v 11 18 1
v 15 18 1
v 17 18 1
v 19 18 1
v 23 18 1
v 27 18 1
v 31 18 1
v 33 18 1
v -3 18 -1
v -1 18 -1
v 1 18 -1
v 3 18 -1
v 5 18 -1
v 11 18 -1
v 15 18 -1
v 17 18 -1
v 19 18 -1
v 23 18 -1
v 27 18 -1
v 31 18 -1
v 33 18 -1
v -3 18 -2
v -1 18 -2
v 1 18 -2
v 3 18 -2
v 5 18 -2
v 11 18 -2
v 15 18 -2
v 17 18 -2
v 23 18 -2
v 27 18 -2
v 31 18 -2
v 33 18 -2
v -3 18 -4
v -1 18 -4
v 1 18 -4
v 3 18 -4
v 5 18 -4
v 11 18 -4
v 15 18 -4
v 17 18 -4
v 23 18 -4
v 27 18 -4
v 31 18 -4
v 33 18 -4
v -3 18 -5
v -1 18 -5
v 1 18 -5
v 3 18 -5
v 5 18 -5
v 11 18 -5
v 15 18 -5
v 17 18 -5
v 19 18 -5
v 23 18 -5
v 27 18 -5
v 31 18 -5
v 33 18 -5
v -11 19 4
v -9 19 4
v -7 19 4
v -5 19 4
v -1 19 4
v 1 19 4
v 3 19 4
v 5 19 4
v 11 19 4
v 15 19 4
v 17 19 4
v 23 19 4
v 27 19 4
v 31 19 4
v 33 19 4
v -11 19 3
v -9 19 3
v -7 19 3
v -5 19 3
v -5 19 2
v -1 19 2
v 1 19 2
v 3 19 2
v 5 19 2
v 11 19 2
v 15 19 2
v 17 19 2
v 23 19 2
v 27 19 2
v 31 19 2
v 33 19 2
v -3 19 -2
v -1 19 -2
v 1 19 -2
v 3 19 -2
v 5 19 -2
v 11 19 -2
v 15 19 -2
v 17 19 -2
v 23 19 -2
v 27 19 -2
v 31 19 -2
v 33 19 -2
v -3 19 -4
v -1 19 -4
v 1 19 -4
v 3 19 -4
v 5 19 -4
v 11 19 -4
v 15 19 -4
v 17 19 -4
v 23 19 -4
v 27 19 -4
v 31 19 -4
v 33 19 -4
v -13 6 1
v -11 6 1
v -10 6 1
v -9 6 1
v -7 6 1
v -13 6 -1
v -11 6 -1
v -10 6 -1
v -9 6 -1
v -7 6 -1
v -31 7 3
v -30 7 3
v -32 7 2
v -31 7 2
v -30 7 2
v -33 7 1
v -32 7 1
v -31 7 1
v -33 7 -1
v -32 7 -1
v -31 7 -1
v -32 7 -2
v -31 7 -2
v -30 7 -2
v -31 7 -3
v -30 7 -3
v -30 8 3
v -29 8 3
v -31 8 2
v -30 8 2
v -29 8 2
v -32 8 1
v -31 8 1
v -30 8 1
v -10 8 1
v -9 8 1
v -32 8 -1
v -31 8 -1
v -30 8 -1
v -10 8 -1
v -9 8 -1
v -31 8 -2
v -30 8 -2
v -29 8 -2
v -30 8 -3
v -29 8 -3
v -29 9 3
v -28 9 3
v -30 9 2
v -29 9 2
v -28 9 2
v -31 9 1
v -30 9 1
v -29 9 1
v -11 9 1
v -10 9 1
v -31 9 -1
v -30 9 -1
v -29 9 -1
v -11 9 -1
v -10 9 -1
v -30 9 -2
v -29 9 -2
v -28 9 -2
v -29 9 -3
v -28 9 -3
v -28 10 3
v -27 10 3
v -29 10 2
v -28 10 2
v -27 10 2
v -30 10 1
v -29 10 1
v -28 10 1
v -30 10 -1
v -29 10 -1
v -28 10 -1
v -29 10 -2
v -28 10 -2
v -27 10 -2
v -28 10 -3
v -27 10 -3
v -27 11 3
v -26 11 3
v -28 11 2
v -27 11 2
v -26 11 2
v -29 11 1
v -28 11 1
v -27 11 1
v -29 11 -1
v -28 11 -1
v -27 11 -1
v -28 11 -2
v -27 11 -2
v -26 11 -2
v -27 11 -3
v -26 11 -3
v -26 12 3
v -25 12 3
v -27 12 2
v -26 12 2
v -25 12 2
v -28 12 1
v -27 12 1
v -26 12 1
v -28 12 -1
v -27 12 -1
v -26 12 -1
v -27 12 -2
v -26 12 -2
v -25 12 -2
v -26 12 -3
v -25 12 -3
v -25 13 3
v -23 13 3
v -22 13 3
v -26 13 2
v -25 13 2
v -23 13 2
v -22 13 2
v -27 13 1
v -26 13 1
v -25 13 1
v -23 13 1
v -27 13 -1
v -26 13 -1
v -25 13 -1
v -23 13 -1
v -26 13 -2
v -25 13 -2
v -23 13 -2
v -22 13 -2
v -25 13 -3
v -23 13 -3
v -22 13 -3
v -22 14 3
v -21 14 3
v -23 14 2
v -22 14 2
v -21 14 2
v -26 14 1
v -25 14 1
v -23 14 1
v -22 14 1
v -26 14 -1
v -25 14 -1
v -23 14 -1
v -22 14 -1
v -23 14 -2
v -22 14 -2
v -21 14 -2
v -22 14 -3
v -21 14 -3
v -11 15 4
v -9 15 4
v -7 15 4
v -5 15 4
v 3 15 4
v 5 15 4
v 7 15 4
v 9 15 4
v 11 15 4
v 23 15 4
v 27 15 4
v 29 15 4
v 31 15 4
v 33 15 4
v -21 15 3
v -19 15 3
v -18 15 3
v -11 15 3
v -9 15 3
v -7 15 3
v -5 15 3
v -22 15 2
v -21 15 2
v -19 15 2
v -18 15 2
v -5 15 2
v 3 15 2
v 5 15 2
v 7 15 2
v 9 15 2
v 11 15 2
v 23 15 2
v 27 15 2
v 29 15 2
v 31 15 2
v 33 15 2
v -23 15 1
v -22 15 1
v -19 15 1
v -23 15 -1
v -22 15 -1
v -19 15 -1
v -22 15 -2
v -21 15 -2
v -19 15 -2
v -18 15 -2
v -3 15 -2
v 3 15 -2
v 5 15 -2
v 7 15 -2
v 9 15 -2
v 11 15 -2
v 23 15 -2
v 27 15 -2
v 29 15 -2
v 31 15 -2
v 33 15 -2
v -21 15 -3
v -19 15 -3
v -18 15 -3
v -3 15 -4
v 3 15 -4
v 5 15 -4
v 7 15 -4
v 9 15 -4
v 11 15 -4
v 23 15 -4
v 27 15 -4
v 29 15 -4
v 31 15 -4
v 33 15 -4
v -12 16 5
v -11 16 5
v -9 16 5
v -7 16 5
v -5 16 5
v -3 16 5
v -1 16 5
v 1 16 5
v 3 16 5
v 5 16 5
v 7 16 5
v 9 16 5
v 11 16 5
v 19 16 5
v 23 16 5
v 27 16 5
v 29 16 5
v 31 16 5
v 33 16 5
v -11 16 4
v -9 16 4
v -7 16 4
v -5 16 4
v 3 16 4
v 5 16 4
v 7 16 4
v 9 16 4
v 11 16 4
v 23 16 4
v 27 16 4
v 29 16 4
v 31 16 4
v 33 16 4
v -18 16 3
v -17 16 3
v -12 16 3
v -11 16 3
v -19 16 2
v -18 16 2
v -17 16 2
v -5 16 2
v 3 16 2
v 5 16 2
v 7 16 2
v 9 16 2
v 11 16 2
v 23 16 2
v 27 16 2
v 29 16 2
v 31 16 2
v 33 16 2
v -22 16 1
v -19 16 1
v -18 16 1
v -5 16 1
v -3 16 1
v -1 16 1
v 1 16 1
v 3 16 1
v 5 16 1
v 7 16 1
v 9 16 1
v 11 16 1
v 19 16 1
v 23 16 1
v 27 16 1
v 29 16 1
v 31 16 1
v 33 16 1
v -22 16 -1
v -19 16 -1
v -18 16 -1
v -3 16 -1
v -1 16 -1
v 1 16 -1
v 3 16 -1
v 5 16 -1
v 7 16 -1
v 9 16 -1
v 11 16 -1
v 19 16 -1
v 23 16 -1
v 27 16 -1
v 29 16 -1
v 31 16 -1
v 33 16 -1
v -19 16 -2
v -18 16 -2
v -17 16 -2
v -3 16 -2
v 3 16 -2
v 5 16 -2
v 7 16 -2
v 9 16 -2
v 11 16 -2
v 23 16 -2
v 27 16 -2
v 29 16 -2
v 31 16 -2
v 33 16 -2
v -18 16 -3
v -17 16 -3
v -3 16 -4
v 3 16 -4
v 5 16 -4
v 7 16 -4
v 9 16 -4
v 11 16 -4
v 23 16 -4
v 27 16 -4
v 29 16 -4
v 31 16 -4
v 33 16 -4
v -3 16 -5
v -1 16 -5
v 1 16 -5
v 3 16 -5
v 5 16 -5
v 7 16 -5
v 9 16 -5
v 11 16 -5
v 19 16 -5
v 23 16 -5
v 27 16 -5
v 29 16 -5
v 31 16 -5
v 33 16 -5
v -17 17 3
v -15 17 3
v -14 17 3
v -18 17 2
v -17 17 2
v -16 17 2
v -15 17 2
v -14 17 2
v -19 17 1
v -18 17 1
v -16 17 1
v -19 17 -1
v -18 17 -1
v -16 17 -1
v -18 17 -2
v -17 17 -2
v -16 17 -2
v -15 17 -2
v -14 17 -2
v -17 17 -3
v -15 17 -3
v -14 17 -3
v -13 18 6
v -12 18 6
v -5 18 6
v -3 18 6
v -1 18 6
v 1 18 6
v 3 18 6
v 19 18 6
v 27 18 6
v 31 18 6
v 33 18 6
v -14 18 5
v -13 18 5
v -12 18 5
v -5 18 5
v -3 18 5
v -1 18 5
v 1 18 5
v 3 18 5
v 5 18 5
v 11 18 5
v 15 18 5
v 17 18 5
v 19 18 5
v 23 18 5
v 27 18 5
v 31 18 5
v 33 18 5
v -14 18 4
v -13 18 4
v -16 18 2
v -15 18 2
v -18 18 1
v -16 18 1
v -5 18 1
v -3 18 1
v -1 18 1
v 1 18 1
v 3 18 1
v 5 18 1
v 11 18 1
v 15 18 1
v 17 18 1
v 19 18 1
v 23 18 1
v 27 18 1
v 29 18 1
v 32 18 1
v 33 18 1
v -18 18 -1
v -16 18 -1
v -5 18 -1
v -3 18 -1
v -1 18 -1
v 1 18 -1
v 3 18 -1
v 5 18 -1
v 11 18 -1
v 15 18 -1
v 17 18 -1
v 19 18 -1
v 23 18 -1
v 27 18 -1
v 29 18 -1
v 32 18 -1
v 33 18 -1
v -16 18 -2
v -15 18 -2
v -14 18 -4
v -13 18 -4
v -14 18 -5
v -13 18 -5
v -12 18 -5
v -5 18 -5
v -3 18 -5
v -1 18 -5
v 1 18 -5
v 3 18 -5
v 5 18 -5
v 11 18 -5
v 15 18 -5
v 17 18 -5
v 19 18 -5
v 23 18 -5
v 27 18 -5
v 31 18 -5
v 33 18 -5
v -13 18 -6
v -12 18 -6
v -5 18 -6
v -3 18 -6
v -1 18 -6
v 1 18 -6
v 3 18 -6
v 19 18 -6
v 27 18 -6
v 31 18 -6
v 33 18 -6
v -12 19 6
v -11 19 6
v -9 19 6
v -7 19 6
v -5 19 6
v -13 19 5
v -12 19 5
v -11 19 5
v -9 19 5
v -7 19 5
v -5 19 5
v -1 19 5
v 1 19 5
v 3 19 5
v 5 19 5
v 11 19 5
v 15 19 5
v 17 19 5
v 23 19 5
v 27 19 5
v 31 19 5
v 33 19 5
v -14 19 4
v -13 19 4
v -12 19 4
v -5 19 4
v -1 19 4
v 1 19 4
v 3 19 4
v 5 19 4
v 11 19 4
v 15 19 4
v 17 19 4
v 23 19 4
v 27 19 4
v 31 19 4
v 33 19 4
v -14 19 3
v -13 19 3
v -15 19 2
v -14 19 2
v -13 19 2
v -5 19 2
v -1 19 2
v 1 19 2
v 3 19 2
v 5 19 2
v 11 19 2
v 15 19 2
v 17 19 2
v 23 19 2
v 27 19 2
v 31 19 2
v 33 19 2
v -5 19 1
v -1 19 1
v 1 19 1
v 3 19 1
v 5 19 1
v 11 19 1
v 15 19 1
v 17 19 1
v 23 19 1
v 27 19 1
v 29 19 1
v 30 19 1
v 31 19 1
v 32 19 1
v 33 19 1
v -5 19 -1
v -1 19 -1
v 1 19 -1
v 3 19 -1
v 5 19 -1
v 11 19 -1
v 15 19 -1
v 17 19 -1
v 23 19 -1
v 27 19 -1
v 29 19 -1
v 30 19 -1
v 31 19 -1
v 32 19 -1
v 33 19 -1
v -15 19 -2
v -14 19 -2
v -13 19 -2
v -5 19 -2
v -1 19 -2
v 1 19 -2
v 3 19 -2
v 5 19 -2
v 11 19 -2
v 15 19 -2
v 17 19 -2
v 23 19 -2
v 27 19 -2
v 31 19 -2
v 33 19 -2
v -14 19 -3
v -13 19 -3
v -14 19 -4
v -13 19 -4
v -12 19 -4
v -5 19 -4
v -1 19 -4
v 1 19 -4
v 3 19 -4
v 5 19 -4
v 11 19 -4
v 15 19 -4
v 17 19 -4
v 23 19 -4
v 27 19 -4
v 31 19 -4
v 33 19 -4
v -13 19 -5
v -12 19 -5
v -11 19 -5
v -9 19 -5
v -7 19 -5
v -5 19 -5
v -1 19 -5
v 1 19 -5
v 3 19 -5
v 5 19 -5
v 11 19 -5
v 15 19 -5
v 17 19 -5
v 23 19 -5
v 27 19 -5
v 31 19 -5
v 33 19 -5
v -12 19 -6
v -11 19 -6
v -9 19 -6
v -7 19 -6
v -5 19 -6
v -12 20 5
v -11 20 5
v -9 20 5
v -7 20 5
v -5 20 5
v -12 20 4
v -11 20 4
v -9 20 4
v -7 20 4
v -5 20 4
v -1 20 4
v 1 20 4
v 3 20 4
v 5 20 4
v 11 20 4
v 15 20 4
v 17 20 4
v 23 20 4
v 27 20 4
v 30 20 4
v 32 20 4
v 33 20 4
v -14 20 2
v -13 20 2
v -5 20 2
v -1 20 2
v 1 20 2
v 3 20 2
v 5 20 2
v 11 20 2
v 15 20 2
v 17 20 2
v 23 20 2
v 27 20 2
v 30 20 2
v 32 20 2
v 33 20 2
v -13 20 1
v -11 20 1
v -9 20 1
v -7 20 1
v -5 20 1
v 30 20 1
v 31 20 1
v -13 20 -1
v -11 20 -1
v -9 20 -1
v -7 20 -1
v -5 20 -1
v 30 20 -1
v 31 20 -1
v -14 20 -2
v -13 20 -2
v -5 20 -2
v -1 20 -2
v 1 20 -2
v 3 20 -2
v 5 20 -2
v 11 20 -2
v 15 20 -2
v 17 20 -2
v 23 20 -2
v 27 20 -2
v 30 20 -2
v 32 20 -2
v 33 20 -2
v -12 20 -4
v -11 20 -4
v -9 20 -4
v -7 20 -4
v -5 20 -4
v -1 20 -4
v 1 20 -4
v 3 20 -4
v 5 20 -4
v 11 20 -4
v 15 20 -4
v 17 20 -4
v 23 20 -4
v 27 20 -4
v 30 20 -4
v 32 20 -4
v 33 20 -4
v -12 20 -5
v -11 20 -5
v -9 20 -5
v -7 20 -5
v -5 20 -5
v 30 21 4
v 31 21 4
v -13 21 3
v -11 21 3
v -9 21 3
v -7 21 3
v -5 21 3
v -13 21 2
v -11 21 2
v -9 21 2
v -7 21 2
v -5 21 2
v 30 21 2
v 31 21 2
v 31 21 1
v 32 21 1
v 31 21 -1
v 32 21 -1
v -13 21 -2
v -11 21 -2
v -9 21 -2
v -7 21 -2
v -5 21 -2
v 30 21 -2
v 31 21 -2
v -13 21 -3
v -11 21 -3
v -9 21 -3
v -7 21 -3
v -5 21 -3
v 30 21 -4
v 31 21 -4
v -13 22 4
v -11 22 4
v -9 22 4
v -7 22 4
v -5 22 4
v 31 22 4
v 32 22 4
v -13 22 3
v -11 22 3
v -9 22 3
v -7 22 3
v -5 22 3
v -13 22 2
v -11 22 2
v -9 22 2
v -7 22 2
v -5 22 2
v 31 22 2
v 32 22 2
v -13 22 1
v -11 22 1
v -9 22 1
v -7 22 1
v -5 22 1
v -13 22 -1
v -11 22 -1
v -9 22 -1
v -7 22 -1
v -5 22 -1
v -13 22 -2
v -11 22 -2
v -9 22 -2
v -7 22 -2
v -5 22 -2
v 31 22 -2
v 32 22 -2
v -13 22 -3
v -11 22 -3
v -9 22 -3
v -7 22 -3
v -5 22 -3
v -13 22 -4
v -11 22 -4
v -9 22 -4
v -7 22 -4
v -5 22 -4
v 31 22 -4
v 32 22 -4

# faces
f 3/16/1 2/16/1 1/16/1
f 4/16/1 2/16/1 3/16/1
f 5/24/1 4/24/1 3/24/1
f 6/24/1 4/24/1 5/24/1
f 10/10/1 8/10/1 7/10/1
f 11/10/1 8/10/1 10/10/1
f 13/16/1 10/16/1 9/16/1
f 14/16/1 10/16/1 13/16/1
f 15/16/1 12/16/1 11/16/1
f 16/16/1 12/16/1 15/16/1
f 17/24/1 14/24/1 13/24/1
f 18/24/1 14/24/1 17/24/1
f 19/24/1 16/24/1 15/24/1
f 20/24/1 16/24/1 19/24/1
f 21/24/1 19/24/1 18/24/1
f 22/24/1 19/24/1 21/24/1
f 26/25/1 24/25/1 23/25/1
f 27/25/1 24/25/1 26/25/1
f 30/25/1 26/25/1 25/25/1
f 31/25/1 26/25/1 30/25/1
f 32/25/1 28/25/1 27/25/1
f 33/25/1 28/25/1 32/25/1
f 35/24/1 30/24/1 29/24/1
f 36/24/1 30/24/1 35/24/1
f 37/24/1 34/24/1 33/24/1
f 38/24/1 34/24/1 37/24/1
f 39/25/1 36/25/1 35/25/1
f 40/25/1 36/25/1 39/25/1
f 41/25/1 38/25/1 37/25/1
f 42/25/1 38/25/1 41/25/1
f 43/30/1 40/30/1 39/30/1
f 44/30/1 40/30/1 43/30/1
f 47/30/1 42/30/1 41/30/1
f 48/30/1 42/30/1 47/30/1
f 49/30/1 45/30/1 44/30/1
f 50/30/1 45/30/1 49/30/1
f 51/30/1 47/30/1 46/30/1
f 52/30/1 47/30/1 51/30/1
f 53/30/1 51/30/1 50/30/1
f 54/30/1 51/30/1 53/30/1
f 60/25/1 56/25/1 55/25/1
f 61/25/1 56/25/1 60/25/1
f 62/25/1 58/25/1 57/25/1
f 63/25/1 58/25/1 62/25/1
f 65/25/1 60/25/1 59/25/1
f 66/25/1 60/25/1 65/25/1
f 67/25/1 64/25/1 63/25/1
f 68/25/1 64/25/1 67/25/1
f 73/30/1 70/30/1 69/30/1
f 74/30/1 70/30/1 73/30/1
f 77/30/1 72/30/1 71/30/1
f 78/30/1 72/30/1 77/30/1
f 79/30/1 75/30/1 74/30/1
f 80/30/1 75/30/1 79/30/1
f 81/30/1 77/30/1 76/30/1
f 82/30/1 77/30/1 81/30/1
f 83/30/1 81/30/1 80/30/1
f 84/30/1 81/30/1 83/30/1
f 89/15/1 86/15/1 85/15/1
f 90/15/1 86/15/1 89/15/1
f 93/15/1 88/15/1 87/15/1
f 94/15/1 88/15/1 93/15/1
f 95/15/1 91/15/1 90/15/1
f 96/15/1 91/15/1 95/15/1
f 97/15/1 93/15/1 92/15/1
f 98/15/1 93/15/1 97/15/1
f 99/30/1 97/30/1 96/30/1
f 100/30/1 97/30/1 99/30/1
f 105/15/1 102/15/1 101/15/1
f 106/15/1 102/15/1 105/15/1
f 109/15/1 104/15/1 103/15/1
f 110/15/1 104/15/1 109/15/1
f 111/30/1 107/30/1 106/30/1
f 112/30/1 107/30/1 111/30/1
f 113/30/1 109/30/1 108/30/1
f 114/30/1 109/30/1 113/30/1
f 115/30/1 113/30/1 112/30/1
f 116/30/1 113/30/1 115/30/1
f 121/15/1 118/15/1 117/15/1
f 122/15/1 118/15/1 121/15/1
f 125/15/1 120/15/1 119/15/1
f 126/15/1 120/15/1 125/15/1
f 127/15/1 123/15/1 122/15/1
f 128/15/1 123/15/1 127/15/1
f 129/15/1 125/15/1 124/15/1
f 130/15/1 125/15/1 129/15/1
f 131/24/1 129/24/1 128/24/1
f 132/24/1 129/24/1 131/24/1
f 137/15/1 134/15/1 133/15/1
f 138/15/1 134/15/1 137/15/1
f 141/15/1 136/15/1 135/15/1
f 142/15/1 136/15/1 141/15/1
f 143/24/1 139/24/1 138/24/1
f 144/24/1 139/24/1 143/24/1
f 145/24/1 141/24/1 140/24/1
f 146/24/1 141/24/1 145/24/1
f 147/24/1 145/24/1 144/24/1
f 148/24/1 145/24/1 147/24/1
f 153/25/1 150/25/1 149/25/1
f 154/25/1 150/25/1 153/25/1
f 155/25/1 152/25/1 151/25/1
f 156/25/1 152/25/1 155/25/1
f 161/22/1 158/22/1 157/22/1
f 162/22/1 158/22/1 161/22/1
f 163/22/1 160/22/1 159/22/1
f 164/22/1 160/22/1 163/22/1
f 165/30/1 163/30/1 162/30/1
f 166/30/1 163/30/1 165/30/1
f 171/22/1 168/22/1 167/22/1
f 172/22/1 168/22/1 171/22/1
f 175/22/1 170/22/1 169/22/1
f 176/22/1 170/22/1 175/22/1
f 177/30/1 173/30/1 172/30/1
f 178/30/1 173/30/1 177/30/1
f 179/30/1 175/30/1 174/30/1
f 180/30/1 175/30/1 179/30/1
f 181/30/1 179/30/1 178/30/1
f 182/30/1 179/30/1 181/30/1
f 187/30/1 184/30/1 183/30/1
f 188/30/1 184/30/1 187/30/1
f 189/30/1 186/30/1 185/30/1
f 190/30/1 186/30/1 189/30/1
f 195/15/1 192/15/1 191/15/1
f 196/15/1 192/15/1 195/15/1
f 197/15/1 194/15/1 193/15/1
f 198/15/1 194/15/1 197/15/1
f 199/26/1 197/26/1 196/26/1
f 200/26/1 197/26/1 199/26/1
f 205/15/1 202/15/1 201/15/1
f 206/15/1 202/15/1 205/15/1
f 209/15/1 204/15/1 203/15/1
f 210/15/1 204/15/1 209/15/1
f 211/26/1 207/26/1 206/26/1
f 212/26/1 207/26/1 211/26/1
f 213/26/1 209/26/1 208/26/1
f 214/26/1 209/26/1 213/26/1
f 215/26/1 213/26/1 212/26/1
f 216/26/1 213/26/1 215/26/1
f 221/26/1 218/26/1 217/26/1
f 222/26/1 218/26/1 221/26/1
f 223/26/1 220/26/1 219/26/1
f 224/26/1 220/26/1 223/26/1
f 229/26/1 226/26/1 225/26/1
f 230/26/1 226/26/1 229/26/1
f 231/26/1 228/26/1 227/26/1
f 232/26/1 228/26/1 231/26/1
f 235/11/1 234/11/1 233/11/1
f 236/11/1 234/11/1 235/11/1
f 239/26/1 238/26/1 237/26/1
f 240/26/1 238/26/1 239/26/1
f 243/11/1 242/11/1 241/11/1
f 244/11/1 242/11/1 243/11/1
f 250/11/1 246/11/1 245/11/1
f 251/11/1 246/11/1 250/11/1
f 252/11/1 248/11/1 247/11/1
f 253/11/1 248/11/1 252/11/1
f 255/23/1 251/23/1 250/23/1
f 255/23/1 250/23/1 249/23/1
f 258/23/1 254/23/1 253/23/1
f 258/23/1 253/23/1 252/23/1
f 259/23/1 255/23/1 249/23/1
f 260/23/1 255/23/1 259/23/1
f 261/25/1 256/25/1 255/25/1
f 261/23/1 255/23/1 260/23/1
f 262/25/1 256/25/1 261/25/1
f 263/25/1 258/25/1 257/25/1
f 264/23/1 254/23/1 258/23/1
f 264/25/1 258/25/1 263/25/1
f 265/23/1 254/23/1 264/23/1
f 266/23/1 254/23/1 265/23/1
f 267/23/1 261/23/1 260/23/1
f 268/26/1 262/26/1 261/26/1
f 268/23/1 261/23/1 267/23/1
f 269/26/1 262/26/1 268/26/1
f 270/26/1 264/26/1 263/26/1
f 271/23/1 265/23/1 264/23/1
f 271/26/1 264/26/1 270/26/1
f 272/23/1 265/23/1 271/23/1
f 273/26/1 270/26/1 269/26/1
f 274/26/1 270/26/1 273/26/1
f 277/30/1 276/30/1 275/30/1
f 278/30/1 276/30/1 277/30/1
f 284/11/1 280/11/1 279/11/1
f 285/11/1 280/11/1 284/11/1
f 286/11/1 282/11/1 281/11/1
f 287/11/1 282/11/1 286/11/1
f 290/11/1 284/11/1 283/11/1
f 291/11/1 284/11/1 290/11/1
f 292/11/1 288/11/1 287/11/1
f 293/11/1 288/11/1 292/11/1
f 295/23/1 290/23/1 289/23/1
f 296/23/1 290/23/1 295/23/1
f 299/23/1 294/23/1 293/23/1
f 300/23/1 294/23/1 299/23/1
f 301/23/1 297/23/1 296/23/1
f 302/23/1 297/23/1 301/23/1
f 307/23/1 299/23/1 298/23/1
f 308/23/1 299/23/1 307/23/1
f 309/23/1 303/23/1 302/23/1
f 309/23/1 304/23/1 303/23/1
f 310/23/1 304/23/1 309/23/1
f 313/23/1 306/23/1 305/23/1
f 313/23/1 307/23/1 306/23/1
f 314/23/1 307/23/1 313/23/1
f 315/6/1 311/6/1 310/6/1
f 315/6/1 310/6/1 309/6/1
f 316/6/1 311/6/1 315/6/1
f 317/6/1 314/6/1 313/6/1
f 317/6/1 313/6/1 312/6/1
f 318/6/1 314/6/1 317/6/1
f 319/6/1 315/6/1 309/6/1
f 320/6/1 315/6/1 319/6/1
f 321/6/1 311/6/1 316/6/1
f 322/6/1 311/6/1 321/6/1
f 323/6/1 317/6/1 312/6/1
f 324/6/1 317/6/1 323/6/1
f 325/6/1 314/6/1 318/6/1
f 326/6/1 314/6/1 325/6/1
f 329/30/1 328/30/1 327/30/1
f 330/30/1 328/30/1 329/30/1
f 333/10/1 332/10/1 331/10/1
f 334/10/1 332/10/1 333/10/1
f 340/11/1 336/11/1 335/11/1
f 341/11/1 336/11/1 340/11/1
f 342/11/1 338/11/1 337/11/1
f 343/11/1 338/11/1 342/11/1
f 345/11/1 340/11/1 339/11/1
f 346/11/1 340/11/1 345/11/1
f 347/11/1 344/11/1 343/11/1
f 348/11/1 344/11/1 347/11/1
f 353/23/1 350/23/1 349/23/1
f 354/23/1 350/23/1 353/23/1
f 357/23/1 352/23/1 351/23/1
f 358/23/1 352/23/1 357/23/1
f 359/23/1 355/23/1 354/23/1
f 360/23/1 355/23/1 359/23/1
f 361/23/1 357/23/1 356/23/1
f 362/23/1 357/23/1 361/23/1
f 365/11/1 364/11/1 363/11/1
f 366/11/1 364/11/1 365/11/1
f 369/11/1 368/11/1 367/11/1
f 370/11/1 368/11/1 369/11/1
f 373/11/1 372/11/1 371/11/1
f 374/11/1 372/11/1 373/11/1
f 375/9/1 374/9/1 373/9/1
f 376/9/1 374/9/1 375/9/1
f 381/7/1 378/7/1 377/7/1
f 382/7/1 378/7/1 381/7/1
f 383/7/1 380/7/1 379/7/1
f 384/7/1 380/7/1 383/7/1
f 385/7/1 381/7/1 377/7/1
f 386/7/1 381/7/1 385/7/1
f 387/7/1 378/7/1 382/7/1
f 388/7/1 378/7/1 387/7/1
f 389/7/1 383/7/1 379/7/1
f 390/7/1 383/7/1 389/7/1
f 391/7/1 380/7/1 384/7/1
f 392/7/1 380/7/1 391/7/1
f 396/28/1 394/28/1 393/28/1
f 397/28/1 394/28/1 396/28/1
f 400/27/1 396/27/1 395/27/1
f 401/27/1 396/27/1 400/27/1
f 402/27/1 398/27/1 397/27/1
f 403/27/1 398/27/1 402/27/1
f 405/27/1 400/27/1 399/27/1
f 406/27/1 400/27/1 405/27/1
f 407/27/1 404/27/1 403/27/1
f 408/27/1 404/27/1 407/27/1
f 412/28/1 410/28/1 409/28/1
f 413/28/1 410/28/1 412/28/1
f 416/28/1 412/28/1 411/28/1
f 417/28/1 412/28/1 416/28/1
f 418/28/1 414/28/1 413/28/1
f 419/28/1 414/28/1 418/28/1
f 421/27/1 416/27/1 415/27/1
f 422/27/1 416/27/1 421/27/1
f 423/27/1 420/27/1 419/27/1
f 424/27/1 420/27/1 423/27/1
f 430/29/1 426/29/1 425/29/1
f 431/29/1 426/29/1 430/29/1
f 432/29/1 428/29/1 427/29/1
f 433/29/1 428/29/1 432/29/1
f 435/29/1 430/29/1 429/29/1
f 436/29/1 430/29/1 435/29/1
f 437/29/1 434/29/1 433/29/1
f 438/29/1 434/29/1 437/29/1
f 441/1/1 440/1/1 439/1/1
f 442/1/1 440/1/1 441/1/1
f 447/1/1 444/1/1 443/1/1
f 448/1/1 444/1/1 447/1/1
f 451/1/1 446/1/1 445/1/1
f 452/1/1 446/1/1 451/1/1
f 453/1/1 450/1/1 449/1/1
f 454/1/1 450/1/1 453/1/1
f 459/1/1 456/1/1 455/1/1
f 460/1/1 456/1/1 459/1/1
f 463/1/1 458/1/1 457/1/1
f 464/1/1 458/1/1 463/1/1
f 465/1/1 462/1/1 461/1/1
f 466/1/1 462/1/1 465/1/1
f 467/29/2 468/29/2 472/29/2
f 472/29/2 468/29/2 473/29/2
f 469/29/2 470/29/2 474/29/2
f 474/29/2 470/29/2 475/29/2
f 471/29/2 472/29/2 477/29/2
f 477/29/2 472/29/2 478/29/2
f 475/29/2 476/29/2 479/29/2
f 479/29/2 476/29/2 480/29/2
f 481/11/2 482/11/2 484/11/2
f 484/11/2 482/11/2 485/11/2
f 483/11/2 484/11/2 488/11/2
f 488/11/2 484/11/2 489/11/2
f 485/11/2 486/11/2 490/11/2
f 490/11/2 486/11/2 491/11/2
f 487/29/2 488/29/2 493/29/2
f 493/29/2 488/29/2 494/29/2
f 491/29/2 492/29/2 495/29/2
f 495/29/2 492/29/2 496/29/2
f 497/11/2 498/11/2 500/11/2
f 500/11/2 498/11/2 501/11/2
f 499/29/2 500/29/2 504/29/2
f 504/29/2 500/29/2 505/29/2
f 501/29/2 502/29/2 506/29/2
f 506/29/2 502/29/2 507/29/2
f 503/29/2 504/29/2 509/29/2
f 509/29/2 504/29/2 510/29/2
f 507/29/2 508/29/2 511/29/2
f 511/29/2 508/29/2 512/29/2
f 513/11/2 514/11/2 516/11/2
f 516/11/2 514/11/2 517/11/2
f 515/11/2 516/11/2 520/11/2
f 520/11/2 516/11/2 521/11/2
f 517/11/2 518/11/2 522/11/2
f 522/11/2 518/11/2 523/11/2
f 519/11/2 520/11/2 525/11/2
f 525/11/2 520/11/2 526/11/2
f 523/11/2 524/11/2 527/11/2
f 527/11/2 524/11/2 528/11/2
f 529/11/2 530/11/2 532/11/2
f 532/11/2 530/11/2 533/11/2
f 531/11/2 532/11/2 536/11/2
f 536/11/2 532/11/2 537/11/2
f 533/11/2 534/11/2 538/11/2
f 538/11/2 534/11/2 539/11/2
f 535/11/2 536/11/2 541/11/2
f 541/11/2 536/11/2 542/11/2
f 539/11/2 540/11/2 543/11/2
f 543/11/2 540/11/2 544/11/2
f 545/11/2 546/11/2 548/11/2
f 548/11/2 546/11/2 549/11/2
f 547/11/2 548/11/2 552/11/2
f 552/11/2 548/11/2 553/11/2
f 549/11/2 550/11/2 554/11/2
f 554/11/2 550/11/2 555/11/2
f 551/11/2 552/11/2 557/11/2
f 557/11/2 552/11/2 558/11/2
f 555/11/2 556/11/2 559/11/2
f 559/11/2 556/11/2 560/11/2
f 561/11/2 562/11/2 564/11/2
f 564/11/2 562/11/2 565/11/2
f 563/11/2 564/11/2 568/11/2
f 568/11/2 564/11/2 569/11/2
f 565/11/2 566/11/2 570/11/2
f 570/11/2 566/11/2 571/11/2
f 567/11/2 568/11/2 573/11/2
f 573/11/2 568/11/2 574/11/2
f 571/11/2 572/11/2 575/11/2
f 575/11/2 572/11/2 576/11/2
f 577/11/2 578/11/2 580/11/2
f 580/11/2 578/11/2 581/11/2
f 579/11/2 580/11/2 584/11/2
f 584/11/2 580/11/2 585/11/2
f 581/11/2 582/11/2 586/11/2
f 586/11/2 582/11/2 587/11/2
f 583/29/2 584/29/2 589/29/2
f 589/29/2 584/29/2 590/29/2
f 587/29/2 588/29/2 591/29/2
f 591/29/2 588/29/2 592/29/2
f 593/11/2 594/11/2 596/11/2
f 596/11/2 594/11/2 597/11/2
f 595/29/2 596/29/2 599/29/2
f 599/29/2 596/29/2 600/29/2
f 597/29/2 598/29/2 601/29/2
f 601/29/2 598/29/2 602/29/2
f 603/10/2 604/10/2 607/10/2
f 607/10/2 604/10/2 608/10/2
f 605/10/2 606/10/2 609/10/2
f 609/10/2 606/10/2 610/10/2
f 611/11/2 612/11/2 613/11/2
f 613/11/2 612/11/2 614/11/2
f 613/10/2 614/10/2 615/10/2
f 615/10/2 614/10/2 616/10/2
f 617/23/2 618/23/2 619/23/2
f 619/23/2 618/23/2 620/23/2
f 621/10/2 622/10/2 623/10/2
f 623/10/2 622/10/2 624/10/2
f 625/11/2 626/11/2 627/11/2
f 627/11/2 626/11/2 628/11/2
f 629/23/2 630/23/2 631/23/2
f 631/23/2 630/23/2 632/23/2
f 633/11/2 634/11/2 635/11/2
f 635/11/2 634/11/2 636/11/2
f 637/11/2 638/11/2 639/11/2
f 639/11/2 638/11/2 640/11/2
f 641/7/2 642/7/2 645/7/2
f 645/7/2 642/7/2 646/7/2
f 643/7/2 644/7/2 647/7/2
f 647/7/2 644/7/2 648/7/2
f 641/7/2 645/7/2 649/7/2
f 649/7/2 645/7/2 650/7/2
f 646/7/2 642/7/2 651/7/2
f 651/7/2 642/7/2 652/7/2
f 643/7/2 647/7/2 653/7/2
f 653/7/2 647/7/2 654/7/2
f 648/7/2 644/7/2 655/7/2
f 655/7/2 644/7/2 656/7/2
f 657/9/2 658/9/2 659/9/2
f 659/9/2 658/9/2 660/9/2
f 661/9/2 662/9/2 663/9/2
f 663/9/2 662/9/2 664/9/2
f 665/11/2 666/11/2 667/11/2
f 667/11/2 666/11/2 668/11/2
f 669/11/2 670/11/2 671/11/2
f 671/11/2 670/11/2 672/11/2
f 673/4/2 674/4/2 678/4/2
f 678/4/2 674/4/2 679/4/2
f 675/4/2 676/4/2 682/4/2
f 682/4/2 676/4/2 683/4/2
f 677/4/2 678/4/2 685/4/2
f 685/4/2 678/4/2 686/4/2
f 680/4/2 681/4/2 687/4/2
f 687/4/2 681/4/2 688/4/2
f 683/4/2 684/4/2 690/4/2
f 690/4/2 684/4/2 691/4/2
f 688/9/2 689/9/2 694/9/2
f 687/9/2 688/9/2 694/9/2
f 694/9/2 689/9/2 695/9/2
f 695/9/2 689/9/2 696/9/2
f 692/11/2 693/11/2 700/11/2
f 700/11/2 693/11/2 701/11/2
f 694/11/2 695/11/2 703/11/2
f 703/11/2 695/11/2 704/11/2
f 696/11/2 697/11/2 705/11/2
f 705/11/2 697/11/2 706/11/2
f 698/11/2 699/11/2 709/11/2
f 709/11/2 699/11/2 710/11/2
f 701/11/2 702/11/2 711/11/2
f 711/11/2 702/11/2 712/11/2
f 706/11/2 707/11/2 713/11/2
f 704/11/2 705/11/2 713/11/2
f 705/11/2 706/11/2 713/11/2
f 713/11/2 707/11/2 714/11/2
f 714/11/2 707/11/2 715/11/2
f 715/11/2 707/11/2 716/11/2
f 708/11/2 709/11/2 717/11/2
f 717/11/2 709/11/2 718/11/2
f 712/7/2 713/7/2 719/7/2
f 713/7/2 714/7/2 719/7/2
f 719/7/2 714/7/2 720/7/2
f 715/7/2 716/7/2 721/7/2
f 716/7/2 717/7/2 721/7/2
f 721/7/2 717/7/2 722/7/2
f 712/7/2 719/7/2 723/7/2
f 723/7/2 719/7/2 724/7/2
f 720/7/2 714/7/2 725/7/2
f 725/7/2 714/7/2 726/7/2
f 715/7/2 721/7/2 727/7/2
f 727/7/2 721/7/2 728/7/2
f 722/7/2 717/7/2 729/7/2
f 729/7/2 717/7/2 730/7/2
f 731/10/2 732/10/2 733/10/2
f 733/10/2 732/10/2 734/10/2
f 735/10/2 736/10/2 739/10/2
f 739/10/2 736/10/2 740/10/2
f 737/10/2 738/10/2 741/10/2
f 741/10/2 738/10/2 742/10/2
f 743/10/2 744/10/2 746/10/2
f 746/10/2 744/10/2 747/10/2
f 745/10/2 746/10/2 749/10/2
f 749/10/2 746/10/2 750/10/2
f 747/10/2 748/10/2 751/10/2
f 751/10/2 748/10/2 752/10/2
f 753/13/2 754/13/2 756/13/2
f 756/13/2 754/13/2 757/13/2
f 755/13/2 756/13/2 759/13/2
f 757/13/2 758/13/2 759/13/2
f 756/13/2 757/13/2 759/13/2
f 759/13/2 758/13/2 760/13/2
f 760/13/2 758/13/2 761/13/2
f 761/13/2 758/13/2 762/13/2
f 760/13/2 761/13/2 763/13/2
f 763/13/2 761/13/2 764/13/2
f 765/29/2 766/29/2 770/29/2
f 770/29/2 766/29/2 771/29/2
f 767/29/2 768/29/2 772/29/2
f 772/29/2 768/29/2 773/29/2
f 769/29/2 770/29/2 775/29/2
f 775/29/2 770/29/2 776/29/2
f 773/29/2 774/29/2 777/29/2
f 777/29/2 774/29/2 778/29/2
f 779/29/2 780/29/2 782/29/2
f 782/29/2 780/29/2 783/29/2
f 781/29/2 782/29/2 786/29/2
f 786/29/2 782/29/2 787/29/2
f 783/29/2 784/29/2 788/29/2
f 788/29/2 784/29/2 789/29/2
f 785/30/2 786/30/2 791/30/2
f 791/30/2 786/30/2 792/30/2
f 789/30/2 790/30/2 793/30/2
f 793/30/2 790/30/2 794/30/2
f 795/29/2 796/29/2 798/29/2
f 798/29/2 796/29/2 799/29/2
f 797/30/2 798/30/2 802/30/2
f 802/30/2 798/30/2 803/30/2
f 799/30/2 800/30/2 804/30/2
f 804/30/2 800/30/2 805/30/2
f 801/30/2 802/30/2 807/30/2
f 807/30/2 802/30/2 808/30/2
f 805/30/2 806/30/2 809/30/2
f 809/30/2 806/30/2 810/30/2
f 811/25/2 812/25/2 814/25/2
f 814/25/2 812/25/2 815/25/2
f 813/25/2 814/25/2 818/25/2
f 818/25/2 814/25/2 819/25/2
f 815/25/2 816/25/2 820/25/2
f 820/25/2 816/25/2 821/25/2
f 817/24/2 818/24/2 823/24/2
f 823/24/2 818/24/2 824/24/2
f 821/24/2 822/24/2 825/24/2
f 825/24/2 822/24/2 826/24/2
f 827/25/2 828/25/2 830/25/2
f 830/25/2 828/25/2 831/25/2
f 829/24/2 830/24/2 834/24/2
f 834/24/2 830/24/2 835/24/2
f 831/24/2 832/24/2 836/24/2
f 836/24/2 832/24/2 837/24/2
f 833/24/2 834/24/2 839/24/2
f 839/24/2 834/24/2 840/24/2
f 837/24/2 838/24/2 841/24/2
f 841/24/2 838/24/2 842/24/2
f 843/26/2 844/26/2 846/26/2
f 846/26/2 844/26/2 847/26/2
f 845/26/2 846/26/2 849/26/2
f 849/26/2 846/26/2 850/26/2
f 847/26/2 848/26/2 851/26/2
f 851/26/2 848/26/2 852/26/2
f 853/26/2 854/26/2 856/26/2
f 856/26/2 854/26/2 857/26/2
f 855/27/2 856/27/2 859/27/2
f 859/27/2 856/27/2 860/27/2
f 857/27/2 858/27/2 861/27/2
f 861/27/2 858/27/2 862/27/2
f 863/11/2 864/11/2 865/11/2
f 865/11/2 864/11/2 866/11/2
f 865/11/2 866/11/2 867/11/2
f 867/11/2 866/11/2 868/11/2
f 869/1/2 870/1/2 871/1/2
f 871/1/2 870/1/2 872/1/2
f 871/1/2 872/1/2 877/1/2
f 877/1/2 872/1/2 878/1/2
f 873/1/2 874/1/2 879/1/2
f 879/1/2 874/1/2 880/1/2
f 875/1/2 876/1/2 881/1/2
f 881/1/2 876/1/2 882/1/2
f 883/11/2 884/11/2 888/11/2
f 888/11/2 884/11/2 889/11/2
f 885/11/2 886/11/2 892/11/2
f 892/11/2 886/11/2 893/11/2
f 887/11/2 888/11/2 896/11/2
f 896/11/2 888/11/2 897/11/2
f 889/11/2 890/11/2 898/11/2
f 898/11/2 890/11/2 899/11/2
f 891/11/2 892/11/2 900/11/2
f 900/11/2 892/11/2 901/11/2
f 893/11/2 894/11/2 902/11/2
f 902/11/2 894/11/2 903/11/2
f 895/7/2 896/7/2 905/7/2
f 905/7/2 896/7/2 906/7/2
f 899/7/2 900/7/2 909/7/2
f 909/7/2 900/7/2 910/7/2
f 903/7/2 904/7/2 913/7/2
f 913/7/2 904/7/2 914/7/2
f 906/2/2 907/2/2 915/2/2
f 915/2/2 907/2/2 916/2/2
f 908/2/2 909/2/2 917/2/2
f 917/2/2 909/2/2 918/2/2
f 910/2/2 911/2/2 919/2/2
f 919/2/2 911/2/2 920/2/2
f 912/2/2 913/2/2 921/2/2
f 921/2/2 913/2/2 922/2/2
f 916/2/2 917/2/2 923/2/2
f 923/2/2 917/2/2 924/2/2
f 920/2/2 921/2/2 925/2/2
f 925/2/2 921/2/2 926/2/2
f 930/23/3 928/23/3 927/23/3
f 931/23/3 928/23/3 930/23/3
f 933/11/3 930/11/3 929/11/3
f 934/23/3 932/23/3 931/23/3
f 934/11/3 930/11/3 933/11/3
f 934/23/3 931/23/3 930/23/3
f 935/23/3 932/23/3 934/23/3
f 936/23/3 932/23/3 935/23/3
f 937/9/3 934/9/3 933/9/3
f 938/5/3 935/5/3 934/5/3
f 938/9/3 934/9/3 937/9/3
f 939/10/3 936/10/3 935/10/3
f 939/5/3 935/5/3 938/5/3
f 940/10/3 936/10/3 939/10/3
f 941/10/3 938/10/3 937/10/3
f 942/5/3 939/5/3 938/5/3
f 942/10/3 938/10/3 941/10/3
f 943/7/3 940/7/3 939/7/3
f 943/5/3 939/5/3 942/5/3
f 944/7/3 940/7/3 943/7/3
f 945/4/3 942/4/3 941/4/3
f 946/9/3 943/9/3 942/9/3
f 946/4/3 942/4/3 945/4/3
f 947/11/3 944/11/3 943/11/3
f 947/9/3 943/9/3 946/9/3
f 948/11/3 944/11/3 947/11/3
f 949/30/3 947/30/3 946/30/3
f 950/30/3 947/30/3 949/30/3
f 951/9/3 950/9/3 949/9/3
f 952/9/3 950/9/3 951/9/3
f 953/8/3 952/8/3 951/8/3
f 954/8/3 952/8/3 953/8/3
f 955/9/3 954/9/3 953/9/3
f 956/9/3 954/9/3 955/9/3
f 957/10/3 956/10/3 955/10/3
f 958/10/3 956/10/3 957/10/3
f 959/9/3 958/9/3 957/9/3
f 960/9/3 958/9/3 959/9/3
f 961/10/3 960/10/3 959/10/3
f 962/10/3 960/10/3 961/10/3
f 963/7/3 962/7/3 961/7/3
f 964/7/3 962/7/3 963/7/3
f 968/23/3 966/23/3 965/23/3
f 969/23/3 966/23/3 968/23/3
f 972/11/3 968/11/3 967/11/3
f 973/11/3 968/11/3 972/11/3
f 974/23/3 970/23/3 969/23/3
f 975/23/3 970/23/3 974/23/3
f 977/11/3 972/11/3 971/11/3
f 978/11/3 972/11/3 977/11/3
f 979/23/3 976/23/3 975/23/3
f 980/23/3 976/23/3 979/23/3
f 981/9/3 978/9/3 977/9/3
f 982/9/3 978/9/3 981/9/3
f 983/10/3 980/10/3 979/10/3
f 984/10/3 980/10/3 983/10/3
f 985/10/3 982/10/3 981/10/3
f 986/10/3 982/10/3 985/10/3
f 987/7/3 984/7/3 983/7/3
f 988/7/3 984/7/3 987/7/3
f 989/4/3 986/4/3 985/4/3
f 990/4/3 986/4/3 989/4/3
f 993/11/3 988/11/3 987/11/3
f 994/11/3 988/11/3 993/11/3
f 995/11/3 991/11/3 990/11/3
f 996/4/3 993/4/3 992/4/3
f 997/11/3 995/11/3 990/11/3
f 998/4/3 993/4/3 996/4/3
f 999/4/3 993/4/3 998/4/3
f 1000/11/3 997/11/3 990/11/3
f 1001/2/3 999/2/3 998/2/3
f 1002/2/3 999/2/3 1001/2/3
f 1003/11/3 1000/11/3 990/11/3
f 1004/11/3 1000/11/3 1003/11/3
f 1005/4/3 1002/4/3 1001/4/3
f 1006/4/3 1002/4/3 1005/4/3
f 1007/25/3 1004/25/3 1003/25/3
f 1008/25/3 1004/25/3 1007/25/3
f 1009/3/3 1006/3/3 1005/3/3
f 1010/3/3 1006/3/3 1009/3/3
f 1011/12/3 1008/12/3 1007/12/3
f 1012/12/3 1008/12/3 1011/12/3
f 1013/20/3 1012/20/3 1011/20/3
f 1014/20/3 1012/20/3 1013/20/3
f 1015/19/3 1014/19/3 1013/19/3
f 1016/19/3 1014/19/3 1015/19/3
f 1017/2/3 1010/2/3 1009/2/3
f 1018/2/3 1010/2/3 1017/2/3
f 1019/5/3 1018/5/3 1017/5/3
f 1020/5/3 1018/5/3 1019/5/3
f 1021/4/3 1020/4/3 1019/4/3
f 1022/4/3 1020/4/3 1021/4/3
f 1023/12/3 1016/12/3 1015/12/3
f 1024/3/3 1022/3/3 1021/3/3
f 1025/12/3 1023/12/3 1015/12/3
f 1026/12/3 1023/12/3 1025/12/3
f 1027/3/3 1022/3/3 1024/3/3
f 1028/3/3 1022/3/3 1027/3/3
f 1029/15/3 1026/15/3 1025/15/3
f 1030/15/3 1026/15/3 1029/15/3
f 1031/2/3 1028/2/3 1027/2/3
f 1032/2/3 1028/2/3 1031/2/3
f 1033/16/3 1030/16/3 1029/16/3
f 1034/16/3 1030/16/3 1033/16/3
f 1035/27/3 1034/27/3 1033/27/3
f 1036/27/3 1034/27/3 1035/27/3
f 1037/1/3 1032/1/3 1031/1/3
f 1038/1/3 1032/1/3 1037/1/3
f 1039/11/3 1036/11/3 1035/11/3
f 1040/11/3 1036/11/3 1039/11/3
f 1041/2/3 1038/2/3 1037/2/3
f 1042/2/3 1038/2/3 1041/2/3
f 1048/11/3 1044/11/3 1043/11/3
f 1049/11/3 1044/11/3 1048/11/3
f 1050/23/3 1046/23/3 1045/23/3
f 1051/23/3 1046/23/3 1050/23/3
f 1054/11/3 1048/11/3 1047/11/3
f 1055/11/3 1048/11/3 1054/11/3
f 1056/23/3 1052/23/3 1051/23/3
f 1057/6/3 1053/6/3 1052/6/3
f 1057/23/3 1052/23/3 1056/23/3
f 1058/6/3 1053/6/3 1057/6/3
f 1059/6/3 1053/6/3 1058/6/3
f 1060/7/3 1059/7/3 1058/7/3
f 1061/7/3 1059/7/3 1060/7/3
f 1067/7/3 1063/7/3 1062/7/3
f 1068/7/3 1063/7/3 1067/7/3
f 1069/4/3 1067/4/3 1066/4/3
f 1070/4/3 1067/4/3 1069/4/3
f 1071/2/3 1070/2/3 1069/2/3
f 1072/2/3 1070/2/3 1071/2/3
f 1073/11/3 1065/11/3 1064/11/3
f 1074/11/3 1065/11/3 1073/11/3
f 1075/4/3 1072/4/3 1071/4/3
f 1076/4/3 1072/4/3 1075/4/3
f 1077/25/3 1074/25/3 1073/25/3
f 1078/25/3 1074/25/3 1077/25/3
f 1079/3/3 1076/3/3 1075/3/3
f 1080/3/3 1076/3/3 1079/3/3
f 1081/12/3 1078/12/3 1077/12/3
f 1082/12/3 1078/12/3 1081/12/3
f 1083/20/3 1082/20/3 1081/20/3
f 1084/20/3 1082/20/3 1083/20/3
f 1085/19/3 1084/19/3 1083/19/3
f 1086/19/3 1084/19/3 1085/19/3
f 1087/2/3 1080/2/3 1079/2/3
f 1088/2/3 1080/2/3 1087/2/3
f 1089/5/3 1088/5/3 1087/5/3
f 1090/5/3 1088/5/3 1089/5/3
f 1091/4/3 1090/4/3 1089/4/3
f 1092/4/3 1090/4/3 1091/4/3
f 1093/12/3 1086/12/3 1085/12/3
f 1094/12/3 1086/12/3 1093/12/3
f 1095/3/3 1092/3/3 1091/3/3
f 1096/3/3 1092/3/3 1095/3/3
f 1097/15/3 1094/15/3 1093/15/3
f 1098/15/3 1094/15/3 1097/15/3
f 1099/2/3 1096/2/3 1095/2/3
f 1100/2/3 1096/2/3 1099/2/3
f 1101/16/3 1098/16/3 1097/16/3
f 1102/16/3 1098/16/3 1101/16/3
f 1103/1/3 1100/1/3 1099/1/3
f 1105/27/3 1102/27/3 1101/27/3
f 1106/27/3 1102/27/3 1105/27/3
f 1107/1/3 1103/1/3 1099/1/3
f 1107/1/3 1104/1/3 1103/1/3
f 1108/1/3 1104/1/3 1107/1/3
f 1109/1/3 1104/1/3 1108/1/3
f 1111/2/3 1108/2/3 1107/2/3
f 1111/1/3 1110/1/3 1109/1/3
f 1111/1/3 1109/1/3 1108/1/3
f 1112/1/3 1110/1/3 1111/1/3
f 1113/11/3 1106/11/3 1105/11/3
f 1114/11/3 1106/11/3 1113/11/3
f 1115/2/3 1111/2/3 1107/2/3
f 1116/2/3 1111/2/3 1115/2/3
f 1122/24/3 1118/24/3 1117/24/3
f 1123/30/3 1120/30/3 1119/30/3
f 1125/25/3 1122/25/3 1121/25/3
f 1126/24/3 1118/24/3 1122/24/3
f 1126/25/3 1122/25/3 1125/25/3
f 1127/25/3 1119/25/3 1118/25/3
f 1127/24/3 1118/24/3 1126/24/3
f 1128/30/3 1124/30/3 1123/30/3
f 1128/25/3 1119/25/3 1127/25/3
f 1128/30/3 1123/30/3 1119/30/3
f 1129/30/3 1124/30/3 1128/30/3
f 1131/15/3 1130/15/3 1129/15/3
f 1133/29/3 1126/29/3 1125/29/3
f 1134/28/3 1127/28/3 1126/28/3
f 1134/29/3 1126/29/3 1133/29/3
f 1135/30/3 1128/30/3 1127/30/3
f 1135/28/3 1127/28/3 1134/28/3
f 1136/12/3 1129/12/3 1128/12/3
f 1136/30/3 1128/30/3 1135/30/3
f 1137/15/3 1132/15/3 1131/15/3
f 1137/12/3 1129/12/3 1136/12/3
f 1137/15/3 1131/15/3 1129/15/3
f 1138/15/3 1132/15/3 1137/15/3
f 1140/29/3 1136/29/3 1135/29/3
f 1140/29/3 1135/29/3 1134/29/3
f 1141/29/3 1136/29/3 1140/29/3
f 1142/15/3 1139/15/3 1138/15/3
f 1144/29/3 1136/29/3 1141/29/3
f 1145/29/3 1136/29/3 1144/29/3
f 1146/25/3 1137/25/3 1136/25/3
f 1146/29/3 1136/29/3 1145/29/3
f 1147/18/3 1138/18/3 1137/18/3
f 1147/25/3 1137/25/3 1146/25/3
f 1148/15/3 1143/15/3 1142/15/3
f 1148/18/3 1138/18/3 1147/18/3
f 1148/15/3 1142/15/3 1138/15/3
f 1149/15/3 1143/15/3 1148/15/3
f 1151/11/3 1146/11/3 1145/11/3
f 1152/11/3 1146/11/3 1151/11/3
f 1153/11/3 1146/11/3 1152/11/3
f 1154/28/3 1147/28/3 1146/28/3
f 1154/11/3 1146/11/3 1153/11/3
f 1155/15/3 1148/15/3 1147/15/3
f 1155/28/3 1147/28/3 1154/28/3
f 1156/17/3 1149/17/3 1148/17/3
f 1156/15/3 1148/15/3 1155/15/3
f 1157/25/3 1150/25/3 1149/25/3
f 1157/17/3 1149/17/3 1156/17/3
f 1158/25/3 1150/25/3 1157/25/3
f 1159/11/3 1155/11/3 1154/11/3
f 1160/11/3 1155/11/3 1159/11/3
f 1161/22/3 1158/22/3 1157/22/3
f 1163/11/3 1155/11/3 1160/11/3
f 1164/27/3 1156/27/3 1155/27/3
f 1164/11/3 1155/11/3 1163/11/3
f 1165/12/3 1157/12/3 1156/12/3
f 1165/27/3 1156/27/3 1164/27/3
f 1166/22/3 1161/22/3 1157/22/3
f 1166/12/3 1157/12/3 1165/12/3
f 1166/22/3 1162/22/3 1161/22/3
f 1167/22/3 1162/22/3 1166/22/3
f 1169/29/3 1165/29/3 1164/29/3
f 1170/29/3 1165/29/3 1169/29/3
f 1171/29/3 1165/29/3 1170/29/3
f 1172/30/3 1166/30/3 1165/30/3
f 1172/29/3 1165/29/3 1171/29/3
f 1173/21/3 1167/21/3 1166/21/3
f 1173/30/3 1166/30/3 1172/30/3
f 1174/30/3 1168/30/3 1167/30/3
f 1174/21/3 1167/21/3 1173/21/3
f 1175/30/3 1168/30/3 1174/30/3
f 1176/15/3 1174/15/3 1173/15/3
f 1176/15/3 1175/15/3 1174/15/3
f 1178/28/3 1173/28/3 1172/28/3
f 1178/15/3 1177/15/3 1176/15/3
f 1178/15/3 1176/15/3 1173/15/3
f 1179/15/3 1177/15/3 1178/15/3
f 1180/15/3 1177/15/3 1179/15/3
f 1182/11/3 1172/11/3 1171/11/3
f 1183/28/3 1178/28/3 1172/28/3
f 1183/11/3 1172/11/3 1182/11/3
f 1184/30/3 1179/30/3 1178/30/3
f 1184/28/3 1178/28/3 1183/28/3
f 1185/12/3 1180/12/3 1179/12/3
f 1185/30/3 1179/30/3 1184/30/3
f 1186/26/3 1181/26/3 1180/26/3
f 1186/12/3 1180/12/3 1185/12/3
f 1187/26/3 1181/26/3 1186/26/3
f 1188/10/3 1183/10/3 1182/10/3
f 1189/11/3 1184/11/3 1183/11/3
f 1189/10/3 1183/10/3 1188/10/3
f 1190/15/3 1186/15/3 1185/15/3
f 1191/25/3 1187/25/3 1186/25/3
f 1191/15/3 1186/15/3 1190/15/3
f 1192/25/3 1187/25/3 1191/25/3
f 1193/25/3 1185/25/3 1184/25/3
f 1193/11/3 1184/11/3 1189/11/3
f 1194/15/3 1190/15/3 1185/15/3
f 1194/25/3 1185/25/3 1193/25/3
f 1195/15/3 1190/15/3 1194/15/3
f 1198/10/3 1194/10/3 1193/10/3
f 1198/11/3 1193/11/3 1189/11/3
f 1199/10/3 1194/10/3 1198/10/3
f 1201/23/3 1197/23/3 1196/23/3
f 1202/23/3 1197/23/3 1201/23/3
f 1204/11/3 1199/11/3 1198/11/3
f 1204/11/3 1198/11/3 1189/11/3
f 1205/11/3 1199/11/3 1204/11/3
f 1206/9/3 1201/9/3 1200/9/3
f 1207/5/3 1202/5/3 1201/5/3
f 1207/9/3 1201/9/3 1206/9/3
f 1208/10/3 1203/10/3 1202/10/3
f 1208/5/3 1202/5/3 1207/5/3
f 1209/10/3 1203/10/3 1208/10/3
f 1210/10/3 1205/10/3 1204/10/3
f 1211/10/3 1205/10/3 1210/10/3
f 1212/10/3 1207/10/3 1206/10/3
f 1213/5/3 1208/5/3 1207/5/3
f 1213/10/3 1207/10/3 1212/10/3
f 1214/7/3 1209/7/3 1208/7/3
f 1214/5/3 1208/5/3 1213/5/3
f 1215/7/3 1209/7/3 1214/7/3
f 1216/6/3 1211/6/3 1210/6/3
f 1216/10/3 1210/10/3 1204/10/3
f 1217/6/3 1211/6/3 1216/6/3
f 1218/4/3 1213/4/3 1212/4/3
f 1219/9/3 1214/9/3 1213/9/3
f 1219/4/3 1213/4/3 1218/4/3
f 1220/11/3 1215/11/3 1214/11/3
f 1220/9/3 1214/9/3 1219/9/3
f 1221/11/3 1215/11/3 1220/11/3
f 1222/10/3 1216/10/3 1204/10/3
f 1223/4/3 1217/4/3 1216/4/3
f 1223/10/3 1216/10/3 1222/10/3
f 1224/4/3 1217/4/3 1223/4/3
f 1225/4/3 1217/4/3 1224/4/3
f 1226/14/3 1225/14/3 1224/14/3
f 1227/14/3 1225/14/3 1226/14/3
f 1228/6/3 1227/6/3 1226/6/3
f 1229/6/3 1227/6/3 1228/6/3
f 1230/11/3 1229/11/3 1228/11/3
f 1231/11/3 1229/11/3 1230/11/3
f 1233/30/3 1231/30/3 1230/30/3
f 1234/30/3 1231/30/3 1233/30/3
f 1236/27/3 1233/27/3 1232/27/3
f 1238/27/3 1236/27/3 1235/27/3
f 1239/16/3 1234/16/3 1233/16/3
f 1239/27/3 1233/27/3 1236/27/3
f 1239/27/3 1236/27/3 1238/27/3
f 1240/16/3 1234/16/3 1239/16/3
f 1241/24/3 1239/24/3 1238/24/3
f 1241/25/3 1240/25/3 1239/25/3
f 1242/25/3 1240/25/3 1241/25/3
f 1243/29/3 1238/29/3 1237/29/3
f 1243/24/3 1241/24/3 1238/24/3
f 1244/10/3 1242/10/3 1241/10/3
f 1244/24/3 1241/24/3 1243/24/3
f 1245/10/3 1242/10/3 1244/10/3
f 1246/26/3 1244/26/3 1243/26/3
f 1246/24/3 1245/24/3 1244/24/3
f 1247/24/3 1245/24/3 1246/24/3
f 1248/26/3 1246/26/3 1243/26/3
f 1248/26/3 1247/26/3 1246/26/3
f 1249/26/3 1247/26/3 1248/26/3
f 1250/29/3 1243/29/3 1237/29/3
f 1250/26/3 1248/26/3 1243/26/3
f 1251/27/3 1249/27/3 1248/27/3
f 1251/26/3 1248/26/3 1250/26/3
f 1252/27/3 1249/27/3 1251/27/3
f 1253/24/3 1251/24/3 1250/24/3
f 1253/30/3 1252/30/3 1251/30/3
f 1254/30/3 1252/30/3 1253/30/3
f 1255/24/3 1253/24/3 1250/24/3
f 1255/27/3 1254/27/3 1253/27/3
f 1256/27/3 1254/27/3 1255/27/3
f 1257/29/3 1250/29/3 1237/29/3
f 1257/24/3 1255/24/3 1250/24/3
f 1258/26/3 1256/26/3 1255/26/3
f 1258/24/3 1255/24/3 1257/24/3
f 1259/26/3 1256/26/3 1258/26/3
f 1260/29/3 1257/29/3 1237/29/3
f 1261/27/3 1258/27/3 1257/27/3
f 1261/29/3 1257/29/3 1260/29/3
f 1262/26/3 1259/26/3 1258/26/3
f 1262/27/3 1258/27/3 1261/27/3
f 1263/26/3 1259/26/3 1262/26/3
f 1264/30/3 1262/30/3 1261/30/3
f 1265/30/3 1262/30/3 1264/30/3
f 1266/30/3 1262/30/3 1265/30/3
f 1267/28/3 1263/28/3 1262/28/3
f 1267/30/3 1262/30/3 1266/30/3
f 1268/28/3 1263/28/3 1267/28/3
f 1269/24/3 1268/24/3 1267/24/3
f 1270/24/3 1268/24/3 1269/24/3
f 1271/24/3 1268/24/3 1270/24/3
f 1272/24/3 1268/24/3 1271/24/3
f 1277/16/3 1274/16/3 1273/16/3
f 1278/24/3 1275/24/3 1274/24/3
f 1278/16/3 1274/16/3 1277/16/3
f 1279/24/3 1275/24/3 1278/24/3
f 1280/24/3 1275/24/3 1279/24/3
f 1283/25/3 1277/25/3 1276/25/3
f 1284/25/3 1277/25/3 1283/25/3
f 1285/30/3 1281/30/3 1280/30/3
f 1286/30/3 1281/30/3 1285/30/3
f 1288/25/3 1283/25/3 1282/25/3
f 1289/25/3 1283/25/3 1288/25/3
f 1290/30/3 1287/30/3 1286/30/3
f 1291/30/3 1287/30/3 1290/30/3
f 1293/15/3 1292/15/3 1291/15/3
f 1294/15/3 1292/15/3 1293/15/3
f 1296/29/3 1289/29/3 1288/29/3
f 1297/29/3 1289/29/3 1296/29/3
f 1299/30/3 1295/30/3 1294/30/3
f 1300/30/3 1295/30/3 1299/30/3
f 1302/11/3 1298/11/3 1297/11/3
f 1303/11/3 1298/11/3 1302/11/3
f 1305/15/3 1301/15/3 1300/15/3
f 1306/15/3 1301/15/3 1305/15/3
f 1308/29/3 1304/29/3 1303/29/3
f 1309/29/3 1304/29/3 1308/29/3
f 1311/24/3 1307/24/3 1306/24/3
f 1312/24/3 1307/24/3 1311/24/3
f 1313/11/3 1310/11/3 1309/11/3
f 1314/11/3 1310/11/3 1313/11/3
f 1316/11/3 1315/11/3 1314/11/3
f 1317/11/3 1315/11/3 1316/11/3
f 1321/11/3 1318/11/3 1317/11/3
f 1322/11/3 1318/11/3 1321/11/3
f 1324/22/3 1320/22/3 1319/22/3
f 1325/22/3 1320/22/3 1324/22/3
f 1327/11/3 1323/11/3 1322/11/3
f 1328/11/3 1323/11/3 1327/11/3
f 1330/30/3 1326/30/3 1325/30/3
f 1331/30/3 1326/30/3 1330/30/3
f 1332/11/3 1329/11/3 1328/11/3
f 1333/11/3 1329/11/3 1332/11/3
f 1335/29/3 1334/29/3 1333/29/3
f 1336/29/3 1334/29/3 1335/29/3
f 1339/15/3 1338/15/3 1337/15/3
f 1340/15/3 1338/15/3 1339/15/3
f 1342/26/3 1341/26/3 1340/26/3
f 1343/26/3 1341/26/3 1342/26/3
f 1346/26/3 1345/26/3 1344/26/3
f 1347/26/3 1345/26/3 1346/26/3
f 1349/25/3 1347/25/3 1346/25/3
f 1350/26/3 1348/26/3 1347/26/3
f 1350/25/3 1347/25/3 1349/25/3
f 1351/26/3 1348/26/3 1350/26/3
f 1353/26/3 1352/26/3 1351/26/3
f 1354/26/3 1352/26/3 1353/26/3
f 1357/6/3 1356/6/3 1355/6/3
f 1358/6/3 1356/6/3 1357/6/3
f 1359/7/3 1358/7/3 1357/7/3
f 1360/7/3 1358/7/3 1359/7/3
f 1367/7/3 1362/7/3 1361/7/3
f 1368/7/3 1362/7/3 1367/7/3
f 1371/10/3 1370/10/3 1369/10/3
f 1372/10/3 1370/10/3 1371/10/3
f 1373/10/3 1370/10/3 1372/10/3
f 1374/10/3 1373/10/3 1372/10/3
f 1375/10/3 1373/10/3 1374/10/3
f 1376/4/3 1366/4/3 1365/4/3
f 1377/4/3 1366/4/3 1376/4/3
f 1378/11/3 1375/11/3 1374/11/3
f 1379/2/3 1377/2/3 1376/2/3
f 1380/2/3 1377/2/3 1379/2/3
f 1381/11/3 1378/11/3 1374/11/3
f 1382/11/3 1378/11/3 1381/11/3
f 1383/11/3 1364/11/3 1363/11/3
f 1384/11/3 1364/11/3 1383/11/3
f 1385/4/3 1380/4/3 1379/4/3
f 1386/4/3 1380/4/3 1385/4/3
f 1388/26/3 1382/26/3 1381/26/3
f 1389/26/3 1382/26/3 1388/26/3
f 1390/25/3 1384/25/3 1383/25/3
f 1391/25/3 1384/25/3 1390/25/3
f 1392/3/3 1386/3/3 1385/3/3
f 1393/3/3 1386/3/3 1392/3/3
f 1395/27/3 1388/27/3 1387/27/3
f 1396/27/3 1388/27/3 1395/27/3
f 1398/28/3 1395/28/3 1394/28/3
f 1399/28/3 1395/28/3 1398/28/3
f 1400/12/3 1391/12/3 1390/12/3
f 1401/12/3 1391/12/3 1400/12/3
f 1402/20/3 1401/20/3 1400/20/3
f 1403/20/3 1401/20/3 1402/20/3
f 1404/19/3 1403/19/3 1402/19/3
f 1405/19/3 1403/19/3 1404/19/3
f 1406/2/3 1393/2/3 1392/2/3
f 1407/2/3 1393/2/3 1406/2/3
f 1408/5/3 1407/5/3 1406/5/3
f 1409/5/3 1407/5/3 1408/5/3
f 1410/4/3 1409/4/3 1408/4/3
f 1411/4/3 1409/4/3 1410/4/3
f 1412/12/3 1405/12/3 1404/12/3
f 1413/12/3 1405/12/3 1412/12/3
f 1414/3/3 1411/3/3 1410/3/3
f 1415/3/3 1411/3/3 1414/3/3
f 1416/29/3 1398/29/3 1397/29/3
f 1417/29/3 1398/29/3 1416/29/3
f 1419/29/3 1418/29/3 1417/29/3
f 1420/29/3 1418/29/3 1419/29/3
f 1422/30/3 1421/30/3 1420/30/3
f 1423/30/3 1421/30/3 1422/30/3
f 1425/15/3 1413/15/3 1412/15/3
f 1426/15/3 1413/15/3 1425/15/3
f 1427/2/3 1415/2/3 1414/2/3
f 1428/2/3 1415/2/3 1427/2/3
f 1429/25/3 1424/25/3 1423/25/3
f 1430/25/3 1424/25/3 1429/25/3
f 1432/24/3 1431/24/3 1430/24/3
f 1433/24/3 1431/24/3 1432/24/3
f 1435/16/3 1426/16/3 1425/16/3
f 1436/16/3 1426/16/3 1435/16/3
f 1437/26/3 1434/26/3 1433/26/3
f 1438/26/3 1434/26/3 1437/26/3
f 1439/27/3 1436/27/3 1435/27/3
f 1440/27/3 1436/27/3 1439/27/3
f 1441/1/3 1428/1/3 1427/1/3
f 1442/1/3 1428/1/3 1441/1/3
f 1443/11/3 1440/11/3 1439/11/3
f 1444/11/3 1440/11/3 1443/11/3
f 1445/2/3 1442/2/3 1441/2/3
f 1446/2/3 1442/2/3 1445/2/3
f 1451/16/3 1448/16/3 1447/16/3
f 1452/24/3 1449/24/3 1448/24/3
f 1452/16/3 1448/16/3 1451/16/3
f 1453/24/3 1449/24/3 1452/24/3
f 1456/10/3 1451/10/3 1450/10/3
f 1457/10/3 1451/10/3 1456/10/3
f 1458/24/3 1454/24/3 1453/24/3
f 1459/24/3 1454/24/3 1458/24/3
f 1461/25/3 1456/25/3 1455/25/3
f 1462/25/3 1456/25/3 1461/25/3
f 1463/30/3 1460/30/3 1459/30/3
f 1464/30/3 1460/30/3 1463/30/3
f 1466/30/3 1465/30/3 1464/30/3
f 1467/30/3 1465/30/3 1466/30/3
f 1469/30/3 1468/30/3 1467/30/3
f 1470/30/3 1468/30/3 1469/30/3
f 1474/30/3 1471/30/3 1470/30/3
f 1475/30/3 1471/30/3 1474/30/3
f 1477/11/3 1473/11/3 1472/11/3
f 1478/11/3 1473/11/3 1477/11/3
f 1480/24/3 1476/24/3 1475/24/3
f 1481/24/3 1476/24/3 1480/24/3
f 1483/11/3 1479/11/3 1478/11/3
f 1484/11/3 1479/11/3 1483/11/3
f 1486/24/3 1482/24/3 1481/24/3
f 1487/24/3 1482/24/3 1486/24/3
f 1488/11/3 1485/11/3 1484/11/3
f 1489/11/3 1485/11/3 1488/11/3
f 1491/11/3 1490/11/3 1489/11/3
f 1492/11/3 1490/11/3 1491/11/3
f 1494/25/3 1487/25/3 1486/25/3
f 1495/25/3 1487/25/3 1494/25/3
f 1497/11/3 1493/11/3 1492/11/3
f 1498/11/3 1493/11/3 1497/11/3
f 1500/30/3 1496/30/3 1495/30/3
f 1501/30/3 1496/30/3 1500/30/3
f 1503/11/3 1499/11/3 1498/11/3
f 1504/11/3 1499/11/3 1503/11/3
f 1506/11/3 1505/11/3 1504/11/3
f 1507/11/3 1505/11/3 1506/11/3
f 1509/11/3 1508/11/3 1507/11/3
f 1510/11/3 1508/11/3 1509/11/3
f 1512/30/3 1502/30/3 1501/30/3
f 1513/30/3 1502/30/3 1512/30/3
f 1515/26/3 1514/26/3 1513/26/3
f 1516/26/3 1514/26/3 1515/26/3
f 1518/26/3 1517/26/3 1516/26/3
f 1519/26/3 1517/26/3 1518/26/3
f 1521/11/3 1511/11/3 1510/11/3
f 1522/11/3 1511/11/3 1521/11/3
f 1524/11/3 1521/11/3 1520/11/3
f 1525/10/3 1522/10/3 1521/10/3
f 1528/11/3 1524/11/3 1523/11/3
f 1529/10/3 1525/10/3 1521/10/3
f 1529/10/3 1526/10/3 1525/10/3
f 1529/11/3 1524/11/3 1528/11/3
f 1529/11/3 1521/11/3 1524/11/3
f 1530/10/3 1526/10/3 1529/10/3
f 1532/30/3 1528/30/3 1527/30/3
f 1534/10/3 1526/10/3 1530/10/3
f 1535/30/3 1532/30/3 1531/30/3
f 1536/30/3 1528/30/3 1532/30/3
f 1536/30/3 1532/30/3 1535/30/3
f 1538/10/3 1534/10/3 1533/10/3
f 1539/10/3 1526/10/3 1534/10/3
f 1539/10/3 1534/10/3 1538/10/3
f 1540/10/3 1526/10/3 1539/10/3
f 1541/9/3 1536/9/3 1535/9/3
f 1542/11/3 1538/11/3 1537/11/3
f 1542/11/3 1539/11/3 1538/11/3
f 1543/11/3 1539/11/3 1542/11/3
f 1544/11/3 1539/11/3 1543/11/3
f 1545/9/3 1541/9/3 1535/9/3
f 1545/11/3 1542/11/3 1541/11/3
f 1545/11/3 1543/11/3 1542/11/3
f 1546/11/3 1543/11/3 1545/11/3
f 1547/9/3 1545/9/3 1535/9/3
f 1548/9/3 1545/9/3 1547/9/3
f 1549/9/3 1545/9/3 1548/9/3
f 1550/9/3 1545/9/3 1549/9/3
f 1553/11/3 1551/11/3 1550/11/3
f 1554/11/3 1551/11/3 1553/11/3
f 1555/11/3 1551/11/3 1554/11/3
f 1556/9/3 1552/9/3 1551/9/3
f 1556/11/3 1551/11/3 1555/11/3
f 1557/9/3 1552/9/3 1556/9/3
f 1560/10/3 1557/10/3 1556/10/3
f 1561/10/3 1557/10/3 1560/10/3
f 1562/10/3 1557/10/3 1561/10/3
f 1563/10/3 1557/10/3 1562/10/3
f 1565/30/3 1559/30/3 1558/30/3
f 1566/30/3 1559/30/3 1565/30/3
f 1567/10/3 1564/10/3 1563/10/3
f 1568/10/3 1564/10/3 1567/10/3
f 1569/9/3 1566/9/3 1565/9/3
f 1570/9/3 1566/9/3 1569/9/3
f 1571/8/3 1570/8/3 1569/8/3
f 1572/8/3 1570/8/3 1571/8/3
f 1573/11/3 1568/11/3 1567/11/3
f 1574/11/3 1568/11/3 1573/11/3
f 1575/9/3 1572/9/3 1571/9/3
f 1576/9/3 1572/9/3 1575/9/3
f 1578/26/3 1574/26/3 1573/26/3
f 1579/26/3 1574/26/3 1578/26/3
f 1580/10/3 1576/10/3 1575/10/3
f 1581/10/3 1576/10/3 1580/10/3
f 1583/28/3 1578/28/3 1577/28/3
f 1584/28/3 1578/28/3 1583/28/3
f 1585/28/3 1583/28/3 1582/28/3
f 1586/28/3 1583/28/3 1585/28/3
f 1587/10/3 1581/10/3 1580/10/3
f 1588/10/3 1581/10/3 1587/10/3
f 1589/10/3 1581/10/3 1588/10/3
f 1590/10/3 1581/10/3 1589/10/3
f 1591/10/3 1590/10/3 1589/10/3
f 1592/10/3 1591/10/3 1589/10/3
f 1593/10/3 1592/10/3 1589/10/3
f 1594/10/3 1592/10/3 1593/10/3
f 1595/9/3 1594/9/3 1593/9/3
f 1596/9/3 1594/9/3 1595/9/3
f 1599/29/3 1598/29/3 1597/29/3
f 1600/29/3 1598/29/3 1599/29/3
f 1602/29/3 1601/29/3 1600/29/3
f 1603/29/3 1601/29/3 1602/29/3
f 1605/9/3 1596/9/3 1595/9/3
f 1606/9/3 1596/9/3 1605/9/3
f 1607/25/3 1604/25/3 1603/25/3
f 1608/25/3 1604/25/3 1607/25/3
f 1610/25/3 1609/25/3 1608/25/3
f 1611/25/3 1609/25/3 1610/25/3
f 1613/10/3 1606/10/3 1605/10/3
f 1614/26/3 1612/26/3 1611/26/3
f 1615/26/3 1612/26/3 1614/26/3
f 1619/26/3 1616/26/3 1615/26/3
f 1620/26/3 1616/26/3 1619/26/3
f 1622/10/3 1606/10/3 1613/10/3
f 1623/10/3 1606/10/3 1622/10/3
f 1624/1/3 1618/1/3 1617/1/3
f 1625/1/3 1618/1/3 1624/1/3
f 1627/11/3 1621/11/3 1620/11/3
f 1628/11/3 1621/11/3 1627/11/3
f 1629/1/3 1626/1/3 1625/1/3
f 1629/1/3 1625/1/3 1624/1/3
f 1630/1/3 1626/1/3 1629/1/3
f 1631/7/3 1623/7/3 1622/7/3
f 1632/7/3 1623/7/3 1631/7/3
f 1635/6/3 1634/6/3 1633/6/3
f 1636/6/3 1634/6/3 1635/6/3
f 1637/7/3 1636/7/3 1635/7/3
f 1638/7/3 1636/7/3 1637/7/3
f 1643/7/3 1640/7/3 1639/7/3
f 1644/7/3 1640/7/3 1643/7/3
f 1645/4/3 1642/4/3 1641/4/3
f 1646/4/3 1642/4/3 1645/4/3
f 1647/4/3 1642/4/3 1646/4/3
f 1648/2/3 1647/2/3 1646/2/3
f 1649/2/3 1647/2/3 1648/2/3
f 1650/4/3 1649/4/3 1648/4/3
f 1651/4/3 1649/4/3 1650/4/3
f 1652/3/3 1651/3/3 1650/3/3
f 1653/3/3 1651/3/3 1652/3/3
f 1654/2/3 1653/2/3 1652/2/3
f 1655/2/3 1653/2/3 1654/2/3
f 1656/5/3 1655/5/3 1654/5/3
f 1657/5/3 1655/5/3 1656/5/3
f 1658/4/3 1657/4/3 1656/4/3
f 1659/4/3 1657/4/3 1658/4/3
f 1660/3/3 1659/3/3 1658/3/3
f 1661/3/3 1659/3/3 1660/3/3
f 1662/3/3 1659/3/3 1661/3/3
f 1663/2/3 1662/2/3 1661/2/3
f 1664/2/3 1662/2/3 1663/2/3
f 1665/1/3 1664/1/3 1663/1/3
f 1666/1/3 1664/1/3 1665/1/3
f 1671/11/3 1668/11/3 1667/11/3
f 1672/11/3 1668/11/3 1671/11/3
f 1673/2/3 1670/2/3 1669/2/3
f 1674/2/3 1670/2/3 1673/2/3
f 1677/4/3 1676/4/3 1675/4/3
f 1678/4/3 1676/4/3 1677/4/3
f 1679/2/3 1678/2/3 1677/2/3
f 1680/2/3 1678/2/3 1679/2/3
f 1681/4/3 1680/4/3 1679/4/3
f 1682/4/3 1680/4/3 1681/4/3
f 1683/3/3 1682/3/3 1681/3/3
f 1684/3/3 1682/3/3 1683/3/3
f 1685/2/3 1684/2/3 1683/2/3
f 1686/2/3 1684/2/3 1685/2/3
f 1687/5/3 1686/5/3 1685/5/3
f 1688/5/3 1686/5/3 1687/5/3
f 1689/4/3 1688/4/3 1687/4/3
f 1690/4/3 1688/4/3 1689/4/3
f 1691/3/3 1690/3/3 1689/3/3
f 1692/3/3 1690/3/3 1691/3/3
f 1693/2/3 1692/2/3 1691/2/3
f 1694/2/3 1692/2/3 1693/2/3
f 1695/1/3 1694/1/3 1693/1/3
f 1699/1/3 1695/1/3 1693/1/3
f 1699/1/3 1696/1/3 1695/1/3
f 1700/1/3 1696/1/3 1699/1/3
f 1701/1/3 1696/1/3 1700/1/3
f 1703/2/3 1700/2/3 1699/2/3
f 1703/1/3 1702/1/3 1701/1/3
f 1703/1/3 1701/1/3 1700/1/3
f 1704/1/3 1702/1/3 1703/1/3
f 1705/11/3 1698/11/3 1697/11/3
f 1706/11/3 1698/11/3 1705/11/3
f 1707/2/3 1703/2/3 1699/2/3
f 1708/2/3 1703/2/3 1707/2/3
f 1711/6/3 1710/6/3 1709/6/3
f 1712/6/3 1710/6/3 1711/6/3
f 1713/7/3 1712/7/3 1711/7/3
f 1714/7/3 1712/7/3 1713/7/3
f 1717/7/3 1716/7/3 1715/7/3
f 1718/7/3 1716/7/3 1717/7/3
f 1723/4/3 1722/4/3 1721/4/3
f 1724/4/3 1722/4/3 1723/4/3
f 1725/2/3 1724/2/3 1723/2/3
f 1726/2/3 1724/2/3 1725/2/3
f 1727/11/3 1720/11/3 1719/11/3
f 1728/11/3 1720/11/3 1727/11/3
f 1729/4/3 1726/4/3 1725/4/3
f 1730/4/3 1726/4/3 1729/4/3
f 1731/25/3 1728/25/3 1727/25/3
f 1732/25/3 1728/25/3 1731/25/3
f 1733/3/3 1730/3/3 1729/3/3
f 1734/3/3 1730/3/3 1733/3/3
f 1735/12/3 1732/12/3 1731/12/3
f 1736/12/3 1732/12/3 1735/12/3
f 1737/20/3 1736/20/3 1735/20/3
f 1738/20/3 1736/20/3 1737/20/3
f 1739/19/3 1738/19/3 1737/19/3
f 1740/19/3 1738/19/3 1739/19/3
f 1741/2/3 1734/2/3 1733/2/3
f 1742/2/3 1734/2/3 1741/2/3
f 1743/5/3 1742/5/3 1741/5/3
f 1744/5/3 1742/5/3 1743/5/3
f 1745/4/3 1744/4/3 1743/4/3
f 1746/4/3 1744/4/3 1745/4/3
f 1747/12/3 1740/12/3 1739/12/3
f 1748/12/3 1740/12/3 1747/12/3
f 1749/3/3 1746/3/3 1745/3/3
f 1750/3/3 1746/3/3 1749/3/3
f 1751/15/3 1748/15/3 1747/15/3
f 1752/15/3 1748/15/3 1751/15/3
f 1753/2/3 1750/2/3 1749/2/3
f 1754/2/3 1750/2/3 1753/2/3
f 1755/16/3 1752/16/3 1751/16/3
f 1756/16/3 1752/16/3 1755/16/3
f 1757/27/3 1756/27/3 1755/27/3
f 1758/27/3 1756/27/3 1757/27/3
f 1759/1/3 1754/1/3 1753/1/3
f 1760/1/3 1754/1/3 1759/1/3
f 1761/11/3 1758/11/3 1757/11/3
f 1762/11/3 1758/11/3 1761/11/3
f 1763/2/3 1760/2/3 1759/2/3
f 1764/2/3 1760/2/3 1763/2/3
f 1767/9/3 1766/9/3 1765/9/3
f 1768/9/3 1766/9/3 1767/9/3
f 1769/8/3 1768/8/3 1767/8/3
f 1770/8/3 1768/8/3 1769/8/3
f 1771/9/3 1770/9/3 1769/9/3
f 1772/9/3 1770/9/3 1771/9/3
f 1773/10/3 1772/10/3 1771/10/3
f 1774/10/3 1772/10/3 1773/10/3
f 1775/10/3 1774/10/3 1773/10/3
f 1776/10/3 1774/10/3 1775/10/3
f 1777/10/3 1774/10/3 1776/10/3
f 1778/10/3 1774/10/3 1777/10/3
f 1779/10/3 1778/10/3 1777/10/3
f 1780/10/3 1779/10/3 1777/10/3
f 1781/10/3 1780/10/3 1777/10/3
f 1782/10/3 1780/10/3 1781/10/3
f 1783/9/3 1782/9/3 1781/9/3
f 1784/9/3 1782/9/3 1783/9/3
f 1785/9/3 1784/9/3 1783/9/3
f 1786/9/3 1784/9/3 1785/9/3
f 1787/10/3 1786/10/3 1785/10/3
f 1788/10/3 1786/10/3 1787/10/3
f 1789/10/3 1786/10/3 1788/10/3
f 1790/7/3 1789/7/3 1788/7/3
f 1791/7/3 1789/7/3 1790/7/3
f 1792/23/4 1793/23/4 1794/23/4
f 1794/23/4 1793/23/4 1795/23/4
f 1794/5/4 1795/5/4 1796/5/4
f 1796/5/4 1795/5/4 1797/5/4
f 1796/5/4 1797/5/4 1798/5/4
f 1798/5/4 1797/5/4 1799/5/4
f 1798/9/4 1799/9/4 1800/9/4
f 1800/9/4 1799/9/4 1801/9/4
f 1800/30/4 1801/30/4 1802/30/4
f 1802/30/4 1801/30/4 1803/30/4
f 1802/9/4 1803/9/4 1804/9/4
f 1804/9/4 1803/9/4 1805/9/4
f 1804/8/4 1805/8/4 1806/8/4
f 1806/8/4 1805/8/4 1807/8/4
f 1806/9/4 1807/9/4 1808/9/4
f 1808/9/4 1807/9/4 1809/9/4
f 1808/10/4 1809/10/4 1810/10/4
f 1810/10/4 1809/10/4 1811/10/4
f 1810/10/4 1811/10/4 1812/10/4
f 1812/10/4 1811/10/4 1813/10/4
f 1813/10/4 1811/10/4 1814/10/4
f 1814/10/4 1811/10/4 1815/10/4
f 1814/10/4 1815/10/4 1816/10/4
f 1814/10/4 1816/10/4 1817/10/4
f 1814/10/4 1817/10/4 1818/10/4
f 1818/10/4 1817/10/4 1819/10/4
f 1818/9/4 1819/9/4 1820/9/4
f 1820/9/4 1819/9/4 1821/9/4
f 1820/9/4 1821/9/4 1822/9/4
f 1822/9/4 1821/9/4 1823/9/4
f 1822/10/4 1823/10/4 1824/10/4
f 1824/10/4 1823/10/4 1825/10/4
f 1825/10/4 1823/10/4 1826/10/4
f 1825/7/4 1826/7/4 1827/7/4
f 1827/7/4 1826/7/4 1828/7/4
f 1829/9/4 1830/9/4 1833/9/4
f 1833/9/4 1830/9/4 1834/9/4
f 1831/10/4 1832/10/4 1835/10/4
f 1835/10/4 1832/10/4 1836/10/4
f 1833/10/4 1834/10/4 1837/10/4
f 1837/10/4 1834/10/4 1838/10/4
f 1835/7/4 1836/7/4 1839/7/4
f 1839/7/4 1836/7/4 1840/7/4
f 1837/4/4 1838/4/4 1841/4/4
f 1841/4/4 1838/4/4 1842/4/4
f 1839/11/4 1840/11/4 1843/11/4
f 1843/11/4 1840/11/4 1844/11/4
f 1843/4/4 1844/4/4 1845/4/4
f 1845/4/4 1844/4/4 1846/4/4
f 1845/2/4 1846/2/4 1847/2/4
f 1847/2/4 1846/2/4 1848/2/4
f 1841/11/4 1842/11/4 1849/11/4
f 1849/11/4 1842/11/4 1850/11/4
f 1847/4/4 1848/4/4 1851/4/4
f 1851/4/4 1848/4/4 1852/4/4
f 1849/25/4 1850/25/4 1853/25/4
f 1853/25/4 1850/25/4 1854/25/4
f 1851/3/4 1852/3/4 1855/3/4
f 1855/3/4 1852/3/4 1856/3/4
f 1853/12/4 1854/12/4 1857/12/4
f 1857/12/4 1854/12/4 1858/12/4
f 1857/20/4 1858/20/4 1859/20/4
f 1859/20/4 1858/20/4 1860/20/4
f 1859/19/4 1860/19/4 1861/19/4
f 1861/19/4 1860/19/4 1862/19/4
f 1855/2/4 1856/2/4 1863/2/4
f 1863/2/4 1856/2/4 1864/2/4
f 1863/5/4 1864/5/4 1865/5/4
f 1865/5/4 1864/5/4 1866/5/4
f 1865/4/4 1866/4/4 1867/4/4
f 1867/4/4 1866/4/4 1868/4/4
f 1861/12/4 1862/12/4 1869/12/4
f 1869/12/4 1862/12/4 1870/12/4
f 1867/3/4 1868/3/4 1871/3/4
f 1871/3/4 1868/3/4 1872/3/4
f 1869/15/4 1870/15/4 1873/15/4
f 1873/15/4 1870/15/4 1874/15/4
f 1871/2/4 1872/2/4 1875/2/4
f 1875/2/4 1872/2/4 1876/2/4
f 1873/16/4 1874/16/4 1877/16/4
f 1877/16/4 1874/16/4 1878/16/4
f 1877/27/4 1878/27/4 1879/27/4
f 1879/27/4 1878/27/4 1880/27/4
f 1875/1/4 1876/1/4 1881/1/4
f 1881/1/4 1876/1/4 1882/1/4
f 1879/11/4 1880/11/4 1883/11/4
f 1883/11/4 1880/11/4 1884/11/4
f 1881/2/4 1882/2/4 1885/2/4
f 1885/2/4 1882/2/4 1886/2/4
f 1887/6/4 1888/6/4 1889/6/4
f 1889/6/4 1888/6/4 1890/6/4
f 1889/7/4 1890/7/4 1891/7/4
f 1891/7/4 1890/7/4 1892/7/4
f 1893/7/4 1894/7/4 1895/7/4
f 1895/7/4 1894/7/4 1896/7/4
f 1897/4/4 1898/4/4 1899/4/4
f 1899/4/4 1898/4/4 1900/4/4
f 1899/2/4 1900/2/4 1901/2/4
f 1901/2/4 1900/2/4 1902/2/4
f 1901/4/4 1902/4/4 1903/4/4
f 1903/4/4 1902/4/4 1904/4/4
f 1903/3/4 1904/3/4 1905/3/4
f 1905/3/4 1904/3/4 1906/3/4
f 1905/2/4 1906/2/4 1907/2/4
f 1907/2/4 1906/2/4 1908/2/4
f 1907/5/4 1908/5/4 1909/5/4
f 1909/5/4 1908/5/4 1910/5/4
f 1909/4/4 1910/4/4 1911/4/4
f 1911/4/4 1910/4/4 1912/4/4
f 1911/3/4 1912/3/4 1913/3/4
f 1913/3/4 1912/3/4 1914/3/4
f 1913/2/4 1914/2/4 1915/2/4
f 1915/2/4 1914/2/4 1916/2/4
f 1915/1/4 1916/1/4 1917/1/4
f 1915/1/4 1917/1/4 1921/1/4
f 1917/1/4 1918/1/4 1921/1/4
f 1921/1/4 1918/1/4 1922/1/4
f 1922/1/4 1918/1/4 1923/1/4
f 1921/2/4 1922/2/4 1925/2/4
f 1923/1/4 1924/1/4 1925/1/4
f 1922/1/4 1923/1/4 1925/1/4
f 1925/1/4 1924/1/4 1926/1/4
f 1919/11/4 1920/11/4 1927/11/4
f 1927/11/4 1920/11/4 1928/11/4
f 1921/2/4 1925/2/4 1929/2/4
f 1929/2/4 1925/2/4 1930/2/4
f 1931/6/4 1932/6/4 1933/6/4
f 1933/6/4 1932/6/4 1934/6/4
f 1933/7/4 1934/7/4 1935/7/4
f 1935/7/4 1934/7/4 1936/7/4
f 1937/7/4 1938/7/4 1941/7/4
f 1941/7/4 1938/7/4 1942/7/4
f 1939/4/4 1940/4/4 1943/4/4
f 1943/4/4 1940/4/4 1944/4/4
f 1944/4/4 1940/4/4 1945/4/4
f 1944/2/4 1945/2/4 1946/2/4
f 1946/2/4 1945/2/4 1947/2/4
f 1946/4/4 1947/4/4 1948/4/4
f 1948/4/4 1947/4/4 1949/4/4
f 1948/3/4 1949/3/4 1950/3/4
f 1950/3/4 1949/3/4 1951/3/4
f 1950/2/4 1951/2/4 1952/2/4
f 1952/2/4 1951/2/4 1953/2/4
f 1952/5/4 1953/5/4 1954/5/4
f 1954/5/4 1953/5/4 1955/5/4
f 1954/4/4 1955/4/4 1956/4/4
f 1956/4/4 1955/4/4 1957/4/4
f 1956/3/4 1957/3/4 1958/3/4
f 1958/3/4 1957/3/4 1959/3/4
f 1959/3/4 1957/3/4 1960/3/4
f 1959/2/4 1960/2/4 1961/2/4
f 1961/2/4 1960/2/4 1962/2/4
f 1961/1/4 1962/1/4 1963/1/4
f 1963/1/4 1962/1/4 1964/1/4
f 1965/11/4 1966/11/4 1969/11/4
f 1969/11/4 1966/11/4 1970/11/4
f 1967/2/4 1968/2/4 1971/2/4
f 1971/2/4 1968/2/4 1972/2/4
f 1973/16/4 1974/16/4 1977/16/4
f 1974/24/4 1975/24/4 1978/24/4
f 1977/16/4 1974/16/4 1978/16/4
f 1978/24/4 1975/24/4 1979/24/4
f 1976/10/4 1977/10/4 1982/10/4
f 1982/10/4 1977/10/4 1983/10/4
f 1979/24/4 1980/24/4 1984/24/4
f 1984/24/4 1980/24/4 1985/24/4
f 1981/25/4 1982/25/4 1987/25/4
f 1987/25/4 1982/25/4 1988/25/4
f 1985/30/4 1986/30/4 1989/30/4
f 1989/30/4 1986/30/4 1990/30/4
f 1990/30/4 1991/30/4 1992/30/4
f 1992/30/4 1991/30/4 1993/30/4
f 1993/30/4 1994/30/4 1995/30/4
f 1995/30/4 1994/30/4 1996/30/4
f 1996/30/4 1997/30/4 2000/30/4
f 2000/30/4 1997/30/4 2001/30/4
f 1998/11/4 1999/11/4 2003/11/4
f 2003/11/4 1999/11/4 2004/11/4
f 2001/24/4 2002/24/4 2006/24/4
f 2006/24/4 2002/24/4 2007/24/4
f 2004/11/4 2005/11/4 2009/11/4
f 2009/11/4 2005/11/4 2010/11/4
f 2007/24/4 2008/24/4 2012/24/4
f 2012/24/4 2008/24/4 2013/24/4
f 2010/11/4 2011/11/4 2014/11/4
f 2014/11/4 2011/11/4 2015/11/4
f 2015/11/4 2016/11/4 2017/11/4
f 2017/11/4 2016/11/4 2018/11/4
f 2012/25/4 2013/25/4 2020/25/4
f 2020/25/4 2013/25/4 2021/25/4
f 2018/11/4 2019/11/4 2023/11/4
f 2023/11/4 2019/11/4 2024/11/4
f 2021/30/4 2022/30/4 2026/30/4
f 2026/30/4 2022/30/4 2027/30/4
f 2024/11/4 2025/11/4 2029/11/4
f 2029/11/4 2025/11/4 2030/11/4
f 2030/11/4 2031/11/4 2032/11/4
f 2032/11/4 2031/11/4 2033/11/4
f 2033/11/4 2034/11/4 2035/11/4
f 2035/11/4 2034/11/4 2036/11/4
f 2027/30/4 2028/30/4 2038/30/4
f 2038/30/4 2028/30/4 2039/30/4
f 2039/26/4 2040/26/4 2041/26/4
f 2041/26/4 2040/26/4 2042/26/4
f 2042/26/4 2043/26/4 2044/26/4
f 2044/26/4 2043/26/4 2045/26/4
f 2036/11/4 2037/11/4 2047/11/4
f 2047/11/4 2037/11/4 2048/11/4
f 2046/11/4 2047/11/4 2050/11/4
f 2047/10/4 2048/10/4 2051/10/4
f 2049/11/4 2050/11/4 2054/11/4
f 2047/10/4 2051/10/4 2055/10/4
f 2051/10/4 2052/10/4 2055/10/4
f 2054/11/4 2050/11/4 2055/11/4
f 2050/11/4 2047/11/4 2055/11/4
f 2055/10/4 2052/10/4 2056/10/4
f 2053/30/4 2054/30/4 2058/30/4
f 2056/10/4 2052/10/4 2060/10/4
f 2057/30/4 2058/30/4 2061/30/4
f 2058/30/4 2054/30/4 2062/30/4
f 2061/30/4 2058/30/4 2062/30/4
f 2059/10/4 2060/10/4 2064/10/4
f 2060/10/4 2052/10/4 2065/10/4
f 2064/10/4 2060/10/4 2065/10/4
f 2065/10/4 2052/10/4 2066/10/4
f 2061/9/4 2062/9/4 2067/9/4
f 2063/11/4 2064/11/4 2068/11/4
f 2064/11/4 2065/11/4 2068/11/4
f 2068/11/4 2065/11/4 2069/11/4
f 2069/11/4 2065/11/4 2070/11/4
f 2061/9/4 2067/9/4 2071/9/4
f 2067/11/4 2068/11/4 2071/11/4
f 2068/11/4 2069/11/4 2071/11/4
f 2071/11/4 2069/11/4 2072/11/4
f 2061/9/4 2071/9/4 2073/9/4
f 2073/9/4 2071/9/4 2074/9/4
f 2074/9/4 2071/9/4 2075/9/4
f 2075/9/4 2071/9/4 2076/9/4
f 2076/11/4 2077/11/4 2079/11/4
f 2079/11/4 2077/11/4 2080/11/4
f 2080/11/4 2077/11/4 2081/11/4
f 2077/9/4 2078/9/4 2082/9/4
f 2081/11/4 2077/11/4 2082/11/4
f 2082/9/4 2078/9/4 2083/9/4
f 2082/10/4 2083/10/4 2084/10/4
f 2084/10/4 2083/10/4 2085/10/4
f 2085/10/4 2083/10/4 2086/10/4
f 2086/10/4 2083/10/4 2087/10/4
f 2087/10/4 2088/10/4 2091/10/4
f 2091/10/4 2088/10/4 2092/10/4
f 2089/9/4 2090/9/4 2093/9/4
f 2093/9/4 2090/9/4 2094/9/4
f 2093/8/4 2094/8/4 2095/8/4
f 2095/8/4 2094/8/4 2096/8/4
f 2091/11/4 2092/11/4 2097/11/4
f 2097/11/4 2092/11/4 2098/11/4
f 2095/9/4 2096/9/4 2099/9/4
f 2099/9/4 2096/9/4 2100/9/4
f 2097/26/4 2098/26/4 2102/26/4
f 2102/26/4 2098/26/4 2103/26/4
f 2099/10/4 2100/10/4 2104/10/4
f 2104/10/4 2100/10/4 2105/10/4
f 2101/28/4 2102/28/4 2107/28/4
f 2107/28/4 2102/28/4 2108/28/4
f 2106/28/4 2107/28/4 2109/28/4
f 2109/28/4 2107/28/4 2110/28/4
f 2104/10/4 2105/10/4 2111/10/4
f 2111/10/4 2105/10/4 2112/10/4
f 2112/10/4 2105/10/4 2113/10/4
f 2113/10/4 2105/10/4 2114/10/4
f 2113/10/4 2114/10/4 2115/10/4
f 2113/10/4 2115/10/4 2116/10/4
f 2113/10/4 2116/10/4 2117/10/4
f 2117/10/4 2116/10/4 2118/10/4
f 2117/9/4 2118/9/4 2119/9/4
f 2119/9/4 2118/9/4 2120/9/4
f 2121/29/4 2122/29/4 2123/29/4
f 2123/29/4 2122/29/4 2124/29/4
f 2124/29/4 2125/29/4 2126/29/4
f 2126/29/4 2125/29/4 2127/29/4
f 2119/9/4 2120/9/4 2129/9/4
f 2129/9/4 2120/9/4 2130/9/4
f 2127/25/4 2128/25/4 2131/25/4
f 2131/25/4 2128/25/4 2132/25/4
f 2132/25/4 2133/25/4 2134/25/4
f 2134/25/4 2133/25/4 2135/25/4
f 2129/10/4 2130/10/4 2137/10/4
f 2135/26/4 2136/26/4 2138/26/4
f 2138/26/4 2136/26/4 2139/26/4
f 2139/26/4 2140/26/4 2143/26/4
f 2143/26/4 2140/26/4 2144/26/4
f 2137/10/4 2130/10/4 2146/10/4
f 2146/10/4 2130/10/4 2147/10/4
f 2141/1/4 2142/1/4 2148/1/4
f 2148/1/4 2142/1/4 2149/1/4
f 2144/11/4 2145/11/4 2151/11/4
f 2151/11/4 2145/11/4 2152/11/4
f 2149/1/4 2150/1/4 2153/1/4
f 2148/1/4 2149/1/4 2153/1/4
f 2153/1/4 2150/1/4 2154/1/4
f 2146/7/4 2147/7/4 2155/7/4
f 2155/7/4 2147/7/4 2156/7/4
f 2157/16/4 2158/16/4 2161/16/4
f 2158/24/4 2159/24/4 2162/24/4
f 2161/16/4 2158/16/4 2162/16/4
f 2162/24/4 2159/24/4 2163/24/4
f 2163/24/4 2159/24/4 2164/24/4
f 2160/25/4 2161/25/4 2167/25/4
f 2167/25/4 2161/25/4 2168/25/4
f 2164/30/4 2165/30/4 2169/30/4
f 2169/30/4 2165/30/4 2170/30/4
f 2166/25/4 2167/25/4 2172/25/4
f 2172/25/4 2167/25/4 2173/25/4
f 2170/30/4 2171/30/4 2174/30/4
f 2174/30/4 2171/30/4 2175/30/4
f 2175/15/4 2176/15/4 2177/15/4
f 2177/15/4 2176/15/4 2178/15/4
f 2172/29/4 2173/29/4 2180/29/4
f 2180/29/4 2173/29/4 2181/29/4
f 2178/30/4 2179/30/4 2183/30/4
f 2183/30/4 2179/30/4 2184/30/4
f 2181/11/4 2182/11/4 2186/11/4
f 2186/11/4 2182/11/4 2187/11/4
f 2184/15/4 2185/15/4 2189/15/4
f 2189/15/4 2185/15/4 2190/15/4
f 2187/29/4 2188/29/4 2192/29/4
f 2192/29/4 2188/29/4 2193/29/4
f 2190/24/4 2191/24/4 2195/24/4
f 2195/24/4 2191/24/4 2196/24/4
f 2193/11/4 2194/11/4 2197/11/4
f 2197/11/4 2194/11/4 2198/11/4
f 2198/11/4 2199/11/4 2200/11/4
f 2200/11/4 2199/11/4 2201/11/4
f 2201/11/4 2202/11/4 2205/11/4
f 2205/11/4 2202/11/4 2206/11/4
f 2203/22/4 2204/22/4 2208/22/4
f 2208/22/4 2204/22/4 2209/22/4
f 2206/11/4 2207/11/4 2211/11/4
f 2211/11/4 2207/11/4 2212/11/4
f 2209/30/4 2210/30/4 2214/30/4
f 2214/30/4 2210/30/4 2215/30/4
f 2212/11/4 2213/11/4 2216/11/4
f 2216/11/4 2213/11/4 2217/11/4
f 2217/29/4 2218/29/4 2219/29/4
f 2219/29/4 2218/29/4 2220/29/4
f 2221/15/4 2222/15/4 2223/15/4
f 2223/15/4 2222/15/4 2224/15/4
f 2224/26/4 2225/26/4 2226/26/4
f 2226/26/4 2225/26/4 2227/26/4
f 2228/26/4 2229/26/4 2230/26/4
f 2230/26/4 2229/26/4 2231/26/4
f 2230/25/4 2231/25/4 2233/25/4
f 2231/26/4 2232/26/4 2234/26/4
f 2233/25/4 2231/25/4 2234/25/4
f 2234/26/4 2232/26/4 2235/26/4
f 2235/26/4 2236/26/4 2237/26/4
f 2237/26/4 2236/26/4 2238/26/4
f 2239/6/4 2240/6/4 2241/6/4
f 2241/6/4 2240/6/4 2242/6/4
f 2241/7/4 2242/7/4 2243/7/4
f 2243/7/4 2242/7/4 2244/7/4
f 2245/7/4 2246/7/4 2247/7/4
f 2247/7/4 2246/7/4 2248/7/4
f 2249/10/4 2250/10/4 2251/10/4
f 2251/10/4 2250/10/4 2252/10/4
f 2252/10/4 2250/10/4 2253/10/4
f 2252/10/4 2253/10/4 2258/10/4
f 2258/10/4 2253/10/4 2259/10/4
f 2256/4/4 2257/4/4 2260/4/4
f 2260/4/4 2257/4/4 2261/4/4
f 2258/11/4 2259/11/4 2262/11/4
f 2260/2/4 2261/2/4 2263/2/4
f 2263/2/4 2261/2/4 2264/2/4
f 2258/11/4 2262/11/4 2265/11/4
f 2265/11/4 2262/11/4 2266/11/4
f 2254/11/4 2255/11/4 2267/11/4
f 2267/11/4 2255/11/4 2268/11/4
f 2263/4/4 2264/4/4 2269/4/4
f 2269/4/4 2264/4/4 2270/4/4
f 2265/26/4 2266/26/4 2272/26/4
f 2272/26/4 2266/26/4 2273/26/4
f 2267/25/4 2268/25/4 2274/25/4
f 2274/25/4 2268/25/4 2275/25/4
f 2269/3/4 2270/3/4 2276/3/4
f 2276/3/4 2270/3/4 2277/3/4
f 2271/27/4 2272/27/4 2279/27/4
f 2279/27/4 2272/27/4 2280/27/4
f 2278/28/4 2279/28/4 2282/28/4
f 2282/28/4 2279/28/4 2283/28/4
f 2274/12/4 2275/12/4 2284/12/4
f 2284/12/4 2275/12/4 2285/12/4
f 2284/20/4 2285/20/4 2286/20/4
f 2286/20/4 2285/20/4 2287/20/4
f 2286/19/4 2287/19/4 2288/19/4
f 2288/19/4 2287/19/4 2289/19/4
f 2276/2/4 2277/2/4 2290/2/4
f 2290/2/4 2277/2/4 2291/2/4
f 2290/5/4 2291/5/4 2292/5/4
f 2292/5/4 2291/5/4 2293/5/4
f 2292/4/4 2293/4/4 2294/4/4
f 2294/4/4 2293/4/4 2295/4/4
f 2288/12/4 2289/12/4 2296/12/4
f 2296/12/4 2289/12/4 2297/12/4
f 2294/3/4 2295/3/4 2298/3/4
f 2298/3/4 2295/3/4 2299/3/4
f 2281/29/4 2282/29/4 2300/29/4
f 2300/29/4 2282/29/4 2301/29/4
f 2301/29/4 2302/29/4 2303/29/4
f 2303/29/4 2302/29/4 2304/29/4
f 2304/30/4 2305/30/4 2306/30/4
f 2306/30/4 2305/30/4 2307/30/4
f 2296/15/4 2297/15/4 2309/15/4
f 2309/15/4 2297/15/4 2310/15/4
f 2298/2/4 2299/2/4 2311/2/4
f 2311/2/4 2299/2/4 2312/2/4
f 2307/25/4 2308/25/4 2313/25/4
f 2313/25/4 2308/25/4 2314/25/4
f 2314/24/4 2315/24/4 2316/24/4
f 2316/24/4 2315/24/4 2317/24/4
f 2309/16/4 2310/16/4 2319/16/4
f 2319/16/4 2310/16/4 2320/16/4
f 2317/26/4 2318/26/4 2321/26/4
f 2321/26/4 2318/26/4 2322/26/4
f 2319/27/4 2320/27/4 2323/27/4
f 2323/27/4 2320/27/4 2324/27/4
f 2311/1/4 2312/1/4 2325/1/4
f 2325/1/4 2312/1/4 2326/1/4
f 2323/11/4 2324/11/4 2327/11/4
f 2327/11/4 2324/11/4 2328/11/4
f 2325/2/4 2326/2/4 2329/2/4
f 2329/2/4 2326/2/4 2330/2/4
f 2331/24/4 2332/24/4 2336/24/4
f 2333/30/4 2334/30/4 2337/30/4
f 2335/25/4 2336/25/4 2339/25/4
f 2336/24/4 2332/24/4 2340/24/4
f 2339/25/4 2336/25/4 2340/25/4
f 2332/25/4 2333/25/4 2341/25/4
f 2340/24/4 2332/24/4 2341/24/4
f 2337/30/4 2338/30/4 2342/30/4
f 2341/25/4 2333/25/4 2342/25/4
f 2333/30/4 2337/30/4 2342/30/4
f 2342/30/4 2338/30/4 2343/30/4
f 2343/15/4 2344/15/4 2345/15/4
f 2339/29/4 2340/29/4 2347/29/4
f 2340/28/4 2341/28/4 2348/28/4
f 2347/29/4 2340/29/4 2348/29/4
f 2341/30/4 2342/30/4 2349/30/4
f 2348/28/4 2341/28/4 2349/28/4
f 2342/12/4 2343/12/4 2350/12/4
f 2349/30/4 2342/30/4 2350/30/4
f 2345/15/4 2346/15/4 2351/15/4
f 2350/12/4 2343/12/4 2351/12/4
f 2343/15/4 2345/15/4 2351/15/4
f 2351/15/4 2346/15/4 2352/15/4
f 2349/29/4 2350/29/4 2354/29/4
f 2348/29/4 2349/29/4 2354/29/4
f 2354/29/4 2350/29/4 2355/29/4
f 2352/15/4 2353/15/4 2356/15/4
f 2355/29/4 2350/29/4 2358/29/4
f 2358/29/4 2350/29/4 2359/29/4
f 2350/25/4 2351/25/4 2360/25/4
f 2359/29/4 2350/29/4 2360/29/4
f 2351/18/4 2352/18/4 2361/18/4
f 2360/25/4 2351/25/4 2361/25/4
f 2356/15/4 2357/15/4 2362/15/4
f 2361/18/4 2352/18/4 2362/18/4
f 2352/15/4 2356/15/4 2362/15/4
f 2362/15/4 2357/15/4 2363/15/4
f 2359/11/4 2360/11/4 2365/11/4
f 2365/11/4 2360/11/4 2366/11/4
f 2366/11/4 2360/11/4 2367/11/4
f 2360/28/4 2361/28/4 2368/28/4
f 2367/11/4 2360/11/4 2368/11/4
f 2361/15/4 2362/15/4 2369/15/4
f 2368/28/4 2361/28/4 2369/28/4
f 2362/17/4 2363/17/4 2370/17/4
f 2369/15/4 2362/15/4 2370/15/4
f 2363/25/4 2364/25/4 2371/25/4
f 2370/17/4 2363/17/4 2371/17/4
f 2371/25/4 2364/25/4 2372/25/4
f 2368/11/4 2369/11/4 2373/11/4
f 2373/11/4 2369/11/4 2374/11/4
f 2371/22/4 2372/22/4 2375/22/4
f 2374/11/4 2369/11/4 2377/11/4
f 2369/27/4 2370/27/4 2378/27/4
f 2377/11/4 2369/11/4 2378/11/4
f 2370/12/4 2371/12/4 2379/12/4
f 2378/27/4 2370/27/4 2379/27/4
f 2371/22/4 2375/22/4 2380/22/4
f 2379/12/4 2371/12/4 2380/12/4
f 2375/22/4 2376/22/4 2380/22/4
f 2380/22/4 2376/22/4 2381/22/4
f 2378/29/4 2379/29/4 2383/29/4
f 2383/29/4 2379/29/4 2384/29/4
f 2384/29/4 2379/29/4 2385/29/4
f 2379/30/4 2380/30/4 2386/30/4
f 2385/29/4 2379/29/4 2386/29/4
f 2380/21/4 2381/21/4 2387/21/4
f 2386/30/4 2380/30/4 2387/30/4
f 2381/30/4 2382/30/4 2388/30/4
f 2387/21/4 2381/21/4 2388/21/4
f 2388/30/4 2382/30/4 2389/30/4
f 2387/15/4 2388/15/4 2390/15/4
f 2388/15/4 2389/15/4 2390/15/4
f 2386/28/4 2387/28/4 2392/28/4
f 2390/15/4 2391/15/4 2392/15/4
f 2387/15/4 2390/15/4 2392/15/4
f 2392/15/4 2391/15/4 2393/15/4
f 2393/15/4 2391/15/4 2394/15/4
f 2385/11/4 2386/11/4 2396/11/4
f 2386/28/4 2392/28/4 2397/28/4
f 2396/11/4 2386/11/4 2397/11/4
f 2392/30/4 2393/30/4 2398/30/4
f 2397/28/4 2392/28/4 2398/28/4
f 2393/12/4 2394/12/4 2399/12/4
f 2398/30/4 2393/30/4 2399/30/4
f 2394/26/4 2395/26/4 2400/26/4
f 2399/12/4 2394/12/4 2400/12/4
f 2400/26/4 2395/26/4 2401/26/4
f 2396/10/4 2397/10/4 2402/10/4
f 2397/11/4 2398/11/4 2403/11/4
f 2402/10/4 2397/10/4 2403/10/4
f 2399/15/4 2400/15/4 2404/15/4
f 2400/25/4 2401/25/4 2405/25/4
f 2404/15/4 2400/15/4 2405/15/4
f 2405/25/4 2401/25/4 2406/25/4
f 2398/25/4 2399/25/4 2407/25/4
f 2403/11/4 2398/11/4 2407/11/4
f 2399/15/4 2404/15/4 2408/15/4
f 2407/25/4 2399/25/4 2408/25/4
f 2408/15/4 2404/15/4 2409/15/4
f 2403/11/4 2407/11/4 2410/11/4
f 2407/10/4 2408/10/4 2410/10/4
f 2410/10/4 2408/10/4 2411/10/4
f 2403/11/4 2410/11/4 2412/11/4
f 2410/11/4 2411/11/4 2412/11/4
f 2412/11/4 2411/11/4 2413/11/4
f 2412/10/4 2413/10/4 2414/10/4
f 2414/10/4 2413/10/4 2415/10/4
f 2412/10/4 2414/10/4 2416/10/4
f 2414/6/4 2415/6/4 2416/6/4
f 2416/6/4 2415/6/4 2417/6/4
f 2412/10/4 2416/10/4 2418/10/4
f 2416/4/4 2417/4/4 2419/4/4
f 2418/10/4 2416/10/4 2419/10/4
f 2419/4/4 2417/4/4 2420/4/4
f 2420/4/4 2417/4/4 2421/4/4
f 2420/14/4 2421/14/4 2422/14/4
f 2422/14/4 2421/14/4 2423/14/4
f 2422/6/4 2423/6/4 2424/6/4
f 2424/6/4 2423/6/4 2425/6/4
f 2424/11/4 2425/11/4 2426/11/4
f 2426/11/4 2425/11/4 2427/11/4
f 2426/30/4 2427/30/4 2429/30/4
f 2429/30/4 2427/30/4 2430/30/4
f 2428/27/4 2429/27/4 2432/27/4
f 2431/27/4 2432/27/4 2434/27/4
f 2429/16/4 2430/16/4 2435/16/4
f 2432/27/4 2429/27/4 2435/27/4
f 2434/27/4 2432/27/4 2435/27/4
f 2435/16/4 2430/16/4 2436/16/4
f 2434/24/4 2435/24/4 2437/24/4
f 2435/25/4 2436/25/4 2437/25/4
f 2437/25/4 2436/25/4 2438/25/4
f 2433/29/4 2434/29/4 2439/29/4
f 2434/24/4 2437/24/4 2439/24/4
f 2437/10/4 2438/10/4 2440/10/4
f 2439/24/4 2437/24/4 2440/24/4
f 2440/10/4 2438/10/4 2441/10/4
f 2439/26/4 2440/26/4 2442/26/4
f 2440/24/4 2441/24/4 2442/24/4
f 2442/24/4 2441/24/4 2443/24/4
f 2439/26/4 2442/26/4 2444/26/4
f 2442/26/4 2443/26/4 2444/26/4
f 2444/26/4 2443/26/4 2445/26/4
f 2433/29/4 2439/29/4 2446/29/4
f 2439/26/4 2444/26/4 2446/26/4
f 2444/27/4 2445/27/4 2447/27/4
f 2446/26/4 2444/26/4 2447/26/4
f 2447/27/4 2445/27/4 2448/27/4
f 2446/24/4 2447/24/4 2449/24/4
f 2447/30/4 2448/30/4 2449/30/4
f 2449/30/4 2448/30/4 2450/30/4
f 2446/24/4 2449/24/4 2451/24/4
f 2449/27/4 2450/27/4 2451/27/4
f 2451/27/4 2450/27/4 2452/27/4
f 2433/29/4 2446/29/4 2453/29/4
f 2446/24/4 2451/24/4 2453/24/4
f 2451/26/4 2452/26/4 2454/26/4
f 2453/24/4 2451/24/4 2454/24/4
f 2454/26/4 2452/26/4 2455/26/4
f 2433/29/4 2453/29/4 2456/29/4
f 2453/27/4 2454/27/4 2457/27/4
f 2456/29/4 2453/29/4 2457/29/4
f 2454/26/4 2455/26/4 2458/26/4
f 2457/27/4 2454/27/4 2458/27/4
f 2458/26/4 2455/26/4 2459/26/4
f 2457/30/4 2458/30/4 2460/30/4
f 2460/30/4 2458/30/4 2461/30/4
f 2461/30/4 2458/30/4 2462/30/4
f 2458/28/4 2459/28/4 2463/28/4
f 2462/30/4 2458/30/4 2463/30/4
f 2463/28/4 2459/28/4 2464/28/4
f 2463/24/4 2464/24/4 2465/24/4
f 2465/24/4 2464/24/4 2466/24/4
f 2466/24/4 2464/24/4 2467/24/4
f 2467/24/4 2464/24/4 2468/24/4
f 2469/11/4 2470/11/4 2474/11/4
f 2474/11/4 2470/11/4 2475/11/4
f 2471/23/4 2472/23/4 2476/23/4
f 2476/23/4 2472/23/4 2477/23/4
f 2473/11/4 2474/11/4 2480/11/4
f 2480/11/4 2474/11/4 2481/11/4
f 2477/23/4 2478/23/4 2482/23/4
f 2478/6/4 2479/6/4 2483/6/4
f 2482/23/4 2478/23/4 2483/23/4
f 2483/6/4 2479/6/4 2484/6/4
f 2484/6/4 2479/6/4 2485/6/4
f 2484/7/4 2485/7/4 2486/7/4
f 2486/7/4 2485/7/4 2487/7/4
f 2488/7/4 2489/7/4 2493/7/4
f 2493/7/4 2489/7/4 2494/7/4
f 2492/4/4 2493/4/4 2495/4/4
f 2495/4/4 2493/4/4 2496/4/4
f 2495/2/4 2496/2/4 2497/2/4
f 2497/2/4 2496/2/4 2498/2/4
f 2490/11/4 2491/11/4 2499/11/4
f 2499/11/4 2491/11/4 2500/11/4
f 2497/4/4 2498/4/4 2501/4/4
f 2501/4/4 2498/4/4 2502/4/4
f 2499/25/4 2500/25/4 2503/25/4
f 2503/25/4 2500/25/4 2504/25/4
f 2501/3/4 2502/3/4 2505/3/4
f 2505/3/4 2502/3/4 2506/3/4
f 2503/12/4 2504/12/4 2507/12/4
f 2507/12/4 2504/12/4 2508/12/4
f 2507/20/4 2508/20/4 2509/20/4
f 2509/20/4 2508/20/4 2510/20/4
f 2509/19/4 2510/19/4 2511/19/4
f 2511/19/4 2510/19/4 2512/19/4
f 2505/2/4 2506/2/4 2513/2/4
f 2513/2/4 2506/2/4 2514/2/4
f 2513/5/4 2514/5/4 2515/5/4
f 2515/5/4 2514/5/4 2516/5/4
f 2515/4/4 2516/4/4 2517/4/4
f 2517/4/4 2516/4/4 2518/4/4
f 2511/12/4 2512/12/4 2519/12/4
f 2519/12/4 2512/12/4 2520/12/4
f 2517/3/4 2518/3/4 2521/3/4
f 2521/3/4 2518/3/4 2522/3/4
f 2519/15/4 2520/15/4 2523/15/4
f 2523/15/4 2520/15/4 2524/15/4
f 2521/2/4 2522/2/4 2525/2/4
f 2525/2/4 2522/2/4 2526/2/4
f 2523/16/4 2524/16/4 2527/16/4
f 2527/16/4 2524/16/4 2528/16/4
f 2525/1/4 2526/1/4 2529/1/4
f 2527/27/4 2528/27/4 2531/27/4
f 2531/27/4 2528/27/4 2532/27/4
f 2525/1/4 2529/1/4 2533/1/4
f 2529/1/4 2530/1/4 2533/1/4
f 2533/1/4 2530/1/4 2534/1/4
f 2534/1/4 2530/1/4 2535/1/4
f 2533/2/4 2534/2/4 2537/2/4
f 2535/1/4 2536/1/4 2537/1/4
f 2534/1/4 2535/1/4 2537/1/4
f 2537/1/4 2536/1/4 2538/1/4
f 2531/11/4 2532/11/4 2539/11/4
f 2539/11/4 2532/11/4 2540/11/4
f 2533/2/4 2537/2/4 2541/2/4
f 2541/2/4 2537/2/4 2542/2/4
f 2543/23/4 2544/23/4 2546/23/4
f 2546/23/4 2544/23/4 2547/23/4
f 2545/11/4 2546/11/4 2550/11/4
f 2550/11/4 2546/11/4 2551/11/4
f 2547/23/4 2548/23/4 2552/23/4
f 2552/23/4 2548/23/4 2553/23/4
f 2549/11/4 2550/11/4 2555/11/4
f 2555/11/4 2550/11/4 2556/11/4
f 2553/23/4 2554/23/4 2557/23/4
f 2557/23/4 2554/23/4 2558/23/4
f 2555/9/4 2556/9/4 2559/9/4
f 2559/9/4 2556/9/4 2560/9/4
f 2557/10/4 2558/10/4 2561/10/4
f 2561/10/4 2558/10/4 2562/10/4
f 2559/10/4 2560/10/4 2563/10/4
f 2563/10/4 2560/10/4 2564/10/4
f 2561/7/4 2562/7/4 2565/7/4
f 2565/7/4 2562/7/4 2566/7/4
f 2563/4/4 2564/4/4 2567/4/4
f 2567/4/4 2564/4/4 2568/4/4
f 2565/11/4 2566/11/4 2571/11/4
f 2571/11/4 2566/11/4 2572/11/4
f 2568/11/4 2569/11/4 2573/11/4
f 2570/4/4 2571/4/4 2574/4/4
f 2568/11/4 2573/11/4 2575/11/4
f 2574/4/4 2571/4/4 2576/4/4
f 2576/4/4 2571/4/4 2577/4/4
f 2568/11/4 2575/11/4 2578/11/4
f 2576/2/4 2577/2/4 2579/2/4
f 2579/2/4 2577/2/4 2580/2/4
f 2568/11/4 2578/11/4 2581/11/4
f 2581/11/4 2578/11/4 2582/11/4
f 2579/4/4 2580/4/4 2583/4/4
f 2583/4/4 2580/4/4 2584/4/4
f 2581/25/4 2582/25/4 2585/25/4
f 2585/25/4 2582/25/4 2586/25/4
f 2583/3/4 2584/3/4 2587/3/4
f 2587/3/4 2584/3/4 2588/3/4
f 2585/12/4 2586/12/4 2589/12/4
f 2589/12/4 2586/12/4 2590/12/4
f 2589/20/4 2590/20/4 2591/20/4
f 2591/20/4 2590/20/4 2592/20/4
f 2591/19/4 2592/19/4 2593/19/4
f 2593/19/4 2592/19/4 2594/19/4
f 2587/2/4 2588/2/4 2595/2/4
f 2595/2/4 2588/2/4 2596/2/4
f 2595/5/4 2596/5/4 2597/5/4
f 2597/5/4 2596/5/4 2598/5/4
f 2597/4/4 2598/4/4 2599/4/4
f 2599/4/4 2598/4/4 2600/4/4
f 2593/12/4 2594/12/4 2601/12/4
f 2599/3/4 2600/3/4 2602/3/4
f 2593/12/4 2601/12/4 2603/12/4
f 2603/12/4 2601/12/4 2604/12/4
f 2602/3/4 2600/3/4 2605/3/4
f 2605/3/4 2600/3/4 2606/3/4
f 2603/15/4 2604/15/4 2607/15/4
f 2607/15/4 2604/15/4 2608/15/4
f 2605/2/4 2606/2/4 2609/2/4
f 2609/2/4 2606/2/4 2610/2/4
f 2607/16/4 2608/16/4 2611/16/4
f 2611/16/4 2608/16/4 2612/16/4
f 2611/27/4 2612/27/4 2613/27/4
f 2613/27/4 2612/27/4 2614/27/4
f 2609/1/4 2610/1/4 2615/1/4
f 2615/1/4 2610/1/4 2616/1/4
f 2613/11/4 2614/11/4 2617/11/4
f 2617/11/4 2614/11/4 2618/11/4
f 2615/2/4 2616/2/4 2619/2/4
f 2619/2/4 2616/2/4 2620/2/4
f 2621/23/4 2622/23/4 2624/23/4
f 2624/23/4 2622/23/4 2625/23/4
f 2623/11/4 2624/11/4 2627/11/4
f 2625/23/4 2626/23/4 2628/23/4
f 2627/11/4 2624/11/4 2628/11/4
f 2624/23/4 2625/23/4 2628/23/4
f 2628/23/4 2626/23/4 2629/23/4
f 2629/23/4 2626/23/4 2630/23/4
f 2627/9/4 2628/9/4 2631/9/4
f 2628/5/4 2629/5/4 2632/5/4
f 2631/9/4 2628/9/4 2632/9/4
f 2629/10/4 2630/10/4 2633/10/4
f 2632/5/4 2629/5/4 2633/5/4
f 2633/10/4 2630/10/4 2634/10/4
f 2631/10/4 2632/10/4 2635/10/4
f 2632/5/4 2633/5/4 2636/5/4
f 2635/10/4 2632/10/4 2636/10/4
f 2633/7/4 2634/7/4 2637/7/4
f 2636/5/4 2633/5/4 2637/5/4
f 2637/7/4 2634/7/4 2638/7/4
f 2635/4/4 2636/4/4 2639/4/4
f 2636/9/4 2637/9/4 2640/9/4
f 2639/4/4 2636/4/4 2640/4/4
f 2637/11/4 2638/11/4 2641/11/4
f 2640/9/4 2637/9/4 2641/9/4
f 2641/11/4 2638/11/4 2642/11/4
f 2640/30/4 2641/30/4 2643/30/4
f 2643/30/4 2641/30/4 2644/30/4
f 2643/9/4 2644/9/4 2645/9/4
f 2645/9/4 2644/9/4 2646/9/4
f 2645/8/4 2646/8/4 2647/8/4
f 2647/8/4 2646/8/4 2648/8/4
f 2647/9/4 2648/9/4 2649/9/4
f 2649/9/4 2648/9/4 2650/9/4
f 2649/10/4 2650/10/4 2651/10/4
f 2651/10/4 2650/10/4 2652/10/4
f 2651/9/4 2652/9/4 2653/9/4
f 2653/9/4 2652/9/4 2654/9/4
f 2653/10/4 2654/10/4 2655/10/4
f 2655/10/4 2654/10/4 2656/10/4
f 2655/7/4 2656/7/4 2657/7/4
f 2657/7/4 2656/7/4 2658/7/4
f 2663/25/5 2660/25/5 2659/25/5
f 2664/29/5 2661/29/5 2660/29/5
f 2666/25/5 2663/25/5 2662/25/5
f 2667/25/5 2660/25/5 2663/25/5
f 2667/25/5 2663/25/5 2666/25/5
f 2668/11/5 2665/11/5 2664/11/5
f 2668/29/5 2664/29/5 2660/29/5
f 2669/11/5 2665/11/5 2668/11/5
f 2670/25/5 2660/25/5 2667/25/5
f 2671/29/5 2668/29/5 2660/29/5
f 2671/25/5 2660/25/5 2670/25/5
f 2672/29/5 2668/29/5 2671/29/5
f 2677/25/5 2674/25/5 2673/25/5
f 2678/29/5 2675/29/5 2674/29/5
f 2678/25/5 2674/25/5 2677/25/5
f 2679/29/5 2675/29/5 2678/29/5
f 2682/25/5 2677/25/5 2676/25/5
f 2683/25/5 2677/25/5 2682/25/5
f 2684/11/5 2680/11/5 2679/11/5
f 2685/11/5 2680/11/5 2684/11/5
f 2687/10/5 2682/10/5 2681/10/5
f 2688/10/5 2682/10/5 2687/10/5
f 2691/11/5 2686/11/5 2685/11/5
f 2692/11/5 2686/11/5 2691/11/5
f 2693/25/5 2689/25/5 2688/25/5
f 2694/25/5 2689/25/5 2693/25/5
f 2696/11/5 2691/11/5 2690/11/5
f 2697/11/5 2691/11/5 2696/11/5
f 2698/25/5 2695/25/5 2694/25/5
f 2699/29/5 2696/29/5 2695/29/5
f 2699/25/5 2695/25/5 2698/25/5
f 2700/29/5 2696/29/5 2699/29/5
f 2706/24/5 2702/24/5 2701/24/5
f 2707/24/5 2702/24/5 2706/24/5
f 2708/29/5 2704/29/5 2703/29/5
f 2709/29/5 2704/29/5 2708/29/5
f 2712/16/5 2706/16/5 2705/16/5
f 2713/16/5 2706/16/5 2712/16/5
f 2714/29/5 2710/29/5 2709/29/5
f 2715/29/5 2710/29/5 2714/29/5
f 2717/16/5 2712/16/5 2711/16/5
f 2718/16/5 2712/16/5 2717/16/5
f 2721/11/5 2716/11/5 2715/11/5
f 2722/11/5 2716/11/5 2721/11/5
f 2723/16/5 2719/16/5 2718/16/5
f 2724/16/5 2719/16/5 2723/16/5
f 2727/29/5 2721/29/5 2720/29/5
f 2728/29/5 2721/29/5 2727/29/5
f 2729/24/5 2725/24/5 2724/24/5
f 2730/24/5 2725/24/5 2729/24/5
f 2731/29/5 2727/29/5 2726/29/5
f 2732/29/5 2727/29/5 2731/29/5
f 2735/29/5 2734/29/5 2733/29/5
f 2736/29/5 2734/29/5 2735/29/5
f 2738/11/5 2737/11/5 2736/11/5
f 2739/11/5 2737/11/5 2738/11/5
f 2742/11/5 2740/11/5 2739/11/5
f 2743/11/5 2740/11/5 2742/11/5
f 2745/11/5 2742/11/5 2741/11/5
f 2746/11/5 2742/11/5 2745/11/5
f 2747/29/5 2745/29/5 2744/29/5
f 2748/29/5 2745/29/5 2747/29/5
f 2751/11/5 2750/11/5 2749/11/5
f 2752/11/5 2750/11/5 2751/11/5
f 2754/11/5 2753/11/5 2752/11/5
f 2755/11/5 2753/11/5 2754/11/5
f 2761/11/5 2756/11/5 2755/11/5
f 2762/11/5 2756/11/5 2761/11/5
f 2763/30/5 2758/30/5 2757/30/5
f 2764/9/5 2759/9/5 2758/9/5
f 2764/30/5 2758/30/5 2763/30/5
f 2765/9/5 2759/9/5 2764/9/5
f 2767/11/5 2761/11/5 2760/11/5
f 2768/11/5 2761/11/5 2767/11/5
f 2769/11/5 2767/11/5 2766/11/5
f 2770/11/5 2767/11/5 2769/11/5
f 2773/11/5 2772/11/5 2771/11/5
f 2774/11/5 2772/11/5 2773/11/5
f 2776/11/5 2775/11/5 2774/11/5
f 2777/11/5 2775/11/5 2776/11/5
f 2784/11/5 2778/11/5 2777/11/5
f 2785/11/5 2778/11/5 2784/11/5
f 2786/30/5 2780/30/5 2779/30/5
f 2787/30/5 2780/30/5 2786/30/5
f 2788/9/5 2782/9/5 2781/9/5
f 2789/9/5 2782/9/5 2788/9/5
f 2791/11/5 2784/11/5 2783/11/5
f 2792/11/5 2784/11/5 2791/11/5
f 2793/11/5 2791/11/5 2790/11/5
f 2794/11/5 2791/11/5 2793/11/5
f 2797/11/5 2796/11/5 2795/11/5
f 2798/11/5 2796/11/5 2797/11/5
f 2800/11/5 2799/11/5 2798/11/5
f 2801/11/5 2799/11/5 2800/11/5
f 2808/11/5 2802/11/5 2801/11/5
f 2809/11/5 2802/11/5 2808/11/5
f 2810/11/5 2804/11/5 2803/11/5
f 2811/11/5 2804/11/5 2810/11/5
f 2812/11/5 2806/11/5 2805/11/5
f 2813/11/5 2806/11/5 2812/11/5
f 2815/11/5 2808/11/5 2807/11/5
f 2816/11/5 2808/11/5 2815/11/5
f 2817/11/5 2815/11/5 2814/11/5
f 2818/11/5 2815/11/5 2817/11/5
f 2821/11/5 2820/11/5 2819/11/5
f 2822/11/5 2820/11/5 2821/11/5
f 2824/11/5 2823/11/5 2822/11/5
f 2825/11/5 2823/11/5 2824/11/5
f 2834/11/5 2826/11/5 2825/11/5
f 2835/11/5 2826/11/5 2834/11/5
f 2836/11/5 2828/11/5 2827/11/5
f 2837/11/5 2828/11/5 2836/11/5
f 2838/11/5 2830/11/5 2829/11/5
f 2839/11/5 2830/11/5 2838/11/5
f 2840/11/5 2832/11/5 2831/11/5
f 2841/11/5 2832/11/5 2840/11/5
f 2843/11/5 2834/11/5 2833/11/5
f 2844/11/5 2834/11/5 2843/11/5
f 2845/11/5 2843/11/5 2842/11/5
f 2846/11/5 2843/11/5 2845/11/5
f 2849/29/5 2848/29/5 2847/29/5
f 2850/29/5 2848/29/5 2849/29/5
f 2854/29/5 2851/29/5 2850/29/5
f 2855/29/5 2851/29/5 2854/29/5
f 2862/29/5 2853/29/5 2852/29/5
f 2863/29/5 2853/29/5 2862/29/5
f 2866/11/5 2856/11/5 2855/11/5
f 2867/11/5 2856/11/5 2866/11/5
f 2868/10/5 2858/10/5 2857/10/5
f 2869/10/5 2858/10/5 2868/10/5
f 2870/10/5 2860/10/5 2859/10/5
f 2871/10/5 2860/10/5 2870/10/5
f 2872/28/5 2862/28/5 2861/28/5
f 2873/29/5 2864/29/5 2863/29/5
f 2873/28/5 2862/28/5 2872/28/5
f 2873/29/5 2863/29/5 2862/29/5
f 2874/29/5 2864/29/5 2873/29/5
f 2875/29/5 2864/29/5 2874/29/5
f 2877/29/5 2866/29/5 2865/29/5
f 2878/29/5 2866/29/5 2877/29/5
f 2879/29/5 2874/29/5 2873/29/5
f 2880/29/5 2874/29/5 2879/29/5
f 2881/29/5 2877/29/5 2876/29/5
f 2882/29/5 2877/29/5 2881/29/5
f 2889/29/5 2884/29/5 2883/29/5
f 2890/11/5 2885/11/5 2884/11/5
f 2890/29/5 2884/29/5 2889/29/5
f 2892/29/5 2888/29/5 2887/29/5
f 2893/29/5 2888/29/5 2892/29/5
f 2895/11/5 2885/11/5 2890/11/5
f 2896/10/5 2886/10/5 2885/10/5
f 2896/11/5 2885/11/5 2895/11/5
f 2897/10/5 2886/10/5 2896/10/5
f 2903/28/5 2892/28/5 2891/28/5
f 2904/28/5 2892/28/5 2903/28/5
f 2905/29/5 2894/29/5 2893/29/5
f 2906/29/5 2894/29/5 2905/29/5
f 2911/10/5 2899/10/5 2898/10/5
f 2912/10/5 2899/10/5 2911/10/5
f 2913/10/5 2901/10/5 2900/10/5
f 2914/10/5 2901/10/5 2913/10/5
f 2915/28/5 2903/28/5 2902/28/5
f 2916/28/5 2903/28/5 2915/28/5
f 2919/29/5 2907/29/5 2906/29/5
f 2920/29/5 2907/29/5 2919/29/5
f 2922/11/5 2909/11/5 2908/11/5
f 2923/28/5 2917/28/5 2916/28/5
f 2924/28/5 2917/28/5 2923/28/5
f 2925/29/5 2919/29/5 2918/29/5
f 2926/29/5 2919/29/5 2925/29/5
f 2927/29/5 2922/29/5 2921/29/5
f 2928/11/5 2909/11/5 2922/11/5
f 2928/29/5 2922/29/5 2927/29/5
f 2929/10/5 2910/10/5 2909/10/5
f 2929/11/5 2909/11/5 2928/11/5
f 2930/10/5 2910/10/5 2929/10/5
f 2931/29/5 2925/29/5 2924/29/5
f 2932/29/5 2925/29/5 2931/29/5
f 2940/10/5 2935/10/5 2934/10/5
f 2943/27/5 2937/27/5 2936/27/5
f 2944/27/5 2937/27/5 2943/27/5
f 2945/30/5 2939/30/5 2938/30/5
f 2946/30/5 2939/30/5 2945/30/5
f 2948/11/5 2934/11/5 2933/11/5
f 2949/11/5 2934/11/5 2948/11/5
f 2950/10/5 2941/10/5 2940/10/5
f 2950/10/5 2940/10/5 2934/10/5
f 2951/10/5 2941/10/5 2950/10/5
f 2952/10/5 2941/10/5 2951/10/5
f 2955/27/5 2943/27/5 2942/27/5
f 2956/27/5 2943/27/5 2955/27/5
f 2957/30/5 2947/30/5 2946/30/5
f 2958/30/5 2947/30/5 2957/30/5
f 2961/11/5 2934/11/5 2949/11/5
f 2962/10/5 2950/10/5 2934/10/5
f 2964/10/5 2953/10/5 2952/10/5
f 2965/11/5 2954/11/5 2953/11/5
f 2965/10/5 2953/10/5 2964/10/5
f 2966/26/5 2955/26/5 2954/26/5
f 2966/11/5 2954/11/5 2965/11/5
f 2967/26/5 2955/26/5 2966/26/5
f 2970/25/5 2959/25/5 2958/25/5
f 2971/25/5 2959/25/5 2970/25/5
f 2972/10/5 2963/10/5 2962/10/5
f 2972/10/5 2964/10/5 2963/10/5
f 2973/10/5 2964/10/5 2972/10/5
f 2974/27/5 2968/27/5 2967/27/5
f 2975/27/5 2968/27/5 2974/27/5
f 2978/30/5 2970/30/5 2969/30/5
f 2979/30/5 2970/30/5 2978/30/5
f 2980/11/5 2961/11/5 2960/11/5
f 2981/11/5 2934/11/5 2961/11/5
f 2981/11/5 2961/11/5 2980/11/5
f 2981/10/5 2962/10/5 2934/10/5
f 2981/10/5 2972/10/5 2962/10/5
f 2982/10/5 2972/10/5 2981/10/5
f 2983/27/5 2976/27/5 2975/27/5
f 2984/27/5 2976/27/5 2983/27/5
f 2985/30/5 2978/30/5 2977/30/5
f 2986/30/5 2978/30/5 2985/30/5
f 2994/27/5 2988/27/5 2987/27/5
f 2995/27/5 2988/27/5 2994/27/5
f 2996/30/5 2990/30/5 2989/30/5
f 2997/30/5 2990/30/5 2996/30/5
f 2999/10/5 2992/10/5 2991/10/5
f 3000/11/5 2993/11/5 2992/11/5
f 3000/10/5 2992/10/5 2999/10/5
f 3001/26/5 2994/26/5 2993/26/5
f 3001/11/5 2993/11/5 3000/11/5
f 3002/26/5 2994/26/5 3001/26/5
f 3003/25/5 2998/25/5 2997/25/5
f 3004/25/5 2998/25/5 3003/25/5
f 3011/25/5 3005/25/5 3004/25/5
f 3012/25/5 3005/25/5 3011/25/5
f 3013/10/5 3007/10/5 3006/10/5
f 3014/11/5 3008/11/5 3007/11/5
f 3014/10/5 3007/10/5 3013/10/5
f 3015/26/5 3009/26/5 3008/26/5
f 3015/11/5 3008/11/5 3014/11/5
f 3016/26/5 3009/26/5 3015/26/5
f 3019/25/5 3011/25/5 3010/25/5
f 3020/25/5 3011/25/5 3019/25/5
f 3021/27/5 3017/27/5 3016/27/5
f 3022/27/5 3017/27/5 3021/27/5
f 3023/30/5 3019/30/5 3018/30/5
f 3024/30/5 3019/30/5 3023/30/5
f 3033/4/5 3026/4/5 3025/4/5
f 3034/14/5 3027/14/5 3026/14/5
f 3034/4/5 3026/4/5 3033/4/5
f 3035/6/5 3028/6/5 3027/6/5
f 3035/14/5 3027/14/5 3034/14/5
f 3036/11/5 3029/11/5 3028/11/5
f 3036/6/5 3028/6/5 3035/6/5
f 3037/30/5 3030/30/5 3029/30/5
f 3037/11/5 3029/11/5 3036/11/5
f 3038/30/5 3030/30/5 3037/30/5
f 3039/24/5 3032/24/5 3031/24/5
f 3040/24/5 3032/24/5 3039/24/5
f 3042/24/5 3041/24/5 3040/24/5
f 3043/24/5 3041/24/5 3042/24/5
f 3046/26/5 3044/26/5 3043/26/5
f 3047/26/5 3044/26/5 3046/26/5
f 3055/24/5 3046/24/5 3045/24/5
f 3056/24/5 3046/24/5 3055/24/5
f 3057/4/5 3049/4/5 3048/4/5
f 3058/14/5 3050/14/5 3049/14/5
f 3058/4/5 3049/4/5 3057/4/5
f 3059/6/5 3051/6/5 3050/6/5
f 3059/14/5 3050/14/5 3058/14/5
f 3060/11/5 3052/11/5 3051/11/5
f 3060/6/5 3051/6/5 3059/6/5
f 3061/30/5 3053/30/5 3052/30/5
f 3061/11/5 3052/11/5 3060/11/5
f 3062/30/5 3053/30/5 3061/30/5
f 3063/24/5 3055/24/5 3054/24/5
f 3064/24/5 3055/24/5 3063/24/5
f 3067/24/5 3066/24/5 3065/24/5
f 3068/24/5 3066/24/5 3067/24/5
f 3070/26/5 3069/26/5 3068/26/5
f 3071/26/5 3069/26/5 3070/26/5
f 3074/26/5 3072/26/5 3071/26/5
f 3075/26/5 3072/26/5 3074/26/5
f 3077/26/5 3074/26/5 3073/26/5
f 3078/26/5 3074/26/5 3077/26/5
f 3079/24/5 3077/24/5 3076/24/5
f 3080/24/5 3077/24/5 3079/24/5
f 3087/11/5 3082/11/5 3081/11/5
f 3088/4/5 3085/4/5 3084/4/5
f 3099/11/5 3087/11/5 3086/11/5
f 3100/9/5 3083/9/5 3082/9/5
f 3100/11/5 3087/11/5 3099/11/5
f 3100/11/5 3082/11/5 3087/11/5
f 3101/10/5 3084/10/5 3083/10/5
f 3101/9/5 3083/9/5 3100/9/5
f 3102/4/5 3088/4/5 3084/4/5
f 3102/10/5 3084/10/5 3101/10/5
f 3103/11/5 3089/11/5 3088/11/5
f 3103/4/5 3088/4/5 3102/4/5
f 3104/11/5 3089/11/5 3103/11/5
f 3105/11/5 3089/11/5 3104/11/5
f 3106/11/5 3089/11/5 3105/11/5
f 3107/25/5 3090/25/5 3089/25/5
f 3107/11/5 3089/11/5 3106/11/5
f 3108/12/5 3091/12/5 3090/12/5
f 3108/25/5 3090/25/5 3107/25/5
f 3109/20/5 3092/20/5 3091/20/5
f 3109/12/5 3091/12/5 3108/12/5
f 3110/19/5 3093/19/5 3092/19/5
f 3110/20/5 3092/20/5 3109/20/5
f 3111/12/5 3094/12/5 3093/12/5
f 3111/19/5 3093/19/5 3110/19/5
f 3112/12/5 3094/12/5 3111/12/5
f 3113/12/5 3094/12/5 3112/12/5
f 3114/12/5 3094/12/5 3113/12/5
f 3115/12/5 3094/12/5 3114/12/5
f 3116/12/5 3094/12/5 3115/12/5
f 3117/15/5 3095/15/5 3094/15/5
f 3117/12/5 3094/12/5 3116/12/5
f 3118/15/5 3095/15/5 3117/15/5
f 3119/16/5 3096/16/5 3095/16/5
f 3119/15/5 3095/15/5 3118/15/5
f 3120/27/5 3097/27/5 3096/27/5
f 3120/16/5 3096/16/5 3119/16/5
f 3121/27/5 3097/27/5 3120/27/5
f 3122/27/5 3097/27/5 3121/27/5
f 3123/11/5 3098/11/5 3097/11/5
f 3123/27/5 3097/27/5 3122/27/5
f 3124/11/5 3098/11/5 3123/11/5
f 3125/27/5 3123/27/5 3122/27/5
f 3126/27/5 3123/27/5 3125/27/5
f 3129/11/5 3127/11/5 3126/11/5
f 3130/11/5 3127/11/5 3129/11/5
f 3132/27/5 3129/27/5 3128/27/5
f 3133/27/5 3129/27/5 3132/27/5
f 3156/27/5 3133/27/5 3132/27/5
f 3156/27/5 3132/27/5 3131/27/5
f 3157/11/5 3136/11/5 3135/11/5
f 3158/11/5 3136/11/5 3157/11/5
f 3159/4/5 3139/4/5 3138/4/5
f 3159/11/5 3140/11/5 3139/11/5
f 3159/11/5 3141/11/5 3140/11/5
f 3159/11/5 3142/11/5 3141/11/5
f 3159/11/5 3143/11/5 3142/11/5
f 3160/25/5 3144/25/5 3143/25/5
f 3160/11/5 3143/11/5 3159/11/5
f 3161/12/5 3145/12/5 3144/12/5
f 3161/25/5 3144/25/5 3160/25/5
f 3162/20/5 3146/20/5 3145/20/5
f 3162/12/5 3145/12/5 3161/12/5
f 3163/19/5 3147/19/5 3146/19/5
f 3163/20/5 3146/20/5 3162/20/5
f 3164/12/5 3148/12/5 3147/12/5
f 3164/19/5 3147/19/5 3163/19/5
f 3164/12/5 3149/12/5 3148/12/5
f 3164/12/5 3153/12/5 3152/12/5
f 3164/12/5 3152/12/5 3151/12/5
f 3164/12/5 3151/12/5 3150/12/5
f 3164/12/5 3150/12/5 3149/12/5
f 3165/15/5 3155/15/5 3154/15/5
f 3165/12/5 3153/12/5 3164/12/5
f 3165/15/5 3154/15/5 3153/15/5
f 3166/16/5 3156/16/5 3155/16/5
f 3166/15/5 3155/15/5 3165/15/5
f 3167/27/5 3133/27/5 3156/27/5
f 3167/16/5 3156/16/5 3166/16/5
f 3168/11/5 3134/11/5 3133/11/5
f 3168/27/5 3133/27/5 3167/27/5
f 3169/11/5 3134/11/5 3168/11/5
f 3170/11/5 3136/11/5 3158/11/5
f 3171/9/5 3137/9/5 3136/9/5
f 3171/11/5 3136/11/5 3170/11/5
f 3172/10/5 3138/10/5 3137/10/5
f 3172/9/5 3137/9/5 3171/9/5
f 3173/4/5 3159/4/5 3138/4/5
f 3173/10/5 3138/10/5 3172/10/5
f 3174/4/5 3159/4/5 3173/4/5
f 3181/11/5 3176/11/5 3175/11/5
f 3182/9/5 3177/9/5 3176/9/5
f 3182/11/5 3176/11/5 3181/11/5
f 3183/10/5 3178/10/5 3177/10/5
f 3183/9/5 3177/9/5 3182/9/5
f 3184/4/5 3179/4/5 3178/4/5
f 3184/10/5 3178/10/5 3183/10/5
f 3185/4/5 3179/4/5 3184/4/5
f 3197/11/5 3181/11/5 3180/11/5
f 3198/11/5 3181/11/5 3197/11/5
f 3199/11/5 3186/11/5 3185/11/5
f 3200/25/5 3187/25/5 3186/25/5
f 3200/11/5 3186/11/5 3199/11/5
f 3201/12/5 3188/12/5 3187/12/5
f 3201/25/5 3187/25/5 3200/25/5
f 3202/20/5 3189/20/5 3188/20/5
f 3202/12/5 3188/12/5 3201/12/5
f 3203/19/5 3190/19/5 3189/19/5
f 3203/20/5 3189/20/5 3202/20/5
f 3204/12/5 3191/12/5 3190/12/5
f 3204/19/5 3190/19/5 3203/19/5
f 3205/15/5 3192/15/5 3191/15/5
f 3205/12/5 3191/12/5 3204/12/5
f 3206/16/5 3193/16/5 3192/16/5
f 3206/15/5 3192/15/5 3205/15/5
f 3207/27/5 3194/27/5 3193/27/5
f 3207/16/5 3193/16/5 3206/16/5
f 3208/11/5 3195/11/5 3194/11/5
f 3208/27/5 3194/27/5 3207/27/5
f 3209/11/5 3195/11/5 3208/11/5
f 3210/11/5 3197/11/5 3196/11/5
f 3211/11/5 3197/11/5 3210/11/5
f 3214/11/5 3213/11/5 3212/11/5
f 3215/11/5 3213/11/5 3214/11/5
f 3216/11/5 3213/11/5 3215/11/5
f 3220/11/5 3218/11/5 3217/11/5
f 3220/11/5 3219/11/5 3218/11/5
f 3221/11/5 3219/11/5 3220/11/5
f 3224/11/5 3223/11/5 3222/11/5
f 3225/11/5 3223/11/5 3224/11/5
f 3238/11/5 3226/11/5 3225/11/5
f 3239/11/5 3226/11/5 3238/11/5
f 3243/11/5 3228/11/5 3227/11/5
f 3244/25/5 3229/25/5 3228/25/5
f 3244/11/5 3228/11/5 3243/11/5
f 3245/12/5 3230/12/5 3229/12/5
f 3245/25/5 3229/25/5 3244/25/5
f 3246/20/5 3231/20/5 3230/20/5
f 3246/12/5 3230/12/5 3245/12/5
f 3247/19/5 3232/19/5 3231/19/5
f 3247/20/5 3231/20/5 3246/20/5
f 3248/12/5 3233/12/5 3232/12/5
f 3248/19/5 3232/19/5 3247/19/5
f 3249/15/5 3234/15/5 3233/15/5
f 3249/12/5 3233/12/5 3248/12/5
f 3250/16/5 3235/16/5 3234/16/5
f 3250/15/5 3234/15/5 3249/15/5
f 3251/27/5 3236/27/5 3235/27/5
f 3251/16/5 3235/16/5 3250/16/5
f 3252/11/5 3237/11/5 3236/11/5
f 3252/27/5 3236/27/5 3251/27/5
f 3253/11/5 3237/11/5 3252/11/5
f 3254/11/5 3240/11/5 3239/11/5
f 3255/9/5 3241/9/5 3240/9/5
f 3255/11/5 3240/11/5 3254/11/5
f 3256/10/5 3242/10/5 3241/10/5
f 3256/9/5 3241/9/5 3255/9/5
f 3257/4/5 3243/4/5 3242/4/5
f 3257/10/5 3242/10/5 3256/10/5
f 3258/4/5 3243/4/5 3257/4/5
f 3271/23/5 3260/23/5 3259/23/5
f 3272/23/5 3260/23/5 3271/23/5
f 3273/30/5 3262/30/5 3261/30/5
f 3274/9/5 3263/9/5 3262/9/5
f 3274/30/5 3262/30/5 3273/30/5
f 3275/8/5 3264/8/5 3263/8/5
f 3275/9/5 3263/9/5 3274/9/5
f 3276/9/5 3265/9/5 3264/9/5
f 3276/8/5 3264/8/5 3275/8/5
f 3277/10/5 3266/10/5 3265/10/5
f 3277/9/5 3265/9/5 3276/9/5
f 3278/10/5 3266/10/5 3277/10/5
f 3279/10/5 3266/10/5 3278/10/5
f 3280/10/5 3266/10/5 3279/10/5
f 3281/10/5 3266/10/5 3280/10/5
f 3282/9/5 3267/9/5 3266/9/5
f 3282/10/5 3266/10/5 3281/10/5
f 3283/9/5 3267/9/5 3282/9/5
f 3284/10/5 3268/10/5 3267/10/5
f 3284/9/5 3267/9/5 3283/9/5
f 3285/10/5 3268/10/5 3284/10/5
f 3286/7/5 3269/7/5 3268/7/5
f 3286/10/5 3268/10/5 3285/10/5
f 3287/7/5 3269/7/5 3286/7/5
f 3288/23/5 3271/23/5 3270/23/5
f 3289/23/5 3271/23/5 3288/23/5
f 3292/7/5 3291/7/5 3290/7/5
f 3293/7/5 3291/7/5 3292/7/5
f 3296/23/5 3295/23/5 3294/23/5
f 3297/23/5 3295/23/5 3296/23/5
f 3314/23/5 3298/23/5 3297/23/5
f 3315/23/5 3298/23/5 3314/23/5
f 3316/30/5 3300/30/5 3299/30/5
f 3317/9/5 3301/9/5 3300/9/5
f 3317/30/5 3300/30/5 3316/30/5
f 3318/8/5 3302/8/5 3301/8/5
f 3318/9/5 3301/9/5 3317/9/5
f 3319/9/5 3303/9/5 3302/9/5
f 3319/8/5 3302/8/5 3318/8/5
f 3320/10/5 3304/10/5 3303/10/5
f 3320/9/5 3303/9/5 3319/9/5
f 3320/10/5 3305/10/5 3304/10/5
f 3320/10/5 3306/10/5 3305/10/5
f 3320/10/5 3307/10/5 3306/10/5
f 3320/10/5 3308/10/5 3307/10/5
f 3321/9/5 3310/9/5 3309/9/5
f 3321/10/5 3308/10/5 3320/10/5
f 3321/9/5 3309/9/5 3308/9/5
f 3322/10/5 3312/10/5 3311/10/5
f 3322/9/5 3310/9/5 3321/9/5
f 3322/10/5 3311/10/5 3310/10/5
f 3323/7/5 3313/7/5 3312/7/5
f 3323/10/5 3312/10/5 3322/10/5
f 3324/7/5 3313/7/5 3323/7/5
f 3343/23/5 3326/23/5 3325/23/5
f 3343/10/5 3327/10/5 3326/10/5
f 3344/7/5 3328/7/5 3327/7/5
f 3344/10/5 3327/10/5 3343/10/5
f 3345/11/5 3329/11/5 3328/11/5
f 3345/7/5 3328/7/5 3344/7/5
f 3346/4/5 3330/4/5 3329/4/5
f 3346/11/5 3329/11/5 3345/11/5
f 3346/4/5 3331/4/5 3330/4/5
f 3347/2/5 3332/2/5 3331/2/5
f 3347/4/5 3331/4/5 3346/4/5
f 3348/4/5 3333/4/5 3332/4/5
f 3348/2/5 3332/2/5 3347/2/5
f 3349/3/5 3334/3/5 3333/3/5
f 3349/4/5 3333/4/5 3348/4/5
f 3350/2/5 3335/2/5 3334/2/5
f 3350/3/5 3334/3/5 3349/3/5
f 3351/5/5 3336/5/5 3335/5/5
f 3351/2/5 3335/2/5 3350/2/5
f 3352/4/5 3337/4/5 3336/4/5
f 3352/5/5 3336/5/5 3351/5/5
f 3353/3/5 3338/3/5 3337/3/5
f 3353/4/5 3337/4/5 3352/4/5
f 3353/3/5 3339/3/5 3338/3/5
f 3354/2/5 3340/2/5 3339/2/5
f 3354/3/5 3339/3/5 3353/3/5
f 3355/1/5 3341/1/5 3340/1/5
f 3355/2/5 3340/2/5 3354/2/5
f 3356/2/5 3342/2/5 3341/2/5
f 3356/1/5 3341/1/5 3355/1/5
f 3357/2/5 3342/2/5 3356/2/5
f 3358/23/5 3343/23/5 3325/23/5
f 3359/23/5 3343/23/5 3358/23/5
f 3372/4/5 3361/4/5 3360/4/5
f 3373/4/5 3361/4/5 3372/4/5
f 3374/2/5 3362/2/5 3361/2/5
f 3374/4/5 3361/4/5 3373/4/5
f 3375/4/5 3363/4/5 3362/4/5
f 3375/2/5 3362/2/5 3374/2/5
f 3376/3/5 3364/3/5 3363/3/5
f 3376/4/5 3363/4/5 3375/4/5
f 3377/2/5 3365/2/5 3364/2/5
f 3377/3/5 3364/3/5 3376/3/5
f 3378/5/5 3366/5/5 3365/5/5
f 3378/2/5 3365/2/5 3377/2/5
f 3379/4/5 3367/4/5 3366/4/5
f 3379/5/5 3366/5/5 3378/5/5
f 3380/3/5 3368/3/5 3367/3/5
f 3380/4/5 3367/4/5 3379/4/5
f 3381/3/5 3368/3/5 3380/3/5
f 3382/2/5 3369/2/5 3368/2/5
f 3382/3/5 3368/3/5 3381/3/5
f 3383/1/5 3370/1/5 3369/1/5
f 3383/2/5 3369/2/5 3382/2/5
f 3384/2/5 3371/2/5 3370/2/5
f 3384/1/5 3370/1/5 3383/1/5
f 3385/2/5 3371/2/5 3384/2/5
f 3399/4/5 3387/4/5 3386/4/5
f 3400/2/5 3388/2/5 3387/2/5
f 3400/4/5 3387/4/5 3399/4/5
f 3401/4/5 3389/4/5 3388/4/5
f 3401/2/5 3388/2/5 3400/2/5
f 3402/3/5 3390/3/5 3389/3/5
f 3402/4/5 3389/4/5 3401/4/5
f 3403/2/5 3391/2/5 3390/2/5
f 3403/3/5 3390/3/5 3402/3/5
f 3404/5/5 3392/5/5 3391/5/5
f 3404/2/5 3391/2/5 3403/2/5
f 3405/4/5 3393/4/5 3392/4/5
f 3405/5/5 3392/5/5 3404/5/5
f 3406/3/5 3394/3/5 3393/3/5
f 3406/4/5 3393/4/5 3405/4/5
f 3406/3/5 3395/3/5 3394/3/5
f 3407/2/5 3396/2/5 3395/2/5
f 3407/3/5 3395/3/5 3406/3/5
f 3408/1/5 3397/1/5 3396/1/5
f 3408/2/5 3396/2/5 3407/2/5
f 3409/2/5 3398/2/5 3397/2/5
f 3409/1/5 3397/1/5 3408/1/5
f 3410/2/5 3398/2/5 3409/2/5
f 3423/4/5 3412/4/5 3411/4/5
f 3424/2/5 3413/2/5 3412/2/5
f 3424/4/5 3412/4/5 3423/4/5
f 3425/4/5 3414/4/5 3413/4/5
f 3425/2/5 3413/2/5 3424/2/5
f 3426/3/5 3415/3/5 3414/3/5
f 3426/4/5 3414/4/5 3425/4/5
f 3427/2/5 3416/2/5 3415/2/5
f 3427/3/5 3415/3/5 3426/3/5
f 3428/5/5 3417/5/5 3416/5/5
f 3428/2/5 3416/2/5 3427/2/5
f 3429/4/5 3418/4/5 3417/4/5
f 3429/5/5 3417/5/5 3428/5/5
f 3430/3/5 3419/3/5 3418/3/5
f 3430/4/5 3418/4/5 3429/4/5
f 3431/3/5 3419/3/5 3430/3/5
f 3432/2/5 3420/2/5 3419/2/5
f 3432/3/5 3419/3/5 3431/3/5
f 3433/1/5 3421/1/5 3420/1/5
f 3433/2/5 3420/2/5 3432/2/5
f 3434/2/5 3422/2/5 3421/2/5
f 3434/1/5 3421/1/5 3433/1/5
f 3435/2/5 3422/2/5 3434/2/5
f 3451/10/5 3437/10/5 3436/10/5
f 3452/7/5 3438/7/5 3437/7/5
f 3452/10/5 3437/10/5 3451/10/5
f 3453/11/5 3439/11/5 3438/11/5
f 3453/7/5 3438/7/5 3452/7/5
f 3454/4/5 3440/4/5 3439/4/5
f 3454/11/5 3439/11/5 3453/11/5
f 3455/4/5 3440/4/5 3454/4/5
f 3456/2/5 3441/2/5 3440/2/5
f 3456/4/5 3440/4/5 3455/4/5
f 3457/4/5 3442/4/5 3441/4/5
f 3457/2/5 3441/2/5 3456/2/5
f 3458/3/5 3443/3/5 3442/3/5
f 3458/4/5 3442/4/5 3457/4/5
f 3459/2/5 3444/2/5 3443/2/5
f 3459/3/5 3443/3/5 3458/3/5
f 3460/5/5 3445/5/5 3444/5/5
f 3460/2/5 3444/2/5 3459/2/5
f 3461/4/5 3446/4/5 3445/4/5
f 3461/5/5 3445/5/5 3460/5/5
f 3462/3/5 3447/3/5 3446/3/5
f 3462/4/5 3446/4/5 3461/4/5
f 3463/2/5 3448/2/5 3447/2/5
f 3463/3/5 3447/3/5 3462/3/5
f 3464/1/5 3449/1/5 3448/1/5
f 3464/2/5 3448/2/5 3463/2/5
f 3465/2/5 3450/2/5 3449/2/5
f 3465/1/5 3449/1/5 3464/1/5
f 3466/2/5 3450/2/5 3465/2/5
f 3479/4/5 3468/4/5 3467/4/5
f 3480/2/5 3469/2/5 3468/2/5
f 3480/4/5 3468/4/5 3479/4/5
f 3481/4/5 3470/4/5 3469/4/5
f 3481/2/5 3469/2/5 3480/2/5
f 3482/3/5 3471/3/5 3470/3/5
f 3482/4/5 3470/4/5 3481/4/5
f 3483/2/5 3472/2/5 3471/2/5
f 3483/3/5 3471/3/5 3482/3/5
f 3484/5/5 3473/5/5 3472/5/5
f 3484/2/5 3472/2/5 3483/2/5
f 3485/4/5 3474/4/5 3473/4/5
f 3485/5/5 3473/5/5 3484/5/5
f 3486/3/5 3475/3/5 3474/3/5
f 3486/4/5 3474/4/5 3485/4/5
f 3487/2/5 3476/2/5 3475/2/5
f 3487/3/5 3475/3/5 3486/3/5
f 3488/1/5 3477/1/5 3476/1/5
f 3488/2/5 3476/2/5 3487/2/5
f 3489/2/5 3478/2/5 3477/2/5
f 3489/1/5 3477/1/5 3488/1/5
f 3490/2/5 3478/2/5 3489/2/5
f 3491/30/6 3492/30/6 3496/30/6
f 3492/9/6 3493/9/6 3497/9/6
f 3496/30/6 3492/30/6 3497/30/6
f 3497/9/6 3493/9/6 3498/9/6
f 3494/9/6 3495/9/6 3499/9/6
f 3499/9/6 3495/9/6 3500/9/6
f 3501/30/6 3502/30/6 3504/30/6
f 3504/30/6 3502/30/6 3505/30/6
f 3503/24/6 3504/24/6 3507/24/6
f 3507/24/6 3504/24/6 3508/24/6
f 3506/24/6 3507/24/6 3509/24/6
f 3509/24/6 3507/24/6 3510/24/6
f 3510/24/6 3511/24/6 3512/24/6
f 3512/24/6 3511/24/6 3513/24/6
f 3513/30/6 3514/30/6 3515/30/6
f 3515/30/6 3514/30/6 3516/30/6
f 3517/30/6 3518/30/6 3520/30/6
f 3520/30/6 3518/30/6 3521/30/6
f 3519/30/6 3520/30/6 3523/30/6
f 3523/30/6 3520/30/6 3524/30/6
f 3522/24/6 3523/24/6 3527/24/6
f 3527/24/6 3523/24/6 3528/24/6
f 3525/11/6 3526/11/6 3530/11/6
f 3530/11/6 3526/11/6 3531/11/6
f 3528/30/6 3529/30/6 3532/30/6
f 3532/30/6 3529/30/6 3533/30/6
f 3533/30/6 3534/30/6 3535/30/6
f 3535/30/6 3534/30/6 3536/30/6
f 3537/15/6 3538/15/6 3540/15/6
f 3540/15/6 3538/15/6 3541/15/6
f 3539/30/6 3540/30/6 3543/30/6
f 3543/30/6 3540/30/6 3544/30/6
f 3542/30/6 3543/30/6 3547/30/6
f 3547/30/6 3543/30/6 3548/30/6
f 3545/11/6 3546/11/6 3550/11/6
f 3550/11/6 3546/11/6 3551/11/6
f 3548/30/6 3549/30/6 3552/30/6
f 3552/30/6 3549/30/6 3553/30/6
f 3553/15/6 3554/15/6 3555/15/6
f 3555/15/6 3554/15/6 3556/15/6
f 3557/15/6 3558/15/6 3560/15/6
f 3560/15/6 3558/15/6 3561/15/6
f 3559/15/6 3560/15/6 3563/15/6
f 3563/15/6 3560/15/6 3564/15/6
f 3562/30/6 3563/30/6 3565/30/6
f 3565/30/6 3563/30/6 3566/30/6
f 3566/15/6 3567/15/6 3568/15/6
f 3568/15/6 3567/15/6 3569/15/6
f 3569/15/6 3570/15/6 3571/15/6
f 3571/15/6 3570/15/6 3572/15/6
f 3573/15/6 3574/15/6 3576/15/6
f 3576/15/6 3574/15/6 3577/15/6
f 3575/30/6 3576/30/6 3579/30/6
f 3579/30/6 3576/30/6 3580/30/6
f 3578/30/6 3579/30/6 3581/30/6
f 3581/30/6 3579/30/6 3582/30/6
f 3582/30/6 3583/30/6 3584/30/6
f 3584/30/6 3583/30/6 3585/30/6
f 3585/15/6 3586/15/6 3587/15/6
f 3587/15/6 3586/15/6 3588/15/6
f 3589/15/6 3590/15/6 3592/15/6
f 3592/15/6 3590/15/6 3593/15/6
f 3591/15/6 3592/15/6 3595/15/6
f 3595/15/6 3592/15/6 3596/15/6
f 3594/30/6 3595/30/6 3597/30/6
f 3597/30/6 3595/30/6 3598/30/6
f 3598/15/6 3599/15/6 3600/15/6
f 3600/15/6 3599/15/6 3601/15/6
f 3601/15/6 3602/15/6 3603/15/6
f 3603/15/6 3602/15/6 3604/15/6
f 3605/25/6 3606/25/6 3609/25/6
f 3606/22/6 3607/22/6 3610/22/6
f 3609/25/6 3606/25/6 3610/25/6
f 3610/22/6 3607/22/6 3611/22/6
f 3608/24/6 3609/24/6 3613/24/6
f 3609/25/6 3610/25/6 3614/25/6
f 3613/24/6 3609/24/6 3614/24/6
f 3614/25/6 3610/25/6 3615/25/6
f 3612/24/6 3613/24/6 3616/24/6
f 3616/24/6 3613/24/6 3617/24/6
f 3617/24/6 3618/24/6 3620/24/6
f 3618/25/6 3619/25/6 3621/25/6
f 3620/24/6 3618/24/6 3621/24/6
f 3621/25/6 3619/25/6 3622/25/6
f 3621/25/6 3622/25/6 3624/25/6
f 3622/22/6 3623/22/6 3625/22/6
f 3624/25/6 3622/25/6 3625/25/6
f 3625/22/6 3623/22/6 3626/22/6
f 3627/22/6 3628/22/6 3630/22/6
f 3630/22/6 3628/22/6 3631/22/6
f 3629/22/6 3630/22/6 3634/22/6
f 3634/22/6 3630/22/6 3635/22/6
f 3632/24/6 3633/24/6 3636/24/6
f 3633/25/6 3634/25/6 3637/25/6
f 3636/24/6 3633/24/6 3637/24/6
f 3637/25/6 3634/25/6 3638/25/6
f 3638/22/6 3639/22/6 3640/22/6
f 3640/22/6 3639/22/6 3641/22/6
f 3641/22/6 3642/22/6 3643/22/6
f 3643/22/6 3642/22/6 3644/22/6
f 3645/9/6 3646/9/6 3662/9/6
f 3646/10/6 3647/10/6 3663/10/6
f 3662/9/6 3646/9/6 3663/9/6
f 3647/4/6 3648/4/6 3664/4/6
f 3663/10/6 3647/10/6 3664/10/6
f 3648/11/6 3649/11/6 3665/11/6
f 3664/4/6 3648/4/6 3665/4/6
f 3659/30/6 3660/30/6 3667/30/6
f 3660/15/6 3661/15/6 3668/15/6
f 3667/30/6 3660/30/6 3668/30/6
f 3668/15/6 3661/15/6 3669/15/6
f 3665/11/6 3649/11/6 3670/11/6
f 3649/25/6 3650/25/6 3671/25/6
f 3670/11/6 3649/11/6 3671/11/6
f 3650/12/6 3651/12/6 3672/12/6
f 3671/25/6 3650/25/6 3672/25/6
f 3651/20/6 3652/20/6 3673/20/6
f 3672/12/6 3651/12/6 3673/12/6
f 3652/19/6 3653/19/6 3674/19/6
f 3673/20/6 3652/20/6 3674/20/6
f 3653/12/6 3654/12/6 3675/12/6
f 3674/19/6 3653/19/6 3675/19/6
f 3654/15/6 3655/15/6 3676/15/6
f 3675/12/6 3654/12/6 3676/12/6
f 3655/16/6 3656/16/6 3677/16/6
f 3676/15/6 3655/15/6 3677/15/6
f 3656/27/6 3657/27/6 3678/27/6
f 3677/16/6 3656/16/6 3678/16/6
f 3657/11/6 3658/11/6 3679/11/6
f 3678/27/6 3657/27/6 3679/27/6
f 3679/11/6 3658/11/6 3680/11/6
f 3666/30/6 3667/30/6 3682/30/6
f 3667/30/6 3668/30/6 3682/30/6
f 3682/30/6 3668/30/6 3683/30/6
f 3681/30/6 3682/30/6 3684/30/6
f 3684/30/6 3682/30/6 3685/30/6
f 3685/30/6 3686/30/6 3687/30/6
f 3687/30/6 3686/30/6 3688/30/6
f 3688/30/6 3686/30/6 3689/30/6
f 3688/30/6 3689/30/6 3702/30/6
f 3689/15/6 3690/15/6 3703/15/6
f 3702/30/6 3689/30/6 3703/30/6
f 3703/15/6 3690/15/6 3704/15/6
f 3691/11/6 3692/11/6 3705/11/6
f 3692/25/6 3693/25/6 3706/25/6
f 3705/11/6 3692/11/6 3706/11/6
f 3693/12/6 3694/12/6 3707/12/6
f 3706/25/6 3693/25/6 3707/25/6
f 3694/20/6 3695/20/6 3708/20/6
f 3707/12/6 3694/12/6 3708/12/6
f 3695/19/6 3696/19/6 3709/19/6
f 3708/20/6 3695/20/6 3709/20/6
f 3696/12/6 3697/12/6 3710/12/6
f 3709/19/6 3696/19/6 3710/19/6
f 3697/15/6 3698/15/6 3711/15/6
f 3710/12/6 3697/12/6 3711/12/6
f 3698/16/6 3699/16/6 3712/16/6
f 3711/15/6 3698/15/6 3712/15/6
f 3699/27/6 3700/27/6 3713/27/6
f 3712/16/6 3699/16/6 3713/16/6
f 3700/11/6 3701/11/6 3714/11/6
f 3713/27/6 3700/27/6 3714/27/6
f 3714/11/6 3701/11/6 3715/11/6
f 3716/11/6 3717/11/6 3735/11/6
f 3717/9/6 3718/9/6 3735/9/6
f 3718/10/6 3719/10/6 3736/10/6
f 3735/9/6 3718/9/6 3736/9/6
f 3719/4/6 3720/4/6 3737/4/6
f 3736/10/6 3719/10/6 3737/10/6
f 3720/11/6 3721/11/6 3738/11/6
f 3737/4/6 3720/4/6 3738/4/6
f 3721/11/6 3722/11/6 3738/11/6
f 3722/11/6 3723/11/6 3738/11/6
f 3723/11/6 3724/11/6 3738/11/6
f 3724/25/6 3725/25/6 3739/25/6
f 3738/11/6 3724/11/6 3739/11/6
f 3725/12/6 3726/12/6 3740/12/6
f 3739/25/6 3725/25/6 3740/25/6
f 3726/20/6 3727/20/6 3741/20/6
f 3740/12/6 3726/12/6 3741/12/6
f 3727/19/6 3728/19/6 3742/19/6
f 3741/20/6 3727/20/6 3742/20/6
f 3729/12/6 3730/12/6 3743/12/6
f 3742/19/6 3728/19/6 3743/19/6
f 3728/12/6 3729/12/6 3743/12/6
f 3730/15/6 3731/15/6 3744/15/6
f 3743/12/6 3730/12/6 3744/12/6
f 3731/16/6 3732/16/6 3745/16/6
f 3744/15/6 3731/15/6 3745/15/6
f 3732/27/6 3733/27/6 3746/27/6
f 3745/16/6 3732/16/6 3746/16/6
f 3733/11/6 3734/11/6 3747/11/6
f 3746/27/6 3733/27/6 3747/27/6
f 3747/11/6 3734/11/6 3748/11/6
f 3716/11/6 3735/11/6 3751/11/6
f 3751/11/6 3735/11/6 3752/11/6
f 3749/15/6 3750/15/6 3754/15/6
f 3754/15/6 3750/15/6 3755/15/6
f 3753/15/6 3754/15/6 3768/15/6
f 3768/15/6 3754/15/6 3769/15/6
f 3756/11/6 3757/11/6 3770/11/6
f 3770/11/6 3757/11/6 3771/11/6
f 3771/11/6 3757/11/6 3772/11/6
f 3772/11/6 3757/11/6 3773/11/6
f 3757/25/6 3758/25/6 3774/25/6
f 3773/11/6 3757/11/6 3774/11/6
f 3758/12/6 3759/12/6 3775/12/6
f 3774/25/6 3758/25/6 3775/25/6
f 3759/20/6 3760/20/6 3776/20/6
f 3775/12/6 3759/12/6 3776/12/6
f 3760/19/6 3761/19/6 3777/19/6
f 3776/20/6 3760/20/6 3777/20/6
f 3761/12/6 3762/12/6 3778/12/6
f 3777/19/6 3761/19/6 3778/19/6
f 3778/12/6 3762/12/6 3779/12/6
f 3762/15/6 3763/15/6 3780/15/6
f 3779/12/6 3762/12/6 3780/12/6
f 3763/16/6 3764/16/6 3781/16/6
f 3780/15/6 3763/15/6 3781/15/6
f 3764/27/6 3765/27/6 3782/27/6
f 3781/16/6 3764/16/6 3782/16/6
f 3765/11/6 3766/11/6 3783/11/6
f 3782/27/6 3765/27/6 3783/27/6
f 3783/11/6 3766/11/6 3784/11/6
f 3767/30/6 3768/30/6 3785/30/6
f 3785/30/6 3768/30/6 3786/30/6
f 3786/15/6 3787/15/6 3802/15/6
f 3802/15/6 3787/15/6 3803/15/6
f 3788/11/6 3789/11/6 3805/11/6
f 3789/11/6 3790/11/6 3805/11/6
f 3790/11/6 3791/11/6 3805/11/6
f 3791/25/6 3792/25/6 3806/25/6
f 3805/11/6 3791/11/6 3806/11/6
f 3792/12/6 3793/12/6 3807/12/6
f 3806/25/6 3792/25/6 3807/25/6
f 3793/20/6 3794/20/6 3808/20/6
f 3807/12/6 3793/12/6 3808/12/6
f 3794/19/6 3795/19/6 3809/19/6
f 3808/20/6 3794/20/6 3809/20/6
f 3795/12/6 3796/12/6 3810/12/6
f 3809/19/6 3795/19/6 3810/19/6
f 3796/12/6 3797/12/6 3810/12/6
f 3797/15/6 3798/15/6 3811/15/6
f 3810/12/6 3797/12/6 3811/12/6
f 3798/16/6 3799/16/6 3812/16/6
f 3811/15/6 3798/15/6 3812/15/6
f 3799/27/6 3800/27/6 3813/27/6
f 3812/16/6 3799/16/6 3813/16/6
f 3800/11/6 3801/11/6 3814/11/6
f 3813/27/6 3800/27/6 3814/27/6
f 3814/11/6 3801/11/6 3815/11/6
f 3803/15/6 3804/15/6 3816/15/6
f 3816/15/6 3804/15/6 3817/15/6
f 3818/11/6 3819/11/6 3829/11/6
f 3829/11/6 3819/11/6 3830/11/6
f 3830/11/6 3819/11/6 3831/11/6
f 3819/25/6 3820/25/6 3832/25/6
f 3831/11/6 3819/11/6 3832/11/6
f 3820/12/6 3821/12/6 3833/12/6
f 3832/25/6 3820/25/6 3833/25/6
f 3821/20/6 3822/20/6 3834/20/6
f 3833/12/6 3821/12/6 3834/12/6
f 3822/19/6 3823/19/6 3835/19/6
f 3834/20/6 3822/20/6 3835/20/6
f 3823/12/6 3824/12/6 3836/12/6
f 3835/19/6 3823/19/6 3836/19/6
f 3836/12/6 3824/12/6 3837/12/6
f 3824/15/6 3825/15/6 3838/15/6
f 3837/12/6 3824/12/6 3838/12/6
f 3825/16/6 3826/16/6 3839/16/6
f 3838/15/6 3825/15/6 3839/15/6
f 3826/27/6 3827/27/6 3840/27/6
f 3839/16/6 3826/16/6 3840/16/6
f 3827/11/6 3828/11/6 3841/11/6
f 3840/27/6 3827/27/6 3841/27/6
f 3841/11/6 3828/11/6 3842/11/6
f 3843/26/6 3844/26/6 3847/26/6
f 3847/26/6 3844/26/6 3848/26/6
f 3844/25/6 3845/25/6 3849/25/6
f 3848/26/6 3844/26/6 3849/26/6
f 3849/25/6 3845/25/6 3850/25/6
f 3847/26/6 3848/26/6 3852/26/6
f 3846/26/6 3847/26/6 3852/26/6
f 3852/26/6 3848/26/6 3853/26/6
f 3851/26/6 3852/26/6 3854/26/6
f 3854/26/6 3852/26/6 3855/26/6
f 3855/26/6 3856/26/6 3857/26/6
f 3857/26/6 3856/26/6 3858/26/6
f 3858/26/6 3856/26/6 3859/26/6
f 3858/26/6 3859/26/6 3862/26/6
f 3859/26/6 3860/26/6 3862/26/6
f 3860/25/6 3861/25/6 3863/25/6
f 3862/26/6 3860/26/6 3863/26/6
f 3863/25/6 3861/25/6 3864/25/6
f 3865/23/6 3866/23/6 3877/23/6
f 3877/23/6 3866/23/6 3878/23/6
f 3867/30/6 3868/30/6 3879/30/6
f 3868/9/6 3869/9/6 3880/9/6
f 3879/30/6 3868/30/6 3880/30/6
f 3869/8/6 3870/8/6 3881/8/6
f 3880/9/6 3869/9/6 3881/9/6
f 3870/9/6 3871/9/6 3882/9/6
f 3881/8/6 3870/8/6 3882/8/6
f 3871/10/6 3872/10/6 3883/10/6
f 3882/9/6 3871/9/6 3883/9/6
f 3883/10/6 3872/10/6 3884/10/6
f 3884/10/6 3872/10/6 3885/10/6
f 3885/10/6 3872/10/6 3886/10/6
f 3886/10/6 3872/10/6 3887/10/6
f 3872/9/6 3873/9/6 3888/9/6
f 3887/10/6 3872/10/6 3888/10/6
f 3888/9/6 3873/9/6 3889/9/6
f 3873/10/6 3874/10/6 3890/10/6
f 3889/9/6 3873/9/6 3890/9/6
f 3874/7/6 3875/7/6 3891/7/6
f 3890/10/6 3874/10/6 3891/10/6
f 3891/7/6 3875/7/6 3892/7/6
f 3876/23/6 3877/23/6 3893/23/6
f 3893/23/6 3877/23/6 3894/23/6
f 3895/26/6 3896/26/6 3898/26/6
f 3897/26/6 3898/26/6 3914/26/6
f 3898/26/6 3896/26/6 3915/26/6
f 3914/26/6 3898/26/6 3915/26/6
f 3899/30/6 3900/30/6 3916/30/6
f 3900/9/6 3901/9/6 3917/9/6
f 3916/30/6 3900/30/6 3917/30/6
f 3901/8/6 3902/8/6 3918/8/6
f 3917/9/6 3901/9/6 3918/9/6
f 3902/9/6 3903/9/6 3919/9/6
f 3918/8/6 3902/8/6 3919/8/6
f 3903/10/6 3904/10/6 3920/10/6
f 3919/9/6 3903/9/6 3920/9/6
f 3904/10/6 3905/10/6 3920/10/6
f 3905/10/6 3906/10/6 3920/10/6
f 3906/10/6 3907/10/6 3920/10/6
f 3907/10/6 3908/10/6 3920/10/6
f 3920/10/6 3908/10/6 3921/10/6
f 3921/10/6 3908/10/6 3922/10/6
f 3922/10/6 3908/10/6 3923/10/6
f 3923/10/6 3908/10/6 3924/10/6
f 3909/9/6 3910/9/6 3925/9/6
f 3924/10/6 3908/10/6 3925/10/6
f 3908/9/6 3909/9/6 3925/9/6
f 3925/9/6 3910/9/6 3926/9/6
f 3910/10/6 3911/10/6 3927/10/6
f 3926/9/6 3910/9/6 3927/9/6
f 3927/10/6 3911/10/6 3928/10/6
f 3912/7/6 3913/7/6 3929/7/6
f 3929/7/6 3913/7/6 3930/7/6
f 3915/26/6 3896/26/6 3931/26/6
f 3931/26/6 3896/26/6 3932/26/6
f 3933/23/6 3934/23/6 3935/23/6
f 3935/23/6 3934/23/6 3936/23/6
f 3936/23/6 3937/23/6 3952/23/6
f 3952/23/6 3937/23/6 3953/23/6
f 3938/30/6 3939/30/6 3954/30/6
f 3939/9/6 3940/9/6 3955/9/6
f 3954/30/6 3939/30/6 3955/30/6
f 3940/8/6 3941/8/6 3956/8/6
f 3955/9/6 3940/9/6 3956/9/6
f 3941/9/6 3942/9/6 3957/9/6
f 3956/8/6 3941/8/6 3957/8/6
f 3942/10/6 3943/10/6 3958/10/6
f 3957/9/6 3942/9/6 3958/9/6
f 3943/10/6 3944/10/6 3958/10/6
f 3944/10/6 3945/10/6 3958/10/6
f 3945/10/6 3946/10/6 3958/10/6
f 3946/10/6 3947/10/6 3958/10/6
f 3948/9/6 3949/9/6 3959/9/6
f 3958/10/6 3947/10/6 3959/10/6
f 3947/9/6 3948/9/6 3959/9/6
f 3949/10/6 3950/10/6 3960/10/6
f 3959/9/6 3949/9/6 3960/9/6
f 3950/7/6 3951/7/6 3961/7/6
f 3960/10/6 3950/10/6 3961/10/6
f 3961/7/6 3951/7/6 3962/7/6
f 3963/23/6 3964/23/6 3969/23/6
f 3964/10/6 3965/10/6 3970/10/6
f 3969/23/6 3964/23/6 3970/23/6
f 3965/7/6 3966/7/6 3971/7/6
f 3970/10/6 3965/10/6 3971/10/6
f 3966/11/6 3967/11/6 3972/11/6
f 3971/7/6 3966/7/6 3972/7/6
f 3972/11/6 3967/11/6 3973/11/6
f 3968/23/6 3969/23/6 3986/23/6
f 3986/23/6 3969/23/6 3987/23/6
f 3973/4/6 3974/4/6 3988/4/6
f 3974/2/6 3975/2/6 3989/2/6
f 3988/4/6 3974/4/6 3989/4/6
f 3975/4/6 3976/4/6 3990/4/6
f 3989/2/6 3975/2/6 3990/2/6
f 3976/3/6 3977/3/6 3991/3/6
f 3990/4/6 3976/4/6 3991/4/6
f 3977/2/6 3978/2/6 3992/2/6
f 3991/3/6 3977/3/6 3992/3/6
f 3978/5/6 3979/5/6 3993/5/6
f 3992/2/6 3978/2/6 3993/2/6
f 3979/4/6 3980/4/6 3994/4/6
f 3993/5/6 3979/5/6 3994/5/6
f 3980/3/6 3981/3/6 3995/3/6
f 3994/4/6 3980/4/6 3995/4/6
f 3981/2/6 3982/2/6 3996/2/6
f 3995/3/6 3981/3/6 3996/3/6
f 3982/1/6 3983/1/6 3997/1/6
f 3996/2/6 3982/2/6 3997/2/6
f 3983/2/6 3984/2/6 3998/2/6
f 3997/1/6 3983/1/6 3998/1/6
f 3998/2/6 3984/2/6 3999/2/6
f 3985/23/6 3986/23/6 4000/23/6
f 4000/23/6 3986/23/6 4001/23/6
f 4000/26/6 4001/26/6 4003/26/6
f 4003/26/6 4001/26/6 4004/26/6
f 4005/4/6 4006/4/6 4017/4/6
f 4006/2/6 4007/2/6 4018/2/6
f 4017/4/6 4006/4/6 4018/4/6
f 4007/4/6 4008/4/6 4019/4/6
f 4018/2/6 4007/2/6 4019/2/6
f 4008/3/6 4009/3/6 4020/3/6
f 4019/4/6 4008/4/6 4020/4/6
f 4009/2/6 4010/2/6 4021/2/6
f 4020/3/6 4009/3/6 4021/3/6
f 4010/5/6 4011/5/6 4022/5/6
f 4021/2/6 4010/2/6 4022/2/6
f 4011/4/6 4012/4/6 4023/4/6
f 4022/5/6 4011/5/6 4023/5/6
f 4012/3/6 4013/3/6 4024/3/6
f 4023/4/6 4012/4/6 4024/4/6
f 4013/2/6 4014/2/6 4025/2/6
f 4024/3/6 4013/3/6 4025/3/6
f 4014/1/6 4015/1/6 4026/1/6
f 4025/2/6 4014/2/6 4026/2/6
f 4026/1/6 4015/1/6 4027/1/6
f 4027/1/6 4015/1/6 4028/1/6
f 4015/2/6 4016/2/6 4029/2/6
f 4028/1/6 4015/1/6 4029/1/6
f 4029/2/6 4016/2/6 4030/2/6
f 4030/2/6 4016/2/6 4031/2/6
f 4027/1/6 4028/1/6 4042/1/6
f 4042/1/6 4028/1/6 4043/1/6
f 4002/26/6 4003/26/6 4047/26/6
f 4047/26/6 4003/26/6 4048/26/6
f 4032/4/6 4033/4/6 4050/4/6
f 4033/2/6 4034/2/6 4051/2/6
f 4050/4/6 4033/4/6 4051/4/6
f 4034/4/6 4035/4/6 4052/4/6
f 4051/2/6 4034/2/6 4052/2/6
f 4035/3/6 4036/3/6 4053/3/6
f 4052/4/6 4035/4/6 4053/4/6
f 4036/2/6 4037/2/6 4054/2/6
f 4053/3/6 4036/3/6 4054/3/6
f 4037/5/6 4038/5/6 4055/5/6
f 4054/2/6 4037/2/6 4055/2/6
f 4038/4/6 4039/4/6 4056/4/6
f 4055/5/6 4038/5/6 4056/5/6
f 4039/3/6 4040/3/6 4057/3/6
f 4056/4/6 4039/4/6 4057/4/6
f 4040/2/6 4041/2/6 4058/2/6
f 4057/3/6 4040/3/6 4058/3/6
f 4041/1/6 4042/1/6 4059/1/6
f 4058/2/6 4041/2/6 4059/2/6
f 4042/1/6 4043/1/6 4059/1/6
f 4043/1/6 4044/1/6 4059/1/6
f 4045/2/6 4046/2/6 4060/2/6
f 4059/1/6 4044/1/6 4060/1/6
f 4044/2/6 4045/2/6 4060/2/6
f 4060/2/6 4046/2/6 4061/2/6
f 4048/26/6 4049/26/6 4062/26/6
f 4062/26/6 4049/26/6 4063/26/6
f 4062/23/6 4063/23/6 4064/23/6
f 4064/23/6 4063/23/6 4065/23/6
f 4065/23/6 4066/23/6 4079/23/6
f 4079/23/6 4066/23/6 4080/23/6
f 4067/4/6 4068/4/6 4084/4/6
f 4068/2/6 4069/2/6 4085/2/6
f 4084/4/6 4068/4/6 4085/4/6
f 4069/4/6 4070/4/6 4086/4/6
f 4085/2/6 4069/2/6 4086/2/6
f 4070/3/6 4071/3/6 4087/3/6
f 4086/4/6 4070/4/6 4087/4/6
f 4071/2/6 4072/2/6 4088/2/6
f 4087/3/6 4071/3/6 4088/3/6
f 4072/5/6 4073/5/6 4089/5/6
f 4088/2/6 4072/2/6 4089/2/6
f 4073/4/6 4074/4/6 4090/4/6
f 4089/5/6 4073/5/6 4090/5/6
f 4074/3/6 4075/3/6 4091/3/6
f 4090/4/6 4074/4/6 4091/4/6
f 4075/2/6 4076/2/6 4092/2/6
f 4091/3/6 4075/3/6 4092/3/6
f 4076/1/6 4077/1/6 4093/1/6
f 4092/2/6 4076/2/6 4093/2/6
f 4077/2/6 4078/2/6 4094/2/6
f 4093/1/6 4077/1/6 4094/1/6
f 4094/2/6 4078/2/6 4095/2/6
f 4080/23/6 4081/23/6 4096/23/6
f 4081/10/6 4082/10/6 4097/10/6
f 4096/23/6 4081/23/6 4097/23/6
f 4082/7/6 4083/7/6 4098/7/6
f 4097/10/6 4082/10/6 4098/10/6
f 4083/11/6 4084/11/6 4099/11/6
f 4098/7/6 4083/7/6 4099/7/6
f 4099/11/6 4084/11/6 4100/11/6
f 4101/23/6 4102/23/6 4106/23/6
f 4102/10/6 4103/10/6 4107/10/6
f 4106/23/6 4102/23/6 4107/23/6
f 4103/7/6 4104/7/6 4108/7/6
f 4107/10/6 4103/10/6 4108/10/6
f 4104/11/6 4105/11/6 4109/11/6
f 4108/7/6 4104/7/6 4109/7/6
f 4109/11/6 4105/11/6 4110/11/6
f 4110/4/6 4111/4/6 4125/4/6
f 4111/2/6 4112/2/6 4126/2/6
f 4125/4/6 4111/4/6 4126/4/6
f 4112/4/6 4113/4/6 4127/4/6
f 4126/2/6 4112/2/6 4127/2/6
f 4113/3/6 4114/3/6 4128/3/6
f 4127/4/6 4113/4/6 4128/4/6
f 4114/2/6 4115/2/6 4129/2/6
f 4128/3/6 4114/3/6 4129/3/6
f 4115/5/6 4116/5/6 4130/5/6
f 4129/2/6 4115/2/6 4130/2/6
f 4116/4/6 4117/4/6 4131/4/6
f 4130/5/6 4116/5/6 4131/5/6
f 4117/3/6 4118/3/6 4132/3/6
f 4131/4/6 4117/4/6 4132/4/6
f 4118/2/6 4119/2/6 4133/2/6
f 4132/3/6 4118/3/6 4133/3/6
f 4119/1/6 4120/1/6 4134/1/6
f 4133/2/6 4119/2/6 4134/2/6
f 4134/1/6 4120/1/6 4135/1/6
f 4121/2/6 4122/2/6 4136/2/6
f 4136/2/6 4122/2/6 4137/2/6
f 4123/26/6 4124/26/6 4138/26/6
f 4108/7/6 4109/7/6 4140/7/6
f 4140/7/6 4109/7/6 4141/7/6
f 4138/23/6 4139/23/6 4145/23/6
f 4123/26/6 4138/26/6 4145/26/6
f 4139/10/6 4140/10/6 4146/10/6
f 4145/23/6 4139/23/6 4146/23/6
f 4140/7/6 4141/7/6 4147/7/6
f 4146/10/6 4140/10/6 4147/10/6
f 4141/11/6 4142/11/6 4148/11/6
f 4147/7/6 4141/7/6 4148/7/6
f 4148/11/6 4142/11/6 4149/11/6
f 4143/1/6 4144/1/6 4150/1/6
f 4150/1/6 4144/1/6 4151/1/6
f 4123/26/6 4145/26/6 4152/26/6
f 4152/26/6 4145/26/6 4153/26/6
f 4147/7/6 4148/7/6 4169/7/6
f 4169/7/6 4148/7/6 4170/7/6
f 4154/4/6 4155/4/6 4171/4/6
f 4155/2/6 4156/2/6 4172/2/6
f 4171/4/6 4155/4/6 4172/4/6
f 4156/4/6 4157/4/6 4173/4/6
f 4172/2/6 4156/2/6 4173/2/6
f 4157/3/6 4158/3/6 4174/3/6
f 4173/4/6 4157/4/6 4174/4/6
f 4158/2/6 4159/2/6 4175/2/6
f 4174/3/6 4158/3/6 4175/3/6
f 4159/5/6 4160/5/6 4176/5/6
f 4175/2/6 4159/2/6 4176/2/6
f 4160/4/6 4161/4/6 4177/4/6
f 4176/5/6 4160/5/6 4177/5/6
f 4161/3/6 4162/3/6 4178/3/6
f 4177/4/6 4161/4/6 4178/4/6
f 4162/2/6 4163/2/6 4179/2/6
f 4178/3/6 4162/3/6 4179/3/6
f 4163/1/6 4164/1/6 4180/1/6
f 4179/2/6 4163/2/6 4180/2/6
f 4180/1/6 4164/1/6 4181/1/6
f 4165/2/6 4166/2/6 4182/2/6
f 4182/2/6 4166/2/6 4183/2/6
f 4167/23/6 4168/23/6 4184/23/6
f 4168/10/6 4169/10/6 4185/10/6
f 4184/23/6 4168/23/6 4185/23/6
f 4169/7/6 4170/7/6 4186/7/6
f 4185/10/6 4169/10/6 4186/10/6
f 4170/11/6 4171/11/6 4187/11/6
f 4186/7/6 4170/7/6 4187/7/6
f 4187/11/6 4171/11/6 4188/11/6
f 4191/6/6 4192/6/6 4196/6/6
f 4192/7/6 4193/7/6 4197/7/6
f 4196/6/6 4192/6/6 4197/6/6
f 4197/7/6 4193/7/6 4198/7/6
f 4194/7/6 4195/7/6 4199/7/6
f 4199/7/6 4195/7/6 4200/7/6
f 4189/1/6 4190/1/6 4201/1/6
f 4201/1/6 4190/1/6 4202/1/6
f 4203/1/6 4204/1/6 4205/1/6
f 4205/1/6 4204/1/6 4206/1/6
f 4207/6/6 4208/6/6 4214/6/6
f 4208/7/6 4209/7/6 4215/7/6
f 4214/6/6 4208/6/6 4215/6/6
f 4215/7/6 4209/7/6 4216/7/6
f 4210/7/6 4211/7/6 4217/7/6
f 4217/7/6 4211/7/6 4218/7/6
f 4212/1/6 4213/1/6 4219/1/6
f 4219/1/6 4213/1/6 4220/1/6
f 4221/6/6 4222/6/6 4228/6/6
f 4222/7/6 4223/7/6 4229/7/6
f 4228/6/6 4222/6/6 4229/6/6
f 4229/7/6 4223/7/6 4230/7/6
f 4224/7/6 4225/7/6 4231/7/6
f 4231/7/6 4225/7/6 4232/7/6
f 4226/1/6 4227/1/6 4238/1/6
f 4238/1/6 4227/1/6 4239/1/6
f 4233/6/6 4234/6/6 4240/6/6
f 4234/7/6 4235/7/6 4241/7/6
f 4240/6/6 4234/6/6 4241/6/6
f 4241/7/6 4235/7/6 4242/7/6
f 4236/7/6 4237/7/6 4243/7/6
f 4243/7/6 4237/7/6 4244/7/6
f 4245/6/6 4246/6/6 4250/6/6
f 4246/7/6 4247/7/6 4251/7/6
f 4250/6/6 4246/6/6 4251/6/6
f 4251/7/6 4247/7/6 4252/7/6
f 4248/7/6 4249/7/6 4253/7/6
f 4253/7/6 4249/7/6 4254/7/6
f 4257/6/6 4258/6/6 4262/6/6
f 4258/7/6 4259/7/6 4263/7/6
f 4262/6/6 4258/6/6 4263/6/6
f 4263/7/6 4259/7/6 4264/7/6
f 4260/7/6 4261/7/6 4265/7/6
f 4265/7/6 4261/7/6 4266/7/6
f 4255/1/6 4256/1/6 4267/1/6
f 4267/1/6 4256/1/6 4268/1/6
