# Blender 5.2.0 LTS
# www.blender.org
mtllib villagerMODEL.mtl
o pCube1_aiStandardSurface1_0
v 0.177880 0.408192 -0.054020
v 0.172159 0.403505 -0.022100
v 0.162172 0.415599 -0.056140
v 0.167791 0.411867 -0.017804
v -0.197820 0.408192 -0.054020
v -0.182112 0.415599 -0.056140
v -0.192099 0.403505 -0.022100
v -0.187731 0.411867 -0.017804
v 0.033847 0.079137 0.100968
v 0.097983 0.081863 0.097058
v 0.074218 0.236069 0.087236
v 0.029606 0.236069 0.090124
v 0.017619 -0.136229 0.047512
v 0.079315 -0.135826 0.077083
v 0.078897 -0.035551 0.077049
v 0.015567 -0.019713 0.051914
v 0.074631 -0.294619 0.077086
v 0.079315 -0.135826 0.077083
v 0.017619 -0.136229 0.047512
v 0.019649 -0.295123 0.047585
v 0.074788 -0.692440 0.050381
v 0.074631 -0.524855 0.066007
v 0.024839 -0.524908 0.041223
v 0.036345 -0.693102 0.031812
v 0.038193 -0.814615 0.044152
v 0.072822 -0.813990 0.057261
v 0.074788 -0.692440 0.050381
v 0.036345 -0.693102 0.031812
v 0.106519 -0.815016 0.041552
v 0.115170 -0.692975 0.029879
v 0.074788 -0.692440 0.050381
v 0.072822 -0.813990 0.057261
v 0.115170 -0.692975 0.029879
v 0.131324 -0.524289 0.038956
v 0.074631 -0.524855 0.066007
v 0.074788 -0.692440 0.050381
v 0.131481 -0.294894 0.045049
v 0.153796 -0.135850 0.045002
v 0.079315 -0.135826 0.077083
v 0.074631 -0.294619 0.077086
v 0.153796 -0.135850 0.045002
v 0.149100 -0.028220 0.044833
v 0.078897 -0.035551 0.077049
v 0.079315 -0.135826 0.077083
v 0.109611 0.236069 0.062816
v 0.074218 0.236069 0.087236
v 0.097983 0.081863 0.097058
v 0.145290 0.084588 0.069619
v 0.017619 -0.136229 0.047512
v 0.015567 -0.019713 0.051914
v -0.007454 -0.057311 -0.023486
v -0.004590 -0.136852 -0.013414
v -0.009970 -0.053963 -0.023487
v -0.007454 -0.057311 -0.023486
v 0.015567 -0.019713 0.051914
v -0.009970 -0.018427 0.038076
v 0.001769 -0.295893 0.000886
v 0.019649 -0.295123 0.047585
v 0.017619 -0.136229 0.047512
v -0.004590 -0.136852 -0.013414
v 0.023011 -0.693685 0.000976
v 0.036345 -0.693102 0.031812
v 0.024839 -0.524908 0.041223
v 0.006700 -0.524595 0.000827
v 0.023293 -0.815603 0.001905
v 0.038193 -0.814615 0.044152
v 0.036345 -0.693102 0.031812
v 0.023011 -0.693685 0.000976
v 0.118830 0.236069 -0.005128
v 0.109611 0.236069 0.062816
v 0.145290 0.084588 0.069619
v 0.162119 0.084588 -0.012580
v 0.175784 -0.136861 -0.013374
v 0.169590 -0.028235 -0.023671
v 0.149100 -0.028220 0.044833
v 0.153796 -0.135850 0.045002
v 0.147127 -0.296086 0.000855
v 0.175784 -0.136861 -0.013374
v 0.153796 -0.135850 0.045002
v 0.131481 -0.294894 0.045049
v 0.125883 -0.693763 0.000537
v 0.147093 -0.524064 0.000749
v 0.131324 -0.524289 0.038956
v 0.115170 -0.692975 0.029879
v 0.119168 -0.816174 -0.001429
v 0.125883 -0.693763 0.000537
v 0.115170 -0.692975 0.029879
v 0.106519 -0.815016 0.041552
v 0.111757 0.236069 -0.069903
v 0.118830 0.236069 -0.005128
v 0.162119 0.084588 -0.012580
v 0.149208 0.084588 -0.110264
v 0.033847 0.079137 -0.141613
v 0.029606 0.236069 -0.097210
v 0.074218 0.236069 -0.094322
v 0.097983 0.081863 -0.137703
v 0.078682 -0.039846 -0.126951
v 0.011850 -0.023696 -0.100486
v 0.030342 0.069772 -0.133939
v 0.090370 0.072449 -0.130289
v 0.078682 -0.039846 -0.126951
v 0.079236 -0.139217 -0.113381
v 0.013339 -0.138451 -0.083578
v 0.011850 -0.023696 -0.100486
v 0.074681 -0.298026 -0.076829
v 0.016341 -0.297321 -0.047031
v 0.013339 -0.138451 -0.083578
v 0.079236 -0.139217 -0.113381
v 0.074682 -0.523112 -0.066134
v 0.074518 -0.693220 -0.057119
v 0.034064 -0.693624 -0.038098
v 0.021596 -0.523952 -0.041054
v 0.069637 -0.816154 -0.049753
v 0.035975 -0.815965 -0.034002
v 0.034064 -0.693624 -0.038098
v 0.074518 -0.693220 -0.057119
v 0.074518 -0.693220 -0.057119
v 0.116517 -0.693448 -0.036675
v 0.104235 -0.816325 -0.036063
v 0.069637 -0.816154 -0.049753
v 0.074682 -0.523112 -0.066134
v 0.134071 -0.523346 -0.038810
v 0.116517 -0.693448 -0.036675
v 0.074518 -0.693220 -0.057119
v 0.158083 -0.138036 -0.081012
v 0.134283 -0.297098 -0.044464
v 0.074681 -0.298026 -0.076829
v 0.079236 -0.139217 -0.113381
v 0.153375 -0.031015 -0.094345
v 0.158083 -0.138036 -0.081012
v 0.079236 -0.139217 -0.113381
v 0.078682 -0.039846 -0.126951
v 0.153375 -0.031015 -0.094345
v 0.078682 -0.039846 -0.126951
v 0.090370 0.072449 -0.130289
v 0.138188 0.075125 -0.104947
v 0.111757 0.236069 -0.069903
v 0.149208 0.084588 -0.110264
v 0.097983 0.081863 -0.137703
v 0.074218 0.236069 -0.094322
v 0.013339 -0.138451 -0.083578
v -0.004590 -0.136852 -0.013414
v -0.007454 -0.057311 -0.023486
v 0.011850 -0.023696 -0.100486
v 0.016341 -0.297321 -0.047031
v 0.001769 -0.295893 0.000886
v -0.004590 -0.136852 -0.013414
v 0.013339 -0.138451 -0.083578
v 0.021596 -0.523952 -0.041054
v 0.034064 -0.693624 -0.038098
v 0.023011 -0.693685 0.000976
v 0.006700 -0.524595 0.000827
v 0.035975 -0.815965 -0.034002
v 0.023293 -0.815603 0.001905
v 0.023011 -0.693685 0.000976
v 0.034064 -0.693624 -0.038098
v 0.150399 0.075125 -0.012944
v 0.169590 -0.028235 -0.023671
v 0.153375 -0.031015 -0.094345
v 0.138188 0.075125 -0.104947
v 0.169590 -0.028235 -0.023671
v 0.175784 -0.136861 -0.013374
v 0.158083 -0.138036 -0.081012
v 0.153375 -0.031015 -0.094345
v 0.175784 -0.136861 -0.013374
v 0.147127 -0.296086 0.000855
v 0.134283 -0.297098 -0.044464
v 0.158083 -0.138036 -0.081012
v 0.125883 -0.693763 0.000537
v 0.116517 -0.693448 -0.036675
v 0.134071 -0.523346 -0.038810
v 0.147093 -0.524064 0.000749
v 0.119168 -0.816174 -0.001429
v 0.104235 -0.816325 -0.036063
v 0.116517 -0.693448 -0.036675
v 0.125883 -0.693763 0.000537
v 0.072439 -0.815428 0.039532
v 0.047303 -0.815641 0.031896
v 0.051456 -0.850323 0.037795
v 0.072439 -0.850110 0.045431
v 0.092676 -0.849912 0.035992
v 0.096830 -0.815230 0.030093
v 0.072439 -0.815428 0.039532
v 0.072439 -0.850110 0.045431
v 0.047303 -0.815641 0.031896
v 0.032686 -0.815745 0.001275
v 0.030354 -0.850427 0.001275
v 0.051456 -0.850323 0.037795
v 0.111975 -0.849845 0.015007
v 0.109643 -0.815163 -0.001275
v 0.096830 -0.815230 0.030093
v 0.092676 -0.849912 0.035992
v 0.044822 -0.815678 -0.022870
v 0.069889 -0.815480 -0.031876
v 0.069889 -0.850162 -0.033402
v 0.041044 -0.850360 -0.023963
v 0.069889 -0.850162 -0.033402
v 0.069889 -0.815480 -0.031876
v 0.095704 -0.815267 -0.024673
v 0.098760 -0.849949 -0.025766
v 0.032686 -0.815745 0.001275
v 0.044822 -0.815678 -0.022870
v 0.041044 -0.850360 -0.023963
v 0.030354 -0.850427 0.001275
v 0.098760 -0.849949 -0.025766
v 0.095704 -0.815267 -0.024673
v 0.109643 -0.815163 -0.001275
v 0.111975 -0.849845 0.015007
v 0.072439 -0.850110 0.045431
v 0.051456 -0.850323 0.037795
v 0.051456 -0.854025 0.044097
v 0.072439 -0.851612 0.053519
v 0.092676 -0.853613 0.042294
v 0.092676 -0.849912 0.035992
v 0.072439 -0.850110 0.045431
v 0.072439 -0.851612 0.053519
v 0.069889 -0.850162 -0.033402
v 0.098760 -0.849949 -0.025766
v 0.098760 -0.884631 -0.029067
v 0.069889 -0.884844 -0.036703
v 0.041044 -0.885042 -0.027264
v 0.041044 -0.850360 -0.023963
v 0.069889 -0.850162 -0.033402
v 0.069889 -0.884844 -0.036703
v 0.098760 -0.849949 -0.025766
v 0.111975 -0.849845 0.015007
v 0.111975 -0.884404 -0.010993
v 0.098760 -0.884631 -0.029067
v 0.030354 -0.884986 -0.008442
v 0.030354 -0.850427 0.001275
v 0.041044 -0.850360 -0.023963
v 0.041044 -0.885042 -0.027264
v 0.111975 -0.870858 0.029301
v 0.111975 -0.849845 0.015007
v 0.092676 -0.849912 0.035992
v 0.092676 -0.853613 0.042294
v 0.051456 -0.850323 0.037795
v 0.030354 -0.850427 0.001275
v 0.030354 -0.871440 0.027231
v 0.051456 -0.854025 0.044097
v 0.111975 -0.888057 0.017417
v 0.111975 -0.884404 -0.010993
v 0.111975 -0.849845 0.015007
v 0.111975 -0.870858 0.029301
v 0.030354 -0.871440 0.027231
v 0.030354 -0.850427 0.001275
v 0.030354 -0.884986 -0.008442
v 0.030354 -0.888639 0.019967
v 0.041044 -0.885042 -0.027264
v 0.069889 -0.884844 -0.036703
v 0.069889 -0.908162 -0.031671
v 0.041044 -0.908888 -0.022231
v 0.069889 -0.908162 -0.031671
v 0.069889 -0.884844 -0.036703
v 0.098760 -0.884631 -0.029067
v 0.098760 -0.908477 -0.024035
v 0.098760 -0.908477 -0.024035
v 0.098760 -0.884631 -0.029067
v 0.111975 -0.884404 -0.010993
v 0.111975 -0.908975 -0.010993
v 0.030354 -0.884986 -0.008442
v 0.041044 -0.885042 -0.027264
v 0.041044 -0.908888 -0.022231
v 0.030354 -0.909557 -0.008442
v 0.111975 -0.908975 -0.010993
v 0.111975 -0.884404 -0.010993
v 0.111975 -0.888057 0.017417
v 0.111975 -0.908886 0.017417
v 0.030354 -0.888639 0.019967
v 0.030354 -0.884986 -0.008442
v 0.030354 -0.909557 -0.008442
v 0.030354 -0.909468 0.019967
v 0.072439 -0.851612 0.053519
v 0.051456 -0.854025 0.044097
v 0.046512 -0.876976 0.130024
v 0.072119 -0.874979 0.135758
v 0.098374 -0.877174 0.128624
v 0.092676 -0.853613 0.042294
v 0.072439 -0.851612 0.053519
v 0.072119 -0.874979 0.135758
v 0.110463 -0.880843 0.116033
v 0.111975 -0.870858 0.029301
v 0.092676 -0.853613 0.042294
v 0.098374 -0.877174 0.128624
v 0.031740 -0.881409 0.117783
v 0.046512 -0.876976 0.130024
v 0.051456 -0.854025 0.044097
v 0.030354 -0.871440 0.027231
v 0.113584 -0.889504 0.116707
v 0.111975 -0.888057 0.017417
v 0.111975 -0.870858 0.029301
v 0.110463 -0.880843 0.116033
v 0.030354 -0.871440 0.027231
v 0.030354 -0.888639 0.019967
v 0.026822 -0.890086 0.118456
v 0.031740 -0.881409 0.117783
v 0.113584 -0.908850 0.115566
v 0.111975 -0.908886 0.017417
v 0.111975 -0.888057 0.017417
v 0.113584 -0.889504 0.116707
v 0.030354 -0.888639 0.019967
v 0.030354 -0.909468 0.019967
v 0.026822 -0.909432 0.117314
v 0.026822 -0.890086 0.118456
v 0.093795 -0.908961 0.160755
v 0.107658 -0.908850 0.138515
v 0.107658 -0.889504 0.140441
v 0.093795 -0.889615 0.162681
v 0.107658 -0.889504 0.140441
v 0.103213 -0.881301 0.138371
v 0.093249 -0.881030 0.158081
v 0.093795 -0.889615 0.162681
v 0.050232 -0.889965 0.168850
v 0.071399 -0.889795 0.173628
v 0.071399 -0.880647 0.167847
v 0.050782 -0.880869 0.164158
v 0.071399 -0.909141 0.171702
v 0.071399 -0.889795 0.173628
v 0.050232 -0.889965 0.168850
v 0.050232 -0.909311 0.166924
v 0.035140 -0.890086 0.155688
v 0.050232 -0.889965 0.168850
v 0.050782 -0.880869 0.164158
v 0.039589 -0.881883 0.153618
v 0.050232 -0.909311 0.166924
v 0.050232 -0.889965 0.168850
v 0.035140 -0.890086 0.155688
v 0.035140 -0.909432 0.153762
v 0.093795 -0.889615 0.162681
v 0.093249 -0.881030 0.158081
v 0.071399 -0.880647 0.167847
v 0.071399 -0.889795 0.173628
v 0.071399 -0.909141 0.171702
v 0.093795 -0.908961 0.160755
v 0.093795 -0.889615 0.162681
v 0.071399 -0.889795 0.173628
v 0.070469 -0.909177 0.018692
v 0.111975 -0.908886 0.017417
v 0.113584 -0.908850 0.115566
v 0.071436 -0.909141 0.116440
v 0.069967 -0.909266 -0.009718
v 0.111975 -0.908975 -0.010993
v 0.111975 -0.908886 0.017417
v 0.070469 -0.909177 0.018692
v 0.071399 -0.909141 0.139790
v 0.107658 -0.908850 0.138515
v 0.093795 -0.908961 0.160755
v 0.071399 -0.909141 0.171702
v 0.071399 -0.909141 0.139790
v 0.071399 -0.909141 0.171702
v 0.050232 -0.909311 0.166924
v 0.035140 -0.909432 0.153762
v 0.030354 -0.909468 0.019967
v 0.070469 -0.909177 0.018692
v 0.071436 -0.909141 0.116440
v 0.026822 -0.909432 0.117314
v 0.030354 -0.909557 -0.008442
v 0.069967 -0.909266 -0.009718
v 0.070469 -0.909177 0.018692
v 0.030354 -0.909468 0.019967
v 0.098760 -0.908477 -0.024035
v 0.111975 -0.908975 -0.010993
v 0.069967 -0.909266 -0.009718
v 0.069889 -0.908162 -0.031671
v 0.069967 -0.909266 -0.009718
v 0.030354 -0.909557 -0.008442
v 0.041044 -0.908888 -0.022231
v 0.069889 -0.908162 -0.031671
v 0.024839 -0.524908 0.041223
v 0.020214 -0.411440 0.050563
v 0.000936 -0.411108 0.003887
v 0.006700 -0.524595 0.000827
v 0.074631 -0.524855 0.066007
v 0.074656 -0.411371 0.079027
v 0.020214 -0.411440 0.050563
v 0.024839 -0.524908 0.041223
v 0.135897 -0.410824 0.047954
v 0.074656 -0.411371 0.079027
v 0.074631 -0.524855 0.066007
v 0.131324 -0.524289 0.038956
v 0.152853 -0.410897 0.003829
v 0.135897 -0.410824 0.047954
v 0.131324 -0.524289 0.038956
v 0.147093 -0.524064 0.000749
v 0.006700 -0.524595 0.000827
v 0.000936 -0.411108 0.003887
v 0.016966 -0.411988 -0.041155
v 0.021596 -0.523952 -0.041054
v 0.138685 -0.411806 -0.038548
v 0.152853 -0.410897 0.003829
v 0.147093 -0.524064 0.000749
v 0.134071 -0.523346 -0.038810
v 0.021596 -0.523952 -0.041054
v 0.016966 -0.411988 -0.041155
v 0.074733 -0.412902 -0.066099
v 0.074682 -0.523112 -0.066134
v 0.134071 -0.523346 -0.038810
v 0.074682 -0.523112 -0.066134
v 0.074733 -0.412902 -0.066099
v 0.138685 -0.411806 -0.038548
v 0.147345 0.380861 0.050649
v 0.109611 0.236069 0.062816
v 0.118830 0.236069 -0.005128
v 0.156951 0.371475 -0.017804
v 0.074218 0.236069 0.087236
v 0.109611 0.236069 0.062816
v 0.147345 0.380861 0.050649
v 0.113323 0.407743 0.076818
v 0.058442 0.423587 0.100170
v 0.029606 0.236069 0.090124
v 0.074218 0.236069 0.087236
v 0.113323 0.407743 0.076818
v 0.156951 0.371475 -0.017804
v 0.118830 0.236069 -0.005128
v 0.111757 0.236069 -0.069903
v 0.149331 0.380861 -0.090953
v 0.029606 0.236069 -0.097210
v -0.009970 0.236069 -0.097210
v -0.009970 0.423587 -0.118464
v 0.058442 0.423587 -0.118464
v 0.074218 0.236069 -0.094322
v 0.029606 0.236069 -0.097210
v 0.058442 0.423587 -0.118464
v 0.113323 0.407743 -0.115555
v 0.149331 0.380861 -0.090953
v 0.111757 0.236069 -0.069903
v 0.074218 0.236069 -0.094322
v 0.113323 0.407743 -0.115555
v 0.058442 0.423587 0.100170
v 0.113323 0.407743 0.076818
v 0.111274 0.505570 0.064426
v 0.063908 0.515393 0.069591
v 0.058442 0.423587 -0.118464
v -0.009970 0.423587 -0.118464
v -0.009970 0.520573 -0.099926
v 0.063908 0.520573 -0.099926
v 0.111274 0.505570 -0.087070
v 0.113323 0.407743 -0.115555
v 0.058442 0.423587 -0.118464
v 0.063908 0.520573 -0.099926
v 0.076636 0.566491 -0.016208
v 0.063908 0.515393 0.069591
v 0.111274 0.505570 0.064426
v 0.111274 0.559564 -0.016208
v 0.111274 0.505570 0.064426
v 0.113323 0.407743 0.076818
v 0.153298 0.458433 0.051970
v 0.159782 0.501786 0.041309
v 0.153298 0.458433 -0.084385
v 0.113323 0.407743 -0.115555
v 0.111274 0.505570 -0.087070
v 0.159782 0.501786 -0.073724
v 0.159782 0.501786 0.041309
v 0.159782 0.544143 -0.016208
v 0.111274 0.559564 -0.016208
v 0.111274 0.505570 0.064426
v 0.160515 0.416700 0.023725
v 0.147345 0.380861 0.050649
v 0.156951 0.371475 -0.017804
v 0.167791 0.411867 -0.017804
v 0.113323 0.407743 0.076818
v 0.147345 0.380861 0.050649
v 0.160515 0.416700 0.023725
v 0.153298 0.458433 0.051970
v 0.156951 0.371475 -0.017804
v 0.149331 0.380861 -0.090953
v 0.162172 0.415599 -0.056140
v 0.167791 0.411867 -0.017804
v 0.162172 0.415599 -0.056140
v 0.149331 0.380861 -0.090953
v 0.113323 0.407743 -0.115555
v 0.153298 0.458433 -0.084385
v 0.111274 0.505570 -0.087070
v 0.111274 0.559564 -0.016208
v 0.159782 0.544143 -0.016208
v 0.159782 0.501786 -0.073724
v 0.076636 0.566491 -0.016208
v 0.111274 0.559564 -0.016208
v 0.111274 0.505570 -0.087070
v 0.063908 0.520573 -0.099926
v 0.302457 0.089149 0.021158
v 0.271083 0.271656 0.015016
v 0.234645 0.263351 0.018751
v 0.280712 0.084193 0.025614
v 0.259307 0.268972 -0.052346
v 0.288522 0.275631 -0.035258
v 0.312864 0.091521 -0.038822
v 0.295429 0.087547 -0.059209
v 0.315775 0.092185 -0.005532
v 0.293400 0.276743 -0.007355
v 0.271083 0.271656 0.015016
v 0.302457 0.089149 0.021158
v 0.205430 0.256691 0.001663
v 0.200552 0.255579 -0.026240
v 0.260366 0.079555 -0.028063
v 0.263277 0.080219 0.005227
v 0.234645 0.263351 0.018751
v 0.205430 0.256691 0.001663
v 0.263277 0.080219 0.005227
v 0.280712 0.084193 0.025614
v 0.260366 0.079555 -0.028063
v 0.200552 0.255579 -0.026240
v 0.222868 0.260666 -0.048611
v 0.273684 0.082591 -0.054753
v 0.273684 0.082591 -0.054753
v 0.222868 0.260666 -0.048611
v 0.259307 0.268972 -0.052346
v 0.295429 0.087547 -0.059209
v 0.288522 0.275631 -0.035258
v 0.293400 0.276743 -0.007355
v 0.315775 0.092185 -0.005532
v 0.312864 0.091521 -0.038822
v 0.205156 0.396419 0.028505
v 0.216538 0.349731 0.022617
v 0.248529 0.357032 0.018476
v 0.235405 0.411528 0.024632
v 0.216538 0.349731 0.022617
v 0.205156 0.396419 0.028505
v 0.180745 0.385928 0.009031
v 0.190897 0.343828 0.003669
v 0.235405 0.411528 0.024632
v 0.248529 0.357032 0.018476
v 0.268137 0.361452 -0.006329
v 0.255107 0.422408 -0.007087
v 0.193818 0.388925 -0.056177
v 0.221424 0.403921 -0.062068
v 0.238205 0.354609 -0.056209
v 0.206186 0.347441 -0.052073
v 0.238205 0.354609 -0.056209
v 0.221424 0.403921 -0.062068
v 0.247482 0.418031 -0.044456
v 0.263897 0.360325 -0.037260
v 0.263897 0.360325 -0.037260
v 0.247482 0.418031 -0.044456
v 0.255107 0.422408 -0.007087
v 0.268137 0.361452 -0.006329
v 0.190897 0.343828 0.003669
v 0.180745 0.385928 0.009031
v 0.176401 0.385192 -0.026487
v 0.186591 0.342995 -0.027267
v 0.206186 0.347441 -0.052073
v 0.186591 0.342995 -0.027267
v 0.176401 0.385192 -0.026487
v 0.193818 0.388925 -0.056177
v 0.172159 0.403505 -0.022100
v 0.176401 0.385192 -0.026487
v 0.180745 0.385928 0.009031
v 0.170801 0.407322 0.014805
v 0.177880 0.408192 -0.054020
v 0.193818 0.388925 -0.056177
v 0.176401 0.385192 -0.026487
v 0.172159 0.403505 -0.022100
v 0.248529 0.357032 0.018476
v 0.216538 0.349731 0.022617
v 0.234645 0.263351 0.018751
v 0.271083 0.271656 0.015016
v 0.259307 0.268972 -0.052346
v 0.238205 0.354609 -0.056209
v 0.263897 0.360325 -0.037260
v 0.288522 0.275631 -0.035258
v 0.268137 0.361452 -0.006329
v 0.248529 0.357032 0.018476
v 0.271083 0.271656 0.015016
v 0.293400 0.276743 -0.007355
v 0.205430 0.256691 0.001663
v 0.190897 0.343828 0.003669
v 0.186591 0.342995 -0.027267
v 0.200552 0.255579 -0.026240
v 0.234645 0.263351 0.018751
v 0.216538 0.349731 0.022617
v 0.190897 0.343828 0.003669
v 0.205430 0.256691 0.001663
v 0.186591 0.342995 -0.027267
v 0.206186 0.347441 -0.052073
v 0.222868 0.260666 -0.048611
v 0.200552 0.255579 -0.026240
v 0.206186 0.347441 -0.052073
v 0.238205 0.354609 -0.056209
v 0.259307 0.268972 -0.052346
v 0.222868 0.260666 -0.048611
v 0.288522 0.275631 -0.035258
v 0.263897 0.360325 -0.037260
v 0.268137 0.361452 -0.006329
v 0.293400 0.276743 -0.007355
v 0.302457 0.089149 0.021158
v 0.280712 0.084193 0.025614
v 0.283493 0.083068 0.010290
v 0.298542 0.086499 0.007206
v 0.293678 0.085390 -0.048416
v 0.295429 0.087547 -0.059209
v 0.312864 0.091521 -0.038822
v 0.304400 0.087568 -0.031223
v 0.315775 0.092185 -0.005532
v 0.302457 0.089149 0.021158
v 0.298542 0.086499 0.007206
v 0.305656 0.088120 -0.011266
v 0.273174 0.080717 -0.003820
v 0.263277 0.080219 0.005227
v 0.260366 0.079555 -0.028063
v 0.270871 0.079925 -0.023777
v 0.283493 0.083068 0.010290
v 0.280712 0.084193 0.025614
v 0.263277 0.080219 0.005227
v 0.273174 0.080717 -0.003820
v 0.260366 0.079555 -0.028063
v 0.273684 0.082591 -0.054753
v 0.278628 0.081960 -0.045332
v 0.270871 0.079925 -0.023777
v 0.273684 0.082591 -0.054753
v 0.295429 0.087547 -0.059209
v 0.293678 0.085390 -0.048416
v 0.278628 0.081960 -0.045332
v 0.304400 0.087568 -0.031223
v 0.312864 0.091521 -0.038822
v 0.315775 0.092185 -0.005532
v 0.305656 0.088120 -0.011266
v 0.301963 0.059660 0.022598
v 0.298542 0.086499 0.007206
v 0.283493 0.083068 0.010290
v 0.291224 0.057212 0.025682
v 0.311760 0.047032 0.006512
v 0.305656 0.088120 -0.011266
v 0.298542 0.086499 0.007206
v 0.301963 0.059660 0.022598
v 0.291224 0.057212 0.025682
v 0.283493 0.083068 0.010290
v 0.273174 0.080717 -0.003820
v 0.285834 0.041123 0.013958
v 0.300176 0.048623 -0.047779
v 0.293678 0.085390 -0.048416
v 0.304400 0.087568 -0.031223
v 0.309490 0.043046 -0.025427
v 0.273174 0.080717 -0.003820
v 0.270871 0.079925 -0.023777
v 0.279367 0.036180 -0.019339
v 0.285834 0.041123 0.013958
v 0.270871 0.079925 -0.023777
v 0.278628 0.081960 -0.045332
v 0.286212 0.045440 -0.045332
v 0.279367 0.036180 -0.019339
v 0.278628 0.081960 -0.045332
v 0.293678 0.085390 -0.048416
v 0.300176 0.048623 -0.047779
v 0.286212 0.045440 -0.045332
v 0.309490 0.043046 -0.025427
v 0.304400 0.087568 -0.031223
v 0.305656 0.088120 -0.011266
v 0.311760 0.047032 0.006512
v 0.308574 0.018826 0.042763
v 0.302146 0.017360 0.045847
v 0.300587 0.013906 0.038225
v 0.310259 0.016111 0.030779
v 0.298171 -0.036168 -0.038824
v 0.306909 -0.034176 -0.039359
v 0.310599 -0.047812 -0.006670
v 0.299109 -0.050431 -0.004655
v 0.310599 -0.047812 -0.006670
v 0.308572 -0.023297 0.018004
v 0.295712 -0.026229 0.018178
v 0.299109 -0.050431 -0.004655
v 0.305574 0.000533 -0.046823
v 0.295843 -0.001685 -0.045332
v 0.286212 0.045440 -0.045332
v 0.300176 0.048623 -0.047779
v 0.295843 -0.001685 -0.045332
v 0.288678 -0.004667 -0.012811
v 0.279367 0.036180 -0.019339
v 0.286212 0.045440 -0.045332
v 0.288678 -0.004667 -0.012811
v 0.293652 -0.005186 0.023559
v 0.285834 0.041123 0.013958
v 0.279367 0.036180 -0.019339
v 0.285834 0.041123 0.013958
v 0.293652 -0.005186 0.023559
v 0.309755 -0.001515 0.019749
v 0.311760 0.047032 0.006512
v 0.311760 0.047032 0.006512
v 0.309755 -0.001515 0.019749
v 0.310567 0.000322 -0.016863
v 0.309490 0.043046 -0.025427
v 0.309490 0.043046 -0.025427
v 0.310567 0.000322 -0.016863
v 0.305574 0.000533 -0.046823
v 0.300176 0.048623 -0.047779
v 0.308574 0.018826 0.042763
v 0.301963 0.059660 0.022598
v 0.291224 0.057212 0.025682
v 0.302146 0.017360 0.045847
v 0.310259 0.016111 0.030779
v 0.311760 0.047032 0.006512
v 0.301963 0.059660 0.022598
v 0.308574 0.018826 0.042763
v 0.285834 0.041123 0.013958
v 0.311760 0.047032 0.006512
v 0.310259 0.016111 0.030779
v 0.300587 0.013906 0.038225
v 0.302146 0.017360 0.045847
v 0.291224 0.057212 0.025682
v 0.285834 0.041123 0.013958
v 0.300587 0.013906 0.038225
v 0.306909 -0.034176 -0.039359
v 0.298171 -0.036168 -0.038824
v 0.295843 -0.001685 -0.045332
v 0.305574 0.000533 -0.046823
v 0.298171 -0.036168 -0.038824
v 0.299109 -0.050431 -0.004655
v 0.288678 -0.004667 -0.012811
v 0.295843 -0.001685 -0.045332
v 0.295712 -0.026229 0.018178
v 0.293652 -0.005186 0.023559
v 0.288678 -0.004667 -0.012811
v 0.299109 -0.050431 -0.004655
v 0.308572 -0.023297 0.018004
v 0.309755 -0.001515 0.019749
v 0.293652 -0.005186 0.023559
v 0.295712 -0.026229 0.018178
v 0.308572 -0.023297 0.018004
v 0.310599 -0.047812 -0.006670
v 0.310567 0.000322 -0.016863
v 0.309755 -0.001515 0.019749
v 0.306909 -0.034176 -0.039359
v 0.305574 0.000533 -0.046823
v 0.310567 0.000322 -0.016863
v 0.310599 -0.047812 -0.006670
v 0.072119 -0.874979 0.135758
v 0.046512 -0.876976 0.130024
v 0.050782 -0.880869 0.164158
v 0.071399 -0.880647 0.167847
v 0.093249 -0.881030 0.158081
v 0.098374 -0.877174 0.128624
v 0.072119 -0.874979 0.135758
v 0.071399 -0.880647 0.167847
v 0.103213 -0.881301 0.138371
v 0.110463 -0.880843 0.116033
v 0.098374 -0.877174 0.128624
v 0.093249 -0.881030 0.158081
v 0.113584 -0.889504 0.116707
v 0.110463 -0.880843 0.116033
v 0.103213 -0.881301 0.138371
v 0.107658 -0.889504 0.140441
v 0.107658 -0.908850 0.138515
v 0.113584 -0.908850 0.115566
v 0.113584 -0.889504 0.116707
v 0.107658 -0.889504 0.140441
v 0.071436 -0.909141 0.116440
v 0.113584 -0.908850 0.115566
v 0.107658 -0.908850 0.138515
v 0.071399 -0.909141 0.139790
v 0.026822 -0.909432 0.117314
v 0.071436 -0.909141 0.116440
v 0.071399 -0.909141 0.139790
v 0.035140 -0.909432 0.153762
v 0.026822 -0.890086 0.118456
v 0.026822 -0.909432 0.117314
v 0.035140 -0.909432 0.153762
v 0.035140 -0.890086 0.155688
v 0.039589 -0.881883 0.153618
v 0.031740 -0.881409 0.117783
v 0.026822 -0.890086 0.118456
v 0.035140 -0.890086 0.155688
v 0.046512 -0.876976 0.130024
v 0.031740 -0.881409 0.117783
v 0.039589 -0.881883 0.153618
v 0.050782 -0.880869 0.164158
v 0.015567 -0.019713 0.051914
v 0.030342 0.069772 0.092305
v -0.009970 0.069772 0.092305
v -0.009970 -0.018427 0.038076
v 0.078897 -0.035551 0.077049
v 0.090370 0.072449 0.088655
v 0.030342 0.069772 0.092305
v 0.015567 -0.019713 0.051914
v 0.038193 -0.814615 0.044152
v 0.047303 -0.815641 0.031896
v 0.072439 -0.815428 0.039532
v 0.072822 -0.813990 0.057261
v 0.072439 -0.815428 0.039532
v 0.096830 -0.815230 0.030093
v 0.106519 -0.815016 0.041552
v 0.072822 -0.813990 0.057261
v 0.149100 -0.028220 0.044833
v 0.134483 0.075125 0.063313
v 0.090370 0.072449 0.088655
v 0.078897 -0.035551 0.077049
v 0.023293 -0.815603 0.001905
v 0.032686 -0.815745 0.001275
v 0.047303 -0.815641 0.031896
v 0.038193 -0.814615 0.044152
v 0.150399 0.075125 -0.012944
v 0.134483 0.075125 0.063313
v 0.149100 -0.028220 0.044833
v 0.169590 -0.028235 -0.023671
v 0.096830 -0.815230 0.030093
v 0.109643 -0.815163 -0.001275
v 0.119168 -0.816174 -0.001429
v 0.106519 -0.815016 0.041552
v 0.069889 -0.815480 -0.031876
v 0.044822 -0.815678 -0.022870
v 0.035975 -0.815965 -0.034002
v 0.069637 -0.816154 -0.049753
v 0.104235 -0.816325 -0.036063
v 0.095704 -0.815267 -0.024673
v 0.069889 -0.815480 -0.031876
v 0.069637 -0.816154 -0.049753
v -0.007454 -0.057311 -0.023486
v -0.009970 -0.053963 -0.023487
v -0.009970 -0.019425 -0.088592
v 0.011850 -0.023696 -0.100486
v 0.044822 -0.815678 -0.022870
v 0.032686 -0.815745 0.001275
v 0.023293 -0.815603 0.001905
v 0.035975 -0.815965 -0.034002
v 0.119168 -0.816174 -0.001429
v 0.109643 -0.815163 -0.001275
v 0.095704 -0.815267 -0.024673
v 0.104235 -0.816325 -0.036063
v 0.000936 -0.411108 0.003887
v 0.020214 -0.411440 0.050563
v 0.019649 -0.295123 0.047585
v 0.001769 -0.295893 0.000886
v 0.016966 -0.411988 -0.041155
v 0.000936 -0.411108 0.003887
v 0.001769 -0.295893 0.000886
v 0.016341 -0.297321 -0.047031
v 0.074733 -0.412902 -0.066099
v 0.016966 -0.411988 -0.041155
v 0.016341 -0.297321 -0.047031
v 0.074681 -0.298026 -0.076829
v 0.134283 -0.297098 -0.044464
v 0.138685 -0.411806 -0.038548
v 0.074733 -0.412902 -0.066099
v 0.074681 -0.298026 -0.076829
v 0.147127 -0.296086 0.000855
v 0.152853 -0.410897 0.003829
v 0.138685 -0.411806 -0.038548
v 0.134283 -0.297098 -0.044464
v 0.147127 -0.296086 0.000855
v 0.131481 -0.294894 0.045049
v 0.135897 -0.410824 0.047954
v 0.152853 -0.410897 0.003829
v 0.131481 -0.294894 0.045049
v 0.074631 -0.294619 0.077086
v 0.074656 -0.411371 0.079027
v 0.135897 -0.410824 0.047954
v 0.074631 -0.294619 0.077086
v 0.019649 -0.295123 0.047585
v 0.020214 -0.411440 0.050563
v 0.074656 -0.411371 0.079027
v 0.036470 0.558624 -0.073723
v 0.063908 0.520573 -0.099926
v -0.009970 0.520573 -0.099926
v -0.009970 0.551514 -0.086652
v 0.041380 0.557881 0.039811
v 0.063908 0.515393 0.069591
v 0.076636 0.566491 -0.016208
v 0.049778 0.575605 -0.017592
v 0.076636 0.566491 -0.016208
v 0.063908 0.520573 -0.099926
v 0.036470 0.558624 -0.073723
v 0.049778 0.575605 -0.017592
v 0.020507 0.621662 -0.040984
v 0.024917 0.562016 -0.050183
v -0.009970 0.555098 -0.060389
v -0.009970 0.634807 -0.049214
v 0.023222 0.609508 0.029197
v 0.029699 0.562016 0.020316
v 0.037879 0.572139 -0.015318
v 0.037879 0.617332 -0.015318
v 0.037879 0.572139 -0.015318
v 0.024917 0.562016 -0.050183
v 0.020507 0.621662 -0.040984
v 0.037879 0.617332 -0.015318
v -0.009970 0.647077 -0.082488
v 0.035303 0.639240 -0.071354
v 0.027282 0.615123 -0.059081
v -0.009970 0.628238 -0.073026
v 0.023222 0.609508 0.029197
v 0.037879 0.617332 -0.015318
v 0.048872 0.628308 -0.015202
v 0.029374 0.609187 0.048490
v 0.035303 0.639240 -0.071354
v 0.056861 0.633911 -0.029320
v 0.050739 0.610833 -0.023637
v 0.027282 0.615123 -0.059081
v 0.047445 0.734882 -0.104702
v 0.042566 0.678377 -0.093792
v -0.009970 0.684163 -0.100795
v -0.009970 0.739573 -0.109108
v 0.044540 0.694183 0.059396
v 0.035526 0.622958 0.046727
v 0.059864 0.639285 -0.015087
v 0.067930 0.710291 -0.017025
v 0.071101 0.699374 -0.033534
v 0.062984 0.656990 -0.035004
v 0.042566 0.678377 -0.093792
v 0.047445 0.734882 -0.104702
v 0.046112 0.788235 -0.092653
v 0.047445 0.734882 -0.104702
v -0.009970 0.739573 -0.109108
v -0.009970 0.792222 -0.096544
v 0.044540 0.694183 0.059396
v 0.067930 0.710291 -0.017025
v 0.054279 0.738998 -0.003315
v 0.039024 0.743253 0.065994
v 0.069898 0.740389 -0.004763
v 0.071101 0.699374 -0.033534
v 0.047445 0.734882 -0.104702
v 0.046112 0.788235 -0.092653
v 0.039017 0.818193 -0.062269
v 0.046112 0.788235 -0.092653
v -0.009970 0.792222 -0.096544
v -0.009970 0.829887 -0.063409
v 0.044660 0.798885 0.050070
v 0.054777 0.745800 0.067108
v 0.069898 0.740389 -0.004763
v 0.062058 0.806956 0.000186
v 0.062058 0.806956 0.000186
v 0.069898 0.740389 -0.004763
v 0.046112 0.788235 -0.092653
v 0.039017 0.818193 -0.062269
v 0.044660 0.798885 0.050070
v 0.062058 0.806956 0.000186
v -0.009970 0.846941 -0.001301
v -0.009970 0.797624 0.072900
v -0.009970 0.846941 -0.001301
v 0.062058 0.806956 0.000186
v 0.039017 0.818193 -0.062269
v -0.009970 0.829887 -0.063409
v 0.090370 0.072449 -0.130289
v 0.030342 0.069772 -0.133939
v 0.033847 0.079137 -0.141613
v 0.097983 0.081863 -0.137703
v 0.097983 0.081863 -0.137703
v 0.149208 0.084588 -0.110264
v 0.138188 0.075125 -0.104947
v 0.090370 0.072449 -0.130289
v 0.162119 0.084588 -0.012580
v 0.150399 0.075125 -0.012944
v 0.138188 0.075125 -0.104947
v 0.149208 0.084588 -0.110264
v 0.162119 0.084588 -0.012580
v 0.145290 0.084588 0.069619
v 0.134483 0.075125 0.063313
v 0.150399 0.075125 -0.012944
v 0.097983 0.081863 0.097058
v 0.090370 0.072449 0.088655
v 0.134483 0.075125 0.063313
v 0.145290 0.084588 0.069619
v 0.090370 0.072449 0.088655
v 0.097983 0.081863 0.097058
v 0.033847 0.079137 0.100968
v 0.030342 0.069772 0.092305
v 0.024917 0.562016 -0.050183
v 0.036470 0.558624 -0.073723
v -0.009970 0.551514 -0.086652
v -0.009970 0.555098 -0.060389
v 0.049778 0.575605 -0.017592
v 0.036470 0.558624 -0.073723
v 0.024917 0.562016 -0.050183
v 0.037879 0.572139 -0.015318
v 0.029699 0.562016 0.020316
v 0.041380 0.557881 0.039811
v 0.049778 0.575605 -0.017592
v 0.037879 0.572139 -0.015318
v 0.020507 0.621662 -0.040984
v -0.009970 0.634807 -0.049214
v -0.009970 0.628238 -0.073026
v 0.027282 0.615123 -0.059081
v 0.050739 0.610833 -0.023637
v 0.037879 0.617332 -0.015318
v 0.020507 0.621662 -0.040984
v 0.027282 0.615123 -0.059081
v 0.056861 0.633911 -0.029320
v 0.048872 0.628308 -0.015202
v 0.037879 0.617332 -0.015318
v 0.050739 0.610833 -0.023637
v 0.067930 0.710291 -0.017025
v 0.059864 0.639285 -0.015087
v 0.062984 0.656990 -0.035004
v 0.071101 0.699374 -0.033534
v 0.069898 0.740389 -0.004763
v 0.054279 0.738998 -0.003315
v 0.067930 0.710291 -0.017025
v 0.071101 0.699374 -0.033534
v 0.054777 0.745800 0.067108
v 0.039024 0.743253 0.065994
v 0.054279 0.738998 -0.003315
v 0.069898 0.740389 -0.004763
v 0.034410 0.790248 0.047485
v 0.039024 0.743253 0.065994
v 0.054777 0.745800 0.067108
v 0.044660 0.798885 0.050070
v 0.235405 0.411528 0.024632
v 0.198953 0.482594 0.026749
v 0.187764 0.453605 0.038513
v 0.205156 0.396419 0.028505
v 0.205156 0.396419 0.028505
v 0.187764 0.453605 0.038513
v 0.170801 0.407322 0.014805
v 0.180745 0.385928 0.009031
v 0.177880 0.408192 -0.054020
v 0.196177 0.458093 -0.070666
v 0.221424 0.403921 -0.062068
v 0.193818 0.388925 -0.056177
v 0.196177 0.458093 -0.070666
v 0.206835 0.485934 -0.055588
v 0.247482 0.418031 -0.044456
v 0.221424 0.403921 -0.062068
v 0.206835 0.485934 -0.055588
v 0.211810 0.506278 -0.011934
v 0.255107 0.422408 -0.007087
v 0.247482 0.418031 -0.044456
v 0.255107 0.422408 -0.007087
v 0.211810 0.506278 -0.011934
v 0.198953 0.482594 0.026749
v 0.235405 0.411528 0.024632
v 0.159782 0.501786 0.041309
v 0.153298 0.458433 0.051970
v 0.187764 0.453605 0.038513
v 0.198953 0.482594 0.026749
v 0.160515 0.416700 0.023725
v 0.170801 0.407322 0.014805
v 0.187764 0.453605 0.038513
v 0.153298 0.458433 0.051970
v 0.167791 0.411867 -0.017804
v 0.172159 0.403505 -0.022100
v 0.170801 0.407322 0.014805
v 0.160515 0.416700 0.023725
v 0.162172 0.415599 -0.056140
v 0.153298 0.458433 -0.084385
v 0.196177 0.458093 -0.070666
v 0.177880 0.408192 -0.054020
v 0.196177 0.458093 -0.070666
v 0.153298 0.458433 -0.084385
v 0.159782 0.501786 -0.073724
v 0.206835 0.485934 -0.055588
v 0.159782 0.501786 -0.073724
v 0.159782 0.544143 -0.016208
v 0.211810 0.506278 -0.011934
v 0.206835 0.485934 -0.055588
v 0.211810 0.506278 -0.011934
v 0.159782 0.544143 -0.016208
v 0.159782 0.501786 0.041309
v 0.198953 0.482594 0.026749
v 0.029606 0.236069 0.090124
v -0.009970 0.236069 0.090124
v -0.009970 0.079137 0.100968
v 0.033847 0.079137 0.100968
v -0.009970 0.079137 -0.141613
v -0.009970 0.236069 -0.097210
v 0.029606 0.236069 -0.097210
v 0.033847 0.079137 -0.141613
v -0.009970 0.423587 0.100170
v -0.009970 0.236069 0.090124
v 0.029606 0.236069 0.090124
v 0.058442 0.423587 0.100170
v -0.009970 0.520500 0.078039
v -0.009970 0.423587 0.100170
v 0.058442 0.423587 0.100170
v 0.063908 0.515393 0.069591
v 0.041380 0.557881 0.039811
v -0.009970 0.551479 0.064667
v -0.009970 0.520500 0.078039
v 0.063908 0.515393 0.069591
v -0.009970 0.609508 0.041547
v -0.009970 0.555073 0.038986
v 0.029699 0.562016 0.020316
v 0.023222 0.609508 0.029197
v -0.009970 0.609508 0.041547
v 0.023222 0.609508 0.029197
v 0.029374 0.609187 0.048490
v -0.009970 0.607684 0.068803
v -0.009970 0.691162 0.081878
v -0.009970 0.619950 0.075003
v 0.035526 0.622958 0.046727
v 0.044540 0.694183 0.059396
v -0.009970 0.691162 0.081878
v 0.044540 0.694183 0.059396
v 0.039024 0.743253 0.065994
v -0.009970 0.743494 0.075852
v -0.009970 0.782909 0.068839
v 0.034410 0.790248 0.047485
v 0.011850 -0.023696 -0.100486
v -0.009970 -0.019425 -0.088592
v -0.009970 0.069772 -0.133939
v 0.030342 0.069772 -0.133939
v 0.030342 0.069772 -0.133939
v -0.009970 0.069772 -0.133939
v -0.009970 0.079137 -0.141613
v 0.033847 0.079137 -0.141613
v -0.009970 0.079137 0.100968
v -0.009970 0.069772 0.092305
v 0.030342 0.069772 0.092305
v 0.033847 0.079137 0.100968
v -0.009970 0.555073 0.038986
v -0.009970 0.551479 0.064667
v 0.041380 0.557881 0.039811
v 0.029699 0.562016 0.020316
v -0.009970 0.797624 0.072900
v -0.009970 0.782909 0.068839
v 0.034410 0.790248 0.047485
v 0.044660 0.798885 0.050070
v -0.094158 0.236069 0.087236
v -0.117923 0.081863 0.097058
v -0.053787 0.079137 0.100968
v -0.049546 0.236069 0.090124
v -0.098837 -0.035551 0.077049
v -0.099255 -0.135826 0.077083
v -0.037560 -0.136229 0.047512
v -0.035507 -0.019713 0.051914
v -0.094571 -0.294619 0.077086
v -0.039589 -0.295123 0.047585
v -0.037560 -0.136229 0.047512
v -0.099255 -0.135826 0.077083
v -0.094728 -0.692440 0.050381
v -0.056285 -0.693102 0.031812
v -0.044779 -0.524908 0.041223
v -0.094571 -0.524855 0.066007
v -0.094728 -0.692440 0.050381
v -0.092763 -0.813990 0.057261
v -0.058133 -0.814615 0.044152
v -0.056285 -0.693102 0.031812
v -0.094728 -0.692440 0.050381
v -0.135111 -0.692975 0.029879
v -0.126459 -0.815016 0.041552
v -0.092763 -0.813990 0.057261
v -0.094571 -0.524855 0.066007
v -0.151264 -0.524289 0.038956
v -0.135111 -0.692975 0.029879
v -0.094728 -0.692440 0.050381
v -0.099255 -0.135826 0.077083
v -0.173736 -0.135850 0.045002
v -0.151422 -0.294894 0.045049
v -0.094571 -0.294619 0.077086
v -0.098837 -0.035551 0.077049
v -0.169040 -0.028220 0.044833
v -0.173736 -0.135850 0.045002
v -0.099255 -0.135826 0.077083
v -0.129551 0.236069 0.062816
v -0.165230 0.084588 0.069619
v -0.117923 0.081863 0.097058
v -0.094158 0.236069 0.087236
v -0.037560 -0.136229 0.047512
v -0.015350 -0.136852 -0.013414
v -0.012486 -0.057311 -0.023486
v -0.035507 -0.019713 0.051914
v -0.035507 -0.019713 0.051914
v -0.012486 -0.057311 -0.023486
v -0.009970 -0.053963 -0.023487
v -0.009970 -0.018427 0.038076
v -0.037560 -0.136229 0.047512
v -0.039589 -0.295123 0.047585
v -0.021709 -0.295893 0.000886
v -0.015350 -0.136852 -0.013414
v -0.044779 -0.524908 0.041223
v -0.056285 -0.693102 0.031812
v -0.042951 -0.693685 0.000976
v -0.026640 -0.524595 0.000827
v -0.056285 -0.693102 0.031812
v -0.058133 -0.814615 0.044152
v -0.043234 -0.815603 0.001905
v -0.042951 -0.693685 0.000976
v -0.165230 0.084588 0.069619
v -0.129551 0.236069 0.062816
v -0.138770 0.236069 -0.005128
v -0.182059 0.084588 -0.012580
v -0.195725 -0.136861 -0.013374
v -0.173736 -0.135850 0.045002
v -0.169040 -0.028220 0.044833
v -0.189530 -0.028235 -0.023671
v -0.167067 -0.296086 0.000855
v -0.151422 -0.294894 0.045049
v -0.173736 -0.135850 0.045002
v -0.195725 -0.136861 -0.013374
v -0.145823 -0.693763 0.000537
v -0.135111 -0.692975 0.029879
v -0.151264 -0.524289 0.038956
v -0.167033 -0.524064 0.000749
v -0.139108 -0.816174 -0.001429
v -0.126459 -0.815016 0.041552
v -0.135111 -0.692975 0.029879
v -0.145823 -0.693763 0.000537
v -0.131697 0.236069 -0.069903
v -0.169148 0.084588 -0.110264
v -0.182059 0.084588 -0.012580
v -0.138770 0.236069 -0.005128
v -0.053787 0.079137 -0.141613
v -0.117923 0.081863 -0.137703
v -0.094158 0.236069 -0.094322
v -0.049546 0.236069 -0.097210
v -0.098622 -0.039846 -0.126951
v -0.110311 0.072449 -0.130289
v -0.050283 0.069772 -0.133939
v -0.031790 -0.023696 -0.100486
v -0.033279 -0.138451 -0.083578
v -0.099176 -0.139217 -0.113381
v -0.098622 -0.039846 -0.126951
v -0.031790 -0.023696 -0.100486
v -0.094621 -0.298026 -0.076829
v -0.099176 -0.139217 -0.113381
v -0.033279 -0.138451 -0.083578
v -0.036281 -0.297321 -0.047031
v -0.054005 -0.693624 -0.038098
v -0.094458 -0.693220 -0.057119
v -0.094623 -0.523112 -0.066134
v -0.041536 -0.523952 -0.041054
v -0.089577 -0.816154 -0.049753
v -0.094458 -0.693220 -0.057119
v -0.054005 -0.693624 -0.038098
v -0.055915 -0.815965 -0.034002
v -0.124175 -0.816325 -0.036063
v -0.136457 -0.693448 -0.036675
v -0.094458 -0.693220 -0.057119
v -0.089577 -0.816154 -0.049753
v -0.136457 -0.693448 -0.036675
v -0.154011 -0.523346 -0.038810
v -0.094623 -0.523112 -0.066134
v -0.094458 -0.693220 -0.057119
v -0.178024 -0.138036 -0.081012
v -0.099176 -0.139217 -0.113381
v -0.094621 -0.298026 -0.076829
v -0.154224 -0.297098 -0.044464
v -0.173316 -0.031015 -0.094345
v -0.098622 -0.039846 -0.126951
v -0.099176 -0.139217 -0.113381
v -0.178024 -0.138036 -0.081012
v -0.173316 -0.031015 -0.094345
v -0.158128 0.075125 -0.104947
v -0.110311 0.072449 -0.130289
v -0.098622 -0.039846 -0.126951
v -0.131697 0.236069 -0.069903
v -0.094158 0.236069 -0.094322
v -0.117923 0.081863 -0.137703
v -0.169148 0.084588 -0.110264
v -0.033279 -0.138451 -0.083578
v -0.031790 -0.023696 -0.100486
v -0.012486 -0.057311 -0.023486
v -0.015350 -0.136852 -0.013414
v -0.036281 -0.297321 -0.047031
v -0.033279 -0.138451 -0.083578
v -0.015350 -0.136852 -0.013414
v -0.021709 -0.295893 0.000886
v -0.042951 -0.693685 0.000976
v -0.054005 -0.693624 -0.038098
v -0.041536 -0.523952 -0.041054
v -0.026640 -0.524595 0.000827
v -0.055915 -0.815965 -0.034002
v -0.054005 -0.693624 -0.038098
v -0.042951 -0.693685 0.000976
v -0.043234 -0.815603 0.001905
v -0.170339 0.075125 -0.012944
v -0.158128 0.075125 -0.104947
v -0.173316 -0.031015 -0.094345
v -0.189530 -0.028235 -0.023671
v -0.178024 -0.138036 -0.081012
v -0.195725 -0.136861 -0.013374
v -0.189530 -0.028235 -0.023671
v -0.173316 -0.031015 -0.094345
v -0.154224 -0.297098 -0.044464
v -0.167067 -0.296086 0.000855
v -0.195725 -0.136861 -0.013374
v -0.178024 -0.138036 -0.081012
v -0.145823 -0.693763 0.000537
v -0.167033 -0.524064 0.000749
v -0.154011 -0.523346 -0.038810
v -0.136457 -0.693448 -0.036675
v -0.139108 -0.816174 -0.001429
v -0.145823 -0.693763 0.000537
v -0.136457 -0.693448 -0.036675
v -0.124175 -0.816325 -0.036063
v -0.092380 -0.815428 0.039532
v -0.092380 -0.850110 0.045431
v -0.071396 -0.850323 0.037795
v -0.067243 -0.815641 0.031896
v -0.092380 -0.815428 0.039532
v -0.116770 -0.815230 0.030093
v -0.112616 -0.849912 0.035992
v -0.092380 -0.850110 0.045431
v -0.067243 -0.815641 0.031896
v -0.071396 -0.850323 0.037795
v -0.050294 -0.850427 0.001275
v -0.052626 -0.815745 0.001275
v -0.116770 -0.815230 0.030093
v -0.129583 -0.815163 -0.001275
v -0.131915 -0.849845 0.015007
v -0.112616 -0.849912 0.035992
v -0.064762 -0.815678 -0.022870
v -0.060985 -0.850360 -0.023963
v -0.089830 -0.850162 -0.033402
v -0.089830 -0.815480 -0.031876
v -0.115644 -0.815267 -0.024673
v -0.089830 -0.815480 -0.031876
v -0.089830 -0.850162 -0.033402
v -0.118700 -0.849949 -0.025766
v -0.052626 -0.815745 0.001275
v -0.050294 -0.850427 0.001275
v -0.060985 -0.850360 -0.023963
v -0.064762 -0.815678 -0.022870
v -0.129583 -0.815163 -0.001275
v -0.115644 -0.815267 -0.024673
v -0.118700 -0.849949 -0.025766
v -0.131915 -0.849845 0.015007
v -0.092380 -0.850110 0.045431
v -0.092380 -0.851612 0.053519
v -0.071396 -0.854025 0.044097
v -0.071396 -0.850323 0.037795
v -0.092380 -0.850110 0.045431
v -0.112616 -0.849912 0.035992
v -0.112616 -0.853613 0.042294
v -0.092380 -0.851612 0.053519
v -0.089830 -0.850162 -0.033402
v -0.089830 -0.884844 -0.036703
v -0.118700 -0.884631 -0.029067
v -0.118700 -0.849949 -0.025766
v -0.089830 -0.850162 -0.033402
v -0.060985 -0.850360 -0.023963
v -0.060985 -0.885042 -0.027264
v -0.089830 -0.884844 -0.036703
v -0.118700 -0.849949 -0.025766
v -0.118700 -0.884631 -0.029067
v -0.131915 -0.884404 -0.010993
v -0.131915 -0.849845 0.015007
v -0.060985 -0.850360 -0.023963
v -0.050294 -0.850427 0.001275
v -0.050294 -0.884986 -0.008442
v -0.060985 -0.885042 -0.027264
v -0.112616 -0.849912 0.035992
v -0.131915 -0.849845 0.015007
v -0.131915 -0.870858 0.029301
v -0.112616 -0.853613 0.042294
v -0.071396 -0.850323 0.037795
v -0.071396 -0.854025 0.044097
v -0.050294 -0.871440 0.027231
v -0.050294 -0.850427 0.001275
v -0.131915 -0.849845 0.015007
v -0.131915 -0.884404 -0.010993
v -0.131915 -0.888057 0.017417
v -0.131915 -0.870858 0.029301
v -0.050294 -0.884986 -0.008442
v -0.050294 -0.850427 0.001275
v -0.050294 -0.871440 0.027231
v -0.050294 -0.888639 0.019967
v -0.060985 -0.885042 -0.027264
v -0.060985 -0.908888 -0.022231
v -0.089830 -0.908162 -0.031671
v -0.089830 -0.884844 -0.036703
v -0.118700 -0.884631 -0.029067
v -0.089830 -0.884844 -0.036703
v -0.089830 -0.908162 -0.031671
v -0.118700 -0.908477 -0.024035
v -0.131915 -0.884404 -0.010993
v -0.118700 -0.884631 -0.029067
v -0.118700 -0.908477 -0.024035
v -0.131915 -0.908975 -0.010993
v -0.050294 -0.884986 -0.008442
v -0.050294 -0.909557 -0.008442
v -0.060985 -0.908888 -0.022231
v -0.060985 -0.885042 -0.027264
v -0.131915 -0.888057 0.017417
v -0.131915 -0.884404 -0.010993
v -0.131915 -0.908975 -0.010993
v -0.131915 -0.908886 0.017417
v -0.050294 -0.909468 0.019967
v -0.050294 -0.909557 -0.008442
v -0.092380 -0.851612 0.053519
v -0.092059 -0.874979 0.135758
v -0.066452 -0.876976 0.130024
v -0.071396 -0.854025 0.044097
v -0.092380 -0.851612 0.053519
v -0.112616 -0.853613 0.042294
v -0.118314 -0.877174 0.128624
v -0.092059 -0.874979 0.135758
v -0.112616 -0.853613 0.042294
v -0.131915 -0.870858 0.029301
v -0.130403 -0.880843 0.116033
v -0.118314 -0.877174 0.128624
v -0.071396 -0.854025 0.044097
v -0.066452 -0.876976 0.130024
v -0.051680 -0.881409 0.117783
v -0.050294 -0.871440 0.027231
v -0.131915 -0.870858 0.029301
v -0.131915 -0.888057 0.017417
v -0.133525 -0.889504 0.116707
v -0.130403 -0.880843 0.116033
v -0.050294 -0.871440 0.027231
v -0.051680 -0.881409 0.117783
v -0.046762 -0.890086 0.118456
v -0.050294 -0.888639 0.019967
v -0.131915 -0.888057 0.017417
v -0.131915 -0.908886 0.017417
v -0.133525 -0.908850 0.115566
v -0.133525 -0.889504 0.116707
v -0.050294 -0.888639 0.019967
v -0.046762 -0.890086 0.118456
v -0.046762 -0.909432 0.117314
v -0.050294 -0.909468 0.019967
v -0.127598 -0.889504 0.140441
v -0.127598 -0.908850 0.138515
v -0.113735 -0.908961 0.160755
v -0.113735 -0.889615 0.162681
v -0.127598 -0.889504 0.140441
v -0.113735 -0.889615 0.162681
v -0.113189 -0.881030 0.158081
v -0.123153 -0.881301 0.138371
v -0.091339 -0.880647 0.167847
v -0.091339 -0.889795 0.173628
v -0.070172 -0.889965 0.168850
v -0.070722 -0.880869 0.164158
v -0.091339 -0.909141 0.171702
v -0.070172 -0.909311 0.166924
v -0.070172 -0.889965 0.168850
v -0.091339 -0.889795 0.173628
v -0.070722 -0.880869 0.164158
v -0.070172 -0.889965 0.168850
v -0.055080 -0.890086 0.155688
v -0.059529 -0.881883 0.153618
v -0.070172 -0.909311 0.166924
v -0.055080 -0.909432 0.153762
v -0.055080 -0.890086 0.155688
v -0.070172 -0.889965 0.168850
v -0.113735 -0.889615 0.162681
v -0.091339 -0.889795 0.173628
v -0.091339 -0.880647 0.167847
v -0.113189 -0.881030 0.158081
v -0.113735 -0.889615 0.162681
v -0.113735 -0.908961 0.160755
v -0.091339 -0.909141 0.171702
v -0.091339 -0.889795 0.173628
v -0.090409 -0.909177 0.018692
v -0.091376 -0.909141 0.116440
v -0.133525 -0.908850 0.115566
v -0.131915 -0.908886 0.017417
v -0.131915 -0.908886 0.017417
v -0.131915 -0.908975 -0.010993
v -0.089907 -0.909266 -0.009718
v -0.090409 -0.909177 0.018692
v -0.113735 -0.908961 0.160755
v -0.127598 -0.908850 0.138515
v -0.091339 -0.909141 0.139790
v -0.091339 -0.909141 0.171702
v -0.091339 -0.909141 0.139790
v -0.055080 -0.909432 0.153762
v -0.070172 -0.909311 0.166924
v -0.091339 -0.909141 0.171702
v -0.050294 -0.909468 0.019967
v -0.046762 -0.909432 0.117314
v -0.091376 -0.909141 0.116440
v -0.090409 -0.909177 0.018692
v -0.090409 -0.909177 0.018692
v -0.089907 -0.909266 -0.009718
v -0.050294 -0.909557 -0.008442
v -0.050294 -0.909468 0.019967
v -0.089907 -0.909266 -0.009718
v -0.131915 -0.908975 -0.010993
v -0.118700 -0.908477 -0.024035
v -0.089830 -0.908162 -0.031671
v -0.089907 -0.909266 -0.009718
v -0.089830 -0.908162 -0.031671
v -0.060985 -0.908888 -0.022231
v -0.050294 -0.909557 -0.008442
v -0.020876 -0.411108 0.003887
v -0.040154 -0.411440 0.050563
v -0.044779 -0.524908 0.041223
v -0.026640 -0.524595 0.000827
v -0.040154 -0.411440 0.050563
v -0.094597 -0.411371 0.079027
v -0.094571 -0.524855 0.066007
v -0.044779 -0.524908 0.041223
v -0.155837 -0.410824 0.047954
v -0.151264 -0.524289 0.038956
v -0.094571 -0.524855 0.066007
v -0.094597 -0.411371 0.079027
v -0.172793 -0.410897 0.003829
v -0.167033 -0.524064 0.000749
v -0.151264 -0.524289 0.038956
v -0.155837 -0.410824 0.047954
v -0.026640 -0.524595 0.000827
v -0.041536 -0.523952 -0.041054
v -0.036906 -0.411988 -0.041155
v -0.020876 -0.411108 0.003887
v -0.158625 -0.411806 -0.038548
v -0.154011 -0.523346 -0.038810
v -0.167033 -0.524064 0.000749
v -0.172793 -0.410897 0.003829
v -0.041536 -0.523952 -0.041054
v -0.094623 -0.523112 -0.066134
v -0.094673 -0.412902 -0.066099
v -0.036906 -0.411988 -0.041155
v -0.094673 -0.412902 -0.066099
v -0.094623 -0.523112 -0.066134
v -0.154011 -0.523346 -0.038810
v -0.158625 -0.411806 -0.038548
v -0.138770 0.236069 -0.005128
v -0.129551 0.236069 0.062816
v -0.167286 0.380861 0.050649
v -0.176891 0.371475 -0.017804
v -0.094158 0.236069 0.087236
v -0.133263 0.407743 0.076818
v -0.167286 0.380861 0.050649
v -0.129551 0.236069 0.062816
v -0.094158 0.236069 0.087236
v -0.049546 0.236069 0.090124
v -0.078383 0.423587 0.100170
v -0.133263 0.407743 0.076818
v -0.131697 0.236069 -0.069903
v -0.138770 0.236069 -0.005128
v -0.176891 0.371475 -0.017804
v -0.169271 0.380861 -0.090953
v -0.049546 0.236069 -0.097210
v -0.078383 0.423587 -0.118464
v -0.094158 0.236069 -0.094322
v -0.133263 0.407743 -0.115555
v -0.078383 0.423587 -0.118464
v -0.049546 0.236069 -0.097210
v -0.094158 0.236069 -0.094322
v -0.131697 0.236069 -0.069903
v -0.169271 0.380861 -0.090953
v -0.133263 0.407743 -0.115555
v -0.078383 0.423587 0.100170
v -0.083848 0.515393 0.069591
v -0.131214 0.505570 0.064426
v -0.133263 0.407743 0.076818
v -0.078383 0.423587 -0.118464
v -0.083848 0.520573 -0.099926
v -0.078383 0.423587 -0.118464
v -0.133263 0.407743 -0.115555
v -0.131214 0.505570 -0.087070
v -0.083848 0.520573 -0.099926
v -0.131214 0.505570 0.064426
v -0.083848 0.515393 0.069591
v -0.096576 0.566491 -0.016208
v -0.131214 0.559564 -0.016208
v -0.131214 0.505570 0.064426
v -0.179722 0.501786 0.041309
v -0.173238 0.458433 0.051970
v -0.133263 0.407743 0.076818
v -0.131214 0.505570 -0.087070
v -0.133263 0.407743 -0.115555
v -0.173238 0.458433 -0.084385
v -0.179722 0.501786 -0.073724
v -0.131214 0.559564 -0.016208
v -0.179722 0.544143 -0.016208
v -0.179722 0.501786 0.041309
v -0.131214 0.505570 0.064426
v -0.176891 0.371475 -0.017804
v -0.167286 0.380861 0.050649
v -0.180455 0.416700 0.023725
v -0.187731 0.411867 -0.017804
v -0.133263 0.407743 0.076818
v -0.173238 0.458433 0.051970
v -0.180455 0.416700 0.023725
v -0.167286 0.380861 0.050649
v -0.176891 0.371475 -0.017804
v -0.187731 0.411867 -0.017804
v -0.182112 0.415599 -0.056140
v -0.169271 0.380861 -0.090953
v -0.133263 0.407743 -0.115555
v -0.169271 0.380861 -0.090953
v -0.182112 0.415599 -0.056140
v -0.173238 0.458433 -0.084385
v -0.131214 0.505570 -0.087070
v -0.179722 0.501786 -0.073724
v -0.179722 0.544143 -0.016208
v -0.131214 0.559564 -0.016208
v -0.096576 0.566491 -0.016208
v -0.083848 0.520573 -0.099926
v -0.131214 0.505570 -0.087070
v -0.131214 0.559564 -0.016208
v -0.254585 0.263351 0.018751
v -0.291024 0.271656 0.015016
v -0.322397 0.089149 0.021158
v -0.300652 0.084193 0.025614
v -0.279247 0.268972 -0.052346
v -0.315369 0.087547 -0.059209
v -0.332804 0.091521 -0.038822
v -0.308462 0.275631 -0.035258
v -0.291024 0.271656 0.015016
v -0.313340 0.276743 -0.007355
v -0.335715 0.092185 -0.005532
v -0.322397 0.089149 0.021158
v -0.225370 0.256691 0.001663
v -0.283217 0.080219 0.005227
v -0.280306 0.079555 -0.028063
v -0.220492 0.255579 -0.026240
v -0.254585 0.263351 0.018751
v -0.300652 0.084193 0.025614
v -0.283217 0.080219 0.005227
v -0.225370 0.256691 0.001663
v -0.242808 0.260666 -0.048611
v -0.220492 0.255579 -0.026240
v -0.280306 0.079555 -0.028063
v -0.293624 0.082591 -0.054753
v -0.279247 0.268972 -0.052346
v -0.242808 0.260666 -0.048611
v -0.293624 0.082591 -0.054753
v -0.315369 0.087547 -0.059209
v -0.308462 0.275631 -0.035258
v -0.332804 0.091521 -0.038822
v -0.335715 0.092185 -0.005532
v -0.313340 0.276743 -0.007355
v -0.225096 0.396419 0.028505
v -0.255345 0.411528 0.024632
v -0.268469 0.357032 0.018476
v -0.236479 0.349731 0.022617
v -0.236479 0.349731 0.022617
v -0.210837 0.343828 0.003669
v -0.200685 0.385928 0.009031
v -0.225096 0.396419 0.028505
v -0.255345 0.411528 0.024632
v -0.275047 0.422408 -0.007087
v -0.288077 0.361452 -0.006329
v -0.268469 0.357032 0.018476
v -0.258146 0.354609 -0.056209
v -0.241365 0.403921 -0.062068
v -0.213758 0.388925 -0.056177
v -0.226126 0.347441 -0.052073
v -0.258146 0.354609 -0.056209
v -0.283837 0.360325 -0.037260
v -0.267422 0.418031 -0.044456
v -0.241365 0.403921 -0.062068
v -0.283837 0.360325 -0.037260
v -0.288077 0.361452 -0.006329
v -0.275047 0.422408 -0.007087
v -0.267422 0.418031 -0.044456
v -0.210837 0.343828 0.003669
v -0.206531 0.342995 -0.027267
v -0.196341 0.385192 -0.026487
v -0.200685 0.385928 0.009031
v -0.196341 0.385192 -0.026487
v -0.206531 0.342995 -0.027267
v -0.226126 0.347441 -0.052073
v -0.213758 0.388925 -0.056177
v -0.200685 0.385928 0.009031
v -0.196341 0.385192 -0.026487
v -0.192099 0.403505 -0.022100
v -0.190741 0.407322 0.014805
v -0.196341 0.385192 -0.026487
v -0.213758 0.388925 -0.056177
v -0.197820 0.408192 -0.054020
v -0.192099 0.403505 -0.022100
v -0.268469 0.357032 0.018476
v -0.291024 0.271656 0.015016
v -0.254585 0.263351 0.018751
v -0.236479 0.349731 0.022617
v -0.283837 0.360325 -0.037260
v -0.258146 0.354609 -0.056209
v -0.279247 0.268972 -0.052346
v -0.308462 0.275631 -0.035258
v -0.288077 0.361452 -0.006329
v -0.313340 0.276743 -0.007355
v -0.291024 0.271656 0.015016
v -0.268469 0.357032 0.018476
v -0.206531 0.342995 -0.027267
v -0.210837 0.343828 0.003669
v -0.225370 0.256691 0.001663
v -0.220492 0.255579 -0.026240
v -0.210837 0.343828 0.003669
v -0.236479 0.349731 0.022617
v -0.254585 0.263351 0.018751
v -0.225370 0.256691 0.001663
v -0.206531 0.342995 -0.027267
v -0.220492 0.255579 -0.026240
v -0.242808 0.260666 -0.048611
v -0.226126 0.347441 -0.052073
v -0.226126 0.347441 -0.052073
v -0.242808 0.260666 -0.048611
v -0.279247 0.268972 -0.052346
v -0.258146 0.354609 -0.056209
v -0.288077 0.361452 -0.006329
v -0.283837 0.360325 -0.037260
v -0.308462 0.275631 -0.035258
v -0.313340 0.276743 -0.007355
v -0.322397 0.089149 0.021158
v -0.318483 0.086499 0.007206
v -0.303433 0.083068 0.010290
v -0.300652 0.084193 0.025614
v -0.332804 0.091521 -0.038822
v -0.315369 0.087547 -0.059209
v -0.313618 0.085390 -0.048416
v -0.324341 0.087568 -0.031223
v -0.335715 0.092185 -0.005532
v -0.325596 0.088120 -0.011266
v -0.318483 0.086499 0.007206
v -0.322397 0.089149 0.021158
v -0.280306 0.079555 -0.028063
v -0.283217 0.080219 0.005227
v -0.293115 0.080717 -0.003820
v -0.290811 0.079925 -0.023777
v -0.283217 0.080219 0.005227
v -0.300652 0.084193 0.025614
v -0.303433 0.083068 0.010290
v -0.293115 0.080717 -0.003820
v -0.280306 0.079555 -0.028063
v -0.290811 0.079925 -0.023777
v -0.298569 0.081960 -0.045332
v -0.293624 0.082591 -0.054753
v -0.293624 0.082591 -0.054753
v -0.298569 0.081960 -0.045332
v -0.313618 0.085390 -0.048416
v -0.315369 0.087547 -0.059209
v -0.335715 0.092185 -0.005532
v -0.332804 0.091521 -0.038822
v -0.324341 0.087568 -0.031223
v -0.325596 0.088120 -0.011266
v -0.303433 0.083068 0.010290
v -0.318483 0.086499 0.007206
v -0.321903 0.059660 0.022598
v -0.311164 0.057212 0.025682
v -0.318483 0.086499 0.007206
v -0.325596 0.088120 -0.011266
v -0.331700 0.047032 0.006512
v -0.321903 0.059660 0.022598
v -0.293115 0.080717 -0.003820
v -0.303433 0.083068 0.010290
v -0.311164 0.057212 0.025682
v -0.305774 0.041123 0.013958
v -0.324341 0.087568 -0.031223
v -0.313618 0.085390 -0.048416
v -0.320116 0.048623 -0.047779
v -0.329430 0.043046 -0.025427
v -0.293115 0.080717 -0.003820
v -0.305774 0.041123 0.013958
v -0.299308 0.036180 -0.019339
v -0.290811 0.079925 -0.023777
v -0.290811 0.079925 -0.023777
v -0.299308 0.036180 -0.019339
v -0.306152 0.045440 -0.045332
v -0.298569 0.081960 -0.045332
v -0.298569 0.081960 -0.045332
v -0.306152 0.045440 -0.045332
v -0.320116 0.048623 -0.047779
v -0.313618 0.085390 -0.048416
v -0.325596 0.088120 -0.011266
v -0.324341 0.087568 -0.031223
v -0.329430 0.043046 -0.025427
v -0.331700 0.047032 0.006512
v -0.328514 0.018826 0.042763
v -0.330199 0.016111 0.030779
v -0.320527 0.013906 0.038225
v -0.322086 0.017360 0.045847
v -0.330540 -0.047812 -0.006670
v -0.326849 -0.034176 -0.039359
v -0.318112 -0.036168 -0.038824
v -0.319049 -0.050431 -0.004655
v -0.330540 -0.047812 -0.006670
v -0.319049 -0.050431 -0.004655
v -0.315652 -0.026229 0.018178
v -0.328512 -0.023297 0.018004
v -0.325515 0.000533 -0.046823
v -0.320116 0.048623 -0.047779
v -0.306152 0.045440 -0.045332
v -0.315783 -0.001685 -0.045332
v -0.315783 -0.001685 -0.045332
v -0.306152 0.045440 -0.045332
v -0.299308 0.036180 -0.019339
v -0.308618 -0.004667 -0.012811
v -0.308618 -0.004667 -0.012811
v -0.299308 0.036180 -0.019339
v -0.305774 0.041123 0.013958
v -0.313593 -0.005186 0.023559
v -0.329696 -0.001515 0.019749
v -0.313593 -0.005186 0.023559
v -0.305774 0.041123 0.013958
v -0.331700 0.047032 0.006512
v -0.330507 0.000322 -0.016863
v -0.329696 -0.001515 0.019749
v -0.331700 0.047032 0.006512
v -0.329430 0.043046 -0.025427
v -0.325515 0.000533 -0.046823
v -0.330507 0.000322 -0.016863
v -0.329430 0.043046 -0.025427
v -0.320116 0.048623 -0.047779
v -0.311164 0.057212 0.025682
v -0.321903 0.059660 0.022598
v -0.328514 0.018826 0.042763
v -0.322086 0.017360 0.045847
v -0.321903 0.059660 0.022598
v -0.331700 0.047032 0.006512
v -0.330199 0.016111 0.030779
v -0.328514 0.018826 0.042763
v -0.305774 0.041123 0.013958
v -0.320527 0.013906 0.038225
v -0.330199 0.016111 0.030779
v -0.331700 0.047032 0.006512
v -0.305774 0.041123 0.013958
v -0.311164 0.057212 0.025682
v -0.322086 0.017360 0.045847
v -0.320527 0.013906 0.038225
v -0.315783 -0.001685 -0.045332
v -0.318112 -0.036168 -0.038824
v -0.326849 -0.034176 -0.039359
v -0.325515 0.000533 -0.046823
v -0.308618 -0.004667 -0.012811
v -0.319049 -0.050431 -0.004655
v -0.318112 -0.036168 -0.038824
v -0.315783 -0.001685 -0.045332
v -0.315652 -0.026229 0.018178
v -0.319049 -0.050431 -0.004655
v -0.308618 -0.004667 -0.012811
v -0.313593 -0.005186 0.023559
v -0.328512 -0.023297 0.018004
v -0.315652 -0.026229 0.018178
v -0.313593 -0.005186 0.023559
v -0.329696 -0.001515 0.019749
v -0.330507 0.000322 -0.016863
v -0.330540 -0.047812 -0.006670
v -0.328512 -0.023297 0.018004
v -0.329696 -0.001515 0.019749
v -0.326849 -0.034176 -0.039359
v -0.330540 -0.047812 -0.006670
v -0.330507 0.000322 -0.016863
v -0.325515 0.000533 -0.046823
v -0.092059 -0.874979 0.135758
v -0.091339 -0.880647 0.167847
v -0.070722 -0.880869 0.164158
v -0.066452 -0.876976 0.130024
v -0.092059 -0.874979 0.135758
v -0.118314 -0.877174 0.128624
v -0.113189 -0.881030 0.158081
v -0.091339 -0.880647 0.167847
v -0.118314 -0.877174 0.128624
v -0.130403 -0.880843 0.116033
v -0.123153 -0.881301 0.138371
v -0.113189 -0.881030 0.158081
v -0.133525 -0.889504 0.116707
v -0.127598 -0.889504 0.140441
v -0.123153 -0.881301 0.138371
v -0.130403 -0.880843 0.116033
v -0.133525 -0.889504 0.116707
v -0.133525 -0.908850 0.115566
v -0.127598 -0.908850 0.138515
v -0.127598 -0.889504 0.140441
v -0.091376 -0.909141 0.116440
v -0.091339 -0.909141 0.139790
v -0.127598 -0.908850 0.138515
v -0.133525 -0.908850 0.115566
v -0.046762 -0.909432 0.117314
v -0.055080 -0.909432 0.153762
v -0.091339 -0.909141 0.139790
v -0.091376 -0.909141 0.116440
v -0.046762 -0.890086 0.118456
v -0.055080 -0.890086 0.155688
v -0.055080 -0.909432 0.153762
v -0.046762 -0.909432 0.117314
v -0.046762 -0.890086 0.118456
v -0.051680 -0.881409 0.117783
v -0.059529 -0.881883 0.153618
v -0.055080 -0.890086 0.155688
v -0.066452 -0.876976 0.130024
v -0.070722 -0.880869 0.164158
v -0.059529 -0.881883 0.153618
v -0.051680 -0.881409 0.117783
v -0.035507 -0.019713 0.051914
v -0.009970 -0.018427 0.038076
v -0.009970 0.069772 0.092305
v -0.050283 0.069772 0.092305
v -0.050283 0.069772 0.092305
v -0.110311 0.072449 0.088655
v -0.098837 -0.035551 0.077049
v -0.035507 -0.019713 0.051914
v -0.092380 -0.815428 0.039532
v -0.067243 -0.815641 0.031896
v -0.058133 -0.814615 0.044152
v -0.092763 -0.813990 0.057261
v -0.092380 -0.815428 0.039532
v -0.092763 -0.813990 0.057261
v -0.126459 -0.815016 0.041552
v -0.116770 -0.815230 0.030093
v -0.110311 0.072449 0.088655
v -0.154423 0.075125 0.063313
v -0.169040 -0.028220 0.044833
v -0.098837 -0.035551 0.077049
v -0.067243 -0.815641 0.031896
v -0.052626 -0.815745 0.001275
v -0.043234 -0.815603 0.001905
v -0.058133 -0.814615 0.044152
v -0.170339 0.075125 -0.012944
v -0.189530 -0.028235 -0.023671
v -0.169040 -0.028220 0.044833
v -0.154423 0.075125 0.063313
v -0.116770 -0.815230 0.030093
v -0.126459 -0.815016 0.041552
v -0.139108 -0.816174 -0.001429
v -0.129583 -0.815163 -0.001275
v -0.089830 -0.815480 -0.031876
v -0.089577 -0.816154 -0.049753
v -0.055915 -0.815965 -0.034002
v -0.064762 -0.815678 -0.022870
v -0.089830 -0.815480 -0.031876
v -0.115644 -0.815267 -0.024673
v -0.124175 -0.816325 -0.036063
v -0.089577 -0.816154 -0.049753
v -0.012486 -0.057311 -0.023486
v -0.031790 -0.023696 -0.100486
v -0.009970 -0.019425 -0.088592
v -0.009970 -0.053963 -0.023487
v -0.064762 -0.815678 -0.022870
v -0.055915 -0.815965 -0.034002
v -0.043234 -0.815603 0.001905
v -0.052626 -0.815745 0.001275
v -0.115644 -0.815267 -0.024673
v -0.129583 -0.815163 -0.001275
v -0.139108 -0.816174 -0.001429
v -0.124175 -0.816325 -0.036063
v -0.020876 -0.411108 0.003887
v -0.021709 -0.295893 0.000886
v -0.039589 -0.295123 0.047585
v -0.040154 -0.411440 0.050563
v -0.036906 -0.411988 -0.041155
v -0.036281 -0.297321 -0.047031
v -0.021709 -0.295893 0.000886
v -0.020876 -0.411108 0.003887
v -0.094673 -0.412902 -0.066099
v -0.094621 -0.298026 -0.076829
v -0.036281 -0.297321 -0.047031
v -0.036906 -0.411988 -0.041155
v -0.154224 -0.297098 -0.044464
v -0.094621 -0.298026 -0.076829
v -0.094673 -0.412902 -0.066099
v -0.158625 -0.411806 -0.038548
v -0.167067 -0.296086 0.000855
v -0.154224 -0.297098 -0.044464
v -0.158625 -0.411806 -0.038548
v -0.172793 -0.410897 0.003829
v -0.155837 -0.410824 0.047954
v -0.151422 -0.294894 0.045049
v -0.167067 -0.296086 0.000855
v -0.172793 -0.410897 0.003829
v -0.094597 -0.411371 0.079027
v -0.094571 -0.294619 0.077086
v -0.151422 -0.294894 0.045049
v -0.155837 -0.410824 0.047954
v -0.040154 -0.411440 0.050563
v -0.039589 -0.295123 0.047585
v -0.094571 -0.294619 0.077086
v -0.094597 -0.411371 0.079027
v -0.009970 0.520573 -0.099926
v -0.083848 0.520573 -0.099926
v -0.056410 0.558624 -0.073723
v -0.009970 0.551514 -0.086652
v -0.096576 0.566491 -0.016208
v -0.083848 0.515393 0.069591
v -0.061320 0.557881 0.039811
v -0.069718 0.575605 -0.017592
v -0.096576 0.566491 -0.016208
v -0.069718 0.575605 -0.017592
v -0.056410 0.558624 -0.073723
v -0.083848 0.520573 -0.099926
v -0.009970 0.555098 -0.060389
v -0.044857 0.562016 -0.050183
v -0.040447 0.621662 -0.040984
v -0.009970 0.634807 -0.049214
v -0.057819 0.572139 -0.015318
v -0.049639 0.562016 0.020316
v -0.043162 0.609508 0.029197
v -0.057819 0.617332 -0.015318
v -0.057819 0.572139 -0.015318
v -0.057819 0.617332 -0.015318
v -0.040447 0.621662 -0.040984
v -0.044857 0.562016 -0.050183
v -0.009970 0.628238 -0.073026
v -0.047223 0.615123 -0.059081
v -0.055243 0.639240 -0.071354
v -0.009970 0.647077 -0.082488
v -0.049314 0.609187 0.048490
v -0.068812 0.628308 -0.015202
v -0.057819 0.617332 -0.015318
v -0.043162 0.609508 0.029197
v -0.047223 0.615123 -0.059081
v -0.070679 0.610833 -0.023637
v -0.076801 0.633911 -0.029320
v -0.055243 0.639240 -0.071354
v -0.009970 0.684163 -0.100795
v -0.062506 0.678377 -0.093792
v -0.067385 0.734882 -0.104702
v -0.009970 0.739573 -0.109108
v -0.079805 0.639285 -0.015087
v -0.055466 0.622958 0.046727
v -0.064480 0.694183 0.059396
v -0.087870 0.710291 -0.017025
v -0.062506 0.678377 -0.093792
v -0.082924 0.656990 -0.035004
v -0.091042 0.699374 -0.033534
v -0.067385 0.734882 -0.104702
v -0.009970 0.739573 -0.109108
v -0.067385 0.734882 -0.104702
v -0.066052 0.788235 -0.092653
v -0.009970 0.792222 -0.096544
v -0.064480 0.694183 0.059396
v -0.058964 0.743253 0.065994
v -0.074220 0.738998 -0.003315
v -0.087870 0.710291 -0.017025
v -0.067385 0.734882 -0.104702
v -0.091042 0.699374 -0.033534
v -0.089838 0.740389 -0.004763
v -0.066052 0.788235 -0.092653
v -0.009970 0.792222 -0.096544
v -0.066052 0.788235 -0.092653
v -0.058957 0.818193 -0.062269
v -0.009970 0.829887 -0.063409
v -0.089838 0.740389 -0.004763
v -0.074718 0.745800 0.067108
v -0.064600 0.798885 0.050070
v -0.081999 0.806956 0.000186
v -0.066052 0.788235 -0.092653
v -0.089838 0.740389 -0.004763
v -0.081999 0.806956 0.000186
v -0.058957 0.818193 -0.062269
v -0.064600 0.798885 0.050070
v -0.009970 0.797624 0.072900
v -0.009970 0.846941 -0.001301
v -0.081999 0.806956 0.000186
v -0.058957 0.818193 -0.062269
v -0.081999 0.806956 0.000186
v -0.009970 0.846941 -0.001301
v -0.009970 0.829887 -0.063409
v -0.110311 0.072449 -0.130289
v -0.117923 0.081863 -0.137703
v -0.053787 0.079137 -0.141613
v -0.050283 0.069772 -0.133939
v -0.158128 0.075125 -0.104947
v -0.169148 0.084588 -0.110264
v -0.117923 0.081863 -0.137703
v -0.110311 0.072449 -0.130289
v -0.182059 0.084588 -0.012580
v -0.169148 0.084588 -0.110264
v -0.158128 0.075125 -0.104947
v -0.170339 0.075125 -0.012944
v -0.154423 0.075125 0.063313
v -0.165230 0.084588 0.069619
v -0.182059 0.084588 -0.012580
v -0.170339 0.075125 -0.012944
v -0.117923 0.081863 0.097058
v -0.165230 0.084588 0.069619
v -0.154423 0.075125 0.063313
v -0.110311 0.072449 0.088655
v -0.110311 0.072449 0.088655
v -0.050283 0.069772 0.092305
v -0.053787 0.079137 0.100968
v -0.117923 0.081863 0.097058
v -0.009970 0.551514 -0.086652
v -0.056410 0.558624 -0.073723
v -0.044857 0.562016 -0.050183
v -0.009970 0.555098 -0.060389
v -0.069718 0.575605 -0.017592
v -0.057819 0.572139 -0.015318
v -0.044857 0.562016 -0.050183
v -0.056410 0.558624 -0.073723
v -0.069718 0.575605 -0.017592
v -0.061320 0.557881 0.039811
v -0.049639 0.562016 0.020316
v -0.057819 0.572139 -0.015318
v -0.040447 0.621662 -0.040984
v -0.047223 0.615123 -0.059081
v -0.009970 0.628238 -0.073026
v -0.009970 0.634807 -0.049214
v -0.040447 0.621662 -0.040984
v -0.057819 0.617332 -0.015318
v -0.070679 0.610833 -0.023637
v -0.047223 0.615123 -0.059081
v -0.068812 0.628308 -0.015202
v -0.076801 0.633911 -0.029320
v -0.070679 0.610833 -0.023637
v -0.057819 0.617332 -0.015318
v -0.087870 0.710291 -0.017025
v -0.091042 0.699374 -0.033534
v -0.082924 0.656990 -0.035004
v -0.079805 0.639285 -0.015087
v -0.087870 0.710291 -0.017025
v -0.074220 0.738998 -0.003315
v -0.089838 0.740389 -0.004763
v -0.091042 0.699374 -0.033534
v -0.074220 0.738998 -0.003315
v -0.058964 0.743253 0.065994
v -0.074718 0.745800 0.067108
v -0.089838 0.740389 -0.004763
v -0.054350 0.790248 0.047485
v -0.064600 0.798885 0.050070
v -0.074718 0.745800 0.067108
v -0.058964 0.743253 0.065994
v -0.207704 0.453605 0.038513
v -0.218893 0.482594 0.026749
v -0.255345 0.411528 0.024632
v -0.225096 0.396419 0.028505
v -0.225096 0.396419 0.028505
v -0.200685 0.385928 0.009031
v -0.190741 0.407322 0.014805
v -0.207704 0.453605 0.038513
v -0.197820 0.408192 -0.054020
v -0.213758 0.388925 -0.056177
v -0.241365 0.403921 -0.062068
v -0.216117 0.458093 -0.070666
v -0.216117 0.458093 -0.070666
v -0.241365 0.403921 -0.062068
v -0.267422 0.418031 -0.044456
v -0.226775 0.485934 -0.055588
v -0.226775 0.485934 -0.055588
v -0.267422 0.418031 -0.044456
v -0.275047 0.422408 -0.007087
v -0.231750 0.506278 -0.011934
v -0.218893 0.482594 0.026749
v -0.231750 0.506278 -0.011934
v -0.275047 0.422408 -0.007087
v -0.255345 0.411528 0.024632
v -0.179722 0.501786 0.041309
v -0.218893 0.482594 0.026749
v -0.207704 0.453605 0.038513
v -0.173238 0.458433 0.051970
v -0.207704 0.453605 0.038513
v -0.190741 0.407322 0.014805
v -0.180455 0.416700 0.023725
v -0.173238 0.458433 0.051970
v -0.190741 0.407322 0.014805
v -0.192099 0.403505 -0.022100
v -0.187731 0.411867 -0.017804
v -0.180455 0.416700 0.023725
v -0.182112 0.415599 -0.056140
v -0.197820 0.408192 -0.054020
v -0.216117 0.458093 -0.070666
v -0.173238 0.458433 -0.084385
v -0.179722 0.501786 -0.073724
v -0.173238 0.458433 -0.084385
v -0.216117 0.458093 -0.070666
v -0.226775 0.485934 -0.055588
v -0.179722 0.501786 -0.073724
v -0.226775 0.485934 -0.055588
v -0.231750 0.506278 -0.011934
v -0.179722 0.544143 -0.016208
v -0.179722 0.501786 0.041309
v -0.179722 0.544143 -0.016208
v -0.231750 0.506278 -0.011934
v -0.218893 0.482594 0.026749
v -0.009970 0.079137 0.100968
v -0.009970 0.236069 0.090124
v -0.049546 0.236069 0.090124
v -0.053787 0.079137 0.100968
v -0.009970 0.079137 -0.141613
v -0.053787 0.079137 -0.141613
v -0.049546 0.236069 -0.097210
v -0.009970 0.236069 -0.097210
v -0.078383 0.423587 0.100170
v -0.049546 0.236069 0.090124
v -0.009970 0.520500 0.078039
v -0.083848 0.515393 0.069591
v -0.078383 0.423587 0.100170
v -0.009970 0.423587 0.100170
v -0.009970 0.520500 0.078039
v -0.009970 0.551479 0.064667
v -0.061320 0.557881 0.039811
v -0.083848 0.515393 0.069591
v -0.009970 0.609508 0.041547
v -0.043162 0.609508 0.029197
v -0.049639 0.562016 0.020316
v -0.009970 0.555073 0.038986
v -0.043162 0.609508 0.029197
v -0.009970 0.609508 0.041547
v -0.009970 0.607684 0.068803
v -0.049314 0.609187 0.048490
v -0.009970 0.691162 0.081878
v -0.064480 0.694183 0.059396
v -0.055466 0.622958 0.046727
v -0.009970 0.619950 0.075003
v -0.009970 0.782909 0.068839
v -0.054350 0.790248 0.047485
v -0.058964 0.743253 0.065994
v -0.009970 0.743494 0.075852
v -0.009970 0.069772 -0.133939
v -0.009970 -0.019425 -0.088592
v -0.031790 -0.023696 -0.100486
v -0.050283 0.069772 -0.133939
v -0.009970 0.079137 -0.141613
v -0.009970 0.069772 -0.133939
v -0.050283 0.069772 -0.133939
v -0.053787 0.079137 -0.141613
v -0.009970 0.079137 0.100968
v -0.053787 0.079137 0.100968
v -0.050283 0.069772 0.092305
v -0.009970 0.069772 0.092305
v -0.009970 0.555073 0.038986
v -0.049639 0.562016 0.020316
v -0.061320 0.557881 0.039811
v -0.009970 0.551479 0.064667
v -0.009970 0.797624 0.072900
v -0.064600 0.798885 0.050070
v -0.054350 0.790248 0.047485
v -0.009970 0.782909 0.068839
v -0.009970 0.691162 0.081878
v -0.064480 0.694183 0.059396
v 0.062984 0.656990 -0.035004
v 0.042566 0.678377 -0.093792
v 0.059864 0.639285 -0.015087
v 0.062984 0.656990 -0.035004
v 0.059864 0.639285 -0.015087
v 0.035526 0.622958 0.046727
v 0.035526 0.622958 0.046727
v -0.009970 0.619950 0.075003
v -0.009970 0.619950 0.075003
v -0.055466 0.622958 0.046727
v -0.079805 0.639285 -0.015087
v -0.055466 0.622958 0.046727
v -0.079805 0.639285 -0.015087
v -0.082924 0.656990 -0.035004
v -0.082924 0.656990 -0.035004
v -0.062506 0.678377 -0.093792
v -0.062506 0.678377 -0.093792
v -0.009970 0.684163 -0.100795
v 0.042566 0.678377 -0.093792
v -0.009970 0.684163 -0.100795
vn -0.3952 -0.8960 -0.2024
vn -0.7578 -0.6524 -0.0095
vn -0.4784 -0.8623 -0.1660
vn -0.8664 -0.4931 0.0790
vn 0.3952 -0.8960 -0.2024
vn 0.4784 -0.8623 -0.1660
vn 0.7578 -0.6524 -0.0095
vn 0.8664 -0.4931 0.0790
vn 0.0604 0.0716 0.9956
vn 0.0605 0.0716 0.9956
vn -0.4032 -0.0230 0.9148
vn -0.4031 -0.0230 0.9148
vn -0.4031 -0.0230 0.9149
vn -0.4517 0.0040 0.8922
vn -0.4517 0.0040 0.8921
vn -0.4389 -0.0820 0.8948
vn -0.4390 -0.0820 0.8948
vn -0.4390 -0.0820 0.8947
vn -0.3978 0.0725 0.9146
vn 0.4394 0.0492 0.8969
vn 0.4395 0.0492 0.8969
vn 0.4383 -0.0866 0.8946
vn 0.4383 -0.0866 0.8947
vn 0.4384 -0.0371 0.8980
vn 0.4383 -0.0371 0.8980
vn 0.4383 -0.0371 0.8981
vn 0.4056 0.0109 0.9140
vn 0.5220 0.1472 0.8402
vn 0.5220 0.1472 0.8401
vn -0.9478 -0.0146 0.3185
vn -0.9478 -0.0145 0.3186
vn -0.3703 -0.7921 0.4852
vn -0.3702 -0.7921 0.4852
vn -0.3702 -0.7922 0.4852
vn -0.9370 -0.0090 0.3492
vn -0.9370 -0.0089 0.3491
vn -0.9112 -0.0862 0.4029
vn -0.9328 0.0115 0.3601
vn -0.9328 0.0115 0.3602
vn 0.9544 0.2484 0.1656
vn 0.9465 0.0630 0.3164
vn 0.9295 -0.1334 0.3439
vn 0.9248 -0.1121 0.3635
vn 0.9501 -0.0475 0.3082
vn 0.9548 0.2730 -0.1174
vn 0.9548 0.2730 -0.1175
vn 0.0531 0.2756 -0.9598
vn -0.1901 -0.1457 -0.9709
vn -0.1900 -0.1457 -0.9709
vn -0.4012 -0.1328 -0.9063
vn -0.4011 -0.1328 -0.9063
vn -0.4256 -0.2009 -0.8823
vn -0.4257 -0.2009 -0.8823
vn -0.4259 -0.0471 -0.9036
vn -0.4254 -0.0473 -0.9038
vn -0.4255 -0.0472 -0.9037
vn -0.4256 -0.0472 -0.9037
vn -0.4242 -0.0371 -0.9048
vn -0.4243 -0.0371 -0.9048
vn -0.4243 -0.0371 -0.9047
vn 0.4061 -0.0580 -0.9120
vn 0.4254 -0.0518 -0.9035
vn 0.4255 -0.0518 -0.9035
vn 0.4142 -0.2389 -0.8782
vn 0.4143 -0.2389 -0.8782
vn 0.3934 -0.1090 -0.9129
vn 0.4309 -0.0506 -0.9010
vn 0.4707 0.3196 -0.8224
vn 0.4707 0.3195 -0.8224
vn -0.9648 -0.0573 -0.2565
vn -0.9648 -0.0572 -0.2565
vn -0.9648 -0.0571 -0.2567
vn -0.9648 -0.0572 -0.2566
vn -0.9622 -0.0704 -0.2630
vn -0.9487 -0.0834 -0.3049
vn -0.9488 -0.0834 -0.3048
vn -0.9487 -0.0834 -0.3048
vn -0.9533 -0.0148 -0.3017
vn 0.9720 0.1596 -0.1725
vn 0.9720 0.1596 -0.1726
vn 0.9708 0.0229 -0.2387
vn 0.9475 -0.1964 -0.2524
vn 0.9537 -0.1104 -0.2796
vn 0.9538 -0.1104 -0.2796
vn 0.9448 -0.0714 -0.3197
vn -0.3124 0.1411 0.9394
vn 0.3852 0.1323 0.9133
vn -0.8827 0.0167 0.4696
vn -0.8827 0.0168 0.4696
vn 0.8434 0.1434 0.5177
vn 0.8435 0.1434 0.5177
vn 0.8434 0.1434 0.5178
vn -0.3236 0.0533 -0.9447
vn 0.2613 0.0479 -0.9641
vn 0.2612 0.0479 -0.9641
vn -0.9044 0.0863 -0.4178
vn -0.9044 0.0862 -0.4178
vn 0.9209 -0.0138 -0.3896
vn -0.1933 0.9227 0.3336
vn 0.2107 0.9193 0.3324
vn 0.2540 0.0916 -0.9629
vn -0.3103 0.0901 -0.9464
vn 0.8984 0.1712 -0.4045
vn 0.8984 0.1711 -0.4045
vn -0.8966 0.0818 -0.4351
vn -0.8967 0.0818 -0.4351
vn 0.6930 0.4616 0.5539
vn 0.6930 0.4615 0.5539
vn 0.6930 0.4616 0.5538
vn -0.7396 0.5343 0.4093
vn -0.7396 0.5343 0.4094
vn 1.0000 -0.0000 -0.0000
vn -1.0000 -0.0000 -0.0000
vn -0.3017 -0.1987 -0.9325
vn -0.3019 -0.1990 -0.9323
vn 0.2503 -0.2024 -0.9468
vn 0.2501 -0.2021 -0.9469
vn 0.2499 -0.2018 -0.9470
vn 0.7601 -0.0672 -0.6463
vn 0.7602 -0.0672 -0.6462
vn 0.7601 -0.0671 -0.6463
vn -0.8344 -0.0570 -0.5482
vn -0.1735 0.9509 0.2565
vn -0.1734 0.9509 0.2565
vn 0.1874 0.9478 0.2579
vn 0.6229 0.7707 0.1343
vn 0.6230 0.7706 0.1343
vn -0.5935 0.7933 0.1360
vn -0.5935 0.7932 0.1360
vn 0.9931 0.1170 0.0067
vn 0.9931 0.1169 0.0067
vn -0.9824 0.1867 0.0001
vn -0.9824 0.1866 0.0001
vn -0.9824 0.1867 0.0002
vn 0.9999 0.0005 -0.0163
vn 0.9999 0.0003 -0.0163
vn 0.9999 0.0006 -0.0163
vn 0.9999 0.0010 -0.0162
vn -0.9994 0.0010 -0.0360
vn -0.9994 0.0011 -0.0360
vn -0.9994 0.0012 -0.0360
vn -0.9993 0.0010 -0.0360
vn 0.8476 -0.0526 0.5281
vn 0.7923 0.4138 0.4484
vn 0.7923 0.4137 0.4484
vn -0.1771 0.4940 0.8512
vn -0.2184 -0.0967 0.9710
vn -0.2184 -0.0967 0.9711
vn -0.6133 0.4349 0.6593
vn -0.6551 -0.0749 0.7518
vn 0.3744 0.4770 0.7951
vn 0.3744 0.4771 0.7951
vn 0.4380 -0.0891 0.8946
vn 0.0070 -1.0000 0.0002
vn 0.0069 -1.0000 0.0003
vn 0.0070 -1.0000 0.0032
vn 0.0071 -1.0000 0.0030
vn 0.0080 -1.0000 -0.0000
vn 0.0067 -1.0000 0.0005
vn 0.0068 -1.0000 0.0005
vn 0.0070 -1.0000 0.0004
vn 0.0074 -1.0000 0.0030
vn 0.0073 -1.0000 0.0032
vn 0.0039 -0.9989 -0.0472
vn 0.0074 -0.9988 -0.0474
vn 0.0074 -0.9989 -0.0473
vn -0.9171 -0.0635 0.3936
vn -0.4527 -0.0965 0.8864
vn 0.4408 -0.0955 0.8925
vn 0.4407 -0.0955 0.8925
vn 0.9275 -0.0619 0.3686
vn 0.9275 -0.0619 0.3685
vn -0.9414 -0.0391 -0.3351
vn -0.9415 -0.0390 -0.3348
vn -0.9416 -0.0389 -0.3346
vn -0.9414 -0.0390 -0.3349
vn 0.9484 -0.0391 -0.3146
vn 0.9484 -0.0391 -0.3147
vn 0.9485 -0.0390 -0.3145
vn -0.4113 -0.0088 -0.9115
vn -0.4113 -0.0087 -0.9114
vn 0.4065 -0.0073 -0.9136
vn 0.9577 -0.2461 0.1491
vn 0.5668 -0.0791 0.8200
vn 0.5669 -0.0791 0.8200
vn 0.5670 -0.0792 0.8199
vn 0.2479 -0.0459 0.9677
vn 0.9547 -0.2724 -0.1202
vn 0.9547 -0.2724 -0.1203
vn -0.0000 -0.1126 -0.9936
vn 0.0379 -0.1245 -0.9915
vn 0.0380 -0.1245 -0.9915
vn 0.4804 -0.2295 -0.8465
vn 0.4803 -0.2295 -0.8465
vn 0.3103 0.2047 0.9283
vn 0.3103 0.2048 0.9283
vn -0.0000 0.1877 -0.9822
vn 0.2146 0.2256 -0.9503
vn 0.2013 0.8212 0.5339
vn 0.2014 0.8212 0.5339
vn 0.4166 0.1337 0.8992
vn 0.4166 0.1338 0.8992
vn 0.3304 0.2426 -0.9122
vn 0.3303 0.2425 -0.9122
vn 0.2862 0.7859 0.5481
vn 0.9549 -0.2381 0.1774
vn 0.7514 -0.0688 0.6563
vn 0.7514 -0.0688 0.6562
vn 0.7514 -0.0689 0.6563
vn 0.9610 -0.2371 -0.1420
vn 0.9610 -0.2372 -0.1422
vn 0.7714 0.0144 -0.6362
vn 0.2342 0.7776 -0.5836
vn 0.2342 0.7775 -0.5836
vn 0.2955 0.7911 -0.5356
vn 0.2955 0.7911 -0.5357
vn 0.2956 0.7911 -0.5356
vn 0.1252 0.0624 0.9902
vn 0.6045 0.1224 -0.7872
vn 0.6044 0.1224 -0.7872
vn 0.6045 0.1225 -0.7871
vn 0.7921 0.1289 0.5966
vn 0.7921 0.1289 0.5967
vn -0.9408 -0.3134 0.1289
vn -0.5978 -0.1516 0.7872
vn -0.5979 -0.1516 0.7871
vn -0.7697 -0.2271 -0.5966
vn -0.7697 -0.2271 -0.5967
vn -0.1399 0.0020 -0.9902
vn -0.1398 0.0020 -0.9902
vn 0.9837 0.1253 -0.1289
vn 0.1555 -0.0795 0.9846
vn 0.1554 -0.0796 0.9846
vn 0.1554 -0.0795 0.9846
vn -0.5428 -0.2341 0.8066
vn -0.5427 -0.2338 0.8067
vn -0.5425 -0.2336 0.8069
vn 0.7918 0.1517 0.5917
vn 0.7917 0.1517 0.5917
vn -0.1119 -0.1438 -0.9833
vn 0.5570 0.0719 -0.8274
vn 0.9568 0.2251 -0.1843
vn 0.9567 0.2251 -0.1843
vn -0.9615 -0.2416 0.1308
vn -0.9615 -0.2416 0.1309
vn -0.7874 -0.2349 -0.5700
vn -0.7873 -0.2349 -0.5700
vn -0.9350 -0.3495 0.0605
vn -0.8438 -0.3887 -0.3700
vn -0.8438 -0.3886 -0.3700
vn 0.1176 -0.0145 0.9930
vn 0.5274 0.1126 -0.8421
vn 0.5273 0.1126 -0.8422
vn 0.7161 0.1836 0.6734
vn -0.9745 -0.1600 0.1574
vn -0.5241 -0.1271 0.8421
vn -0.7250 -0.1449 -0.6733
vn -0.7250 -0.1449 -0.6734
vn -0.0997 -0.0640 -0.9930
vn 0.9475 0.2781 -0.1574
vn 0.2431 -0.9632 0.1148
vn 0.3531 -0.9288 -0.1125
vn 0.3555 -0.9325 0.0646
vn 0.3555 -0.9325 0.0647
vn 0.0478 -0.9986 0.0226
vn 0.0477 -0.9986 0.0226
vn 0.1178 -0.9893 0.0867
vn 0.1177 -0.9893 0.0867
vn 0.0548 -0.9952 -0.0807
vn 0.0547 -0.9952 -0.0807
vn 0.1873 -0.9686 -0.1632
vn 0.3953 -0.9185 -0.0100
vn 0.3953 -0.9185 -0.0099
vn 0.0862 0.5161 0.8522
vn 0.8924 0.2928 0.3434
vn -0.8538 -0.0021 0.5206
vn -0.8538 -0.0021 0.5207
vn 0.8914 0.0919 -0.4437
vn 0.8914 0.0919 -0.4438
vn -0.9638 -0.1967 0.1799
vn -0.9215 -0.2029 -0.3312
vn -0.1777 -0.0427 -0.9832
vn 0.9911 0.1084 -0.0768
vn 0.3835 -0.8803 0.2794
vn 0.3835 -0.8803 0.2795
vn 0.3834 -0.8803 0.2795
vn 0.1577 -0.9074 -0.3896
vn 0.1578 -0.9074 -0.3896
vn 0.2164 -0.6692 0.7109
vn 0.2164 -0.6691 0.7109
vn -0.1562 -0.0346 -0.9871
vn -0.9368 -0.2218 -0.2707
vn -0.9725 -0.1597 0.1698
vn -0.9724 -0.1597 0.1698
vn -0.9724 -0.1597 0.1699
vn 0.1995 0.2409 0.9498
vn 0.1994 0.2409 0.9498
vn 0.9997 -0.0151 -0.0208
vn 0.9649 0.0416 -0.2593
vn 0.9649 0.0416 -0.2592
vn 0.2007 0.4726 0.8581
vn 0.2006 0.4725 0.8582
vn 0.2007 0.4725 0.8582
vn 0.9386 0.2275 0.2595
vn 0.9385 0.2275 0.2595
vn 0.9385 0.2276 0.2596
vn -0.1603 -0.6538 -0.7395
vn -0.1604 -0.6539 -0.7394
vn -0.9101 -0.0790 0.4067
vn -0.0615 -0.2007 -0.9777
vn -0.0616 -0.2007 -0.9777
vn -0.9740 -0.1800 -0.1375
vn -0.9790 -0.1790 0.0977
vn 0.1699 -0.1584 0.9727
vn 0.1698 -0.1584 0.9727
vn 0.9987 -0.0104 0.0501
vn 0.9900 -0.0135 -0.1402
vn 0.9900 -0.0136 -0.1402
vn -0.0772 0.9862 0.1465
vn 0.1095 0.9807 0.1622
vn 0.4134 0.8939 0.1733
vn 0.4134 0.8939 0.1732
vn 0.8669 0.4300 0.2522
vn 0.9691 -0.0196 0.2459
vn 0.9691 -0.0195 0.2460
vn 0.0074 -1.0000 0.0011
vn 0.0075 -1.0000 0.0009
vn 0.0073 -1.0000 0.0012
vn 0.0074 -1.0000 0.0010
vn 0.0071 -1.0000 -0.0011
vn 0.0070 -1.0000 -0.0010
vn -0.9753 -0.0174 0.2203
vn -0.9753 -0.0174 0.2202
vn -0.9753 -0.0175 0.2202
vn -0.8450 0.4998 0.1902
vn -0.2960 0.9488 0.1105
vn -0.2959 0.9488 0.1105
vn -0.1922 -0.4488 0.8727
vn -0.1921 -0.4488 0.8728
vn -0.1921 -0.4488 0.8727
vn -0.1905 -0.2262 0.9553
vn -0.0131 -0.9969 0.0781
vn 0.0089 -0.9985 0.0534
vn 0.0089 -0.9985 0.0535
vn 0.4548 -0.1189 0.8826
vn -0.0411 -0.9987 0.0316
vn -0.0410 -0.9987 0.0316
vn 0.9624 0.1232 0.2420
vn -0.0417 -0.9991 0.0004
vn 0.0125 -0.9995 0.0292
vn 0.0125 -0.9995 0.0291
vn -0.0180 -0.9984 0.0540
vn -0.4556 -0.7769 -0.4345
vn -0.4556 -0.7770 -0.4345
vn 0.0041 -1.0000 0.0066
vn -0.0844 -0.9954 0.0463
vn -0.0844 -0.9954 0.0464
vn -0.9291 0.0106 0.3697
vn -0.9499 -0.0112 -0.3124
vn -0.4263 -0.0665 -0.9021
vn -0.4263 -0.0665 -0.9022
vn 0.4364 -0.0567 -0.8980
vn 0.4364 -0.0566 -0.8980
vn 0.9550 0.0307 -0.2949
vn 0.9551 0.0307 -0.2948
vn 0.9372 0.0500 0.3452
vn 0.9372 0.0500 0.3453
vn 0.4711 0.0274 0.8817
vn 0.4711 0.0273 0.8816
vn 0.4711 0.0274 0.8816
vn -0.4681 0.0175 0.8835
vn -0.4681 0.0174 0.8835
vn 0.0615 0.5141 -0.8555
vn 0.0616 0.5140 -0.8556
vn 0.5060 0.7459 0.4331
vn 0.5061 0.7459 0.4331
vn 0.4699 0.7690 -0.4334
vn 0.4699 0.7690 -0.4333
vn 0.2815 0.1475 -0.9482
vn 0.9586 0.0399 0.2821
vn 0.9586 0.0400 0.2821
vn 0.8884 0.0771 -0.4526
vn 0.1089 -0.4743 -0.8736
vn 0.1129 -0.4737 -0.8734
vn 0.1460 -0.4682 -0.8715
vn 0.5538 -0.8320 -0.0324
vn 0.5538 -0.8320 -0.0323
vn 0.7467 -0.6607 0.0772
vn 0.7459 -0.6616 0.0768
vn 0.8019 -0.3867 -0.4555
vn 0.7923 -0.3944 -0.4655
vn 0.7626 -0.4167 -0.4948
vn 0.7625 -0.4168 -0.4948
vn 0.0853 -0.1721 -0.9814
vn 0.0854 -0.1723 -0.9813
vn 0.0855 -0.1723 -0.9813
vn 0.9459 -0.1358 0.2947
vn 0.9459 -0.1359 0.2948
vn 0.9126 -0.1560 -0.3778
vn 0.9126 -0.1559 -0.3778
vn 0.0883 0.2262 -0.9701
vn 0.0882 0.2263 -0.9700
vn 0.0881 0.2265 -0.9700
vn 0.9500 0.1648 0.2653
vn 0.9500 0.1649 0.2653
vn 0.9668 0.1229 -0.2240
vn 0.9668 0.1228 -0.2240
vn 0.1366 0.6858 -0.7149
vn 0.9513 0.1688 0.2578
vn 0.9521 0.2237 -0.2086
vn 0.9521 0.2236 -0.2086
vn 0.3295 0.8385 0.4340
vn 0.3922 0.9126 -0.1152
vn 0.3923 0.9126 -0.1151
vn 0.0743 -0.6510 -0.7555
vn 0.0743 -0.6510 -0.7554
vn 0.3493 -0.7359 -0.5800
vn 0.3493 -0.7359 -0.5801
vn 0.3492 -0.7360 -0.5800
vn 0.6268 -0.7748 -0.0830
vn 0.6267 -0.7748 -0.0830
vn 0.6157 -0.7777 0.1272
vn 0.6156 -0.7777 0.1272
vn 0.3553 -0.7651 0.5370
vn 0.3553 -0.7650 0.5371
vn 0.3553 -0.7651 0.5371
vn 0.0738 -0.6943 0.7159
vn -0.1218 0.9787 -0.1653
vn -0.2380 0.9475 -0.2135
vn -0.1604 0.9531 0.2567
vn -0.4125 -0.8863 0.2105
vn -0.4126 -0.8863 0.2105
vn -0.4058 -0.9026 0.1438
vn 0.8901 -0.4175 0.1825
vn 0.8163 -0.3331 0.4720
vn 0.7052 -0.2457 0.6651
vn 0.7052 -0.2456 0.6651
vn 0.9798 -0.1392 0.1433
vn 0.9798 -0.1393 0.1433
vn 0.9798 -0.1392 0.1432
vn 0.5508 -0.3456 0.7598
vn 0.5508 -0.3456 0.7597
vn 0.1250 -0.9876 0.0945
vn -0.2559 0.2899 0.9222
vn -0.2558 0.2899 0.9222
vn 0.3134 0.0419 0.9487
vn -0.4369 -0.3208 0.8404
vn -0.1967 -0.1946 -0.9610
vn -0.1967 -0.1945 -0.9610
vn 0.5464 0.1621 -0.8217
vn 0.8546 0.4444 -0.2685
vn 0.7456 0.3933 0.5379
vn 0.4006 0.1805 0.8983
vn 0.4007 0.1805 0.8983
vn 0.4007 0.1806 0.8982
vn 0.2482 -0.5126 0.8220
vn 0.2483 -0.5126 0.8219
vn 0.2482 -0.5126 0.8219
vn 0.2484 -0.5127 0.8219
vn -0.7768 -0.6296 -0.0161
vn -0.7767 -0.6296 -0.0161
vn 0.1788 -0.4433 -0.8784
vn 0.1788 -0.4433 -0.8783
vn 0.3621 0.2386 -0.9011
vn 0.3621 0.2385 -0.9011
vn 0.3622 0.2386 -0.9011
vn 0.5001 0.7248 -0.4738
vn 0.5001 0.7249 -0.4738
vn 0.4902 0.6867 0.5369
vn 0.4901 0.6867 0.5369
vn 0.4902 0.6866 0.5369
vn -0.0000 0.0689 0.9976
vn -0.0000 0.2723 -0.9622
vn -0.0000 -0.0535 0.9986
vn 0.0667 0.2666 0.9615
vn 0.0666 0.2666 0.9615
vn 0.2107 0.5423 0.8133
vn 0.3968 -0.0774 0.9146
vn 0.3968 -0.0775 0.9146
vn -0.0000 -0.9989 -0.0460
vn 0.2889 -0.8404 0.4586
vn 0.3381 -0.7661 0.5467
vn 0.4547 -0.1493 0.8781
vn 0.4547 -0.1492 0.8781
vn 0.4546 -0.1493 0.8781
vn 0.2980 0.0108 0.9545
vn 0.2950 0.1277 0.9469
vn 0.2947 0.1324 0.9464
vn 0.2842 0.2855 0.9153
vn 0.2843 0.2855 0.9152
vn -0.1992 -0.3711 -0.9070
vn -0.1991 -0.3711 -0.9070
vn -0.0000 -0.6338 -0.7735
vn -0.0000 -0.6791 0.7341
vn -0.0564 0.9816 0.1826
vn -0.0566 0.9816 0.1826
vn 0.4013 -0.4093 0.8194
vn 0.4012 -0.4094 0.8194
vn -0.0605 0.0716 0.9956
vn -0.0604 0.0716 0.9956
vn 0.4032 -0.0230 0.9148
vn 0.4031 -0.0230 0.9148
vn 0.4517 0.0040 0.8921
vn 0.4517 0.0040 0.8922
vn 0.4389 -0.0820 0.8948
vn 0.4390 -0.0820 0.8947
vn 0.4390 -0.0820 0.8948
vn 0.3978 0.0725 0.9146
vn -0.4395 0.0492 0.8969
vn -0.4394 0.0492 0.8969
vn -0.4383 -0.0866 0.8947
vn -0.4383 -0.0866 0.8946
vn -0.4383 -0.0371 0.8980
vn -0.4384 -0.0371 0.8980
vn -0.4057 0.0109 0.9140
vn -0.4056 0.0109 0.9140
vn -0.5220 0.1472 0.8402
vn -0.5220 0.1472 0.8401
vn 0.9478 -0.0146 0.3185
vn 0.9478 -0.0145 0.3186
vn 0.3702 -0.7922 0.4852
vn 0.3702 -0.7921 0.4852
vn 0.3703 -0.7921 0.4852
vn 0.9370 -0.0089 0.3491
vn 0.9112 -0.0862 0.4029
vn 0.9328 0.0115 0.3601
vn -0.9544 0.2484 0.1656
vn -0.9465 0.0630 0.3164
vn -0.9295 -0.1334 0.3439
vn -0.9248 -0.1121 0.3635
vn -0.9501 -0.0475 0.3082
vn -0.9548 0.2730 -0.1175
vn -0.9548 0.2730 -0.1174
vn -0.0531 0.2756 -0.9598
vn 0.1901 -0.1457 -0.9709
vn 0.1900 -0.1457 -0.9709
vn 0.4011 -0.1328 -0.9063
vn 0.4011 -0.1329 -0.9063
vn 0.4256 -0.2009 -0.8823
vn 0.4257 -0.2009 -0.8823
vn 0.4254 -0.0473 -0.9038
vn 0.4255 -0.0472 -0.9037
vn 0.4256 -0.0472 -0.9037
vn 0.4244 -0.0371 -0.9047
vn 0.4245 -0.0372 -0.9047
vn 0.4244 -0.0372 -0.9047
vn 0.4242 -0.0371 -0.9048
vn -0.4061 -0.0580 -0.9120
vn -0.4061 -0.0579 -0.9120
vn -0.4254 -0.0518 -0.9035
vn -0.4255 -0.0518 -0.9035
vn -0.4143 -0.2389 -0.8782
vn -0.3934 -0.1089 -0.9129
vn -0.3934 -0.1090 -0.9129
vn -0.4309 -0.0506 -0.9010
vn -0.4707 0.3196 -0.8224
vn -0.4707 0.3195 -0.8224
vn 0.9648 -0.0573 -0.2565
vn 0.9648 -0.0572 -0.2566
vn 0.9648 -0.0572 -0.2565
vn 0.9622 -0.0704 -0.2630
vn 0.9487 -0.0834 -0.3048
vn 0.9488 -0.0834 -0.3048
vn 0.9487 -0.0834 -0.3049
vn 0.9533 -0.0148 -0.3017
vn -0.9720 0.1596 -0.1726
vn -0.9720 0.1596 -0.1725
vn -0.9708 0.0229 -0.2387
vn -0.9475 -0.1964 -0.2524
vn -0.9537 -0.1104 -0.2796
vn -0.9538 -0.1104 -0.2796
vn -0.9448 -0.0714 -0.3197
vn 0.3124 0.1411 0.9394
vn -0.3852 0.1323 0.9133
vn 0.8827 0.0167 0.4697
vn 0.8827 0.0167 0.4696
vn 0.8827 0.0168 0.4696
vn -0.8434 0.1434 0.5177
vn -0.8435 0.1434 0.5177
vn -0.8434 0.1434 0.5178
vn 0.3236 0.0533 -0.9447
vn -0.2612 0.0480 -0.9641
vn -0.2612 0.0479 -0.9641
vn 0.9044 0.0863 -0.4178
vn 0.9044 0.0862 -0.4178
vn -0.9209 -0.0138 -0.3896
vn 0.1933 0.9227 0.3336
vn -0.2107 0.9193 0.3324
vn -0.2106 0.9193 0.3324
vn -0.2540 0.0916 -0.9629
vn 0.3103 0.0901 -0.9464
vn -0.8984 0.1712 -0.4045
vn -0.8984 0.1711 -0.4045
vn 0.8967 0.0818 -0.4351
vn 0.8966 0.0818 -0.4351
vn -0.6930 0.4616 0.5539
vn -0.6930 0.4616 0.5538
vn 0.7396 0.5343 0.4093
vn 0.7396 0.5343 0.4094
vn 0.3017 -0.1987 -0.9325
vn 0.3019 -0.1990 -0.9323
vn 0.3021 -0.1993 -0.9322
vn 0.3019 -0.1990 -0.9324
vn -0.2499 -0.2018 -0.9470
vn -0.2501 -0.2021 -0.9469
vn -0.7601 -0.0672 -0.6463
vn -0.7602 -0.0672 -0.6462
vn -0.7601 -0.0671 -0.6463
vn 0.8344 -0.0570 -0.5482
vn 0.1735 0.9509 0.2565
vn 0.1734 0.9509 0.2565
vn -0.1874 0.9478 0.2579
vn -0.6230 0.7706 0.1343
vn -0.6229 0.7707 0.1343
vn 0.5935 0.7933 0.1360
vn 0.5934 0.7933 0.1360
vn -0.9931 0.1170 0.0067
vn -0.9931 0.1169 0.0067
vn 0.9824 0.1867 0.0001
vn 0.9824 0.1867 0.0002
vn 0.9824 0.1866 0.0001
vn -0.9999 0.0006 -0.0163
vn -0.9999 0.0005 -0.0163
vn -0.9999 0.0004 -0.0163
vn 0.9994 0.0011 -0.0360
vn 0.9993 0.0010 -0.0360
vn 0.9994 0.0012 -0.0360
vn 0.9994 0.0010 -0.0360
vn -0.8476 -0.0526 0.5281
vn -0.7923 0.4138 0.4484
vn -0.7924 0.4137 0.4483
vn -0.7923 0.4137 0.4484
vn 0.1771 0.4940 0.8512
vn 0.2184 -0.0967 0.9711
vn 0.2184 -0.0967 0.9710
vn 0.6133 0.4349 0.6593
vn 0.6551 -0.0749 0.7518
vn -0.3744 0.4770 0.7951
vn -0.3744 0.4771 0.7951
vn -0.4380 -0.0891 0.8946
vn -0.0069 -1.0000 0.0003
vn -0.0070 -1.0000 0.0002
vn -0.0070 -1.0000 0.0032
vn -0.0071 -1.0000 0.0030
vn -0.0080 -1.0000 -0.0000
vn -0.0070 -1.0000 0.0004
vn -0.0068 -1.0000 0.0005
vn -0.0067 -1.0000 0.0005
vn -0.0074 -1.0000 0.0030
vn -0.0073 -1.0000 0.0032
vn -0.0039 -0.9989 -0.0472
vn -0.0039 -0.9989 -0.0473
vn -0.0074 -0.9988 -0.0474
vn -0.0074 -0.9989 -0.0473
vn 0.9171 -0.0635 0.3936
vn 0.4527 -0.0965 0.8864
vn -0.4408 -0.0955 0.8925
vn -0.9275 -0.0619 0.3686
vn -0.9275 -0.0619 0.3685
vn 0.9414 -0.0391 -0.3351
vn 0.9414 -0.0391 -0.3350
vn 0.9416 -0.0389 -0.3346
vn 0.9415 -0.0390 -0.3349
vn -0.9484 -0.0391 -0.3146
vn -0.9484 -0.0391 -0.3147
vn 0.4113 -0.0088 -0.9115
vn 0.4113 -0.0087 -0.9114
vn -0.4065 -0.0073 -0.9136
vn -0.9577 -0.2460 0.1491
vn -0.9577 -0.2461 0.1491
vn -0.5669 -0.0791 0.8200
vn -0.5670 -0.0792 0.8199
vn -0.5671 -0.0793 0.8198
vn -0.2479 -0.0459 0.9677
vn -0.9547 -0.2724 -0.1202
vn -0.9547 -0.2724 -0.1203
vn -0.9546 -0.2724 -0.1203
vn -0.0379 -0.1245 -0.9915
vn -0.0380 -0.1245 -0.9915
vn -0.4803 -0.2295 -0.8465
vn -0.4804 -0.2295 -0.8465
vn -0.3103 0.2048 0.9283
vn -0.2146 0.2256 -0.9503
vn -0.2013 0.8212 0.5339
vn -0.2014 0.8212 0.5339
vn -0.4166 0.1337 0.8992
vn -0.4166 0.1338 0.8992
vn -0.3303 0.2425 -0.9122
vn -0.2862 0.7859 0.5481
vn -0.9549 -0.2381 0.1774
vn -0.7514 -0.0688 0.6563
vn -0.7514 -0.0689 0.6562
vn -0.9610 -0.2371 -0.1420
vn -0.9610 -0.2372 -0.1422
vn -0.7714 0.0144 -0.6362
vn -0.7714 0.0144 -0.6361
vn -0.2342 0.7776 -0.5836
vn -0.2955 0.7911 -0.5356
vn -0.2956 0.7911 -0.5356
vn -0.2955 0.7911 -0.5357
vn -0.1252 0.0624 0.9902
vn -0.6045 0.1224 -0.7872
vn -0.6045 0.1225 -0.7871
vn -0.6044 0.1224 -0.7872
vn -0.7921 0.1289 0.5967
vn -0.7921 0.1289 0.5966
vn 0.9408 -0.3134 0.1289
vn 0.5978 -0.1516 0.7872
vn 0.5979 -0.1516 0.7871
vn 0.7697 -0.2271 -0.5967
vn 0.7697 -0.2270 -0.5966
vn 0.1399 0.0020 -0.9902
vn 0.1398 0.0020 -0.9902
vn -0.9837 0.1253 -0.1289
vn -0.1554 -0.0796 0.9846
vn -0.1554 -0.0795 0.9846
vn 0.5425 -0.2336 0.8069
vn 0.5427 -0.2338 0.8067
vn 0.5428 -0.2341 0.8066
vn -0.7918 0.1517 0.5917
vn -0.7917 0.1517 0.5917
vn 0.1119 -0.1438 -0.9833
vn -0.5570 0.0719 -0.8274
vn -0.9568 0.2251 -0.1843
vn -0.9567 0.2251 -0.1843
vn 0.9615 -0.2415 0.1309
vn 0.9615 -0.2416 0.1309
vn 0.7874 -0.2349 -0.5700
vn 0.7873 -0.2349 -0.5700
vn 0.9350 -0.3495 0.0605
vn 0.8438 -0.3887 -0.3700
vn -0.1176 -0.0145 0.9930
vn -0.5274 0.1126 -0.8421
vn -0.5273 0.1126 -0.8422
vn -0.7161 0.1836 0.6734
vn 0.9745 -0.1600 0.1574
vn 0.5241 -0.1271 0.8421
vn 0.7250 -0.1449 -0.6733
vn 0.7250 -0.1449 -0.6734
vn 0.0997 -0.0640 -0.9930
vn 0.0997 -0.0641 -0.9930
vn -0.9476 0.2781 -0.1574
vn -0.9475 0.2781 -0.1574
vn -0.9475 0.2781 -0.1575
vn -0.2431 -0.9632 0.1148
vn -0.3531 -0.9288 -0.1125
vn -0.3555 -0.9324 0.0647
vn -0.3555 -0.9325 0.0647
vn -0.0477 -0.9986 0.0226
vn -0.0478 -0.9986 0.0226
vn -0.1177 -0.9893 0.0867
vn -0.1178 -0.9893 0.0867
vn -0.0548 -0.9952 -0.0807
vn -0.0547 -0.9952 -0.0807
vn -0.1873 -0.9686 -0.1632
vn -0.3953 -0.9185 -0.0099
vn -0.3953 -0.9185 -0.0100
vn -0.0862 0.5161 0.8522
vn -0.8924 0.2928 0.3434
vn 0.8538 -0.0021 0.5206
vn 0.8538 -0.0021 0.5207
vn -0.8914 0.0919 -0.4438
vn -0.8914 0.0919 -0.4437
vn 0.9638 -0.1967 0.1799
vn 0.9215 -0.2029 -0.3312
vn 0.1777 -0.0427 -0.9832
vn -0.9911 0.1084 -0.0768
vn -0.3835 -0.8803 0.2794
vn -0.3834 -0.8803 0.2795
vn -0.3835 -0.8803 0.2795
vn -0.1577 -0.9074 -0.3895
vn -0.1577 -0.9074 -0.3896
vn -0.1578 -0.9074 -0.3896
vn -0.2164 -0.6692 0.7109
vn 0.1562 -0.0346 -0.9871
vn 0.9368 -0.2218 -0.2707
vn 0.9724 -0.1597 0.1699
vn 0.9724 -0.1597 0.1698
vn 0.9725 -0.1597 0.1698
vn -0.1995 0.2409 0.9498
vn -0.1994 0.2409 0.9498
vn -0.9997 -0.0151 -0.0208
vn -0.9649 0.0416 -0.2593
vn -0.9649 0.0416 -0.2592
vn -0.2007 0.4725 0.8582
vn -0.2006 0.4725 0.8582
vn -0.2005 0.4730 0.8579
vn -0.2007 0.4726 0.8582
vn -0.9385 0.2275 0.2595
vn -0.9386 0.2275 0.2595
vn 0.1603 -0.6538 -0.7395
vn 0.1604 -0.6539 -0.7394
vn 0.9101 -0.0790 0.4067
vn 0.0615 -0.2007 -0.9777
vn 0.0616 -0.2007 -0.9777
vn 0.9740 -0.1800 -0.1375
vn 0.9790 -0.1790 0.0977
vn -0.1699 -0.1584 0.9727
vn -0.1698 -0.1584 0.9727
vn -0.9987 -0.0104 0.0501
vn -0.9900 -0.0135 -0.1402
vn -0.9900 -0.0136 -0.1402
vn 0.0772 0.9862 0.1465
vn -0.1095 0.9807 0.1622
vn -0.4135 0.8939 0.1732
vn -0.4134 0.8939 0.1732
vn -0.4134 0.8939 0.1733
vn -0.8669 0.4300 0.2522
vn -0.9691 -0.0195 0.2460
vn -0.9691 -0.0196 0.2459
vn -0.0076 -1.0000 0.0006
vn -0.0074 -1.0000 0.0010
vn -0.0073 -1.0000 0.0012
vn -0.0071 -1.0000 -0.0011
vn -0.0070 -1.0000 -0.0009
vn -0.0070 -1.0000 -0.0010
vn 0.9753 -0.0174 0.2203
vn 0.9753 -0.0175 0.2202
vn 0.9753 -0.0174 0.2202
vn 0.8450 0.4998 0.1902
vn 0.2960 0.9488 0.1105
vn 0.2959 0.9488 0.1105
vn 0.1922 -0.4488 0.8727
vn 0.1921 -0.4488 0.8727
vn 0.1905 -0.2262 0.9553
vn 0.0131 -0.9969 0.0781
vn -0.0089 -0.9985 0.0534
vn -0.4548 -0.1189 0.8826
vn 0.0410 -0.9987 0.0316
vn 0.0411 -0.9987 0.0316
vn -0.9624 0.1232 0.2420
vn 0.0417 -0.9991 0.0004
vn -0.0125 -0.9995 0.0292
vn 0.0180 -0.9984 0.0540
vn 0.4556 -0.7769 -0.4345
vn 0.4556 -0.7770 -0.4345
vn -0.0041 -1.0000 0.0066
vn 0.0844 -0.9954 0.0464
vn 0.0844 -0.9954 0.0463
vn 0.9291 0.0106 0.3697
vn 0.9499 -0.0112 -0.3124
vn 0.4263 -0.0665 -0.9021
vn 0.4263 -0.0665 -0.9022
vn -0.4364 -0.0567 -0.8980
vn -0.4364 -0.0566 -0.8980
vn -0.9551 0.0307 -0.2948
vn -0.9550 0.0307 -0.2949
vn -0.9372 0.0500 0.3453
vn -0.9372 0.0500 0.3452
vn -0.4711 0.0274 0.8816
vn -0.4711 0.0273 0.8816
vn -0.4711 0.0274 0.8817
vn 0.4681 0.0175 0.8835
vn -0.0616 0.5140 -0.8556
vn -0.0615 0.5141 -0.8555
vn -0.5060 0.7459 0.4331
vn -0.5061 0.7459 0.4331
vn -0.4699 0.7690 -0.4334
vn -0.4699 0.7690 -0.4333
vn -0.2815 0.1475 -0.9482
vn -0.9586 0.0400 0.2821
vn -0.9585 0.0399 0.2821
vn -0.9586 0.0399 0.2821
vn -0.8884 0.0771 -0.4526
vn -0.1460 -0.4682 -0.8715
vn -0.1129 -0.4737 -0.8734
vn -0.1089 -0.4743 -0.8736
vn -0.7459 -0.6616 0.0768
vn -0.7467 -0.6607 0.0772
vn -0.5538 -0.8320 -0.0324
vn -0.5537 -0.8321 -0.0324
vn -0.7626 -0.4168 -0.4948
vn -0.7923 -0.3944 -0.4655
vn -0.8019 -0.3867 -0.4554
vn -0.0855 -0.1724 -0.9813
vn -0.0854 -0.1723 -0.9813
vn -0.0853 -0.1721 -0.9814
vn -0.9459 -0.1359 0.2948
vn -0.9459 -0.1358 0.2947
vn -0.9126 -0.1561 -0.3778
vn -0.9126 -0.1560 -0.3778
vn -0.0883 0.2263 -0.9701
vn -0.0882 0.2263 -0.9700
vn -0.0883 0.2262 -0.9701
vn -0.9500 0.1648 0.2653
vn -0.9500 0.1649 0.2653
vn -0.9668 0.1229 -0.2240
vn -0.9668 0.1228 -0.2240
vn -0.1366 0.6858 -0.7149
vn -0.9513 0.1688 0.2578
vn -0.9521 0.2237 -0.2086
vn -0.9521 0.2236 -0.2086
vn -0.3295 0.8385 0.4340
vn -0.3922 0.9126 -0.1152
vn -0.3923 0.9126 -0.1152
vn -0.0743 -0.6510 -0.7554
vn -0.0743 -0.6509 -0.7555
vn -0.3493 -0.7359 -0.5801
vn -0.3493 -0.7359 -0.5800
vn -0.3492 -0.7360 -0.5800
vn -0.6267 -0.7748 -0.0830
vn -0.6269 -0.7747 -0.0830
vn -0.6268 -0.7747 -0.0830
vn -0.6268 -0.7748 -0.0830
vn -0.6157 -0.7777 0.1272
vn -0.3552 -0.7652 0.5370
vn -0.3553 -0.7651 0.5371
vn -0.3553 -0.7651 0.5370
vn -0.0738 -0.6943 0.7159
vn 0.1218 0.9787 -0.1653
vn 0.2380 0.9475 -0.2135
vn 0.1604 0.9531 0.2567
vn 0.4126 -0.8863 0.2105
vn 0.4125 -0.8863 0.2105
vn 0.4058 -0.9026 0.1438
vn -0.8163 -0.3331 0.4720
vn -0.8902 -0.4175 0.1824
vn -0.7052 -0.2457 0.6651
vn -0.9798 -0.1392 0.1433
vn -0.9798 -0.1393 0.1433
vn -0.5508 -0.3456 0.7597
vn -0.5508 -0.3455 0.7597
vn -0.5508 -0.3455 0.7598
vn -0.1250 -0.9876 0.0945
vn 0.2559 0.2899 0.9222
vn 0.2558 0.2899 0.9222
vn -0.3134 0.0419 0.9487
vn -0.3135 0.0419 0.9487
vn 0.4369 -0.3208 0.8404
vn 0.1967 -0.1946 -0.9610
vn 0.1967 -0.1945 -0.9610
vn -0.5464 0.1621 -0.8217
vn -0.8546 0.4444 -0.2685
vn -0.7456 0.3933 0.5379
vn -0.4006 0.1805 0.8983
vn -0.4007 0.1806 0.8982
vn -0.4007 0.1805 0.8983
vn -0.2481 -0.5126 0.8220
vn -0.2483 -0.5126 0.8219
vn -0.2482 -0.5126 0.8220
vn 0.7767 -0.6296 -0.0161
vn 0.7768 -0.6296 -0.0161
vn -0.1788 -0.4433 -0.8784
vn -0.1789 -0.4434 -0.8783
vn -0.1788 -0.4434 -0.8783
vn -0.3621 0.2386 -0.9011
vn -0.3622 0.2386 -0.9011
vn -0.5001 0.7248 -0.4738
vn -0.5001 0.7249 -0.4738
vn -0.4902 0.6866 0.5369
vn -0.4901 0.6867 0.5369
vn -0.4902 0.6867 0.5369
vn -0.0667 0.2666 0.9615
vn -0.0666 0.2666 0.9615
vn -0.2107 0.5423 0.8133
vn -0.3968 -0.0774 0.9146
vn -0.3968 -0.0775 0.9146
vn -0.3380 -0.7661 0.5467
vn -0.2889 -0.8404 0.4585
vn -0.4546 -0.1493 0.8781
vn -0.4547 -0.1493 0.8781
vn -0.4547 -0.1492 0.8781
vn -0.2842 0.2855 0.9153
vn -0.2843 0.2855 0.9152
vn -0.2950 0.1277 0.9469
vn -0.2947 0.1324 0.9464
vn 0.1991 -0.3711 -0.9070
vn 0.1992 -0.3711 -0.9070
vn 0.0566 0.9816 0.1826
vn -0.4013 -0.4093 0.8194
vn -0.4012 -0.4094 0.8194
vn -0.2980 0.0108 0.9545
vn 0.8167 -0.3742 -0.4392
vn 0.8922 -0.4513 -0.0179
vn 0.8192 -0.5590 0.1282
vn 0.4905 -0.2577 0.8325
vn 0.4905 -0.2578 0.8324
vn -0.4905 -0.2578 0.8325
vn -0.4905 -0.2577 0.8325
vn -0.8192 -0.5590 0.1282
vn -0.8192 -0.5590 0.1283
vn -0.8922 -0.4513 -0.0179
vn -0.8167 -0.3742 -0.4392
vn -0.0957 -0.4763 -0.8740
vn 0.0958 -0.4764 -0.8740
vn 0.0957 -0.4763 -0.8740
vt 0.893227 0.253635
vt 0.912192 0.262435
vt 0.899274 0.244125
vt 0.917420 0.258735
vt 0.756542 0.774220
vt 0.750497 0.764707
vt 0.737575 0.783017
vt 0.732347 0.779315
vt 0.266231 0.421775
vt 0.303409 0.419201
vt 0.294617 0.324146
vt 0.265769 0.324430
vt 0.618310 0.569888
vt 0.659851 0.568585
vt 0.658525 0.505363
vt 0.614544 0.496214
vt 0.660663 0.666734
vt 0.622181 0.668261
vt 0.664052 0.911091
vt 0.662374 0.807634
vt 0.628073 0.809360
vt 0.636780 0.912962
vt 0.644297 0.985508
vt 0.664240 0.984324
vt 0.684342 0.985236
vt 0.692962 0.912204
vt 0.701175 0.808044
vt 0.701173 0.666342
vt 0.708924 0.568451
vt 0.707959 0.503575
vt 0.322705 0.323555
vt 0.334043 0.417697
vt 0.568796 0.527182
vt 0.578545 0.573645
vt 0.567749 0.524972
vt 0.596314 0.492969
vt 0.591555 0.670036
vt 0.616119 0.915273
vt 0.600941 0.811948
vt 0.619024 0.992691
vt 0.366742 0.323556
vt 0.382814 0.421665
vt 0.746985 0.570442
vt 0.752506 0.505829
vt 0.730163 0.667679
vt 0.712178 0.914339
vt 0.726519 0.809988
vt 0.709711 0.992367
vt 0.447597 0.321138
vt 0.405372 0.321099
vt 0.386505 0.415151
vt 0.441998 0.419558
vt 0.509398 0.424694
vt 0.508231 0.322880
vt 0.478292 0.322478
vt 0.473413 0.422567
vt 0.286016 0.502957
vt 0.331145 0.494380
vt 0.310071 0.434192
vt 0.273016 0.434791
vt 0.284637 0.564205
vt 0.327582 0.567666
vt 0.283137 0.665564
vt 0.324261 0.668525
vt 0.280228 0.805733
vt 0.277141 0.909609
vt 0.305255 0.911913
vt 0.316030 0.807830
vt 0.276845 0.982518
vt 0.297175 0.985757
vt 0.247835 0.910118
vt 0.256004 0.983445
vt 0.240315 0.805599
vt 0.233851 0.566151
vt 0.240092 0.666449
vt 0.235531 0.501314
vt 0.239370 0.436216
vt 0.370499 0.576456
vt 0.374943 0.527283
vt 0.355024 0.672630
vt 0.330486 0.915725
vt 0.343124 0.810685
vt 0.317608 0.993512
vt 0.181836 0.439882
vt 0.190891 0.504283
vt 0.192268 0.572604
vt 0.210954 0.669555
vt 0.224346 0.912723
vt 0.214838 0.807293
vt 0.234354 0.989714
vt 0.800415 0.015509
vt 0.784311 0.014520
vt 0.786313 0.036186
vt 0.799993 0.037108
vt 0.813679 0.036283
vt 0.816456 0.014709
vt 0.763594 0.012199
vt 0.760580 0.033369
vt 0.831128 0.034920
vt 0.837113 0.012127
vt 0.747175 0.009272
vt 0.731250 0.005332
vt 0.725846 0.026006
vt 0.744047 0.030400
vt 0.875023 0.025948
vt 0.869599 0.005325
vt 0.853572 0.009167
vt 0.857077 0.030280
vt 0.065947 0.109550
vt 0.052075 0.104982
vt 0.051641 0.109434
vt 0.065936 0.114516
vt 0.079734 0.108365
vt 0.079214 0.104008
vt 0.863045 0.050607
vt 0.880747 0.046809
vt 0.738495 0.050771
vt 0.720474 0.047023
vt 0.849795 0.053766
vt 0.751397 0.053600
vt 0.097988 0.103838
vt 0.089315 0.090423
vt 0.038525 0.083078
vt 0.032094 0.102904
vt 0.110542 0.100380
vt 0.114686 0.083073
vt 0.016796 0.084527
vt 0.020361 0.101824
vt 0.718785 0.061796
vt 0.737295 0.065502
vt 0.882926 0.061494
vt 0.864780 0.065299
vt 0.853771 0.068454
vt 0.747684 0.068375
vt 0.128868 0.088210
vt 0.122876 0.104554
vt 0.002441 0.089175
vt 0.007937 0.105679
vt 0.050234 0.163292
vt 0.065804 0.165397
vt 0.081804 0.162825
vt 0.090287 0.157155
vt 0.039910 0.158233
vt 0.095469 0.159587
vt 0.034129 0.160670
vt 0.106507 0.163843
vt 0.023037 0.164741
vt 0.085091 0.194091
vt 0.098604 0.179454
vt 0.088989 0.173189
vt 0.078775 0.184976
vt 0.084368 0.169562
vt 0.077125 0.179442
vt 0.053486 0.188123
vt 0.065518 0.189758
vt 0.065387 0.183883
vt 0.054664 0.182315
vt 0.066480 0.201586
vt 0.048939 0.198166
vt 0.044058 0.181555
vt 0.048062 0.177823
vt 0.035582 0.188733
vt 0.563802 0.903667
vt 0.538349 0.902179
vt 0.535692 0.962388
vt 0.561545 0.963641
vt 0.564593 0.886240
vt 0.538833 0.884743
vt 0.561171 0.977972
vt 0.538938 0.976573
vt 0.547068 0.990458
vt 0.560628 0.997558
vt 0.573700 0.994985
vt 0.583187 0.987164
vt 0.588400 0.905132
vt 0.588912 0.964936
vt 0.588884 0.887696
vt 0.547163 0.876955
vt 0.565010 0.872751
vt 0.582555 0.879044
vt 0.624731 0.739381
vt 0.593932 0.741265
vt 0.661654 0.737845
vt 0.702794 0.738263
vt 0.731575 0.739360
vt 0.350095 0.741493
vt 0.320652 0.739180
vt 0.238595 0.737478
vt 0.211045 0.738245
vt 0.281686 0.737414
vt 0.343662 0.232232
vt 0.385354 0.239277
vt 0.317840 0.216418
vt 0.281599 0.209048
vt 0.394334 0.238027
vt 0.436364 0.228713
vt 0.534550 0.322882
vt 0.534539 0.205551
vt 0.493699 0.204847
vt 0.461088 0.212663
vt 0.314825 0.155820
vt 0.285767 0.150301
vt 0.534532 0.144775
vt 0.490210 0.144926
vt 0.459579 0.150204
vt 0.303842 0.090919
vt 0.325084 0.097238
vt 0.344167 0.182003
vt 0.347252 0.152699
vt 0.432777 0.178879
vt 0.428682 0.150252
vt 0.354592 0.108523
vt 0.361175 0.209321
vt 0.387080 0.213193
vt 0.414872 0.206878
vt 0.391486 0.211292
vt 0.451630 0.095097
vt 0.421783 0.105836
vt 0.472814 0.088896
vt 0.802347 0.459882
vt 0.801555 0.348980
vt 0.777916 0.349957
vt 0.789928 0.460964
vt 0.860510 0.350393
vt 0.839031 0.349162
vt 0.838622 0.461668
vt 0.854126 0.462124
vt 0.819260 0.460823
vt 0.821441 0.348767
vt 0.756589 0.351822
vt 0.739344 0.353903
vt 0.756324 0.472457
vt 0.775249 0.465157
vt 0.883607 0.470982
vt 0.903549 0.354456
vt 0.883947 0.352435
vt 0.866989 0.464256
vt 0.777399 0.263477
vt 0.778198 0.294450
vt 0.799477 0.294986
vt 0.798374 0.261318
vt 0.757160 0.266714
vt 0.757811 0.295682
vt 0.820392 0.296206
vt 0.822106 0.260544
vt 0.885652 0.268736
vt 0.866498 0.264026
vt 0.862138 0.296274
vt 0.883107 0.296709
vt 0.845611 0.261517
vt 0.841038 0.296678
vt 0.735659 0.272128
vt 0.738447 0.297998
vt 0.902915 0.298790
vt 0.906453 0.272306
vt 0.735430 0.260879
vt 0.756198 0.249931
vt 0.790481 0.469524
vt 0.805279 0.467062
vt 0.852457 0.468034
vt 0.835834 0.468158
vt 0.821589 0.467427
vt 0.775525 0.472492
vt 0.762850 0.476949
vt 0.865794 0.469605
vt 0.878882 0.476953
vt 0.933229 0.922791
vt 0.944160 0.908354
vt 0.936486 0.903259
vt 0.927935 0.917598
vt 0.940196 0.937132
vt 0.954350 0.909707
vt 0.396309 0.828580
vt 0.387287 0.811766
vt 0.376468 0.812270
vt 0.387558 0.837734
vt 0.978001 0.930901
vt 0.978356 0.907861
vt 0.965996 0.908560
vt 0.962826 0.936689
vt 0.364114 0.812385
vt 0.366629 0.839742
vt 0.349995 0.812052
vt 0.349852 0.834963
vt 0.988126 0.908227
vt 0.987278 0.930810
vt 0.909282 0.933358
vt 0.905875 0.931072
vt 0.907816 0.940383
vt 0.914625 0.937368
vt 0.988128 0.984345
vt 0.983625 0.980979
vt 0.966674 0.993264
vt 0.966617 1.000076
vt 0.948708 0.983587
vt 0.944392 0.990551
vt 0.983105 0.959414
vt 0.989500 0.959913
vt 0.349849 0.864504
vt 0.370377 0.865507
vt 0.392909 0.866655
vt 0.926990 0.950706
vt 0.935422 0.977024
vt 0.944474 0.971126
vt 0.964713 0.963257
vt 0.408192 0.854187
vt 0.403306 0.856043
vt 0.354242 0.885608
vt 0.375192 0.894386
vt 0.389350 0.879545
vt 0.634195 0.437581
vt 0.610736 0.432612
vt 0.670107 0.438540
vt 0.644987 0.993591
vt 0.664439 0.994644
vt 0.683743 0.993268
vt 0.700979 0.439343
vt 0.623042 0.997557
vt 0.748154 0.442611
vt 0.705542 0.997242
vt 0.276436 0.992989
vt 0.295752 0.993350
vt 0.257028 0.991273
vt 0.376176 0.525060
vt 0.346583 0.490486
vt 0.312698 0.997556
vt 0.239052 0.994249
vt 0.506087 0.116866
vt 0.534530 0.123900
vt 0.273045 0.118142
vt 0.287270 0.084027
vt 0.490290 0.083936
vt 0.241132 0.047482
vt 0.240976 0.085184
vt 0.263870 0.089458
vt 0.261065 0.039495
vt 0.182351 0.047701
vt 0.187127 0.077920
vt 0.214814 0.074587
vt 0.218401 0.047012
vt 0.849503 0.663111
vt 0.813013 0.660226
vt 0.815682 0.676494
vt 0.849501 0.675439
vt 0.826722 0.164916
vt 0.866379 0.171603
vt 0.870595 0.161692
vt 0.828354 0.158812
vt 0.783616 0.664483
vt 0.790439 0.681169
vt 0.814535 0.615386
vt 0.810344 0.643959
vt 0.849505 0.650782
vt 0.849503 0.618028
vt 0.834526 0.105092
vt 0.829987 0.152709
vt 0.874812 0.151781
vt 0.887389 0.104996
vt 0.768215 0.605994
vt 0.776794 0.647796
vt 0.818496 0.580389
vt 0.849505 0.581516
vt 0.879457 0.082643
vt 0.831412 0.072185
vt 0.762290 0.559890
vt 0.824525 0.559219
vt 0.849505 0.556441
vt 0.804111 0.499814
vt 0.768788 0.502307
vt 0.801868 0.533834
vt 0.849504 0.523026
vt 0.849500 0.480679
vt 0.475762 0.430499
vt 0.510907 0.432241
vt 0.442514 0.428212
vt 0.387870 0.424597
vt 0.332982 0.426679
vt 0.380121 0.430760
vt 0.300952 0.427505
vt 0.264711 0.429716
vt 0.511736 0.107275
vt 0.534529 0.114883
vt 0.497918 0.082310
vt 0.267695 0.108925
vt 0.279564 0.083226
vt 0.817626 0.685947
vt 0.849498 0.685716
vt 0.788517 0.689953
vt 0.780754 0.677846
vt 0.890489 0.142938
vt 0.896772 0.114565
vt 0.752075 0.555789
vt 0.760559 0.588624
vt 0.763127 0.494680
vt 0.805142 0.490887
vt 0.799132 0.213189
vt 0.782114 0.224816
vt 0.869990 0.226893
vt 0.853387 0.215855
vt 0.826411 0.206607
vt 0.786418 0.187865
vt 0.765882 0.207903
vt 0.755914 0.239029
vt 0.735823 0.254860
vt 0.892624 0.211048
vt 0.872344 0.189766
vt 0.829915 0.168627
vt 0.240359 0.324459
vt 0.240341 0.421918
vt 0.534561 0.424608
vt 0.240380 0.209530
vt 0.240392 0.149118
vt 0.240396 0.128630
vt 0.159337 0.046870
vt 0.159172 0.080408
vt 0.797242 0.165578
vt 0.797240 0.158366
vt 0.797220 0.105311
vt 0.797237 0.151153
vt 0.797207 0.071987
vt 0.797197 0.045965
vt 0.829634 0.038247
vt 0.334046 0.430126
vt 0.534562 0.432118
vt 0.240339 0.429789
vt 0.240397 0.119829
vt 0.849500 0.471716
vt 0.186101 0.324126
vt 0.177273 0.419178
vt 0.214450 0.421766
vt 0.214949 0.324420
vt 0.096398 0.504868
vt 0.096285 0.568103
vt 0.137844 0.568609
vt 0.140194 0.494877
vt 0.097358 0.666250
vt 0.135861 0.667040
vt 0.098649 0.910628
vt 0.125952 0.911977
vt 0.132674 0.808226
vt 0.098347 0.807157
vt 0.099862 0.983850
vt 0.119823 0.984653
vt 0.069766 0.912294
vt 0.079781 0.985147
vt 0.059561 0.808310
vt 0.047219 0.568912
vt 0.056846 0.666636
vt 0.046938 0.504030
vt 0.158014 0.323525
vt 0.146640 0.417662
vt 0.177673 0.571603
vt 0.186529 0.524961
vt 0.187533 0.522731
vt 0.158359 0.491282
vt 0.166516 0.668227
vt 0.146653 0.913892
vt 0.159851 0.810295
vt 0.145228 0.991352
vt 0.113976 0.323509
vt 0.097868 0.421612
vt 0.009203 0.571634
vt 0.002441 0.507139
vt 0.027887 0.668529
vt 0.050594 0.914796
vt 0.034259 0.810740
vt 0.054553 0.992762
vt 0.621503 0.321120
vt 0.627123 0.419540
vt 0.682615 0.415120
vt 0.663729 0.321073
vt 0.559724 0.424689
vt 0.595708 0.422554
vt 0.590809 0.322467
vt 0.560870 0.322875
vt 0.469841 0.502905
vt 0.482705 0.434713
vt 0.445648 0.434188
vt 0.424694 0.494418
vt 0.428404 0.567697
vt 0.471341 0.564150
vt 0.473042 0.665506
vt 0.431925 0.668548
vt 0.451414 0.911899
vt 0.479523 0.909539
vt 0.476230 0.805669
vt 0.440432 0.807837
vt 0.479964 0.982447
vt 0.459641 0.985726
vt 0.500807 0.983332
vt 0.508830 0.909990
vt 0.516142 0.805456
vt 0.522131 0.565996
vt 0.516089 0.666306
vt 0.520323 0.501162
vt 0.516354 0.436071
vt 0.380962 0.527408
vt 0.385504 0.576572
vt 0.401169 0.672714
vt 0.426190 0.915761
vt 0.413343 0.810746
vt 0.439224 0.993522
vt 0.573896 0.439623
vt 0.564968 0.504042
vt 0.563726 0.572366
vt 0.545233 0.669354
vt 0.532325 0.912548
vt 0.541622 0.807099
vt 0.522469 0.989559
vt 0.599095 0.053940
vt 0.599516 0.075539
vt 0.613196 0.074618
vt 0.615199 0.052952
vt 0.583054 0.053139
vt 0.585830 0.074713
vt 0.638929 0.071802
vt 0.635916 0.050633
vt 0.562397 0.050555
vt 0.568381 0.073349
vt 0.652336 0.047707
vt 0.655462 0.068835
vt 0.673664 0.064442
vt 0.668262 0.043768
vt 0.545938 0.047594
vt 0.529912 0.043751
vt 0.524486 0.064374
vt 0.542432 0.068707
vt 0.385313 0.028918
vt 0.385325 0.033883
vt 0.399619 0.028800
vt 0.399185 0.024349
vt 0.372046 0.023376
vt 0.371526 0.027733
vt 0.518761 0.085234
vt 0.536463 0.089034
vt 0.661013 0.089206
vt 0.679034 0.085460
vt 0.549712 0.092193
vt 0.648110 0.092035
vt 0.361945 0.009791
vt 0.353273 0.023207
vt 0.419166 0.022270
vt 0.412735 0.002444
vt 0.336574 0.002441
vt 0.340718 0.019748
vt 0.434464 0.003893
vt 0.430899 0.021190
vt 0.662212 0.103938
vt 0.680722 0.100233
vt 0.516581 0.099920
vt 0.534727 0.103725
vt 0.545736 0.106881
vt 0.651823 0.106810
vt 0.322392 0.007579
vt 0.328385 0.023923
vt 0.443323 0.025044
vt 0.448818 0.008540
vt 0.385458 0.084764
vt 0.401028 0.082659
vt 0.369458 0.082193
vt 0.360975 0.076524
vt 0.411352 0.077599
vt 0.355793 0.078956
vt 0.417133 0.080036
vt 0.344754 0.083213
vt 0.428225 0.084106
vt 0.362274 0.092558
vt 0.352659 0.098823
vt 0.366173 0.113460
vt 0.372489 0.104345
vt 0.374138 0.098810
vt 0.366895 0.088930
vt 0.385876 0.103251
vt 0.385746 0.109125
vt 0.397778 0.107489
vt 0.396599 0.101681
vt 0.384785 0.120954
vt 0.402326 0.117532
vt 0.407205 0.100921
vt 0.403201 0.097189
vt 0.415682 0.108098
vt 0.179282 0.903663
vt 0.181462 0.963639
vt 0.207317 0.962419
vt 0.204736 0.902207
vt 0.204275 0.884770
vt 0.178512 0.886235
vt 0.195905 0.990475
vt 0.204052 0.976600
vt 0.181818 0.977971
vt 0.182336 0.997557
vt 0.159791 0.987135
vt 0.169267 0.994968
vt 0.154681 0.905097
vt 0.154094 0.964900
vt 0.154220 0.887660
vt 0.195954 0.876972
vt 0.178112 0.872745
vt 0.160560 0.879016
vt 0.165505 0.739490
vt 0.134675 0.738196
vt 0.097730 0.737367
vt 0.056605 0.738574
vt 0.027850 0.740223
vt 0.435673 0.739196
vt 0.406235 0.741567
vt 0.517727 0.737331
vt 0.545278 0.738044
vt 0.474635 0.737353
vt 0.137091 0.232194
vt 0.095396 0.239222
vt 0.162918 0.216389
vt 0.199162 0.209032
vt 0.674750 0.237999
vt 0.632717 0.228693
vt 0.575377 0.204838
vt 0.607990 0.212649
vt 0.195016 0.150284
vt 0.165956 0.155793
vt 0.578854 0.144917
vt 0.609487 0.150189
vt 0.176963 0.090896
vt 0.155719 0.097206
vt 0.133530 0.152659
vt 0.136604 0.181964
vt 0.636294 0.178858
vt 0.640384 0.150231
vt 0.126207 0.108480
vt 0.119586 0.209276
vt 0.093680 0.213138
vt 0.677592 0.211263
vt 0.654205 0.206853
vt 0.647274 0.105813
vt 0.617424 0.095080
vt 0.596239 0.088884
vt 0.871844 0.870561
vt 0.848204 0.869583
vt 0.847418 0.980484
vt 0.859837 0.981564
vt 0.789249 0.870995
vt 0.795639 0.982727
vt 0.811143 0.982271
vt 0.810727 0.869763
vt 0.828318 0.869369
vt 0.830505 0.981425
vt 0.893171 0.872426
vt 0.874517 0.985757
vt 0.893442 0.993056
vt 0.910416 0.874506
vt 0.765811 0.873036
vt 0.746210 0.875058
vt 0.766159 0.991588
vt 0.782776 0.984860
vt 0.872365 0.784089
vt 0.851391 0.781927
vt 0.850284 0.815592
vt 0.871563 0.815059
vt 0.891950 0.816292
vt 0.892605 0.787329
vt 0.827659 0.781147
vt 0.829368 0.816809
vt 0.787622 0.816870
vt 0.783267 0.784618
vt 0.764112 0.789325
vt 0.766654 0.817303
vt 0.808721 0.817278
vt 0.804155 0.782114
vt 0.911314 0.818609
vt 0.914104 0.792743
vt 0.743310 0.792891
vt 0.746845 0.819382
vt 0.914335 0.781496
vt 0.893569 0.770549
vt 0.844487 0.987663
vt 0.859285 0.990125
vt 0.797309 0.988638
vt 0.813931 0.988761
vt 0.828177 0.988030
vt 0.874241 0.993092
vt 0.886916 0.997548
vt 0.770884 0.997559
vt 0.783972 0.990210
vt 0.388943 0.897760
vt 0.381655 0.903392
vt 0.393591 0.917015
vt 0.398503 0.911459
vt 0.371585 0.905457
vt 0.387663 0.931821
vt 0.952712 0.824074
vt 0.941894 0.823568
vt 0.932869 0.840383
vt 0.941620 0.849537
vt 0.359880 0.905137
vt 0.347493 0.905331
vt 0.349516 0.928274
vt 0.365061 0.932970
vt 0.962546 0.851547
vt 0.965064 0.824190
vt 0.979321 0.846765
vt 0.979183 0.823858
vt 0.337774 0.906410
vt 0.340256 0.928850
vt 0.418229 0.925866
vt 0.413184 0.930246
vt 0.420190 0.932770
vt 0.421466 0.923346
vt 0.365129 0.989670
vt 0.347383 0.978575
vt 0.343118 0.982238
vt 0.365644 0.996461
vt 0.387175 0.985439
vt 0.382397 0.978783
vt 0.346430 0.957045
vt 0.340084 0.957985
vt 0.979330 0.876305
vt 0.958800 0.877314
vt 0.936265 0.878456
vt 0.385771 0.966054
vt 0.395207 0.971316
vt 0.401793 0.944438
vt 0.365041 0.959602
vt 0.920989 0.865993
vt 0.925874 0.867848
vt 0.953987 0.906189
vt 0.974939 0.897412
vt 0.939826 0.891350
vt 0.142780 0.431213
vt 0.119421 0.436631
vt 0.083534 0.438280
vt 0.099859 0.994172
vt 0.119288 0.992748
vt 0.080533 0.993165
vt 0.052682 0.439676
vt 0.141304 0.996293
vt 0.005579 0.443850
vt 0.058814 0.997556
vt 0.480395 0.992917
vt 0.461079 0.993316
vt 0.499799 0.991163
vt 0.409249 0.490555
vt 0.379724 0.525188
vt 0.444141 0.997557
vt 0.517781 0.994103
vt 0.562972 0.116860
vt 0.207750 0.118130
vt 0.193538 0.084010
vt 0.578762 0.083927
vt 0.054389 0.088425
vt 0.077324 0.084378
vt 0.077539 0.046676
vt 0.057686 0.038493
vt 0.103590 0.074039
vt 0.131242 0.077645
vt 0.136315 0.047475
vt 0.100274 0.046430
vt 0.883320 0.676502
vt 0.885994 0.660234
vt 0.766125 0.158836
vt 0.723886 0.161748
vt 0.728110 0.171655
vt 0.767762 0.164938
vt 0.908564 0.681180
vt 0.915390 0.664491
vt 0.888668 0.643966
vt 0.884470 0.615394
vt 0.719663 0.151840
vt 0.764488 0.152734
vt 0.759913 0.105120
vt 0.707050 0.105064
vt 0.922216 0.647803
vt 0.930792 0.605993
vt 0.880515 0.580393
vt 0.763002 0.072211
vt 0.714965 0.082706
vt 0.936717 0.559887
vt 0.874486 0.559221
vt 0.930213 0.502302
vt 0.894892 0.499813
vt 0.897140 0.533834
vt 0.593361 0.430487
vt 0.558216 0.432236
vt 0.626608 0.428193
vt 0.681251 0.424567
vt 0.147698 0.426645
vt 0.100558 0.430708
vt 0.179727 0.427482
vt 0.215967 0.429707
vt 0.557321 0.107270
vt 0.571134 0.082302
vt 0.213103 0.108915
vt 0.201244 0.083211
vt 0.881373 0.685954
vt 0.910484 0.689963
vt 0.918249 0.677857
vt 0.697674 0.114641
vt 0.703979 0.143009
vt 0.938449 0.588622
vt 0.946932 0.555784
vt 0.935873 0.494674
vt 0.893859 0.490885
vt 0.867663 0.745432
vt 0.850650 0.733800
vt 0.779788 0.747481
vt 0.796395 0.736447
vt 0.823374 0.727208
vt 0.863379 0.708483
vt 0.883903 0.728529
vt 0.893856 0.759649
vt 0.913942 0.775477
vt 0.757160 0.731626
vt 0.777451 0.710349
vt 0.819892 0.689226
vt 0.764755 0.038272
vt 0.421666 0.430169
vt 0.772992 0.665740
vt 0.926015 0.665750
s 1
usemtl aiStandardSurface1
f 1/1/1 2/2/2 3/3/3
f 3/3/3 2/2/2 4/4/4
f 5/5/5 6/6/6 7/7/7
f 7/7/7 6/6/6 8/8/8
f 9/9/9 10/10/9 11/11/10
f 9/9/9 11/11/10 12/12/10
f 13/13/11 14/14/12 15/15/11
f 13/13/11 15/15/11 16/16/13
f 17/17/14 18/14/15 19/13/14
f 17/17/14 19/13/14 20/18/14
f 21/19/16 22/20/17 23/21/18
f 21/19/16 23/21/18 24/22/16
f 25/23/19 26/24/19 27/19/19
f 25/23/19 27/19/19 28/22/19
f 29/25/20 30/26/21 31/19/21
f 29/25/20 31/19/21 32/24/21
f 33/26/22 34/27/23 35/20/23
f 33/26/22 35/20/23 36/19/23
f 37/28/24 38/29/25 39/14/26
f 37/28/24 39/14/26 40/17/24
f 41/29/27 42/30/27 43/15/27
f 41/29/27 43/15/27 44/14/27
f 45/31/28 46/11/29 47/10/28
f 45/31/28 47/10/28 48/32/28
f 49/13/30 50/16/30 51/33/30
f 49/13/30 51/33/30 52/34/31
f 53/35/32 54/33/33 55/16/34
f 53/35/32 55/16/34 56/36/34
f 57/37/35 58/18/36 59/13/36
f 57/37/35 59/13/36 60/34/36
f 61/38/37 62/22/37 63/21/37
f 61/38/37 63/21/37 64/39/37
f 65/40/38 66/23/38 67/22/38
f 65/40/38 67/22/38 68/38/39
f 69/41/40 70/31/40 71/32/40
f 69/41/40 71/32/40 72/42/40
f 73/43/41 74/44/41 75/30/41
f 73/43/41 75/30/41 76/29/41
f 77/45/42 78/43/42 79/29/42
f 77/45/42 79/29/42 80/28/42
f 81/46/43 82/47/43 83/27/43
f 81/46/43 83/27/43 84/26/43
f 85/48/44 86/46/44 87/26/44
f 85/48/44 87/26/44 88/25/44
f 89/49/45 90/50/45 91/51/46
f 89/49/45 91/51/46 92/52/46
f 93/53/47 94/54/47 95/55/47
f 93/53/47 95/55/47 96/56/47
f 97/57/48 98/58/48 99/59/48
f 97/57/48 99/59/48 100/60/49
f 101/57/50 102/61/51 103/62/51
f 101/57/50 103/62/51 104/58/51
f 105/63/52 106/64/53 107/62/52
f 105/63/52 107/62/52 108/61/52
f 109/65/54 110/66/55 111/67/56
f 109/65/54 111/67/56 112/68/57
f 113/69/58 114/70/58 115/67/59
f 113/69/58 115/67/59 116/66/60
f 117/66/61 118/71/61 119/72/61
f 117/66/61 119/72/61 120/69/61
f 121/65/62 122/73/63 123/71/62
f 121/65/62 123/71/62 124/66/62
f 125/74/64 126/75/65 127/63/65
f 125/74/64 127/63/65 128/61/65
f 129/76/66 130/74/66 131/61/66
f 129/76/66 131/61/66 132/57/66
f 133/76/67 134/57/67 135/60/67
f 133/76/67 135/60/67 136/77/67
f 137/49/68 138/52/68 139/56/68
f 137/49/68 139/56/68 140/55/69
f 141/62/70 142/78/71 143/79/72
f 141/62/70 143/79/72 144/58/73
f 145/64/74 146/80/74 147/78/74
f 145/64/74 147/78/74 148/62/74
f 149/68/75 150/67/76 151/81/77
f 149/68/75 151/81/77 152/82/77
f 153/70/78 154/83/78 155/81/78
f 153/70/78 155/81/78 156/67/78
f 157/84/79 158/85/80 159/76/80
f 157/84/79 159/76/80 160/77/79
f 161/85/81 162/86/81 163/74/81
f 161/85/81 163/74/81 164/76/81
f 165/86/82 166/87/82 167/75/82
f 165/86/82 167/75/82 168/74/82
f 169/88/83 170/71/84 171/73/83
f 169/88/83 171/73/83 172/89/83
f 173/90/85 174/72/85 175/71/85
f 173/90/85 175/71/85 176/88/85
f 177/91/86 178/92/86 179/93/86
f 177/91/86 179/93/86 180/94/86
f 181/95/87 182/96/87 183/91/87
f 181/95/87 183/91/87 184/94/87
f 185/92/88 186/97/89 187/98/89
f 185/92/88 187/98/89 188/93/88
f 189/99/90 190/100/91 191/96/90
f 189/99/90 191/96/90 192/95/92
f 193/101/93 194/102/93 195/103/93
f 193/101/93 195/103/93 196/104/93
f 197/105/94 198/106/95 199/107/95
f 197/105/94 199/107/95 200/108/95
f 201/97/96 202/101/97 203/104/97
f 201/97/96 203/104/97 204/98/97
f 205/108/98 206/107/98 207/100/98
f 205/108/98 207/100/98 208/99/98
f 209/109/99 210/110/99 211/111/99
f 209/109/99 211/111/99 212/112/99
f 213/113/100 214/114/100 215/109/100
f 213/113/100 215/109/100 216/112/100
s 0
f 217/105/101 218/108/101 219/115/101
f 217/105/101 219/115/101 220/116/101
f 221/117/102 222/104/102 223/103/102
f 221/117/102 223/103/102 224/118/102
s 1
f 225/108/103 226/99/103 227/119/104
f 225/108/103 227/119/104 228/115/104
f 229/120/105 230/98/105 231/104/106
f 229/120/105 231/104/106 232/117/105
f 233/121/107 234/122/108 235/114/107
f 233/121/107 235/114/107 236/113/109
f 237/110/110 238/123/111 239/124/110
f 237/110/110 239/124/110 240/111/110
s 0
f 241/125/112 242/126/112 243/122/112
f 241/125/112 243/122/112 244/121/112
f 245/124/113 246/123/113 247/127/113
f 245/124/113 247/127/113 248/128/113
s 1
f 249/117/114 250/118/115 251/129/115
f 249/117/114 251/129/115 252/130/115
f 253/131/116 254/116/117 255/115/118
f 253/131/116 255/115/118 256/132/117
f 257/132/119 258/115/120 259/119/119
f 257/132/119 259/119/119 260/133/121
f 261/120/122 262/117/122 263/130/122
f 261/120/122 263/130/122 264/134/122
s 0
f 265/135/112 266/126/112 267/125/112
f 265/135/112 267/125/112 268/136/112
f 269/128/113 270/127/113 271/137/113
f 269/128/113 271/137/113 272/138/113
s 1
f 273/112/123 274/111/123 275/139/124
f 273/112/123 275/139/124 276/140/124
f 277/141/125 278/113/125 279/112/125
f 277/141/125 279/112/125 280/140/125
f 281/142/126 282/121/127 283/113/127
f 281/142/126 283/113/127 284/141/126
f 285/143/128 286/139/128 287/111/129
f 285/143/128 287/111/129 288/124/128
f 289/144/130 290/125/131 291/121/130
f 289/144/130 291/121/130 292/142/130
f 293/124/132 294/128/133 295/145/134
f 293/124/132 295/145/134 296/143/132
f 297/146/135 298/136/136 299/125/135
s 0
f 297/146/137 299/125/137 300/144/138
s 1
f 301/128/139 302/138/140 303/147/141
f 301/128/139 303/147/141 304/145/142
s 0
f 305/148/143 306/149/143 307/150/143
f 305/148/143 307/150/143 308/151/143
s 1
f 309/150/144 310/152/144 311/153/145
f 309/150/144 311/153/145 312/151/145
f 313/154/146 314/155/146 315/156/146
f 313/154/146 315/156/146 316/157/146
f 317/158/147 318/155/147 319/154/147
s 0
f 317/158/148 319/154/148 320/159/148
s 1
f 321/160/149 322/154/149 323/157/149
f 321/160/149 323/157/149 324/161/149
s 0
f 325/159/150 326/154/150 327/160/150
f 325/159/150 327/160/150 328/162/150
s 1
f 329/151/151 330/153/152 331/156/151
f 329/151/151 331/156/151 332/155/151
s 0
f 333/158/153 334/148/153 335/151/153
f 333/158/153 335/151/153 336/155/153
f 337/163/154 338/164/154 339/165/154
f 337/163/155 339/165/155 340/166/155
f 341/167/156 342/168/156 343/164/156
f 341/167/157 343/164/157 344/163/157
f 345/169/158 346/170/158 347/171/158
f 345/169/158 347/171/158 348/172/158
f 349/169/158 350/172/158 351/173/158
f 349/169/158 351/173/158 352/174/158
s 1
f 353/175/159 354/163/160 355/166/159
s 0
f 353/175/161 355/166/161 356/176/160
f 357/177/162 358/167/162 359/163/162
f 357/177/163 359/163/163 360/175/163
s 1
f 361/178/164 362/168/164 363/167/164
f 361/178/164 363/167/164 364/179/164
f 365/167/165 366/177/166 367/180/166
f 365/167/165 367/180/166 368/179/166
f 369/21/167 370/181/167 371/182/167
f 369/21/167 371/182/167 372/39/167
f 373/20/168 374/183/168 375/181/168
f 373/20/168 375/181/168 376/21/168
f 377/184/169 378/183/169 379/20/170
f 377/184/169 379/20/170 380/27/169
f 381/185/171 382/184/172 383/27/171
f 381/185/171 383/27/171 384/47/171
f 385/82/173 386/186/174 387/187/175
f 385/82/173 387/187/175 388/68/176
f 389/188/177 390/189/178 391/89/179
f 389/188/177 391/89/179 392/73/177
f 393/68/180 394/187/180 395/190/181
f 393/68/180 395/190/181 396/65/180
f 397/73/182 398/65/182 399/190/182
f 397/73/182 399/190/182 400/188/182
f 401/191/183 402/31/183 403/41/183
f 401/191/183 403/41/183 404/192/183
f 405/11/184 406/31/185 407/191/185
f 405/11/184 407/191/185 408/193/186
f 409/194/187 410/12/187 411/11/187
f 409/194/187 411/11/187 412/193/187
f 413/195/188 414/50/188 415/49/188
f 413/195/188 415/49/188 416/196/189
s 0
f 417/54/190 418/197/190 419/198/190
f 417/54/190 419/198/190 420/199/190
s 1
f 421/55/191 422/54/192 423/199/192
f 421/55/191 423/199/192 424/200/191
f 425/196/193 426/49/193 427/55/194
f 425/196/193 427/55/194 428/200/194
f 429/194/195 430/193/196 431/201/196
f 429/194/195 431/201/196 432/202/196
s 0
f 433/199/197 434/198/197 435/203/197
f 433/199/197 435/203/197 436/204/197
s 1
f 437/205/198 438/200/198 439/199/198
f 437/205/198 439/199/198 440/204/198
f 441/206/199 442/202/200 443/201/200
f 441/206/199 443/201/200 444/207/199
f 445/201/201 446/193/201 447/208/202
f 445/201/201 447/208/202 448/209/201
f 449/210/203 450/200/204 451/205/204
f 449/210/203 451/205/204 452/211/204
f 453/209/205 454/212/205 455/207/205
f 453/209/205 455/207/205 456/201/205
f 457/213/206 458/191/206 459/192/206
f 457/213/206 459/192/206 460/214/206
f 461/193/207 462/191/208 463/213/207
f 461/193/207 463/213/207 464/208/209
f 465/195/210 466/196/210 467/215/211
f 465/195/210 467/215/211 468/216/210
f 469/215/212 470/196/212 471/200/212
f 469/215/212 471/200/212 472/210/212
f 473/205/213 474/217/214 475/218/213
f 473/205/213 475/218/213 476/211/213
f 477/219/215 478/217/216 479/205/215
f 477/219/215 479/205/215 480/204/217
f 481/220/218 482/221/218 483/222/218
f 481/220/218 483/222/218 484/223/218
f 485/224/219 486/225/220 487/226/221
f 485/224/219 487/226/221 488/227/221
f 489/228/222 490/229/223 491/221/223
f 489/228/222 491/221/223 492/220/222
f 493/230/224 494/231/224 495/232/224
f 493/230/224 495/232/224 496/233/224
f 497/222/225 498/230/225 499/233/226
f 497/222/225 499/233/226 500/223/225
f 501/234/227 502/235/228 503/236/228
f 501/234/227 503/236/228 504/237/227
f 505/237/229 506/236/230 507/224/229
f 505/237/229 507/224/229 508/227/229
f 509/225/231 510/229/231 511/228/231
f 509/225/231 511/228/231 512/226/231
f 513/238/232 514/239/233 515/240/233
f 513/238/232 515/240/233 516/241/234
s 0
f 517/239/235 518/238/235 519/242/236
f 517/239/237 519/242/236 520/243/237
s 1
f 521/241/238 522/240/239 523/244/238
f 521/241/238 523/244/238 524/245/238
f 525/246/240 526/247/240 527/248/240
f 525/246/240 527/248/240 528/249/240
f 529/248/241 530/247/241 531/250/241
f 529/248/241 531/250/241 532/251/241
f 533/251/242 534/250/242 535/245/243
f 533/251/242 535/245/243 536/244/243
f 537/243/244 538/242/244 539/252/244
f 537/243/244 539/252/244 540/253/245
f 541/249/246 542/254/247 543/255/246
f 541/249/246 543/255/246 544/246/246
f 545/256/248 546/252/248 547/242/248
f 545/256/248 547/242/248 548/257/248
f 549/1/249 550/246/249 551/255/249
f 549/1/249 551/255/249 552/2/250
f 553/240/251 554/239/251 555/222/251
f 553/240/251 555/222/251 556/221/251
f 557/224/252 558/248/252 559/251/252
f 557/224/252 559/251/252 560/225/253
f 561/244/254 562/240/254 563/221/254
f 561/244/254 563/221/254 564/229/254
f 565/230/255 566/243/255 567/253/255
f 565/230/255 567/253/255 568/231/255
f 569/222/256 570/239/256 571/243/256
f 569/222/256 571/243/256 572/230/256
f 573/254/257 574/249/257 575/236/257
f 573/254/257 575/236/257 576/235/258
f 577/249/259 578/248/259 579/224/259
f 577/249/259 579/224/259 580/236/259
f 581/225/260 582/251/260 583/244/260
f 581/225/260 583/244/260 584/229/260
s 0
f 585/220/261 586/223/261 587/258/261
f 585/220/261 587/258/261 588/259/261
s 1
f 589/260/262 590/227/262 591/226/262
f 589/260/262 591/226/262 592/261/262
f 593/228/263 594/220/264 595/259/264
f 593/228/263 595/259/264 596/262/264
f 597/263/265 598/233/265 599/232/266
f 597/263/265 599/232/266 600/264/265
f 601/258/267 602/223/268 603/233/268
f 601/258/267 603/233/268 604/263/267
f 605/234/269 606/237/269 607/265/270
f 605/234/269 607/265/270 608/266/269
s 0
f 609/237/271 610/227/271 611/260/271
f 609/237/271 611/260/271 612/265/271
s 1
f 613/261/272 614/226/272 615/228/273
f 613/261/272 615/228/273 616/262/272
f 617/267/274 618/268/274 619/269/274
f 617/267/274 619/269/274 620/270/274
f 621/271/275 622/272/275 623/268/275
f 621/271/275 623/268/275 624/267/275
f 625/273/276 626/274/277 627/275/276
f 625/273/276 627/275/276 628/276/276
f 629/277/278 630/278/279 631/279/279
f 629/277/278 631/279/279 632/280/278
f 633/275/280 634/281/280 635/282/280
f 633/275/280 635/282/280 636/276/280
f 637/281/281 638/283/281 639/284/281
f 637/281/281 639/284/281 640/282/281
f 641/285/282 642/278/282 643/277/282
f 641/285/282 643/277/282 644/286/282
f 645/280/283 646/279/283 647/272/283
f 645/280/283 647/272/283 648/271/283
f 649/287/284 650/288/285 651/289/286
f 649/287/284 651/289/286 652/290/284
f 653/291/287 654/292/287 655/293/288
f 653/291/287 655/293/288 656/294/287
f 657/293/289 658/295/289 659/296/290
f 657/293/289 659/296/290 660/294/290
f 661/297/291 662/298/291 663/286/291
f 661/297/291 663/286/291 664/277/291
f 665/299/292 666/300/292 667/282/292
f 665/299/292 667/282/292 668/284/292
f 669/300/293 670/301/293 671/276/294
f 669/300/293 671/276/294 672/282/295
f 673/302/296 674/303/297 675/304/296
f 673/302/296 675/304/296 676/271/297
f 677/271/298 678/304/298 679/305/298
f 677/271/298 679/305/298 680/280/298
f 681/280/299 682/305/300 683/297/299
f 681/280/299 683/297/299 684/277/299
f 685/287/301 686/267/302 687/270/303
f 685/287/301 687/270/303 688/288/303
f 689/290/304 690/271/305 691/267/306
f 689/290/304 691/267/306 692/287/304
f 693/302/307 694/271/307 695/290/308
f 693/302/307 695/290/308 696/289/308
f 697/306/309 698/273/309 699/276/309
f 697/306/309 699/276/309 700/307/309
f 701/292/310 702/291/310 703/298/310
f 701/292/310 703/298/310 704/297/311
f 705/308/312 706/309/312 707/300/312
f 705/308/312 707/300/312 708/299/312
f 709/310/313 710/301/313 711/300/313
f 709/310/313 711/300/313 712/309/313
f 713/295/314 714/304/314 715/303/314
f 713/295/314 715/303/314 716/296/315
f 717/295/316 718/293/316 719/305/316
f 717/295/316 719/305/316 720/304/316
f 721/292/317 722/297/317 723/305/317
f 721/292/317 723/305/317 724/293/318
f 725/140/319 726/139/319 727/157/319
f 725/140/319 727/157/319 728/156/319
f 729/153/320 730/141/320 731/140/320
f 729/153/320 731/140/320 732/156/320
f 733/152/321 734/142/322 735/141/322
f 733/152/321 735/141/322 736/153/322
f 737/144/323 738/142/323 739/152/323
f 737/144/323 739/152/323 740/150/323
f 741/149/324 742/146/325 743/144/325
f 741/149/324 743/144/325 744/150/325
f 745/166/326 746/165/327 747/170/328
f 745/166/326 747/170/328 748/169/329
f 749/176/330 750/166/330 751/169/331
f 749/176/330 751/169/331 752/174/331
f 753/145/332 754/147/333 755/162/333
f 753/145/332 755/162/333 756/160/334
f 757/161/335 758/143/335 759/145/335
f 757/161/335 759/145/335 760/160/335
f 761/139/336 762/143/336 763/161/337
f 761/139/336 763/161/337 764/157/337
f 765/16/338 766/311/339 767/312/340
f 765/16/338 767/312/340 768/36/338
f 769/15/341 770/313/341 771/311/341
f 769/15/341 771/311/341 772/16/341
f 773/23/342 774/314/342 775/315/342
f 773/23/342 775/315/342 776/24/342
f 777/315/343 778/316/343 779/25/343
f 777/315/343 779/25/343 780/24/344
f 781/30/345 782/317/345 783/313/345
f 781/30/345 783/313/345 784/15/345
f 785/40/346 786/318/347 787/314/347
f 785/40/346 787/314/347 788/23/346
f 789/319/348 790/317/348 791/30/348
f 789/319/348 791/30/348 792/44/348
f 793/316/349 794/320/349 795/48/349
f 793/316/349 795/48/349 796/25/349
f 797/321/350 798/322/350 799/70/351
f 797/321/350 799/70/351 800/69/350
f 801/72/352 802/323/352 803/321/352
f 801/72/352 803/321/352 804/69/352
f 805/79/353 806/324/353 807/325/354
f 805/79/353 807/325/354 808/58/354
f 809/322/355 810/326/355 811/83/355
f 809/322/355 811/83/355 812/70/355
f 813/90/356 814/327/357 815/323/357
f 813/90/356 815/323/357 816/72/357
f 817/182/358 818/181/358 819/18/358
f 817/182/358 819/18/358 820/37/358
f 821/187/359 822/186/359 823/80/359
f 821/187/359 823/80/359 824/64/359
f 825/190/360 826/187/361 827/64/360
f 825/190/360 827/64/360 828/63/360
f 829/75/362 830/188/363 831/190/363
f 829/75/362 831/190/363 832/63/362
f 833/87/364 834/189/365 835/188/365
f 833/87/364 835/188/365 836/75/365
f 837/45/366 838/28/366 839/184/366
f 837/45/366 839/184/366 840/185/367
f 841/28/368 842/17/369 843/183/370
f 841/28/368 843/183/370 844/184/369
f 845/17/371 846/18/371 847/181/372
f 845/17/371 847/181/372 848/183/371
f 849/328/373 850/204/373 851/203/374
f 849/328/373 851/203/374 852/329/374
f 853/330/375 854/202/376 855/206/375
f 853/330/375 855/206/375 856/331/375
f 857/219/377 858/204/377 859/328/377
f 857/219/377 859/328/377 860/332/378
f 861/333/379 862/334/379 863/335/379
f 861/333/379 863/335/379 864/336/379
f 865/337/380 866/338/381 867/339/380
f 865/337/380 867/339/380 868/340/380
f 869/339/382 870/334/382 871/333/382
f 869/339/382 871/333/382 872/340/382
f 873/341/383 874/342/384 875/343/385
f 873/341/383 875/343/385 876/344/385
f 877/345/386 878/346/387 879/347/388
f 877/345/386 879/347/388 880/348/389
f 881/342/390 882/349/391 883/350/392
f 881/342/390 883/350/392 884/343/393
f 885/351/394 886/352/395 887/353/396
f 885/351/394 887/353/396 888/354/395
f 889/355/397 890/356/397 891/357/398
f 889/355/397 891/357/398 892/358/397
f 893/359/399 894/360/399 895/352/400
f 893/359/399 895/352/400 896/351/399
f 897/361/401 898/351/402 899/354/403
f 897/361/401 899/354/403 900/362/402
f 901/355/404 902/358/405 903/363/404
f 901/355/404 903/363/404 904/364/404
f 905/365/406 906/359/406 907/351/406
f 905/365/406 907/351/406 908/361/407
f 909/366/408 910/361/408 911/362/408
f 909/366/408 911/362/408 912/367/408
f 913/368/409 914/369/409 915/365/409
f 913/368/409 915/365/409 916/370/409
f 917/370/410 918/365/411 919/361/410
f 917/370/410 919/361/410 920/366/410
f 921/368/412 922/370/412 923/371/412
f 921/368/412 923/371/412 924/372/412
f 925/371/413 926/370/414 927/366/413
f 925/371/413 927/366/413 928/367/413
f 929/373/415 930/374/416 931/53/416
f 929/373/415 931/53/416 932/56/416
f 933/56/417 934/52/418 935/375/419
f 933/56/417 935/375/419 936/373/417
f 937/51/420 938/376/421 939/375/420
f 937/51/420 939/375/420 940/52/421
f 941/42/422 942/32/422 943/377/423
f 941/42/422 943/377/423 944/378/422
f 945/10/424 946/379/424 947/377/425
f 945/10/424 947/377/425 948/32/426
f 949/379/427 950/10/427 951/9/427
f 949/379/427 951/9/427 952/380/427
f 953/381/428 954/328/428 955/329/428
f 953/381/428 955/329/428 956/382/428
f 957/332/429 958/328/429 959/381/429
f 957/332/429 959/381/429 960/383/429
f 961/384/430 962/330/430 963/331/430
f 961/384/430 963/331/430 964/385/430
f 965/386/431 966/387/432 967/344/431
f 965/386/431 967/344/431 968/343/431
f 969/350/433 970/388/433 971/386/433
f 969/350/433 971/386/433 972/343/433
f 973/349/434 974/389/435 975/388/436
f 973/349/434 975/388/436 976/350/437
f 977/358/438 978/357/439 979/390/440
f 977/358/438 979/390/440 980/391/439
f 981/365/441 982/392/442 983/393/442
f 981/365/441 983/393/442 984/359/442
f 985/369/443 986/394/443 987/392/443
f 985/369/443 987/392/443 988/365/443
f 989/395/444 990/394/445 991/369/444
f 989/395/444 991/369/444 992/368/444
f 993/241/446 994/396/446 995/397/446
f 993/241/446 995/397/446 996/238/446
f 997/238/447 998/397/447 999/257/447
f 997/238/447 999/257/447 1000/242/447
f 1001/1/448 1002/398/448 1003/247/448
f 1001/1/448 1003/247/448 1004/246/449
f 1005/398/450 1006/399/450 1007/250/450
f 1005/398/450 1007/250/450 1008/247/450
f 1009/399/451 1010/400/451 1011/245/451
f 1009/399/451 1011/245/451 1012/250/451
f 1013/245/452 1014/400/452 1015/396/452
f 1013/245/452 1015/396/452 1016/241/452
f 1017/401/453 1018/402/454 1019/397/455
f 1017/401/453 1019/397/455 1020/396/453
f 1021/403/456 1022/257/457 1023/397/458
f 1021/403/456 1023/397/458 1024/402/459
f 1025/404/460 1026/256/461 1027/257/461
f 1025/404/460 1027/257/461 1028/403/461
f 1029/3/462 1030/405/463 1031/398/463
f 1029/3/462 1031/398/463 1032/1/462
f 1033/398/464 1034/405/465 1035/406/464
f 1033/398/464 1035/406/464 1036/399/466
f 1037/406/467 1038/407/467 1039/400/467
f 1037/406/467 1039/400/467 1040/399/468
f 1041/400/469 1042/407/470 1043/401/471
f 1041/400/469 1043/401/471 1044/396/471
s 0
f 1045/12/472 1046/408/472 1047/409/472
f 1045/12/472 1047/409/472 1048/9/472
f 1049/410/473 1050/197/473 1051/54/473
f 1049/410/473 1051/54/473 1052/53/473
f 1053/411/474 1054/408/474 1055/12/474
f 1053/411/474 1055/12/474 1056/194/474
s 1
f 1057/412/475 1058/411/476 1059/194/475
f 1057/412/475 1059/194/475 1060/202/475
f 1061/330/477 1062/413/477 1063/412/477
f 1061/330/477 1063/412/477 1064/202/477
f 1065/414/478 1066/415/478 1067/338/478
f 1065/414/478 1067/338/478 1068/337/479
f 1069/416/480 1070/345/480 1071/348/481
f 1069/416/480 1071/348/481 1072/417/482
f 1073/418/483 1074/419/484 1075/356/483
f 1073/418/483 1075/356/483 1076/355/485
f 1077/418/486 1078/355/486 1079/364/487
f 1077/418/486 1079/364/487 1080/420/488
f 1081/421/489 1080/420/488 1079/364/487
f 1081/421/489 1079/364/487 1082/422/490
f 1083/58/491 1084/325/491 1085/423/492
f 1083/58/491 1085/423/492 1086/59/492
s 0
f 1087/374/493 1088/424/493 1089/410/493
f 1087/374/493 1089/410/493 1090/53/493
f 1091/409/494 1092/425/494 1093/380/494
f 1091/409/494 1093/380/494 1094/9/494
s 1
f 1095/426/495 1096/413/496 1097/330/496
f 1095/426/495 1097/330/496 1098/384/496
f 1099/372/497 1100/427/497 1101/395/498
f 1099/372/497 1101/395/498 1102/368/498
f 1103/428/499 1104/429/500 1105/430/500
f 1103/428/499 1105/430/500 1106/431/499
f 1107/432/501 1108/433/502 1109/434/501
f 1107/432/501 1109/434/501 1110/435/502
f 1111/436/503 1112/437/504 1113/434/504
f 1111/436/503 1113/434/504 1114/433/503
f 1115/438/505 1116/439/505 1117/440/506
f 1115/438/505 1117/440/506 1118/441/507
f 1119/438/508 1120/442/508 1121/443/508
f 1119/438/508 1121/443/508 1122/439/508
f 1123/438/509 1124/444/509 1125/445/510
f 1123/438/509 1125/445/510 1126/442/509
f 1127/441/511 1128/446/511 1129/444/512
f 1127/441/511 1129/444/512 1130/438/511
f 1131/433/513 1132/447/513 1133/448/514
f 1131/433/513 1133/448/514 1134/436/514
f 1135/432/515 1136/449/516 1137/447/516
f 1135/432/515 1137/447/516 1138/433/516
f 1139/450/517 1140/451/517 1141/429/518
f 1139/450/517 1141/429/518 1142/428/518
f 1143/434/519 1144/452/520 1145/453/519
f 1143/434/519 1145/453/519 1146/435/519
f 1147/435/521 1148/453/522 1149/454/523
f 1147/435/521 1149/454/523 1150/455/521
f 1151/434/524 1152/437/524 1153/456/524
f 1151/434/524 1153/456/524 1154/452/524
f 1155/440/525 1156/439/525 1157/457/525
f 1155/440/525 1157/457/525 1158/458/525
f 1159/439/526 1160/443/526 1161/459/526
f 1159/439/526 1161/459/526 1162/457/526
f 1163/451/527 1164/450/527 1165/460/527
f 1163/451/527 1165/460/527 1166/461/527
f 1167/462/528 1168/447/528 1169/449/528
f 1167/462/528 1169/449/528 1170/463/528
f 1171/464/529 1172/448/529 1173/447/529
f 1171/464/529 1173/447/529 1174/462/529
f 1175/465/530 1176/444/530 1177/446/530
f 1175/465/530 1177/446/530 1178/466/530
f 1179/467/531 1180/445/531 1181/444/531
f 1179/467/531 1181/444/531 1182/465/531
f 1183/468/532 1184/469/532 1185/470/532
f 1183/468/532 1185/470/532 1186/471/533
f 1187/472/534 1188/473/534 1189/474/534
f 1187/472/534 1189/474/534 1190/475/534
f 1191/476/535 1192/477/536 1193/478/535
f 1191/476/535 1193/478/535 1194/479/535
f 1195/480/537 1196/481/537 1197/476/538
f 1195/480/537 1197/476/538 1198/479/537
f 1199/482/539 1200/481/539 1201/480/539
f 1199/482/539 1201/480/539 1202/483/540
f 1203/484/541 1204/485/542 1205/486/541
f 1203/484/541 1205/486/541 1206/487/543
f 1207/488/544 1208/485/545 1209/484/546
f 1207/488/544 1209/484/546 1210/489/547
f 1211/490/548 1212/491/548 1213/485/549
f 1211/490/548 1213/485/549 1214/488/548
f 1215/491/550 1216/492/551 1217/486/550
f 1215/491/550 1217/486/550 1218/485/551
f 1219/493/552 1220/481/552 1221/482/552
f 1219/493/552 1221/482/552 1222/494/552
f 1223/495/553 1224/476/554 1225/481/554
f 1223/495/553 1225/481/554 1226/493/554
f 1227/495/555 1228/496/555 1229/477/555
f 1227/495/555 1229/477/555 1230/476/555
f 1231/468/556 1232/474/557 1233/473/556
f 1231/468/556 1233/473/556 1234/469/556
f 1235/480/558 1236/479/559 1237/497/559
f 1235/480/558 1237/497/559 1238/498/560
f 1239/483/561 1240/480/561 1241/498/561
f 1239/483/561 1241/498/561 1242/499/561
f 1243/500/562 1244/484/563 1245/487/564
f 1243/500/562 1245/487/564 1246/501/562
f 1247/489/565 1248/484/565 1249/500/565
f 1247/489/565 1249/500/565 1250/502/565
f 1251/503/566 1252/496/567 1253/495/566
f 1251/503/566 1253/495/566 1254/504/566
f 1255/493/568 1256/505/568 1257/504/568
f 1255/493/568 1257/504/568 1258/495/568
f 1259/494/569 1260/506/569 1261/505/569
f 1259/494/569 1261/505/569 1262/493/569
f 1263/507/570 1264/508/571 1265/492/570
f 1263/507/570 1265/492/570 1266/491/571
f 1267/509/572 1268/507/572 1269/491/572
f 1267/509/572 1269/491/572 1270/490/572
f 1271/510/573 1272/511/573 1273/512/573
f 1271/510/573 1273/512/573 1274/513/573
f 1275/510/574 1276/514/574 1277/515/574
f 1275/510/574 1277/515/574 1278/511/574
f 1279/513/575 1280/512/576 1281/516/577
f 1279/513/575 1281/516/577 1282/517/577
f 1283/514/578 1284/518/579 1285/519/578
f 1283/514/578 1285/519/578 1286/515/580
f 1287/520/581 1288/521/581 1289/522/581
f 1287/520/581 1289/522/581 1290/523/581
f 1291/524/582 1292/525/583 1293/526/583
f 1291/524/582 1293/526/583 1294/527/583
f 1295/517/584 1296/516/585 1297/521/585
f 1295/517/584 1297/521/585 1298/520/584
f 1299/518/586 1300/524/586 1301/527/586
f 1299/518/586 1301/527/586 1302/519/586
f 1303/528/587 1304/529/587 1305/530/587
f 1303/528/587 1305/530/587 1306/531/587
f 1307/528/588 1308/532/588 1309/533/588
f 1307/528/588 1309/533/588 1310/529/589
s 0
f 1311/526/590 1312/534/590 1313/535/590
f 1311/526/590 1313/535/590 1314/527/590
s 1
f 1315/522/591 1316/521/591 1317/536/591
s 0
f 1315/522/591 1317/536/591 1318/537/591
s 1
f 1319/527/592 1320/535/593 1321/538/593
f 1319/527/592 1321/538/593 1322/519/592
f 1323/521/594 1324/516/595 1325/539/594
f 1323/521/594 1325/539/594 1326/536/595
f 1327/532/596 1328/540/596 1329/541/596
f 1327/532/596 1329/541/596 1330/533/597
f 1331/531/598 1332/530/598 1333/542/598
f 1331/531/598 1333/542/598 1334/543/599
s 0
f 1335/540/113 1336/544/113 1337/545/113
f 1335/540/113 1337/545/113 1338/541/113
f 1339/546/112 1340/543/112 1341/542/112
f 1339/546/112 1341/542/112 1342/547/112
s 1
f 1343/536/600 1344/548/601 1345/549/602
f 1343/536/600 1345/549/602 1346/537/603
f 1347/535/604 1348/534/605 1349/550/605
f 1347/535/604 1349/550/605 1350/551/605
f 1351/538/606 1352/535/607 1353/551/606
f 1351/538/606 1353/551/606 1354/552/608
f 1355/539/609 1356/553/609 1357/548/609
f 1355/539/609 1357/548/609 1358/536/609
s 0
f 1359/545/113 1360/544/113 1361/554/113
f 1359/545/113 1361/554/113 1362/555/113
f 1342/547/112 1363/556/112 1364/557/112
f 1342/547/112 1364/557/112 1339/546/112
s 1
f 1365/529/610 1366/558/611 1367/559/611
f 1365/529/610 1367/559/611 1368/530/610
f 1369/529/612 1370/533/612 1371/560/612
f 1369/529/612 1371/560/612 1372/558/612
f 1373/533/613 1374/541/613 1375/561/614
f 1373/533/613 1375/561/614 1376/560/614
f 1377/530/615 1378/559/616 1379/562/615
f 1377/530/615 1379/562/615 1380/542/615
f 1381/541/617 1382/545/618 1383/563/617
f 1381/541/617 1383/563/617 1384/561/617
f 1385/542/619 1386/562/620 1387/564/620
f 1385/542/619 1387/564/620 1388/547/621
f 1389/545/622 1390/555/623 1391/565/624
f 1389/545/622 1391/565/624 1392/563/622
f 1393/547/625 1394/564/626 1395/566/627
f 1393/547/625 1395/566/627 1396/556/628
s 0
f 1397/567/629 1398/568/629 1399/569/629
f 1397/567/629 1399/569/629 1400/570/629
s 1
f 1401/567/630 1402/570/631 1403/571/632
f 1401/567/630 1403/571/632 1404/572/630
f 1405/573/633 1406/574/633 1407/575/633
f 1405/573/633 1407/575/633 1408/576/633
s 0
f 1409/577/634 1410/578/634 1411/575/634
f 1409/577/635 1411/575/635 1412/574/635
s 1
f 1413/576/636 1414/575/636 1415/579/636
f 1413/576/636 1415/579/636 1416/580/636
s 0
f 1417/578/637 1418/581/637 1419/579/637
f 1417/578/637 1419/579/637 1420/575/637
s 1
f 1421/570/638 1422/574/638 1423/573/638
f 1421/570/638 1423/573/638 1424/571/639
s 0
f 1425/570/640 1426/569/640 1427/577/640
f 1425/570/640 1427/577/640 1428/574/640
f 1429/582/641 1430/583/641 1431/584/641
f 1429/582/642 1431/584/642 1432/585/642
f 1433/585/643 1434/586/643 1435/587/643
f 1433/585/644 1435/587/644 1436/582/644
f 1437/588/645 1438/589/645 1439/590/645
f 1437/588/645 1439/590/645 1440/591/645
f 1441/590/645 1442/592/645 1443/593/645
f 1441/590/645 1443/593/645 1444/591/645
f 1445/594/646 1446/595/647 1447/583/646
s 1
f 1445/594/648 1447/583/648 1448/582/647
s 0
f 1449/582/649 1450/587/649 1451/596/649
f 1449/582/650 1451/596/650 1452/594/650
s 1
f 1453/587/651 1454/586/651 1455/597/651
f 1453/587/651 1455/597/651 1456/598/652
f 1457/587/653 1458/598/654 1459/599/654
f 1457/587/653 1459/599/654 1460/596/654
f 1461/600/655 1462/601/655 1463/440/655
f 1461/600/655 1463/440/655 1464/458/655
f 1465/601/656 1466/602/656 1467/441/656
f 1465/601/656 1467/441/656 1468/440/656
f 1469/603/657 1470/446/657 1471/441/657
f 1469/603/657 1471/441/657 1472/602/657
f 1473/604/658 1474/466/658 1475/446/658
f 1473/604/658 1475/446/658 1476/603/659
f 1477/501/660 1478/487/661 1479/605/662
f 1477/501/660 1479/605/662 1480/606/663
f 1481/607/664 1482/492/665 1483/508/664
f 1481/607/664 1483/508/664 1484/608/665
f 1485/487/666 1486/486/666 1487/609/667
f 1485/487/666 1487/609/667 1488/605/666
f 1489/609/668 1490/486/668 1491/492/668
f 1489/609/668 1491/492/668 1492/607/668
f 1493/460/669 1494/450/670 1495/610/670
f 1493/460/669 1495/610/670 1496/611/670
f 1497/428/671 1498/612/672 1499/610/673
f 1497/428/671 1499/610/673 1500/450/671
f 1501/428/674 1502/431/674 1503/613/674
f 1501/428/674 1503/613/674 1504/612/674
f 1505/468/675 1506/471/676 1507/614/675
f 1505/468/675 1507/614/675 1508/615/677
s 0
f 1509/475/190 1510/616/190 419/198/190
f 1509/475/190 419/198/190 418/197/190
s 1
f 1511/474/678 1512/617/678 1513/616/679
f 1511/474/678 1513/616/679 1514/475/679
f 1515/474/680 1516/468/681 1517/615/681
f 1515/474/680 1517/615/681 1518/617/680
f 1519/613/682 1520/618/682 1521/619/682
f 1519/613/682 1521/619/682 1522/612/682
s 0
f 1523/616/197 1524/620/197 435/203/197
s 1
f 1523/616/197 435/203/197 434/198/197
f 1525/616/683 1526/617/683 1527/621/683
f 1525/616/683 1527/621/683 1528/620/683
f 1529/619/684 1530/618/685 1531/622/684
f 1529/619/684 1531/622/684 1532/623/684
f 1533/619/686 1534/624/687 1535/625/686
f 1533/619/686 1535/625/686 1536/612/686
f 1537/621/688 1538/617/688 1539/626/688
f 1537/621/688 1539/626/688 1540/627/688
f 1541/623/689 1542/628/689 1543/624/689
f 1541/623/689 1543/624/689 1544/619/689
f 1545/611/690 1546/610/690 1547/629/690
f 1545/611/690 1547/629/690 1548/630/690
f 1549/612/691 1550/625/692 1551/629/691
f 1549/612/691 1551/629/691 1552/610/691
f 1553/614/693 1554/631/693 1555/632/694
f 1553/614/693 1555/632/694 1556/615/693
f 1557/617/695 1558/615/696 1559/632/695
f 1557/617/695 1559/632/695 1560/626/695
f 1561/621/697 1562/627/697 1563/633/697
f 1561/621/697 1563/633/697 1564/634/697
f 1565/635/698 1566/620/699 1567/621/698
f 1565/635/698 1567/621/698 1568/634/700
f 1569/636/701 1570/637/701 1571/638/701
f 1569/636/701 1571/638/701 1572/639/701
f 1573/640/702 1574/641/703 1575/642/703
f 1573/640/702 1575/642/703 1576/643/704
f 1577/637/705 1578/644/705 1579/645/706
f 1577/637/705 1579/645/706 1580/638/706
f 1581/646/707 1582/647/707 1583/648/707
f 1581/646/707 1583/648/707 1584/649/707
f 1585/636/708 1586/639/709 1587/647/709
f 1585/636/708 1587/647/709 1588/646/708
f 1589/650/710 1590/651/710 1591/652/711
f 1589/650/710 1591/652/711 1592/653/711
f 1593/640/712 1594/650/713 1595/653/712
f 1593/640/712 1595/653/712 1596/641/712
f 1597/643/714 1598/642/714 1599/645/714
f 1597/643/714 1599/645/714 1600/644/714
f 1601/654/715 1602/655/715 1603/656/716
f 1601/654/715 1603/656/716 1604/657/715
s 0
f 1605/657/717 1606/658/717 1607/659/718
f 1605/657/719 1607/659/718 1608/654/719
s 1
f 1609/655/720 1610/660/720 1611/661/720
f 1609/655/720 1611/661/720 1612/656/721
f 1613/662/722 1614/663/722 1615/664/722
f 1613/662/722 1615/664/722 1616/665/722
f 1617/662/723 1618/666/723 1619/667/723
f 1617/662/723 1619/667/723 1620/663/723
f 1621/666/724 1622/661/725 1623/660/725
f 1621/666/724 1623/660/725 1624/667/724
f 1625/658/726 1626/668/727 1627/669/726
f 1625/658/726 1627/669/726 1628/659/727
f 1629/670/728 1630/671/729 1631/665/728
f 1629/670/728 1631/665/728 1632/664/728
f 1633/659/730 1634/669/730 1635/672/730
f 1633/659/730 1635/672/730 1636/673/730
f 1637/670/731 1638/664/731 1639/5/731
f 1637/670/731 1639/5/731 1640/7/731
f 1641/656/732 1642/637/732 1643/636/732
f 1641/656/732 1643/636/732 1644/657/732
f 1645/666/733 1646/662/733 1647/640/733
f 1645/666/733 1647/640/733 1648/643/734
f 1649/661/735 1650/644/735 1651/637/735
f 1649/661/735 1651/637/735 1652/656/735
f 1653/668/736 1654/658/736 1655/646/736
f 1653/668/736 1655/646/736 1656/649/736
f 1657/658/737 1658/657/737 1659/636/737
f 1657/658/737 1659/636/737 1660/646/737
f 1661/671/738 1662/651/739 1663/650/738
f 1661/671/738 1663/650/738 1664/665/738
f 1665/665/740 1666/650/740 1667/640/740
f 1665/665/740 1667/640/740 1668/662/741
f 1669/661/742 1670/666/743 1671/643/743
f 1669/661/742 1671/643/743 1672/644/744
s 0
f 1673/638/745 1674/674/745 1675/675/745
f 1673/638/745 1675/675/745 1676/639/745
s 1
f 1677/642/746 1678/641/746 1679/676/746
f 1677/642/746 1679/676/746 1680/677/746
f 1681/645/747 1682/678/748 1683/674/748
f 1681/645/747 1683/674/748 1684/638/748
f 1685/648/749 1686/647/750 1687/679/750
f 1685/648/749 1687/679/750 1688/680/750
f 1689/647/751 1690/639/751 1691/675/752
f 1689/647/751 1691/675/752 1692/679/752
f 1693/652/753 1694/681/753 1695/682/754
f 1693/652/753 1695/682/754 1696/653/753
s 0
f 1697/653/755 1698/682/755 1699/676/755
f 1697/653/755 1699/676/755 1700/641/755
s 1
f 1701/645/756 1702/642/757 1703/677/757
f 1701/645/756 1703/677/757 1704/678/757
f 1705/683/758 1706/684/758 1707/685/758
f 1705/683/758 1707/685/758 1708/686/758
f 1709/684/759 1710/687/759 1711/688/759
f 1709/684/759 1711/688/759 1712/685/759
f 1713/689/760 1714/690/761 1715/691/760
f 1713/689/760 1715/691/760 1716/692/760
f 1717/693/762 1718/694/762 1719/695/763
f 1717/693/762 1719/695/763 1720/696/763
f 1721/689/764 1722/692/764 1723/697/764
f 1721/689/764 1723/697/764 1724/698/764
f 1725/698/765 1726/697/765 1727/699/765
f 1725/698/765 1727/699/765 1728/700/765
f 1729/701/766 1730/702/766 1731/695/766
f 1729/701/766 1731/695/766 1732/694/766
f 1733/687/767 1734/693/767 1735/696/767
f 1733/687/767 1735/696/767 1736/688/767
f 1737/703/768 1738/704/768 1739/705/769
f 1737/703/768 1739/705/769 1740/706/770
f 1741/707/771 1742/708/772 1743/709/773
f 1741/707/771 1743/709/773 1744/710/772
f 1745/707/774 1746/710/774 1747/711/774
f 1745/707/774 1747/711/774 1748/712/774
f 1749/713/775 1750/695/775 1751/702/775
f 1749/713/775 1751/702/775 1752/714/775
f 1753/715/776 1754/699/776 1755/697/776
f 1753/715/776 1755/697/776 1756/716/776
f 1757/716/777 1758/697/777 1759/692/778
f 1757/716/777 1759/692/778 1760/717/779
f 1761/718/780 1762/719/781 1763/720/780
f 1761/718/780 1763/720/780 1764/688/780
f 1765/721/782 1766/718/782 1767/688/782
f 1765/721/782 1767/688/782 1768/696/782
f 1769/713/783 1770/721/784 1771/696/783
f 1769/713/783 1771/696/783 1772/695/783
f 1773/686/785 1774/685/786 1775/703/787
f 1773/686/785 1775/703/787 1776/706/788
f 1777/685/789 1778/688/789 1779/704/790
f 1777/685/789 1779/704/790 1780/703/790
f 1781/720/791 1782/705/792 1783/704/792
f 1781/720/791 1783/704/792 1784/688/791
f 1785/692/793 1786/691/793 1787/722/793
f 1785/692/793 1787/722/793 1788/723/793
f 1789/714/794 1790/709/794 1791/708/794
f 1789/714/794 1791/708/794 1792/713/795
f 1793/716/796 1794/724/796 1795/725/796
f 1793/716/796 1795/725/796 1796/715/796
f 1797/726/797 1798/724/797 1799/716/797
f 1797/726/797 1799/716/797 1800/717/797
f 1801/712/798 1802/711/799 1803/719/798
f 1801/712/798 1803/719/798 1804/718/798
f 1805/721/800 1806/707/800 1807/712/800
f 1805/721/800 1807/712/800 1808/718/800
f 1809/708/801 1810/707/802 1811/721/801
f 1809/708/801 1811/721/801 1812/713/801
f 1813/558/803 1814/573/803 1815/576/803
f 1813/558/803 1815/576/803 1816/559/803
f 1817/558/804 1818/560/804 1819/571/804
f 1817/558/804 1819/571/804 1820/573/804
f 1821/560/805 1822/561/806 1823/572/806
f 1821/560/805 1823/572/806 1824/571/807
f 1825/563/808 1826/567/808 1827/572/808
f 1825/563/808 1827/572/808 1828/561/808
f 1829/563/809 1830/565/809 1831/568/810
f 1829/563/809 1831/568/810 1832/567/809
f 1833/583/811 1834/590/812 1835/589/813
f 1833/583/811 1835/589/813 1836/584/812
f 1837/595/814 1838/592/815 1839/590/816
f 1837/595/814 1839/590/816 1840/583/816
f 1841/564/817 1842/579/818 1843/581/819
f 1841/564/817 1843/581/819 1844/566/819
f 1845/564/820 1846/562/820 1847/580/820
f 1845/564/820 1847/580/820 1848/579/820
f 1849/559/821 1850/576/822 1851/580/822
f 1849/559/821 1851/580/822 1852/562/821
f 1853/435/823 1854/455/823 1855/727/824
f 1853/435/823 1855/727/824 1856/728/824
f 1857/728/825 1858/729/825 1859/432/825
f 1857/728/825 1859/432/825 1860/435/825
f 1861/730/826 1862/731/826 1863/443/826
f 1861/730/826 1863/443/826 1864/442/826
f 1865/730/827 1866/442/827 1867/445/827
f 1865/730/827 1867/445/827 1868/732/827
f 1869/729/828 1870/733/828 1871/449/828
f 1869/729/828 1871/449/828 1872/432/828
f 1873/731/829 1874/734/829 1875/459/830
f 1873/731/829 1875/459/830 1876/443/830
f 1877/735/831 1878/463/831 1879/449/831
f 1877/735/831 1879/449/831 1880/733/831
f 1881/732/832 1882/445/832 1883/467/832
f 1881/732/832 1883/467/832 1884/736/832
f 1885/737/833 1886/488/833 1887/489/833
f 1885/737/833 1887/489/833 1888/738/833
f 1889/737/834 1890/739/834 1891/490/834
f 1889/737/834 1891/490/834 1892/488/834
f 1893/497/835 1894/479/836 1895/740/836
f 1893/497/835 1895/740/836 1896/741/835
f 1897/738/837 1898/489/837 1899/502/837
f 1897/738/837 1899/502/837 1900/742/837
f 1901/739/838 1902/743/838 1903/509/839
f 1901/739/838 1903/509/839 1904/490/839
f 1905/600/840 1906/456/840 1907/437/840
f 1905/600/840 1907/437/840 1908/601/840
f 1909/605/841 1910/483/841 1911/499/841
f 1909/605/841 1911/499/841 1912/606/841
f 1913/609/842 1914/482/842 1915/483/842
f 1913/609/842 1915/483/842 1916/605/843
f 1917/494/844 1918/482/844 1919/609/845
f 1917/494/844 1919/609/845 1920/607/845
f 1921/506/846 1922/494/846 1923/607/847
f 1921/506/846 1923/607/847 1924/608/846
f 1925/603/848 1926/448/849 1927/464/848
f 1925/603/848 1927/464/848 1928/604/849
f 1929/602/850 1930/436/851 1931/448/852
f 1929/602/850 1931/448/852 1932/603/851
f 1933/601/853 1934/437/853 1935/436/853
f 1933/601/853 1935/436/853 1936/602/853
f 1937/203/854 1938/620/855 1939/744/854
f 1937/203/854 1939/744/854 1940/329/854
f 1941/622/856 1942/618/857 1943/745/856
f 1941/622/856 1943/745/856 1944/746/856
f 1945/635/858 1946/747/859 1947/744/858
f 1945/635/858 1947/744/858 1948/620/858
f 1949/748/860 1950/749/860 1951/750/860
f 1949/748/860 1951/750/860 1952/751/860
f 1953/752/861 1954/753/861 1955/754/862
f 1953/752/861 1955/754/862 1956/755/863
f 1957/752/864 1958/755/864 1959/750/864
f 1957/752/864 1959/750/864 1960/749/864
f 1961/344/865 1962/756/865 1963/757/866
f 1961/344/865 1963/757/866 1964/341/867
f 1965/758/868 1966/759/869 1967/760/870
f 1965/758/868 1967/760/870 1968/761/871
f 1969/756/872 1970/762/872 1971/763/873
f 1969/756/872 1971/763/873 1972/757/874
f 1973/353/875 1974/764/876 1975/765/877
f 1973/353/875 1975/765/877 1976/354/876
f 1977/766/878 1978/767/879 1979/768/879
f 1977/766/878 1979/768/879 1980/769/879
f 1981/764/880 1982/770/881 1983/771/881
f 1981/764/880 1983/771/881 1984/765/881
f 1985/354/882 1986/765/883 1987/772/884
f 1985/354/882 1987/772/884 1988/362/883
f 1989/768/885 1990/773/885 1991/774/885
f 1989/768/885 1991/774/885 1992/769/886
f 1993/765/887 1994/771/887 1995/775/887
f 1993/765/887 1995/775/887 1996/772/888
f 1997/362/889 1998/772/889 1999/776/889
f 1997/362/889 1999/776/889 2000/367/889
f 2001/775/890 2002/777/890 2003/778/890
f 2001/775/890 2003/778/890 2004/779/890
f 2005/772/891 2006/775/892 2007/779/891
f 2005/772/891 2007/779/891 2008/776/891
f 2009/778/893 2010/372/893 2011/371/893
f 2009/778/893 2011/371/893 2012/779/893
f 2013/776/894 2014/779/895 2015/371/894
f 2013/776/894 2015/371/894 2016/367/894
f 2017/780/896 2018/473/896 2019/472/897
f 2017/780/896 2019/472/897 2020/781/896
f 2021/782/898 2022/469/899 2023/473/900
f 2021/782/898 2023/473/900 2024/780/899
f 2025/470/901 2026/469/902 2027/782/903
f 2025/470/901 2027/782/903 2028/783/904
f 2029/784/905 2030/451/905 2031/461/905
f 2029/784/905 2031/461/905 2032/785/905
f 2033/429/906 2034/451/907 2035/784/908
f 2033/429/906 2035/784/908 2036/786/906
f 2037/786/909 2038/787/909 2039/430/909
f 2037/786/909 2039/430/909 2040/429/909
f 2041/329/910 2042/744/910 2043/788/910
f 2041/329/910 2043/788/910 2044/382/910
f 2045/747/911 2046/789/911 2047/788/911
f 2045/747/911 2047/788/911 2048/744/911
f 2049/746/912 2050/745/912 2051/790/912
f 2049/746/912 2051/790/912 2052/791/912
f 2053/792/913 2054/756/913 2055/344/914
f 2053/792/913 2055/344/914 2056/387/913
f 2057/792/915 2058/793/915 2059/762/915
f 2057/792/915 2059/762/915 2060/756/915
f 2061/794/916 2062/763/917 2063/762/918
f 2061/794/916 2063/762/918 2064/793/918
f 2065/769/919 2066/795/920 2067/796/920
f 2065/769/919 2067/796/920 2068/766/920
f 2069/797/921 2070/798/922 2071/775/923
f 2069/797/921 2071/775/923 2072/771/921
f 2073/798/924 2074/799/924 2075/777/924
f 2073/798/924 2075/777/924 2076/775/924
f 2077/800/925 2078/778/925 2079/777/925
f 2077/800/925 2079/777/925 2080/799/926
f 2081/801/927 2082/802/928 2083/655/927
f 2081/801/927 2083/655/927 2084/654/927
f 2085/654/929 2086/659/929 2087/673/929
f 2085/654/929 2087/673/929 2088/801/929
f 2089/5/930 2090/664/931 2091/663/930
f 2089/5/930 2091/663/930 2092/803/930
f 2093/803/932 2094/663/932 2095/667/932
f 2093/803/932 2095/667/932 2096/804/932
f 2097/804/933 2098/667/933 2099/660/933
f 2097/804/933 2099/660/933 2100/805/933
f 2101/802/934 2102/805/934 2103/660/934
f 2101/802/934 2103/660/934 2104/655/934
f 2105/806/935 2106/802/936 2107/801/937
f 2105/806/935 2107/801/937 2108/807/937
f 2109/801/938 2110/673/939 2111/808/940
f 2109/801/938 2111/808/940 2112/807/940
f 2113/673/941 2114/672/941 2115/809/942
f 2113/673/941 2115/809/942 2116/808/941
f 2117/6/943 2118/5/943 2119/803/944
f 2117/6/943 2119/803/944 2120/810/945
f 2121/811/946 2122/810/946 2123/803/946
f 2121/811/946 2123/803/946 2124/804/947
f 2125/811/948 2126/804/949 2127/805/948
f 2125/811/948 2127/805/948 2128/812/948
f 2129/806/950 2130/812/951 2131/805/952
f 2129/806/950 2131/805/952 2132/802/950
s 0
f 2133/409/472 2134/408/472 2135/431/472
f 2133/409/472 2135/431/472 2136/430/472
f 2137/410/473 2138/472/473 2139/475/473
f 2137/410/473 2139/475/473 2140/197/473
f 1053/411/474 2141/613/474 2142/431/474
f 1053/411/474 2142/431/474 1054/408/474
s 1
f 2143/412/953 2144/618/953 2145/613/953
f 2143/412/953 2145/613/953 2146/411/954
f 2147/412/955 2148/413/955 2149/745/955
f 2147/412/955 2149/745/955 2150/618/955
f 2151/414/956 2152/754/957 2153/753/956
f 2151/414/956 2153/753/956 2154/415/956
f 2155/761/480 2156/416/480 2157/417/958
f 2155/761/480 2157/417/958 2158/758/959
f 2159/418/960 2160/768/960 2161/767/961
f 2159/418/960 2161/767/961 2162/419/962
f 2163/421/963 2164/813/964 2165/773/965
f 2163/421/963 2165/773/965 2166/420/966
f 2167/814/967 2168/740/968 2169/479/968
f 2167/814/967 2169/479/968 2170/478/967
s 0
f 2171/410/493 2172/424/493 2173/781/493
f 2171/410/493 2173/781/493 2174/472/493
s 1
f 2175/409/494 2176/430/494 2177/787/494
s 0
f 2175/409/494 2177/787/494 2178/425/494
s 1
f 2179/426/969 2180/790/969 2181/745/969
f 2179/426/969 2181/745/969 2182/413/969
f 2183/372/970 2184/778/971 2185/800/971
f 2183/372/970 2185/800/971 2186/427/970
f 2187/418/972 2166/420/966 2165/773/965
f 2187/418/972 2165/773/965 2188/768/972
f 2189/360/973 882/349/391 881/342/390
f 2189/360/973 881/342/390 2190/352/973
f 2191/815/974 974/389/435 973/349/434
f 2191/815/974 973/349/434 2192/360/974
f 880/348/389 879/347/388 2193/357/975
f 880/348/389 2193/357/975 2194/356/975
f 1072/417/482 1071/348/481 2195/356/976
f 1072/417/482 2195/356/976 2196/419/977
f 2158/758/959 2157/417/958 2197/419/978
f 2158/758/959 2197/419/978 2198/767/979
f 2199/766/980 1966/759/869 1965/758/868
f 2199/766/980 1965/758/868 2200/767/981
f 2201/816/982 2202/770/982 2062/763/917
f 2201/816/982 2062/763/917 2061/794/916
f 1972/757/874 1971/763/873 2203/770/983
f 1972/757/874 2203/770/983 2204/764/983
f 1964/341/867 1963/757/866 2205/764/984
f 1964/341/867 2205/764/984 2206/353/984
f 2207/352/985 874/342/384 873/341/383
f 2207/352/985 873/341/383 2208/353/986
